/*******************************************************************************
 * Size: 20 px
 * Bpp: 4
 * Opts: --bpp 4 --size 20 --no-compress --format lvgl --lv-font-name ui_font_montserrat_20 --lv-fallback ui_font_fallback_20 --font Montserrat-Medium.ttf --range 32-127,160-255,256-383,880-1023,1024-1279,1280-1327 --font NotoSansSC-Medium.ttf --range 0x25A1,0x3001-0x3002,0x3005,0x300C-0x300D,0x3040-0x30FF,0x4E0D-0x4E0E,0x4E2A,0x4E2D,0x4E3A-0x4E3B,0x4E49,0x4E86,0x4E8B,0x4EAB,0x4EAE,0x4EC5,0x4ECA,0x4EF6,0x4EFD,0x4F20,0x4F4D-0x4F4E,0x4F53,0x4F7F,0x4FE1,0x505C,0x50CD,0x5143,0x5165,0x5168,0x516C,0x5171,0x5173,0x5177,0x5185,0x518D,0x5199,0x51C6,0x51FA,0x5207,0x5220,0x5230,0x5236,0x524A,0x524D,0x529B,0x52A9,0x52B9,0x52D5,0x5305,0x533A,0x5360-0x5361,0x5382,0x53BB,0x53D1,0x53D6-0x53D7,0x53F7,0x540C-0x540D,0x542F,0x5468,0x548C,0x5668,0x56F3,0x56FE,0x5728,0x5730,0x57CE,0x57DF,0x5806,0x5834,0x58F0,0x5907,0x590D,0x5929,0x5931,0x59CB,0x5B57-0x5B58,0x5B8C,0x5B9A,0x5BA2,0x5BC6,0x5BFE,0x5C4F,0x5C65,0x5DE5,0x5DF2,0x5E02,0x5E2F,0x5E45,0x5E55,0x5E93,0x5EA6,0x5EF6,0x5F00,0x5F03,0x5F0F,0x5F37,0x5F39,0x5F55,0x5F62,0x5F97,0x5FA9,0x5FD7,0x5FEB,0x6062,0x606F,0x611F,0x6162,0x6210,0x6237,0x626B,0x627E,0x629E,0x62DB,0x62E9,0x633F,0x636E,0x63A5,0x63A7,0x63CF-0x63D0,0x641C,0x6536,0x6548,0x6557,0x6570,0x6587,0x65AD,0x65B0,0x65E0,0x65E5,0x65F6,0x660E,0x6642,0x6682,0x66F8,0x6709,0x671F,0x672A,0x672C,0x673A,0x6761,0x6765,0x6781,0x6790,0x6807,0x6821,0x683C,0x68C0,0x691C,0x69FD,0x6A21,0x6A2A,0x6B62-0x6B63,0x6B65,0x6B74,0x6BB5,0x6C14,0x6C17,0x6CE2,0x6D3B,0x6D45,0x6D4B,0x6D88,0x6DF1,0x6E05,0x6E08,0x6EE4,0x70B9,0x7121,0x7247,0x7269,0x7387,0x73B0,0x74E6,0x7528,0x7531,0x753B,0x76D8,0x76EE,0x7740,0x77E5,0x77ED,0x7801,0x786E,0x793A,0x79BB,0x79C1,0x79D2,0x79D8,0x79F0,0x7A0B,0x7A3C,0x7A7A,0x7AEF,0x7B80,0x7D22,0x7D30,0x7D4C,0x7D71,0x7D9A,0x7E2E,0x7EA7,0x7EBF,0x7EC4,0x7EDF,0x7EE7,0x7F16,0x7F6E,0x7FA4,0x804A,0x81EA,0x8272,0x8282,0x8377,0x83B7,0x85CF,0x8702,0x884C,0x8868,0x898B,0x89D2,0x89E3,0x8A00,0x8A08,0x8A2D,0x8A73,0x8A9E,0x8ABF,0x8BA1,0x8BA4,0x8BB0,0x8BBE,0x8BED,0x8BEF,0x8BF7,0x8C03,0x8C61,0x8CEA,0x8D25,0x8D28,0x8D77,0x8D85,0x8DC3,0x8DDD,0x8DEF,0x8DF3,0x8E2A,0x8F85,0x8F93,0x8FBC,0x8FC7,0x8FD0-0x8FD1,0x8FDB-0x8FDC,0x8FDE-0x8FDF,0x8FFD,0x9001-0x9002,0x9009,0x901A,0x901F,0x9045,0x9053,0x9060,0x9065,0x9078,0x907A,0x90BB,0x90FD,0x914D,0x9192,0x91CD,0x91CF,0x9375,0x94A5,0x94C3,0x9501,0x9519,0x952E,0x958B,0x9593,0x95ED,0x95F4,0x9664,0x9690,0x96A3,0x96E2,0x9759,0x975E,0x9762,0x97F3,0x9879,0x9884,0x9886,0x9891,0x9898,0x9AD8,0x9E23,0x9ED8,0x9F20,0xFF01,0xFF08-0xFF09,0xFF1A,0xFF1F -o out/ui_font_montserrat_20.c
 ******************************************************************************/

#ifdef LV_LVGL_H_INCLUDE_SIMPLE
#include "lvgl.h"
#else
#include "lvgl/lvgl.h"
#endif

#ifndef UI_FONT_MONTSERRAT_20
#define UI_FONT_MONTSERRAT_20 1
#endif

#if UI_FONT_MONTSERRAT_20

/*-----------------
 *    BITMAPS
 *----------------*/

/*Store the image of the glyphs*/
static LV_ATTRIBUTE_LARGE_CONST const uint8_t glyph_bitmap[] = {
    /* U+0020 " " */

    /* U+0021 "!" */
    0x6f, 0xc6, 0xfc, 0x5f, 0xb4, 0xfa, 0x4f, 0xa3,
    0xf9, 0x3f, 0x92, 0xf8, 0x2f, 0x71, 0xd6, 0x0,
    0x1, 0x94, 0x9f, 0xe4, 0xf9,

    /* U+0022 "\"" */
    0xbe, 0x1, 0xf8, 0xbe, 0x1, 0xf8, 0xad, 0x1,
    0xf7, 0xad, 0x0, 0xf7, 0xad, 0x0, 0xf7, 0x57,
    0x0, 0x83,

    /* U+0023 "#" */
    0x0, 0x0, 0x7f, 0x0, 0x4, 0xf2, 0x0, 0x0,
    0x0, 0xac, 0x0, 0x7, 0xf0, 0x0, 0x0, 0x0,
    0xca, 0x0, 0x9, 0xd0, 0x0, 0xd, 0xff, 0xff,
    0xff, 0xff, 0xff, 0xf8, 0x6, 0x88, 0xfb, 0x88,
    0x8e, 0xc8, 0x84, 0x0, 0x2, 0xf4, 0x0, 0xf,
    0x70, 0x0, 0x0, 0x4, 0xf3, 0x0, 0xf, 0x50,
    0x0, 0x0, 0x5, 0xf1, 0x0, 0x2f, 0x40, 0x0,
    0x0, 0x7, 0xf0, 0x0, 0x4f, 0x20, 0x0, 0x7f,
    0xff, 0xff, 0xff, 0xff, 0xff, 0xe0, 0x38, 0x8d,
    0xd8, 0x88, 0xcf, 0x88, 0x70, 0x0, 0xd, 0x90,
    0x0, 0xac, 0x0, 0x0, 0x0, 0xf, 0x70, 0x0,
    0xca, 0x0, 0x0, 0x0, 0x1f, 0x50, 0x0, 0xe8,
    0x0, 0x0,

    /* U+0024 "$" */
    0x0, 0x0, 0x5, 0xf0, 0x0, 0x0, 0x0, 0x0,
    0x5, 0xf0, 0x0, 0x0, 0x0, 0x0, 0x5, 0xf0,
    0x0, 0x0, 0x0, 0x7, 0xcf, 0xff, 0xc8, 0x10,
    0x0, 0xdf, 0xfe, 0xfc, 0xff, 0xd0, 0x8, 0xfc,
    0x15, 0xf0, 0x6, 0x60, 0xc, 0xf3, 0x5, 0xf0,
    0x0, 0x0, 0xc, 0xf5, 0x5, 0xf0, 0x0, 0x0,
    0x6, 0xff, 0x76, 0xf0, 0x0, 0x0, 0x0, 0x8f,
    0xff, 0xf9, 0x40, 0x0, 0x0, 0x1, 0x7c, 0xff,
    0xfe, 0x50, 0x0, 0x0, 0x5, 0xf4, 0xbf, 0xf2,
    0x0, 0x0, 0x5, 0xf0, 0x9, 0xf8, 0x1, 0x0,
    0x5, 0xf0, 0x6, 0xf8, 0xd, 0xa2, 0x5, 0xf0,
    0x2e, 0xf4, 0xb, 0xff, 0xed, 0xfd, 0xff, 0x90,
    0x0, 0x4a, 0xef, 0xfe, 0xb5, 0x0, 0x0, 0x0,
    0x5, 0xf0, 0x0, 0x0, 0x0, 0x0, 0x5, 0xf0,
    0x0, 0x0, 0x0, 0x0, 0x2, 0x70, 0x0, 0x0,

    /* U+0025 "%" */
    0x0, 0x9e, 0xe9, 0x0, 0x0, 0x0, 0xda, 0x0,
    0x0, 0xad, 0x44, 0xda, 0x0, 0x0, 0x9e, 0x10,
    0x0, 0x1f, 0x40, 0x4, 0xf1, 0x0, 0x4f, 0x40,
    0x0, 0x3, 0xf1, 0x0, 0x1f, 0x30, 0x1e, 0x90,
    0x0, 0x0, 0x1f, 0x20, 0x2, 0xf1, 0xa, 0xd0,
    0x0, 0x0, 0x0, 0xbb, 0x0, 0xbb, 0x5, 0xf3,
    0x0, 0x0, 0x0, 0x1, 0xbf, 0xfb, 0x11, 0xe8,
    0x9, 0xed, 0x70, 0x0, 0x0, 0x0, 0x0, 0xad,
    0xa, 0xc3, 0x5e, 0x60, 0x0, 0x0, 0x0, 0x5f,
    0x32, 0xf2, 0x0, 0x7d, 0x0, 0x0, 0x0, 0x1f,
    0x70, 0x4f, 0x0, 0x3, 0xf0, 0x0, 0x0, 0xb,
    0xc0, 0x4, 0xf0, 0x0, 0x3f, 0x0, 0x0, 0x6,
    0xf2, 0x0, 0x2f, 0x20, 0x7, 0xe0, 0x0, 0x2,
    0xf7, 0x0, 0x0, 0xbc, 0x45, 0xf6, 0x0, 0x0,
    0xcc, 0x0, 0x0, 0x1, 0xaf, 0xe8, 0x0,

    /* U+0026 "&" */
    0x0, 0x1, 0x9d, 0xfd, 0x70, 0x0, 0x0, 0x0,
    0xd, 0xfa, 0x7b, 0xf7, 0x0, 0x0, 0x0, 0x4f,
    0x90, 0x0, 0xdc, 0x0, 0x0, 0x0, 0x5f, 0x70,
    0x0, 0xdc, 0x0, 0x0, 0x0, 0x1f, 0xd0, 0x8,
    0xf4, 0x0, 0x0, 0x0, 0x5, 0xfb, 0xcf, 0x50,
    0x0, 0x0, 0x0, 0x4, 0xef, 0xf3, 0x0, 0x0,
    0x0, 0x0, 0x9f, 0xc7, 0xfd, 0x10, 0x8, 0x30,
    0x7, 0xf9, 0x0, 0x5f, 0xe2, 0x1f, 0x80, 0xe,
    0xe0, 0x0, 0x4, 0xfe, 0xaf, 0x30, 0xf, 0xd0,
    0x0, 0x0, 0x4f, 0xfc, 0x0, 0xd, 0xf7, 0x0,
    0x0, 0x5e, 0xff, 0x30, 0x4, 0xff, 0xeb, 0xbe,
    0xfe, 0x6f, 0xf2, 0x0, 0x29, 0xdf, 0xfc, 0x70,
    0x3, 0xb0, 0x0, 0x0, 0x0, 0x0, 0x0, 0x0,
    0x0,

    /* U+0027 "'" */
    0xbe, 0xbe, 0xad, 0xad, 0xad, 0x57,

    /* U+0028 "(" */
    0x0, 0xe, 0xd0, 0x0, 0x7f, 0x60, 0x0, 0xef,
    0x0, 0x3, 0xfa, 0x0, 0x8, 0xf5, 0x0, 0xb,
    0xf2, 0x0, 0xe, 0xf0, 0x0, 0xf, 0xe0, 0x0,
    0xf, 0xd0, 0x0, 0x1f, 0xc0, 0x0, 0xf, 0xd0,
    0x0, 0xf, 0xe0, 0x0, 0xe, 0xf0, 0x0, 0xb,
    0xf2, 0x0, 0x8, 0xf5, 0x0, 0x3, 0xfa, 0x0,
    0x0, 0xef, 0x0, 0x0, 0x7f, 0x60, 0x0, 0xe,
    0xd0,

    /* U+0029 ")" */
    0x2f, 0xb0, 0x0, 0xaf, 0x30, 0x3, 0xfa, 0x0,
    0xe, 0xf0, 0x0, 0x9f, 0x40, 0x6, 0xf7, 0x0,
    0x3f, 0xa0, 0x2, 0xfb, 0x0, 0x1f, 0xc0, 0x0,
    0xfd, 0x0, 0x1f, 0xc0, 0x2, 0xfb, 0x0, 0x3f,
    0xa0, 0x6, 0xf7, 0x0, 0x9f, 0x40, 0xe, 0xf0,
    0x3, 0xfa, 0x0, 0xaf, 0x30, 0x2f, 0xb0, 0x0,

    /* U+002A "*" */
    0x0, 0x9, 0x90, 0x0, 0x26, 0x9, 0x90, 0x62,
    0x5f, 0xcb, 0xbc, 0xf5, 0x2, 0xbf, 0xfb, 0x20,
    0x7, 0xef, 0xfe, 0x70, 0x6f, 0x79, 0x97, 0xf6,
    0x1, 0x9, 0x90, 0x10, 0x0, 0x6, 0x60, 0x0,

    /* U+002B "+" */
    0x0, 0x0, 0x0, 0x0, 0x0, 0x0, 0x0, 0xfa,
    0x0, 0x0, 0x0, 0x0, 0xfa, 0x0, 0x0, 0x0,
    0x0, 0xfa, 0x0, 0x0, 0x0, 0x0, 0xfa, 0x0,
    0x0, 0xaf, 0xff, 0xff, 0xff, 0xf4, 0x6a, 0xaa,
    0xfd, 0xaa, 0xa2, 0x0, 0x0, 0xfa, 0x0, 0x0,
    0x0, 0x0, 0xfa, 0x0, 0x0, 0x0, 0x0, 0xfa,
    0x0, 0x0,

    /* U+002C "," */
    0x6, 0xa1, 0xf, 0xf8, 0xa, 0xf7, 0x5, 0xf2,
    0x9, 0xc0, 0xd, 0x70,

    /* U+002D "-" */
    0x9b, 0xbb, 0xb5, 0xdf, 0xff, 0xf8,

    /* U+002E "." */
    0x7, 0xb2, 0xf, 0xf8, 0xa, 0xe4,

    /* U+002F "/" */
    0x0, 0x0, 0x0, 0x7, 0x50, 0x0, 0x0, 0x4,
    0xf7, 0x0, 0x0, 0x0, 0xaf, 0x10, 0x0, 0x0,
    0xf, 0xc0, 0x0, 0x0, 0x4, 0xf6, 0x0, 0x0,
    0x0, 0xaf, 0x10, 0x0, 0x0, 0xf, 0xc0, 0x0,
    0x0, 0x5, 0xf6, 0x0, 0x0, 0x0, 0xaf, 0x10,
    0x0, 0x0, 0xf, 0xb0, 0x0, 0x0, 0x5, 0xf6,
    0x0, 0x0, 0x0, 0xaf, 0x10, 0x0, 0x0, 0xf,
    0xb0, 0x0, 0x0, 0x5, 0xf6, 0x0, 0x0, 0x0,
    0xbf, 0x10, 0x0, 0x0, 0x1f, 0xb0, 0x0, 0x0,
    0x6, 0xf5, 0x0, 0x0, 0x0, 0xbf, 0x0, 0x0,
    0x0, 0x1f, 0xb0, 0x0, 0x0, 0x6, 0xf5, 0x0,
    0x0, 0x0,

    /* U+0030 "0" */
    0x0, 0x1, 0x8d, 0xfe, 0xa3, 0x0, 0x0, 0x2,
    0xdf, 0xfd, 0xef, 0xf5, 0x0, 0x0, 0xdf, 0xa1,
    0x0, 0x6f, 0xf3, 0x0, 0x6f, 0xb0, 0x0, 0x0,
    0x6f, 0xb0, 0xb, 0xf4, 0x0, 0x0, 0x0, 0xff,
    0x10, 0xef, 0x10, 0x0, 0x0, 0xb, 0xf3, 0xf,
    0xf0, 0x0, 0x0, 0x0, 0xaf, 0x50, 0xff, 0x0,
    0x0, 0x0, 0xa, 0xf5, 0xe, 0xf1, 0x0, 0x0,
    0x0, 0xbf, 0x30, 0xbf, 0x40, 0x0, 0x0, 0xf,
    0xf1, 0x6, 0xfc, 0x0, 0x0, 0x6, 0xfb, 0x0,
    0xd, 0xfa, 0x10, 0x6, 0xff, 0x20, 0x0, 0x2d,
    0xff, 0xdf, 0xff, 0x50, 0x0, 0x0, 0x18, 0xdf,
    0xea, 0x30, 0x0,

    /* U+0031 "1" */
    0xdf, 0xff, 0xf4, 0xac, 0xce, 0xf4, 0x0, 0xb,
    0xf4, 0x0, 0xb, 0xf4, 0x0, 0xb, 0xf4, 0x0,
    0xb, 0xf4, 0x0, 0xb, 0xf4, 0x0, 0xb, 0xf4,
    0x0, 0xb, 0xf4, 0x0, 0xb, 0xf4, 0x0, 0xb,
    0xf4, 0x0, 0xb, 0xf4, 0x0, 0xb, 0xf4, 0x0,
    0xb, 0xf4,

    /* U+0032 "2" */
    0x0, 0x6c, 0xef, 0xea, 0x30, 0x2, 0xdf, 0xfe,
    0xdf, 0xff, 0x50, 0x5f, 0x91, 0x0, 0x9, 0xfe,
    0x0, 0x10, 0x0, 0x0, 0xe, 0xf2, 0x0, 0x0,
    0x0, 0x0, 0xdf, 0x10, 0x0, 0x0, 0x0, 0x2f,
    0xd0, 0x0, 0x0, 0x0, 0x1d, 0xf5, 0x0, 0x0,
    0x0, 0x1c, 0xf8, 0x0, 0x0, 0x0, 0x1d, 0xf8,
    0x0, 0x0, 0x0, 0x1d, 0xf8, 0x0, 0x0, 0x0,
    0x2e, 0xf7, 0x0, 0x0, 0x0, 0x2e, 0xf6, 0x0,
    0x0, 0x0, 0x2e, 0xff, 0xcc, 0xcc, 0xcc, 0x94,
    0xff, 0xff, 0xff, 0xff, 0xfc,

    /* U+0033 "3" */
    0x4f, 0xff, 0xff, 0xff, 0xff, 0x3, 0xcc, 0xcc,
    0xcc, 0xef, 0xd0, 0x0, 0x0, 0x0, 0x2f, 0xe2,
    0x0, 0x0, 0x0, 0x1d, 0xf4, 0x0, 0x0, 0x0,
    0xc, 0xf6, 0x0, 0x0, 0x0, 0x9, 0xfa, 0x0,
    0x0, 0x0, 0x0, 0xff, 0xff, 0x90, 0x0, 0x0,
    0x6, 0x68, 0xef, 0xc0, 0x0, 0x0, 0x0, 0x1,
    0xdf, 0x50, 0x0, 0x0, 0x0, 0x8, 0xf8, 0x1,
    0x0, 0x0, 0x0, 0xaf, 0x77, 0xe6, 0x10, 0x0,
    0x7f, 0xf2, 0x7f, 0xff, 0xee, 0xff, 0xf6, 0x0,
    0x28, 0xcf, 0xfe, 0xa3, 0x0,

    /* U+0034 "4" */
    0x0, 0x0, 0x0, 0x7, 0xfb, 0x0, 0x0, 0x0,
    0x0, 0x0, 0x3f, 0xd1, 0x0, 0x0, 0x0, 0x0,
    0x1, 0xef, 0x30, 0x0, 0x0, 0x0, 0x0, 0xb,
    0xf6, 0x0, 0x0, 0x0, 0x0, 0x0, 0x8f, 0xa0,
    0x0, 0x0, 0x0, 0x0, 0x4, 0xfd, 0x0, 0x1,
    0x0, 0x0, 0x0, 0x2e, 0xf2, 0x0, 0x6f, 0x70,
    0x0, 0x0, 0xcf, 0x60, 0x0, 0x6f, 0x70, 0x0,
    0x9, 0xf9, 0x0, 0x0, 0x6f, 0x70, 0x0, 0x3f,
    0xff, 0xff, 0xff, 0xff, 0xff, 0xf2, 0x2c, 0xcc,
    0xcc, 0xcc, 0xdf, 0xec, 0xc1, 0x0, 0x0, 0x0,
    0x0, 0x7f, 0x70, 0x0, 0x0, 0x0, 0x0, 0x0,
    0x7f, 0x70, 0x0, 0x0, 0x0, 0x0, 0x0, 0x7f,
    0x70, 0x0,

    /* U+0035 "5" */
    0x0, 0xff, 0xff, 0xff, 0xff, 0x0, 0x1f, 0xfc,
    0xcc, 0xcc, 0xc0, 0x2, 0xfb, 0x0, 0x0, 0x0,
    0x0, 0x4f, 0x90, 0x0, 0x0, 0x0, 0x6, 0xf7,
    0x0, 0x0, 0x0, 0x0, 0x7f, 0xec, 0xca, 0x72,
    0x0, 0x9, 0xff, 0xff, 0xff, 0xf7, 0x0, 0x0,
    0x0, 0x3, 0x8f, 0xf4, 0x0, 0x0, 0x0, 0x0,
    0x7f, 0xa0, 0x0, 0x0, 0x0, 0x4, 0xfb, 0x2,
    0x0, 0x0, 0x0, 0x6f, 0xa3, 0xf8, 0x20, 0x0,
    0x5f, 0xf4, 0x4e, 0xff, 0xed, 0xff, 0xf9, 0x0,
    0x17, 0xbe, 0xfe, 0xb5, 0x0,

    /* U+0036 "6" */
    0x0, 0x0, 0x5b, 0xef, 0xec, 0x60, 0x0, 0xb,
    0xff, 0xdc, 0xdf, 0xb0, 0x0, 0xaf, 0xa2, 0x0,
    0x1, 0x10, 0x4, 0xfb, 0x0, 0x0, 0x0, 0x0,
    0xa, 0xf3, 0x0, 0x0, 0x0, 0x0, 0xe, 0xf0,
    0x6c, 0xff, 0xc6, 0x0, 0xf, 0xfa, 0xfd, 0xbc,
    0xff, 0xa0, 0xf, 0xff, 0x60, 0x0, 0x2e, 0xf5,
    0xf, 0xfa, 0x0, 0x0, 0x5, 0xfa, 0xc, 0xf7,
    0x0, 0x0, 0x3, 0xfc, 0x7, 0xfa, 0x0, 0x0,
    0x5, 0xfa, 0x1, 0xef, 0x60, 0x0, 0x2e, 0xf4,
    0x0, 0x4f, 0xfe, 0xbc, 0xff, 0x80, 0x0, 0x2,
    0x9d, 0xfe, 0xb5, 0x0,

    /* U+0037 "7" */
    0x6f, 0xff, 0xff, 0xff, 0xff, 0xf2, 0x6f, 0xec,
    0xcc, 0xcc, 0xdf, 0xf1, 0x6f, 0x80, 0x0, 0x0,
    0x6f, 0xa0, 0x6f, 0x80, 0x0, 0x0, 0xdf, 0x30,
    0x14, 0x20, 0x0, 0x5, 0xfc, 0x0, 0x0, 0x0,
    0x0, 0xc, 0xf5, 0x0, 0x0, 0x0, 0x0, 0x3f,
    0xd0, 0x0, 0x0, 0x0, 0x0, 0xaf, 0x60, 0x0,
    0x0, 0x0, 0x2, 0xfe, 0x0, 0x0, 0x0, 0x0,
    0x9, 0xf8, 0x0, 0x0, 0x0, 0x0, 0x1f, 0xf1,
    0x0, 0x0, 0x0, 0x0, 0x7f, 0x90, 0x0, 0x0,
    0x0, 0x0, 0xef, 0x20, 0x0, 0x0, 0x0, 0x6,
    0xfb, 0x0, 0x0, 0x0,

    /* U+0038 "8" */
    0x0, 0x6, 0xce, 0xfe, 0xb5, 0x0, 0x0, 0xcf,
    0xfc, 0xac, 0xff, 0xb0, 0x7, 0xfc, 0x10, 0x0,
    0x2d, 0xf4, 0x9, 0xf6, 0x0, 0x0, 0x8, 0xf7,
    0x6, 0xfb, 0x0, 0x0, 0x1d, 0xf4, 0x0, 0xaf,
    0xea, 0x9a, 0xff, 0x80, 0x0, 0x5f, 0xff, 0xff,
    0xfe, 0x40, 0x6, 0xfe, 0x61, 0x2, 0x7f, 0xf4,
    0xe, 0xf3, 0x0, 0x0, 0x5, 0xfc, 0x1f, 0xe0,
    0x0, 0x0, 0x0, 0xff, 0xf, 0xf1, 0x0, 0x0,
    0x3, 0xfe, 0xb, 0xfb, 0x10, 0x0, 0x2d, 0xf8,
    0x1, 0xdf, 0xfc, 0xbc, 0xff, 0xc0, 0x0, 0x7,
    0xcf, 0xfe, 0xb6, 0x0,

    /* U+0039 "9" */
    0x0, 0x3a, 0xef, 0xeb, 0x40, 0x0, 0x6, 0xff,
    0xdb, 0xcf, 0xf8, 0x0, 0x1f, 0xf4, 0x0, 0x1,
    0xcf, 0x50, 0x5f, 0x90, 0x0, 0x0, 0x3f, 0xd0,
    0x6f, 0x90, 0x0, 0x0, 0x3f, 0xf1, 0x2f, 0xf4,
    0x0, 0x1, 0xcf, 0xf4, 0x8, 0xff, 0xdb, 0xcf,
    0xec, 0xf5, 0x0, 0x4b, 0xef, 0xd9, 0x1a, 0xf4,
    0x0, 0x0, 0x0, 0x0, 0xd, 0xf3, 0x0, 0x0,
    0x0, 0x0, 0x2f, 0xf0, 0x0, 0x0, 0x0, 0x0,
    0xaf, 0x90, 0x0, 0x40, 0x0, 0x1a, 0xfe, 0x10,
    0x6, 0xfe, 0xdd, 0xff, 0xd3, 0x0, 0x3, 0xad,
    0xfe, 0xc7, 0x0, 0x0,

    /* U+003A ":" */
    0xa, 0xe4, 0xf, 0xf8, 0x7, 0xb2, 0x0, 0x0,
    0x0, 0x0, 0x0, 0x0, 0x0, 0x0, 0x0, 0x0,
    0x7, 0xb2, 0xf, 0xf8, 0xa, 0xe4,

    /* U+003B ";" */
    0xa, 0xe4, 0xf, 0xf8, 0x7, 0xb2, 0x0, 0x0,
    0x0, 0x0, 0x0, 0x0, 0x0, 0x0, 0x0, 0x0,
    0x6, 0xa1, 0xf, 0xf8, 0xa, 0xf7, 0x5, 0xf2,
    0x9, 0xc0, 0xd, 0x70,

    /* U+003C "<" */
    0x0, 0x0, 0x0, 0x0, 0x63, 0x0, 0x0, 0x2,
    0x9f, 0xf4, 0x0, 0x5, 0xcf, 0xfb, 0x40, 0x28,
    0xef, 0xe7, 0x10, 0x0, 0xaf, 0xb4, 0x0, 0x0,
    0x0, 0x8f, 0xfa, 0x40, 0x0, 0x0, 0x2, 0x9e,
    0xfd, 0x71, 0x0, 0x0, 0x0, 0x6c, 0xff, 0xa2,
    0x0, 0x0, 0x0, 0x39, 0xf4, 0x0, 0x0, 0x0,
    0x0, 0x1,

    /* U+003D "=" */
    0xaf, 0xff, 0xff, 0xff, 0xf4, 0x6a, 0xaa, 0xaa,
    0xaa, 0xa2, 0x0, 0x0, 0x0, 0x0, 0x0, 0x0,
    0x0, 0x0, 0x0, 0x0, 0x0, 0x0, 0x0, 0x0,
    0x0, 0xaf, 0xff, 0xff, 0xff, 0xf4, 0x6a, 0xaa,
    0xaa, 0xaa, 0xa2,

    /* U+003E ">" */
    0x63, 0x0, 0x0, 0x0, 0x0, 0xaf, 0xd6, 0x10,
    0x0, 0x0, 0x17, 0xdf, 0xf9, 0x30, 0x0, 0x0,
    0x3, 0xaf, 0xfc, 0x60, 0x0, 0x0, 0x1, 0x6e,
    0xf4, 0x0, 0x0, 0x6, 0xcf, 0xf3, 0x0, 0x39,
    0xff, 0xd6, 0x0, 0x5d, 0xff, 0xa3, 0x0, 0x0,
    0xad, 0x71, 0x0, 0x0, 0x0, 0x20, 0x0, 0x0,
    0x0, 0x0,

    /* U+003F "?" */
    0x0, 0x7c, 0xef, 0xda, 0x30, 0x2, 0xef, 0xfc,
    0xce, 0xff, 0x60, 0x6f, 0x80, 0x0, 0x8, 0xfe,
    0x0, 0x10, 0x0, 0x0, 0xf, 0xf1, 0x0, 0x0,
    0x0, 0x1, 0xfe, 0x0, 0x0, 0x0, 0x0, 0xbf,
    0x60, 0x0, 0x0, 0x1, 0xcf, 0x80, 0x0, 0x0,
    0x0, 0xbf, 0x80, 0x0, 0x0, 0x0, 0x4f, 0xc0,
    0x0, 0x0, 0x0, 0x3, 0x74, 0x0, 0x0, 0x0,
    0x0, 0x0, 0x0, 0x0, 0x0, 0x0, 0x2, 0x93,
    0x0, 0x0, 0x0, 0x0, 0xaf, 0xc0, 0x0, 0x0,
    0x0, 0x6, 0xf8, 0x0, 0x0,

    /* U+0040 "@" */
    0x0, 0x0, 0x0, 0x49, 0xde, 0xfe, 0xc8, 0x30,
    0x0, 0x0, 0x0, 0x0, 0x3c, 0xfd, 0x97, 0x67,
    0x9e, 0xfb, 0x10, 0x0, 0x0, 0x5, 0xfd, 0x30,
    0x0, 0x0, 0x0, 0x4d, 0xe3, 0x0, 0x0, 0x4f,
    0xa0, 0x0, 0x58, 0x85, 0x3, 0x94, 0xbe, 0x20,
    0x0, 0xdc, 0x0, 0x2d, 0xff, 0xff, 0xd8, 0xf5,
    0xd, 0xa0, 0x6, 0xf3, 0x1, 0xef, 0x82, 0x3,
    0xcf, 0xf5, 0x5, 0xf2, 0xb, 0xd0, 0x8, 0xf7,
    0x0, 0x0, 0x1e, 0xf5, 0x0, 0xe7, 0xe, 0x90,
    0xc, 0xf0, 0x0, 0x0, 0x8, 0xf5, 0x0, 0xc9,
    0xf, 0x70, 0xe, 0xe0, 0x0, 0x0, 0x5, 0xf5,
    0x0, 0xab, 0xf, 0x70, 0xd, 0xf0, 0x0, 0x0,
    0x6, 0xf5, 0x0, 0xba, 0xe, 0x90, 0xa, 0xf3,
    0x0, 0x0, 0xb, 0xf5, 0x0, 0xd8, 0xb, 0xd0,
    0x3, 0xfd, 0x10, 0x0, 0x7f, 0xf7, 0x3, 0xf4,
    0x6, 0xf3, 0x0, 0x7f, 0xfa, 0x9c, 0xf7, 0xfe,
    0xae, 0xc0, 0x0, 0xdc, 0x0, 0x4, 0xcf, 0xfc,
    0x40, 0x5e, 0xfb, 0x10, 0x0, 0x4f, 0xa0, 0x0,
    0x0, 0x0, 0x0, 0x0, 0x0, 0x0, 0x0, 0x5,
    0xfc, 0x30, 0x0, 0x0, 0x0, 0x0, 0x0, 0x0,
    0x0, 0x0, 0x3d, 0xfd, 0x97, 0x68, 0xaf, 0x70,
    0x0, 0x0, 0x0, 0x0, 0x0, 0x49, 0xde, 0xfe,
    0xc7, 0x10, 0x0, 0x0,

    /* U+0041 "A" */
    0x0, 0x0, 0x0, 0xe, 0xf8, 0x0, 0x0, 0x0,
    0x0, 0x0, 0x0, 0x5f, 0xfe, 0x0, 0x0, 0x0,
    0x0, 0x0, 0x0, 0xdf, 0xaf, 0x60, 0x0, 0x0,
    0x0, 0x0, 0x4, 0xfa, 0x1f, 0xd0, 0x0, 0x0,
    0x0, 0x0, 0xb, 0xf3, 0xa, 0xf5, 0x0, 0x0,
    0x0, 0x0, 0x2f, 0xc0, 0x3, 0xfc, 0x0, 0x0,
    0x0, 0x0, 0xaf, 0x50, 0x0, 0xcf, 0x30, 0x0,
    0x0, 0x1, 0xfe, 0x0, 0x0, 0x5f, 0xb0, 0x0,
    0x0, 0x8, 0xf7, 0x0, 0x0, 0xe, 0xf2, 0x0,
    0x0, 0xe, 0xff, 0xff, 0xff, 0xff, 0xf9, 0x0,
    0x0, 0x6f, 0xda, 0xaa, 0xaa, 0xaa, 0xff, 0x10,
    0x0, 0xdf, 0x30, 0x0, 0x0, 0x0, 0x9f, 0x80,
    0x5, 0xfb, 0x0, 0x0, 0x0, 0x0, 0x2f, 0xe0,
    0xc, 0xf4, 0x0, 0x0, 0x0, 0x0, 0xa, 0xf6,

    /* U+0042 "B" */
    0xef, 0xff, 0xff, 0xfe, 0xb5, 0x0, 0xe, 0xfb,
    0xaa, 0xab, 0xdf, 0xf9, 0x0, 0xef, 0x10, 0x0,
    0x0, 0x4f, 0xf3, 0xe, 0xf1, 0x0, 0x0, 0x0,
    0xaf, 0x60, 0xef, 0x10, 0x0, 0x0, 0xc, 0xf4,
    0xe, 0xf1, 0x0, 0x0, 0x29, 0xfc, 0x0, 0xef,
    0xff, 0xff, 0xff, 0xfd, 0x10, 0xe, 0xfb, 0xaa,
    0xaa, 0xce, 0xfd, 0x20, 0xef, 0x10, 0x0, 0x0,
    0x8, 0xfb, 0xe, 0xf1, 0x0, 0x0, 0x0, 0xf,
    0xf0, 0xef, 0x10, 0x0, 0x0, 0x0, 0xff, 0x1e,
    0xf1, 0x0, 0x0, 0x0, 0x8f, 0xe0, 0xef, 0xba,
    0xaa, 0xab, 0xef, 0xf4, 0xe, 0xff, 0xff, 0xff,
    0xfd, 0x92, 0x0,

    /* U+0043 "C" */
    0x0, 0x0, 0x17, 0xce, 0xfe, 0xb5, 0x0, 0x0,
    0x5, 0xff, 0xff, 0xdf, 0xff, 0xc1, 0x0, 0x5f,
    0xf9, 0x20, 0x0, 0x3b, 0xf5, 0x1, 0xff, 0x60,
    0x0, 0x0, 0x0, 0x30, 0x9, 0xfa, 0x0, 0x0,
    0x0, 0x0, 0x0, 0xd, 0xf3, 0x0, 0x0, 0x0,
    0x0, 0x0, 0xf, 0xf0, 0x0, 0x0, 0x0, 0x0,
    0x0, 0xf, 0xf0, 0x0, 0x0, 0x0, 0x0, 0x0,
    0xd, 0xf3, 0x0, 0x0, 0x0, 0x0, 0x0, 0x9,
    0xfa, 0x0, 0x0, 0x0, 0x0, 0x0, 0x1, 0xff,
    0x60, 0x0, 0x0, 0x0, 0x30, 0x0, 0x5f, 0xfa,
    0x20, 0x0, 0x3b, 0xf5, 0x0, 0x5, 0xff, 0xff,
    0xdf, 0xff, 0xc1, 0x0, 0x0, 0x17, 0xce, 0xfe,
    0xb5, 0x0,

    /* U+0044 "D" */
    0xef, 0xff, 0xff, 0xfd, 0xa4, 0x0, 0x0, 0xef,
    0xdc, 0xcc, 0xdf, 0xff, 0xb1, 0x0, 0xef, 0x10,
    0x0, 0x0, 0x5d, 0xfd, 0x10, 0xef, 0x10, 0x0,
    0x0, 0x0, 0xbf, 0xa0, 0xef, 0x10, 0x0, 0x0,
    0x0, 0x1f, 0xf1, 0xef, 0x10, 0x0, 0x0, 0x0,
    0xa, 0xf6, 0xef, 0x10, 0x0, 0x0, 0x0, 0x8,
    0xf8, 0xef, 0x10, 0x0, 0x0, 0x0, 0x7, 0xf7,
    0xef, 0x10, 0x0, 0x0, 0x0, 0xa, 0xf6, 0xef,
    0x10, 0x0, 0x0, 0x0, 0x1f, 0xf1, 0xef, 0x10,
    0x0, 0x0, 0x0, 0xbf, 0xa0, 0xef, 0x10, 0x0,
    0x0, 0x4d, 0xfd, 0x10, 0xef, 0xcc, 0xcc, 0xdf,
    0xff, 0xb1, 0x0, 0xef, 0xff, 0xff, 0xfd, 0xa4,
    0x0, 0x0,

    /* U+0045 "E" */
    0xef, 0xff, 0xff, 0xff, 0xff, 0xe, 0xfd, 0xcc,
    0xcc, 0xcc, 0xc0, 0xef, 0x10, 0x0, 0x0, 0x0,
    0xe, 0xf1, 0x0, 0x0, 0x0, 0x0, 0xef, 0x10,
    0x0, 0x0, 0x0, 0xe, 0xf1, 0x0, 0x0, 0x0,
    0x0, 0xef, 0xff, 0xff, 0xff, 0xf2, 0xe, 0xfc,
    0xcc, 0xcc, 0xcc, 0x10, 0xef, 0x10, 0x0, 0x0,
    0x0, 0xe, 0xf1, 0x0, 0x0, 0x0, 0x0, 0xef,
    0x10, 0x0, 0x0, 0x0, 0xe, 0xf1, 0x0, 0x0,
    0x0, 0x0, 0xef, 0xcc, 0xcc, 0xcc, 0xcc, 0x3e,
    0xff, 0xff, 0xff, 0xff, 0xf4,

    /* U+0046 "F" */
    0xef, 0xff, 0xff, 0xff, 0xff, 0xef, 0xdc, 0xcc,
    0xcc, 0xcc, 0xef, 0x10, 0x0, 0x0, 0x0, 0xef,
    0x10, 0x0, 0x0, 0x0, 0xef, 0x10, 0x0, 0x0,
    0x0, 0xef, 0x10, 0x0, 0x0, 0x0, 0xef, 0xcc,
    0xcc, 0xcc, 0xc1, 0xef, 0xff, 0xff, 0xff, 0xf2,
    0xef, 0x10, 0x0, 0x0, 0x0, 0xef, 0x10, 0x0,
    0x0, 0x0, 0xef, 0x10, 0x0, 0x0, 0x0, 0xef,
    0x10, 0x0, 0x0, 0x0, 0xef, 0x10, 0x0, 0x0,
    0x0, 0xef, 0x10, 0x0, 0x0, 0x0,

    /* U+0047 "G" */
    0x0, 0x0, 0x17, 0xce, 0xfe, 0xb6, 0x0, 0x0,
    0x5, 0xff, 0xff, 0xde, 0xff, 0xe2, 0x0, 0x5f,
    0xf9, 0x20, 0x0, 0x29, 0xf7, 0x1, 0xff, 0x50,
    0x0, 0x0, 0x0, 0x20, 0x9, 0xf9, 0x0, 0x0,
    0x0, 0x0, 0x0, 0xd, 0xf3, 0x0, 0x0, 0x0,
    0x0, 0x0, 0xf, 0xf0, 0x0, 0x0, 0x0, 0x0,
    0x11, 0xf, 0xf0, 0x0, 0x0, 0x0, 0x3, 0xfb,
    0xd, 0xf3, 0x0, 0x0, 0x0, 0x3, 0xfb, 0x9,
    0xfa, 0x0, 0x0, 0x0, 0x3, 0xfb, 0x1, 0xff,
    0x60, 0x0, 0x0, 0x3, 0xfb, 0x0, 0x5f, 0xfa,
    0x30, 0x0, 0x29, 0xfb, 0x0, 0x5, 0xff, 0xff,
    0xdf, 0xff, 0xe4, 0x0, 0x0, 0x17, 0xce, 0xfe,
    0xb6, 0x0,

    /* U+0048 "H" */
    0xef, 0x10, 0x0, 0x0, 0x0, 0xdf, 0x2e, 0xf1,
    0x0, 0x0, 0x0, 0xd, 0xf2, 0xef, 0x10, 0x0,
    0x0, 0x0, 0xdf, 0x2e, 0xf1, 0x0, 0x0, 0x0,
    0xd, 0xf2, 0xef, 0x10, 0x0, 0x0, 0x0, 0xdf,
    0x2e, 0xf1, 0x0, 0x0, 0x0, 0xd, 0xf2, 0xef,
    0xff, 0xff, 0xff, 0xff, 0xff, 0x2e, 0xfd, 0xcc,
    0xcc, 0xcc, 0xcf, 0xf2, 0xef, 0x10, 0x0, 0x0,
    0x0, 0xdf, 0x2e, 0xf1, 0x0, 0x0, 0x0, 0xd,
    0xf2, 0xef, 0x10, 0x0, 0x0, 0x0, 0xdf, 0x2e,
    0xf1, 0x0, 0x0, 0x0, 0xd, 0xf2, 0xef, 0x10,
    0x0, 0x0, 0x0, 0xdf, 0x2e, 0xf1, 0x0, 0x0,
    0x0, 0xd, 0xf2,

    /* U+0049 "I" */
    0xef, 0x1e, 0xf1, 0xef, 0x1e, 0xf1, 0xef, 0x1e,
    0xf1, 0xef, 0x1e, 0xf1, 0xef, 0x1e, 0xf1, 0xef,
    0x1e, 0xf1, 0xef, 0x1e, 0xf1,

    /* U+004A "J" */
    0x0, 0xcf, 0xff, 0xff, 0xf4, 0x0, 0x9c, 0xcc,
    0xcf, 0xf4, 0x0, 0x0, 0x0, 0xb, 0xf4, 0x0,
    0x0, 0x0, 0xb, 0xf4, 0x0, 0x0, 0x0, 0xb,
    0xf4, 0x0, 0x0, 0x0, 0xb, 0xf4, 0x0, 0x0,
    0x0, 0xb, 0xf4, 0x0, 0x0, 0x0, 0xb, 0xf4,
    0x0, 0x0, 0x0, 0xb, 0xf4, 0x0, 0x0, 0x0,
    0xb, 0xf4, 0x1, 0x0, 0x0, 0xd, 0xf2, 0xc,
    0xc2, 0x0, 0x6f, 0xe0, 0xa, 0xff, 0xde, 0xff,
    0x60, 0x0, 0x6c, 0xff, 0xc5, 0x0,

    /* U+004B "K" */
    0xef, 0x10, 0x0, 0x0, 0xb, 0xf8, 0xe, 0xf1,
    0x0, 0x0, 0xb, 0xf8, 0x0, 0xef, 0x10, 0x0,
    0xb, 0xf9, 0x0, 0xe, 0xf1, 0x0, 0xa, 0xfa,
    0x0, 0x0, 0xef, 0x10, 0xa, 0xfb, 0x0, 0x0,
    0xe, 0xf1, 0xa, 0xfb, 0x0, 0x0, 0x0, 0xef,
    0x19, 0xff, 0x30, 0x0, 0x0, 0xe, 0xfa, 0xff,
    0xfe, 0x10, 0x0, 0x0, 0xef, 0xfd, 0x1b, 0xfc,
    0x0, 0x0, 0xe, 0xfd, 0x10, 0xc, 0xfa, 0x0,
    0x0, 0xef, 0x20, 0x0, 0x1e, 0xf7, 0x0, 0xe,
    0xf1, 0x0, 0x0, 0x2f, 0xf4, 0x0, 0xef, 0x10,
    0x0, 0x0, 0x4f, 0xf2, 0xe, 0xf1, 0x0, 0x0,
    0x0, 0x6f, 0xd1,

    /* U+004C "L" */
    0xef, 0x10, 0x0, 0x0, 0x0, 0xef, 0x10, 0x0,
    0x0, 0x0, 0xef, 0x10, 0x0, 0x0, 0x0, 0xef,
    0x10, 0x0, 0x0, 0x0, 0xef, 0x10, 0x0, 0x0,
    0x0, 0xef, 0x10, 0x0, 0x0, 0x0, 0xef, 0x10,
    0x0, 0x0, 0x0, 0xef, 0x10, 0x0, 0x0, 0x0,
    0xef, 0x10, 0x0, 0x0, 0x0, 0xef, 0x10, 0x0,
    0x0, 0x0, 0xef, 0x10, 0x0, 0x0, 0x0, 0xef,
    0x10, 0x0, 0x0, 0x0, 0xef, 0xcc, 0xcc, 0xcc,
    0xc8, 0xef, 0xff, 0xff, 0xff, 0xfb,

    /* U+004D "M" */
    0xef, 0x10, 0x0, 0x0, 0x0, 0x0, 0xe, 0xfe,
    0xf9, 0x0, 0x0, 0x0, 0x0, 0x8, 0xff, 0xef,
    0xf3, 0x0, 0x0, 0x0, 0x2, 0xff, 0xfe, 0xff,
    0xc0, 0x0, 0x0, 0x0, 0xbf, 0xff, 0xef, 0x9f,
    0x60, 0x0, 0x0, 0x4f, 0xaf, 0xfe, 0xf1, 0xee,
    0x10, 0x0, 0xd, 0xf1, 0xff, 0xef, 0x6, 0xf9,
    0x0, 0x7, 0xf7, 0xe, 0xfe, 0xf0, 0xc, 0xf3,
    0x1, 0xfd, 0x0, 0xef, 0xef, 0x0, 0x3f, 0xc0,
    0xaf, 0x40, 0xe, 0xfe, 0xf0, 0x0, 0x9f, 0x9f,
    0xa0, 0x0, 0xef, 0xef, 0x0, 0x1, 0xef, 0xf1,
    0x0, 0xe, 0xfe, 0xf0, 0x0, 0x6, 0xf7, 0x0,
    0x0, 0xef, 0xef, 0x0, 0x0, 0x4, 0x0, 0x0,
    0xe, 0xfe, 0xf0, 0x0, 0x0, 0x0, 0x0, 0x0,
    0xef,

    /* U+004E "N" */
    0xef, 0x20, 0x0, 0x0, 0x0, 0xdf, 0x2e, 0xfd,
    0x10, 0x0, 0x0, 0xd, 0xf2, 0xef, 0xfb, 0x0,
    0x0, 0x0, 0xdf, 0x2e, 0xfe, 0xf8, 0x0, 0x0,
    0xd, 0xf2, 0xef, 0x4f, 0xf5, 0x0, 0x0, 0xdf,
    0x2e, 0xf1, 0x5f, 0xf3, 0x0, 0xd, 0xf2, 0xef,
    0x10, 0x8f, 0xe1, 0x0, 0xdf, 0x2e, 0xf1, 0x0,
    0xbf, 0xc0, 0xd, 0xf2, 0xef, 0x10, 0x1, 0xdf,
    0x90, 0xdf, 0x2e, 0xf1, 0x0, 0x2, 0xff, 0x6d,
    0xf2, 0xef, 0x10, 0x0, 0x5, 0xff, 0xff, 0x2e,
    0xf1, 0x0, 0x0, 0x8, 0xff, 0xf2, 0xef, 0x10,
    0x0, 0x0, 0xb, 0xff, 0x2e, 0xf1, 0x0, 0x0,
    0x0, 0xd, 0xf2,

    /* U+004F "O" */
    0x0, 0x0, 0x17, 0xce, 0xfe, 0xb6, 0x0, 0x0,
    0x0, 0x5, 0xef, 0xfe, 0xdf, 0xff, 0xd3, 0x0,
    0x0, 0x5f, 0xf9, 0x20, 0x0, 0x3b, 0xff, 0x30,
    0x1, 0xff, 0x50, 0x0, 0x0, 0x0, 0x9f, 0xd0,
    0x9, 0xf9, 0x0, 0x0, 0x0, 0x0, 0xd, 0xf5,
    0xd, 0xf3, 0x0, 0x0, 0x0, 0x0, 0x6, 0xfa,
    0xf, 0xf0, 0x0, 0x0, 0x0, 0x0, 0x3, 0xfc,
    0xf, 0xf0, 0x0, 0x0, 0x0, 0x0, 0x3, 0xfc,
    0xd, 0xf3, 0x0, 0x0, 0x0, 0x0, 0x6, 0xfa,
    0x9, 0xf9, 0x0, 0x0, 0x0, 0x0, 0xd, 0xf5,
    0x1, 0xff, 0x60, 0x0, 0x0, 0x0, 0x9f, 0xd0,
    0x0, 0x5f, 0xf9, 0x20, 0x0, 0x3b, 0xff, 0x30,
    0x0, 0x5, 0xef, 0xff, 0xdf, 0xff, 0xd3, 0x0,
    0x0, 0x0, 0x17, 0xce, 0xfe, 0xb6, 0x0, 0x0,

    /* U+0050 "P" */
    0xef, 0xff, 0xff, 0xec, 0x70, 0x0, 0xef, 0xdc,
    0xcd, 0xef, 0xfd, 0x20, 0xef, 0x10, 0x0, 0x2,
    0xbf, 0xc0, 0xef, 0x10, 0x0, 0x0, 0xe, 0xf3,
    0xef, 0x10, 0x0, 0x0, 0xa, 0xf5, 0xef, 0x10,
    0x0, 0x0, 0xb, 0xf5, 0xef, 0x10, 0x0, 0x0,
    0x2f, 0xf2, 0xef, 0x10, 0x0, 0x15, 0xdf, 0xa0,
    0xef, 0xff, 0xff, 0xff, 0xfb, 0x0, 0xef, 0xcc,
    0xcc, 0xb9, 0x40, 0x0, 0xef, 0x10, 0x0, 0x0,
    0x0, 0x0, 0xef, 0x10, 0x0, 0x0, 0x0, 0x0,
    0xef, 0x10, 0x0, 0x0, 0x0, 0x0, 0xef, 0x10,
    0x0, 0x0, 0x0, 0x0,

    /* U+0051 "Q" */
    0x0, 0x0, 0x7, 0xce, 0xfe, 0xb6, 0x0, 0x0,
    0x0, 0x0, 0x5e, 0xff, 0xed, 0xff, 0xfd, 0x30,
    0x0, 0x0, 0x5f, 0xf9, 0x20, 0x0, 0x3b, 0xff,
    0x30, 0x0, 0x1f, 0xf6, 0x0, 0x0, 0x0, 0x9,
    0xfd, 0x0, 0x8, 0xf9, 0x0, 0x0, 0x0, 0x0,
    0xd, 0xf5, 0x0, 0xdf, 0x30, 0x0, 0x0, 0x0,
    0x0, 0x6f, 0xa0, 0xf, 0xf0, 0x0, 0x0, 0x0,
    0x0, 0x3, 0xfc, 0x0, 0xff, 0x0, 0x0, 0x0,
    0x0, 0x0, 0x3f, 0xc0, 0xd, 0xf2, 0x0, 0x0,
    0x0, 0x0, 0x6, 0xfa, 0x0, 0x9f, 0x90, 0x0,
    0x0, 0x0, 0x0, 0xcf, 0x50, 0x2, 0xff, 0x50,
    0x0, 0x0, 0x0, 0x8f, 0xd0, 0x0, 0x6, 0xff,
    0x81, 0x0, 0x3, 0xbf, 0xf3, 0x0, 0x0, 0x6,
    0xff, 0xfe, 0xce, 0xff, 0xe3, 0x0, 0x0, 0x0,
    0x2, 0x8d, 0xff, 0xfd, 0x60, 0x0, 0x0, 0x0,
    0x0, 0x0, 0x0, 0x9f, 0xe2, 0x0, 0x1a, 0x0,
    0x0, 0x0, 0x0, 0x0, 0x8f, 0xfb, 0xbf, 0xf4,
    0x0, 0x0, 0x0, 0x0, 0x0, 0x4b, 0xef, 0xb3,
    0x0,

    /* U+0052 "R" */
    0xef, 0xff, 0xff, 0xec, 0x70, 0x0, 0xef, 0xdc,
    0xcd, 0xef, 0xfd, 0x20, 0xef, 0x10, 0x0, 0x2,
    0xbf, 0xc0, 0xef, 0x10, 0x0, 0x0, 0xe, 0xf3,
    0xef, 0x10, 0x0, 0x0, 0xa, 0xf5, 0xef, 0x10,
    0x0, 0x0, 0xb, 0xf5, 0xef, 0x10, 0x0, 0x0,
    0x2f, 0xf2, 0xef, 0x10, 0x0, 0x15, 0xdf, 0xa0,
    0xef, 0xff, 0xff, 0xff, 0xfa, 0x0, 0xef, 0xcc,
    0xcb, 0xdf, 0x90, 0x0, 0xef, 0x10, 0x0, 0x1e,
    0xf3, 0x0, 0xef, 0x10, 0x0, 0x4, 0xfd, 0x0,
    0xef, 0x10, 0x0, 0x0, 0x9f, 0x90, 0xef, 0x10,
    0x0, 0x0, 0xd, 0xf4,

    /* U+0053 "S" */
    0x0, 0x6, 0xce, 0xfe, 0xc7, 0x10, 0x0, 0xcf,
    0xfd, 0xcd, 0xff, 0xd0, 0x8, 0xfc, 0x20, 0x0,
    0x16, 0x60, 0xc, 0xf3, 0x0, 0x0, 0x0, 0x0,
    0xc, 0xf4, 0x0, 0x0, 0x0, 0x0, 0x6, 0xfe,
    0x61, 0x0, 0x0, 0x0, 0x0, 0x8f, 0xff, 0xc8,
    0x40, 0x0, 0x0, 0x1, 0x6b, 0xef, 0xfd, 0x40,
    0x0, 0x0, 0x0, 0x3, 0x9f, 0xf2, 0x0, 0x0,
    0x0, 0x0, 0x8, 0xf8, 0x1, 0x0, 0x0, 0x0,
    0x7, 0xf8, 0xd, 0xb3, 0x0, 0x0, 0x3e, 0xf4,
    0xa, 0xff, 0xfc, 0xce, 0xff, 0x90, 0x0, 0x39,
    0xdf, 0xfe, 0xa4, 0x0,

    /* U+0054 "T" */
    0xef, 0xff, 0xff, 0xff, 0xff, 0xfa, 0xbc, 0xcc,
    0xdf, 0xfc, 0xcc, 0xc8, 0x0, 0x0, 0x2f, 0xd0,
    0x0, 0x0, 0x0, 0x0, 0x2f, 0xd0, 0x0, 0x0,
    0x0, 0x0, 0x2f, 0xd0, 0x0, 0x0, 0x0, 0x0,
    0x2f, 0xd0, 0x0, 0x0, 0x0, 0x0, 0x2f, 0xd0,
    0x0, 0x0, 0x0, 0x0, 0x2f, 0xd0, 0x0, 0x0,
    0x0, 0x0, 0x2f, 0xd0, 0x0, 0x0, 0x0, 0x0,
    0x2f, 0xd0, 0x0, 0x0, 0x0, 0x0, 0x2f, 0xd0,
    0x0, 0x0, 0x0, 0x0, 0x2f, 0xd0, 0x0, 0x0,
    0x0, 0x0, 0x2f, 0xd0, 0x0, 0x0, 0x0, 0x0,
    0x2f, 0xd0, 0x0, 0x0,

    /* U+0055 "U" */
    0xf, 0xf0, 0x0, 0x0, 0x0, 0x2f, 0xd0, 0xff,
    0x0, 0x0, 0x0, 0x2, 0xfd, 0xf, 0xf0, 0x0,
    0x0, 0x0, 0x2f, 0xd0, 0xff, 0x0, 0x0, 0x0,
    0x2, 0xfd, 0xf, 0xf0, 0x0, 0x0, 0x0, 0x2f,
    0xd0, 0xff, 0x0, 0x0, 0x0, 0x2, 0xfd, 0xf,
    0xf0, 0x0, 0x0, 0x0, 0x2f, 0xd0, 0xff, 0x0,
    0x0, 0x0, 0x2, 0xfc, 0xf, 0xf0, 0x0, 0x0,
    0x0, 0x2f, 0xc0, 0xdf, 0x30, 0x0, 0x0, 0x5,
    0xfa, 0x9, 0xf9, 0x0, 0x0, 0x0, 0xcf, 0x60,
    0x2f, 0xf8, 0x10, 0x1, 0xaf, 0xe0, 0x0, 0x5f,
    0xff, 0xee, 0xff, 0xe3, 0x0, 0x0, 0x29, 0xdf,
    0xfd, 0x81, 0x0,

    /* U+0056 "V" */
    0xc, 0xf5, 0x0, 0x0, 0x0, 0x0, 0xe, 0xf1,
    0x5, 0xfc, 0x0, 0x0, 0x0, 0x0, 0x6f, 0x90,
    0x0, 0xef, 0x30, 0x0, 0x0, 0x0, 0xdf, 0x20,
    0x0, 0x7f, 0xa0, 0x0, 0x0, 0x4, 0xfb, 0x0,
    0x0, 0x1f, 0xf1, 0x0, 0x0, 0xb, 0xf4, 0x0,
    0x0, 0x9, 0xf8, 0x0, 0x0, 0x2f, 0xd0, 0x0,
    0x0, 0x2, 0xff, 0x0, 0x0, 0x9f, 0x60, 0x0,
    0x0, 0x0, 0xbf, 0x60, 0x1, 0xfe, 0x0, 0x0,
    0x0, 0x0, 0x4f, 0xd0, 0x7, 0xf8, 0x0, 0x0,
    0x0, 0x0, 0xd, 0xf4, 0xe, 0xf1, 0x0, 0x0,
    0x0, 0x0, 0x6, 0xfb, 0x5f, 0xa0, 0x0, 0x0,
    0x0, 0x0, 0x0, 0xef, 0xef, 0x30, 0x0, 0x0,
    0x0, 0x0, 0x0, 0x8f, 0xfc, 0x0, 0x0, 0x0,
    0x0, 0x0, 0x0, 0x1f, 0xf5, 0x0, 0x0, 0x0,

    /* U+0057 "W" */
    0x3f, 0xd0, 0x0, 0x0, 0x0, 0xcf, 0x60, 0x0,
    0x0, 0x3, 0xfb, 0xd, 0xf3, 0x0, 0x0, 0x1,
    0xff, 0xc0, 0x0, 0x0, 0x8, 0xf5, 0x8, 0xf8,
    0x0, 0x0, 0x7, 0xff, 0xf1, 0x0, 0x0, 0xd,
    0xf1, 0x3, 0xfd, 0x0, 0x0, 0xc, 0xf9, 0xf7,
    0x0, 0x0, 0x3f, 0xb0, 0x0, 0xdf, 0x30, 0x0,
    0x2f, 0xb2, 0xfc, 0x0, 0x0, 0x8f, 0x50, 0x0,
    0x8f, 0x80, 0x0, 0x7f, 0x50, 0xdf, 0x10, 0x0,
    0xdf, 0x10, 0x0, 0x3f, 0xd0, 0x0, 0xdf, 0x0,
    0x7f, 0x70, 0x3, 0xfb, 0x0, 0x0, 0xd, 0xf3,
    0x2, 0xfa, 0x0, 0x2f, 0xc0, 0x8, 0xf5, 0x0,
    0x0, 0x8, 0xf8, 0x8, 0xf5, 0x0, 0xc, 0xf2,
    0xe, 0xf1, 0x0, 0x0, 0x3, 0xfd, 0xd, 0xf0,
    0x0, 0x7, 0xf7, 0x3f, 0xb0, 0x0, 0x0, 0x0,
    0xdf, 0x6f, 0xa0, 0x0, 0x1, 0xfc, 0x8f, 0x50,
    0x0, 0x0, 0x0, 0x8f, 0xff, 0x40, 0x0, 0x0,
    0xcf, 0xef, 0x0, 0x0, 0x0, 0x0, 0x3f, 0xff,
    0x0, 0x0, 0x0, 0x6f, 0xfb, 0x0, 0x0, 0x0,
    0x0, 0xd, 0xf9, 0x0, 0x0, 0x0, 0x1f, 0xf5,
    0x0, 0x0,

    /* U+0058 "X" */
    0x1f, 0xf3, 0x0, 0x0, 0x0, 0xbf, 0x70, 0x5,
    0xfe, 0x10, 0x0, 0x6, 0xfb, 0x0, 0x0, 0x9f,
    0xa0, 0x0, 0x2f, 0xe1, 0x0, 0x0, 0xd, 0xf6,
    0x0, 0xdf, 0x40, 0x0, 0x0, 0x3, 0xff, 0x29,
    0xf8, 0x0, 0x0, 0x0, 0x0, 0x7f, 0xef, 0xc0,
    0x0, 0x0, 0x0, 0x0, 0xb, 0xff, 0x20, 0x0,
    0x0, 0x0, 0x0, 0x1e, 0xff, 0x70, 0x0, 0x0,
    0x0, 0x0, 0xbf, 0x9f, 0xf3, 0x0, 0x0, 0x0,
    0x7, 0xfc, 0x6, 0xfd, 0x0, 0x0, 0x0, 0x3f,
    0xf2, 0x0, 0xaf, 0xa0, 0x0, 0x0, 0xdf, 0x50,
    0x0, 0xd, 0xf5, 0x0, 0xa, 0xfa, 0x0, 0x0,
    0x3, 0xff, 0x20, 0x5f, 0xd0, 0x0, 0x0, 0x0,
    0x7f, 0xc0,

    /* U+0059 "Y" */
    0xc, 0xf5, 0x0, 0x0, 0x0, 0x4, 0xfb, 0x0,
    0x2f, 0xe1, 0x0, 0x0, 0x0, 0xdf, 0x20, 0x0,
    0x8f, 0x90, 0x0, 0x0, 0x7f, 0x70, 0x0, 0x0,
    0xef, 0x30, 0x0, 0x2f, 0xd0, 0x0, 0x0, 0x5,
    0xfc, 0x0, 0xb, 0xf4, 0x0, 0x0, 0x0, 0xb,
    0xf6, 0x5, 0xfa, 0x0, 0x0, 0x0, 0x0, 0x2f,
    0xe2, 0xef, 0x10, 0x0, 0x0, 0x0, 0x0, 0x8f,
    0xef, 0x70, 0x0, 0x0, 0x0, 0x0, 0x0, 0xdf,
    0xd0, 0x0, 0x0, 0x0, 0x0, 0x0, 0x8, 0xf7,
    0x0, 0x0, 0x0, 0x0, 0x0, 0x0, 0x8f, 0x70,
    0x0, 0x0, 0x0, 0x0, 0x0, 0x8, 0xf7, 0x0,
    0x0, 0x0, 0x0, 0x0, 0x0, 0x8f, 0x70, 0x0,
    0x0, 0x0, 0x0, 0x0, 0x8, 0xf7, 0x0, 0x0,
    0x0,

    /* U+005A "Z" */
    0xf, 0xff, 0xff, 0xff, 0xff, 0xff, 0x40, 0xcc,
    0xcc, 0xcc, 0xcc, 0xef, 0xf2, 0x0, 0x0, 0x0,
    0x0, 0x1d, 0xf6, 0x0, 0x0, 0x0, 0x0, 0xb,
    0xf9, 0x0, 0x0, 0x0, 0x0, 0x8, 0xfc, 0x0,
    0x0, 0x0, 0x0, 0x5, 0xfe, 0x10, 0x0, 0x0,
    0x0, 0x3, 0xff, 0x30, 0x0, 0x0, 0x0, 0x1,
    0xef, 0x50, 0x0, 0x0, 0x0, 0x0, 0xcf, 0x80,
    0x0, 0x0, 0x0, 0x0, 0x9f, 0xb0, 0x0, 0x0,
    0x0, 0x0, 0x6f, 0xd0, 0x0, 0x0, 0x0, 0x0,
    0x4f, 0xf2, 0x0, 0x0, 0x0, 0x0, 0x1e, 0xfe,
    0xcc, 0xcc, 0xcc, 0xcc, 0x72, 0xff, 0xff, 0xff,
    0xff, 0xff, 0xf9,

    /* U+005B "[" */
    0xef, 0xff, 0x4e, 0xfa, 0xa2, 0xef, 0x0, 0xe,
    0xf0, 0x0, 0xef, 0x0, 0xe, 0xf0, 0x0, 0xef,
    0x0, 0xe, 0xf0, 0x0, 0xef, 0x0, 0xe, 0xf0,
    0x0, 0xef, 0x0, 0xe, 0xf0, 0x0, 0xef, 0x0,
    0xe, 0xf0, 0x0, 0xef, 0x0, 0xe, 0xf0, 0x0,
    0xef, 0x0, 0xe, 0xfa, 0xa2, 0xef, 0xff, 0x40,

    /* U+005C "\\" */
    0x57, 0x0, 0x0, 0x0, 0x6, 0xf5, 0x0, 0x0,
    0x0, 0x1f, 0xa0, 0x0, 0x0, 0x0, 0xcf, 0x0,
    0x0, 0x0, 0x6, 0xf5, 0x0, 0x0, 0x0, 0x1f,
    0xa0, 0x0, 0x0, 0x0, 0xbf, 0x0, 0x0, 0x0,
    0x6, 0xf5, 0x0, 0x0, 0x0, 0x1f, 0xb0, 0x0,
    0x0, 0x0, 0xbf, 0x0, 0x0, 0x0, 0x6, 0xf5,
    0x0, 0x0, 0x0, 0x1f, 0xb0, 0x0, 0x0, 0x0,
    0xbf, 0x10, 0x0, 0x0, 0x5, 0xf6, 0x0, 0x0,
    0x0, 0xf, 0xb0, 0x0, 0x0, 0x0, 0xaf, 0x10,
    0x0, 0x0, 0x5, 0xf6, 0x0, 0x0, 0x0, 0xf,
    0xb0, 0x0, 0x0, 0x0, 0xaf, 0x10, 0x0, 0x0,
    0x5, 0xf6,

    /* U+005D "]" */
    0xaf, 0xff, 0x96, 0xac, 0xf9, 0x0, 0x5f, 0x90,
    0x5, 0xf9, 0x0, 0x5f, 0x90, 0x5, 0xf9, 0x0,
    0x5f, 0x90, 0x5, 0xf9, 0x0, 0x5f, 0x90, 0x5,
    0xf9, 0x0, 0x5f, 0x90, 0x5, 0xf9, 0x0, 0x5f,
    0x90, 0x5, 0xf9, 0x0, 0x5f, 0x90, 0x5, 0xf9,
    0x0, 0x5f, 0x96, 0xac, 0xf9, 0xaf, 0xff, 0x90,

    /* U+005E "^" */
    0x0, 0x0, 0x75, 0x0, 0x0, 0x0, 0x5, 0xff,
    0x10, 0x0, 0x0, 0xc, 0xbf, 0x70, 0x0, 0x0,
    0x3f, 0x49, 0xd0, 0x0, 0x0, 0x9d, 0x3, 0xf4,
    0x0, 0x1, 0xf7, 0x0, 0xcb, 0x0, 0x7, 0xf1,
    0x0, 0x6f, 0x20, 0xd, 0xa0, 0x0, 0xf, 0x80,
    0x4f, 0x40, 0x0, 0x9, 0xe0,

    /* U+005F "_" */
    0x0, 0x0, 0x0, 0x0, 0x0, 0xff, 0xff, 0xff,
    0xff, 0xff, 0x33, 0x33, 0x33, 0x33, 0x33,

    /* U+0060 "`" */
    0x27, 0x70, 0x0, 0x5, 0xfc, 0x10, 0x0, 0x2d,
    0xd1,

    /* U+0061 "a" */
    0x5, 0xae, 0xfe, 0xb4, 0x0, 0x7f, 0xfd, 0xbe,
    0xff, 0x50, 0x2a, 0x10, 0x0, 0x7f, 0xe0, 0x0,
    0x0, 0x0, 0xd, 0xf2, 0x0, 0x0, 0x11, 0x1c,
    0xf3, 0x8, 0xef, 0xff, 0xff, 0xf3, 0x9f, 0xb6,
    0x44, 0x4c, 0xf3, 0xff, 0x0, 0x0, 0xb, 0xf3,
    0xef, 0x20, 0x0, 0x4f, 0xf3, 0x7f, 0xe9, 0x8b,
    0xfd, 0xf3, 0x5, 0xcf, 0xfc, 0x49, 0xf3,

    /* U+0062 "b" */
    0x3f, 0xb0, 0x0, 0x0, 0x0, 0x0, 0x3f, 0xb0,
    0x0, 0x0, 0x0, 0x0, 0x3f, 0xb0, 0x0, 0x0,
    0x0, 0x0, 0x3f, 0xb0, 0x0, 0x0, 0x0, 0x0,
    0x3f, 0xb1, 0x9e, 0xfd, 0x92, 0x0, 0x3f, 0xde,
    0xfd, 0xce, 0xff, 0x40, 0x3f, 0xfe, 0x30, 0x0,
    0x8f, 0xe1, 0x3f, 0xf3, 0x0, 0x0, 0xa, 0xf7,
    0x3f, 0xd0, 0x0, 0x0, 0x4, 0xfa, 0x3f, 0xb0,
    0x0, 0x0, 0x2, 0xfc, 0x3f, 0xd0, 0x0, 0x0,
    0x4, 0xfa, 0x3f, 0xf3, 0x0, 0x0, 0xa, 0xf6,
    0x3f, 0xfe, 0x30, 0x0, 0x8f, 0xe1, 0x3f, 0xce,
    0xfd, 0xce, 0xfe, 0x30, 0x3f, 0xa1, 0x9e, 0xfe,
    0x92, 0x0,

    /* U+0063 "c" */
    0x0, 0x3, 0xae, 0xfe, 0x91, 0x0, 0x7, 0xff,
    0xdc, 0xef, 0xf3, 0x4, 0xfe, 0x40, 0x0, 0x7f,
    0x60, 0xcf, 0x40, 0x0, 0x0, 0x10, 0xf, 0xe0,
    0x0, 0x0, 0x0, 0x2, 0xfc, 0x0, 0x0, 0x0,
    0x0, 0xf, 0xe0, 0x0, 0x0, 0x0, 0x0, 0xcf,
    0x40, 0x0, 0x0, 0x10, 0x4, 0xfe, 0x40, 0x0,
    0x7f, 0x60, 0x7, 0xff, 0xdc, 0xef, 0xe2, 0x0,
    0x3, 0xae, 0xfd, 0x91, 0x0,

    /* U+0064 "d" */
    0x0, 0x0, 0x0, 0x0, 0x1, 0xfd, 0x0, 0x0,
    0x0, 0x0, 0x1, 0xfd, 0x0, 0x0, 0x0, 0x0,
    0x1, 0xfd, 0x0, 0x0, 0x0, 0x0, 0x1, 0xfd,
    0x0, 0x4, 0xbe, 0xfc, 0x61, 0xfd, 0x0, 0x9f,
    0xfd, 0xce, 0xfb, 0xfd, 0x5, 0xfe, 0x40, 0x0,
    0x7f, 0xfd, 0xd, 0xf4, 0x0, 0x0, 0x9, 0xfd,
    0xf, 0xe0, 0x0, 0x0, 0x3, 0xfd, 0x2f, 0xc0,
    0x0, 0x0, 0x1, 0xfd, 0xf, 0xe0, 0x0, 0x0,
    0x3, 0xfd, 0xc, 0xf4, 0x0, 0x0, 0x9, 0xfd,
    0x5, 0xfe, 0x40, 0x0, 0x7f, 0xfd, 0x0, 0x8f,
    0xfd, 0xce, 0xfa, 0xfd, 0x0, 0x4, 0xbe, 0xfd,
    0x60, 0xfd,

    /* U+0065 "e" */
    0x0, 0x4, 0xbe, 0xfc, 0x60, 0x0, 0x0, 0x8f,
    0xfc, 0xbe, 0xfb, 0x0, 0x5, 0xfd, 0x20, 0x0,
    0xaf, 0x80, 0xc, 0xf3, 0x0, 0x0, 0xd, 0xf0,
    0xf, 0xe1, 0x11, 0x11, 0x19, 0xf4, 0x2f, 0xff,
    0xff, 0xff, 0xff, 0xf5, 0xf, 0xe4, 0x44, 0x44,
    0x44, 0x41, 0xc, 0xf3, 0x0, 0x0, 0x0, 0x0,
    0x4, 0xfe, 0x40, 0x0, 0x2b, 0x20, 0x0, 0x7f,
    0xfe, 0xcd, 0xff, 0x60, 0x0, 0x3, 0xae, 0xfe,
    0xa3, 0x0,

    /* U+0066 "f" */
    0x0, 0x6, 0xdf, 0xd6, 0x0, 0x6f, 0xea, 0xc6,
    0x0, 0xcf, 0x20, 0x0, 0x0, 0xef, 0x0, 0x0,
    0xbf, 0xff, 0xff, 0xf1, 0x7a, 0xff, 0xaa, 0xa0,
    0x0, 0xef, 0x0, 0x0, 0x0, 0xef, 0x0, 0x0,
    0x0, 0xef, 0x0, 0x0, 0x0, 0xef, 0x0, 0x0,
    0x0, 0xef, 0x0, 0x0, 0x0, 0xef, 0x0, 0x0,
    0x0, 0xef, 0x0, 0x0, 0x0, 0xef, 0x0, 0x0,
    0x0, 0xef, 0x0, 0x0,

    /* U+0067 "g" */
    0x0, 0x4, 0xbe, 0xfd, 0x70, 0xdf, 0x0, 0x8f,
    0xfd, 0xce, 0xfc, 0xef, 0x5, 0xfe, 0x40, 0x0,
    0x5f, 0xff, 0xc, 0xf4, 0x0, 0x0, 0x7, 0xff,
    0xf, 0xe0, 0x0, 0x0, 0x0, 0xff, 0x2f, 0xc0,
    0x0, 0x0, 0x0, 0xff, 0xf, 0xe0, 0x0, 0x0,
    0x1, 0xff, 0xc, 0xf4, 0x0, 0x0, 0x7, 0xff,
    0x5, 0xfe, 0x40, 0x0, 0x5f, 0xff, 0x0, 0x8f,
    0xfd, 0xbe, 0xfc, 0xff, 0x0, 0x4, 0xbe, 0xfd,
    0x71, 0xfd, 0x0, 0x0, 0x0, 0x0, 0x3, 0xfb,
    0x1, 0xa4, 0x0, 0x0, 0x2d, 0xf5, 0x4, 0xff,
    0xec, 0xbd, 0xff, 0x90, 0x0, 0x28, 0xce, 0xfe,
    0xb5, 0x0,

    /* U+0068 "h" */
    0x3f, 0xb0, 0x0, 0x0, 0x0, 0x3, 0xfb, 0x0,
    0x0, 0x0, 0x0, 0x3f, 0xb0, 0x0, 0x0, 0x0,
    0x3, 0xfb, 0x0, 0x0, 0x0, 0x0, 0x3f, 0xb2,
    0xae, 0xfe, 0x91, 0x3, 0xfd, 0xef, 0xdd, 0xff,
    0xd0, 0x3f, 0xfd, 0x20, 0x2, 0xdf, 0x73, 0xff,
    0x20, 0x0, 0x4, 0xfb, 0x3f, 0xd0, 0x0, 0x0,
    0x1f, 0xd3, 0xfb, 0x0, 0x0, 0x0, 0xfe, 0x3f,
    0xb0, 0x0, 0x0, 0xf, 0xe3, 0xfb, 0x0, 0x0,
    0x0, 0xfe, 0x3f, 0xb0, 0x0, 0x0, 0xf, 0xe3,
    0xfb, 0x0, 0x0, 0x0, 0xfe, 0x3f, 0xb0, 0x0,
    0x0, 0xf, 0xe0,

    /* U+0069 "i" */
    0x3e, 0xb0, 0x7f, 0xf0, 0x8, 0x40, 0x0, 0x0,
    0x3f, 0xb0, 0x3f, 0xb0, 0x3f, 0xb0, 0x3f, 0xb0,
    0x3f, 0xb0, 0x3f, 0xb0, 0x3f, 0xb0, 0x3f, 0xb0,
    0x3f, 0xb0, 0x3f, 0xb0, 0x3f, 0xb0,

    /* U+006A "j" */
    0x0, 0x2, 0xec, 0x0, 0x0, 0x5f, 0xf1, 0x0,
    0x0, 0x75, 0x0, 0x0, 0x0, 0x0, 0x0, 0x1,
    0xfd, 0x0, 0x0, 0x1f, 0xd0, 0x0, 0x1, 0xfd,
    0x0, 0x0, 0x1f, 0xd0, 0x0, 0x1, 0xfd, 0x0,
    0x0, 0x1f, 0xd0, 0x0, 0x1, 0xfd, 0x0, 0x0,
    0x1f, 0xd0, 0x0, 0x1, 0xfd, 0x0, 0x0, 0x1f,
    0xd0, 0x0, 0x1, 0xfd, 0x0, 0x0, 0x1f, 0xd0,
    0x0, 0x5, 0xfa, 0x7, 0xdb, 0xff, 0x40, 0x7e,
    0xfd, 0x50, 0x0,

    /* U+006B "k" */
    0x3f, 0xb0, 0x0, 0x0, 0x0, 0x0, 0x3f, 0xb0,
    0x0, 0x0, 0x0, 0x0, 0x3f, 0xb0, 0x0, 0x0,
    0x0, 0x0, 0x3f, 0xb0, 0x0, 0x0, 0x0, 0x0,
    0x3f, 0xb0, 0x0, 0x2, 0xdf, 0x50, 0x3f, 0xb0,
    0x0, 0x2e, 0xf6, 0x0, 0x3f, 0xb0, 0x3, 0xef,
    0x60, 0x0, 0x3f, 0xb0, 0x3f, 0xf6, 0x0, 0x0,
    0x3f, 0xb4, 0xff, 0x90, 0x0, 0x0, 0x3f, 0xef,
    0xff, 0xf2, 0x0, 0x0, 0x3f, 0xff, 0x49, 0xfd,
    0x0, 0x0, 0x3f, 0xf4, 0x0, 0xcf, 0x90, 0x0,
    0x3f, 0xb0, 0x0, 0x1e, 0xf6, 0x0, 0x3f, 0xb0,
    0x0, 0x4, 0xff, 0x20, 0x3f, 0xb0, 0x0, 0x0,
    0x7f, 0xd0,

    /* U+006C "l" */
    0x3f, 0xb3, 0xfb, 0x3f, 0xb3, 0xfb, 0x3f, 0xb3,
    0xfb, 0x3f, 0xb3, 0xfb, 0x3f, 0xb3, 0xfb, 0x3f,
    0xb3, 0xfb, 0x3f, 0xb3, 0xfb, 0x3f, 0xb0,

    /* U+006D "m" */
    0x3f, 0xa3, 0xbe, 0xfd, 0x70, 0x5, 0xcf, 0xfc,
    0x50, 0x3, 0xfd, 0xff, 0xbc, 0xff, 0xa9, 0xfe,
    0xbc, 0xff, 0x70, 0x3f, 0xfb, 0x10, 0x3, 0xff,
    0xf9, 0x0, 0x4, 0xff, 0x13, 0xff, 0x10, 0x0,
    0x9, 0xfe, 0x0, 0x0, 0xb, 0xf4, 0x3f, 0xd0,
    0x0, 0x0, 0x6f, 0xb0, 0x0, 0x0, 0x8f, 0x63,
    0xfb, 0x0, 0x0, 0x5, 0xf9, 0x0, 0x0, 0x8,
    0xf6, 0x3f, 0xb0, 0x0, 0x0, 0x5f, 0x90, 0x0,
    0x0, 0x8f, 0x63, 0xfb, 0x0, 0x0, 0x5, 0xf9,
    0x0, 0x0, 0x8, 0xf6, 0x3f, 0xb0, 0x0, 0x0,
    0x5f, 0x90, 0x0, 0x0, 0x8f, 0x63, 0xfb, 0x0,
    0x0, 0x5, 0xf9, 0x0, 0x0, 0x8, 0xf6, 0x3f,
    0xb0, 0x0, 0x0, 0x5f, 0x90, 0x0, 0x0, 0x8f,
    0x60,

    /* U+006E "n" */
    0x3f, 0xa2, 0xae, 0xfe, 0x91, 0x3, 0xfd, 0xff,
    0xcb, 0xef, 0xd0, 0x3f, 0xfc, 0x10, 0x1, 0xcf,
    0x73, 0xff, 0x20, 0x0, 0x4, 0xfb, 0x3f, 0xd0,
    0x0, 0x0, 0x1f, 0xd3, 0xfb, 0x0, 0x0, 0x0,
    0xfe, 0x3f, 0xb0, 0x0, 0x0, 0xf, 0xe3, 0xfb,
    0x0, 0x0, 0x0, 0xfe, 0x3f, 0xb0, 0x0, 0x0,
    0xf, 0xe3, 0xfb, 0x0, 0x0, 0x0, 0xfe, 0x3f,
    0xb0, 0x0, 0x0, 0xf, 0xe0,

    /* U+006F "o" */
    0x0, 0x3, 0xae, 0xfd, 0x91, 0x0, 0x0, 0x7f,
    0xfd, 0xce, 0xfe, 0x40, 0x4, 0xfe, 0x40, 0x0,
    0x7f, 0xe1, 0xc, 0xf4, 0x0, 0x0, 0x9, 0xf7,
    0xf, 0xe0, 0x0, 0x0, 0x3, 0xfb, 0x2f, 0xc0,
    0x0, 0x0, 0x1, 0xfd, 0xf, 0xe0, 0x0, 0x0,
    0x3, 0xfb, 0xc, 0xf4, 0x0, 0x0, 0x9, 0xf7,
    0x4, 0xfe, 0x40, 0x0, 0x7f, 0xe1, 0x0, 0x7f,
    0xfd, 0xce, 0xfe, 0x30, 0x0, 0x3, 0xae, 0xfd,
    0x91, 0x0,

    /* U+0070 "p" */
    0x3f, 0xa2, 0x9e, 0xfd, 0x92, 0x0, 0x3f, 0xde,
    0xfb, 0xad, 0xff, 0x40, 0x3f, 0xfd, 0x20, 0x0,
    0x6f, 0xe1, 0x3f, 0xf3, 0x0, 0x0, 0x9, 0xf7,
    0x3f, 0xd0, 0x0, 0x0, 0x4, 0xfa, 0x3f, 0xb0,
    0x0, 0x0, 0x2, 0xfc, 0x3f, 0xd0, 0x0, 0x0,
    0x4, 0xfa, 0x3f, 0xf4, 0x0, 0x0, 0xa, 0xf6,
    0x3f, 0xfe, 0x30, 0x0, 0x8f, 0xe1, 0x3f, 0xde,
    0xfd, 0xce, 0xfe, 0x30, 0x3f, 0xb1, 0x9e, 0xfe,
    0x92, 0x0, 0x3f, 0xb0, 0x0, 0x0, 0x0, 0x0,
    0x3f, 0xb0, 0x0, 0x0, 0x0, 0x0, 0x3f, 0xb0,
    0x0, 0x0, 0x0, 0x0, 0x3f, 0xb0, 0x0, 0x0,
    0x0, 0x0,

    /* U+0071 "q" */
    0x0, 0x4, 0xbe, 0xfc, 0x60, 0xfd, 0x0, 0x9f,
    0xfd, 0xce, 0xfb, 0xfd, 0x5, 0xfe, 0x40, 0x0,
    0x7f, 0xfd, 0xd, 0xf4, 0x0, 0x0, 0x9, 0xfd,
    0xf, 0xe0, 0x0, 0x0, 0x3, 0xfd, 0x2f, 0xc0,
    0x0, 0x0, 0x1, 0xfd, 0xf, 0xe0, 0x0, 0x0,
    0x3, 0xfd, 0xc, 0xf4, 0x0, 0x0, 0x9, 0xfd,
    0x5, 0xfe, 0x40, 0x0, 0x7f, 0xfd, 0x0, 0x8f,
    0xfd, 0xce, 0xfb, 0xfd, 0x0, 0x4, 0xbe, 0xfc,
    0x61, 0xfd, 0x0, 0x0, 0x0, 0x0, 0x1, 0xfd,
    0x0, 0x0, 0x0, 0x0, 0x1, 0xfd, 0x0, 0x0,
    0x0, 0x0, 0x1, 0xfd, 0x0, 0x0, 0x0, 0x0,
    0x1, 0xfd,

    /* U+0072 "r" */
    0x3f, 0xa2, 0xae, 0x83, 0xfc, 0xff, 0xe6, 0x3f,
    0xfd, 0x30, 0x3, 0xff, 0x30, 0x0, 0x3f, 0xe0,
    0x0, 0x3, 0xfc, 0x0, 0x0, 0x3f, 0xb0, 0x0,
    0x3, 0xfb, 0x0, 0x0, 0x3f, 0xb0, 0x0, 0x3,
    0xfb, 0x0, 0x0, 0x3f, 0xb0, 0x0, 0x0,

    /* U+0073 "s" */
    0x0, 0x5c, 0xef, 0xea, 0x50, 0x9, 0xff, 0xcb,
    0xdf, 0xd0, 0x1f, 0xe1, 0x0, 0x2, 0x30, 0x2f,
    0xd0, 0x0, 0x0, 0x0, 0xd, 0xfc, 0x73, 0x0,
    0x0, 0x1, 0xbf, 0xff, 0xfb, 0x30, 0x0, 0x1,
    0x47, 0xcf, 0xf2, 0x0, 0x0, 0x0, 0x9, 0xf6,
    0x9, 0x30, 0x0, 0xb, 0xf5, 0x5f, 0xfe, 0xbb,
    0xef, 0xc0, 0x4, 0xae, 0xfe, 0xc7, 0x0,

    /* U+0074 "t" */
    0x0, 0x78, 0x0, 0x0, 0x0, 0xef, 0x0, 0x0,
    0x0, 0xef, 0x0, 0x0, 0xbf, 0xff, 0xff, 0xf1,
    0x7a, 0xff, 0xaa, 0xa0, 0x0, 0xef, 0x0, 0x0,
    0x0, 0xef, 0x0, 0x0, 0x0, 0xef, 0x0, 0x0,
    0x0, 0xef, 0x0, 0x0, 0x0, 0xef, 0x0, 0x0,
    0x0, 0xef, 0x0, 0x0, 0x0, 0xcf, 0x40, 0x0,
    0x0, 0x6f, 0xfb, 0xd7, 0x0, 0x7, 0xdf, 0xd5,

    /* U+0075 "u" */
    0x4f, 0xa0, 0x0, 0x0, 0x3f, 0xb4, 0xfa, 0x0,
    0x0, 0x3, 0xfb, 0x4f, 0xa0, 0x0, 0x0, 0x3f,
    0xb4, 0xfa, 0x0, 0x0, 0x3, 0xfb, 0x4f, 0xa0,
    0x0, 0x0, 0x3f, 0xb4, 0xfa, 0x0, 0x0, 0x3,
    0xfb, 0x4f, 0xb0, 0x0, 0x0, 0x5f, 0xb2, 0xfe,
    0x0, 0x0, 0xa, 0xfb, 0xe, 0xf8, 0x0, 0x7,
    0xff, 0xb0, 0x4f, 0xfe, 0xce, 0xfb, 0xfb, 0x0,
    0x3b, 0xef, 0xd6, 0x2f, 0xb0,

    /* U+0076 "v" */
    0xd, 0xf2, 0x0, 0x0, 0x0, 0xef, 0x0, 0x6f,
    0x90, 0x0, 0x0, 0x5f, 0x90, 0x0, 0xff, 0x0,
    0x0, 0xb, 0xf2, 0x0, 0x9, 0xf6, 0x0, 0x2,
    0xfb, 0x0, 0x0, 0x2f, 0xd0, 0x0, 0x9f, 0x40,
    0x0, 0x0, 0xbf, 0x30, 0xf, 0xd0, 0x0, 0x0,
    0x4, 0xfa, 0x7, 0xf7, 0x0, 0x0, 0x0, 0xd,
    0xf1, 0xdf, 0x10, 0x0, 0x0, 0x0, 0x7f, 0xbf,
    0x90, 0x0, 0x0, 0x0, 0x1, 0xff, 0xf3, 0x0,
    0x0, 0x0, 0x0, 0x9, 0xfc, 0x0, 0x0, 0x0,

    /* U+0077 "w" */
    0xbf, 0x10, 0x0, 0x0, 0xef, 0x0, 0x0, 0x1,
    0xfa, 0x5f, 0x70, 0x0, 0x5, 0xff, 0x60, 0x0,
    0x6, 0xf5, 0xf, 0xd0, 0x0, 0xb, 0xff, 0xb0,
    0x0, 0xc, 0xe0, 0xa, 0xf2, 0x0, 0x1f, 0xbb,
    0xf1, 0x0, 0x2f, 0x90, 0x4, 0xf8, 0x0, 0x6f,
    0x55, 0xf7, 0x0, 0x7f, 0x30, 0x0, 0xed, 0x0,
    0xce, 0x0, 0xed, 0x0, 0xde, 0x0, 0x0, 0x8f,
    0x32, 0xf9, 0x0, 0x9f, 0x23, 0xf8, 0x0, 0x0,
    0x3f, 0x98, 0xf3, 0x0, 0x3f, 0x89, 0xf2, 0x0,
    0x0, 0xd, 0xee, 0xd0, 0x0, 0xd, 0xee, 0xc0,
    0x0, 0x0, 0x7, 0xff, 0x70, 0x0, 0x7, 0xff,
    0x70, 0x0, 0x0, 0x1, 0xff, 0x10, 0x0, 0x2,
    0xff, 0x10, 0x0,

    /* U+0078 "x" */
    0x2f, 0xe1, 0x0, 0x0, 0xdf, 0x30, 0x6f, 0xb0,
    0x0, 0xaf, 0x60, 0x0, 0xaf, 0x70, 0x6f, 0xa0,
    0x0, 0x0, 0xdf, 0x5f, 0xe1, 0x0, 0x0, 0x3,
    0xff, 0xf3, 0x0, 0x0, 0x0, 0xb, 0xfb, 0x0,
    0x0, 0x0, 0x6, 0xff, 0xf6, 0x0, 0x0, 0x2,
    0xfe, 0x2e, 0xf2, 0x0, 0x0, 0xdf, 0x40, 0x4f,
    0xd0, 0x0, 0x9f, 0x80, 0x0, 0x8f, 0xa0, 0x5f,
    0xc0, 0x0, 0x0, 0xcf, 0x60,

    /* U+0079 "y" */
    0xd, 0xf2, 0x0, 0x0, 0x0, 0xef, 0x0, 0x6f,
    0x90, 0x0, 0x0, 0x5f, 0x80, 0x0, 0xef, 0x0,
    0x0, 0xb, 0xf2, 0x0, 0x8, 0xf6, 0x0, 0x2,
    0xfb, 0x0, 0x0, 0x1f, 0xd0, 0x0, 0x9f, 0x40,
    0x0, 0x0, 0xaf, 0x40, 0xf, 0xd0, 0x0, 0x0,
    0x4, 0xfb, 0x7, 0xf6, 0x0, 0x0, 0x0, 0xd,
    0xf2, 0xdf, 0x0, 0x0, 0x0, 0x0, 0x6f, 0xcf,
    0x80, 0x0, 0x0, 0x0, 0x0, 0xef, 0xf2, 0x0,
    0x0, 0x0, 0x0, 0x8, 0xfb, 0x0, 0x0, 0x0,
    0x0, 0x0, 0xaf, 0x40, 0x0, 0x0, 0x3, 0x0,
    0x3f, 0xd0, 0x0, 0x0, 0x2, 0xfd, 0xbf, 0xf3,
    0x0, 0x0, 0x0, 0x8, 0xef, 0xc4, 0x0, 0x0,
    0x0, 0x0,

    /* U+007A "z" */
    0x1f, 0xff, 0xff, 0xff, 0xf8, 0xa, 0xaa, 0xaa,
    0xaf, 0xf5, 0x0, 0x0, 0x0, 0x9f, 0x90, 0x0,
    0x0, 0x6, 0xfc, 0x0, 0x0, 0x0, 0x3f, 0xe1,
    0x0, 0x0, 0x1, 0xdf, 0x40, 0x0, 0x0, 0xb,
    0xf7, 0x0, 0x0, 0x0, 0x7f, 0xa0, 0x0, 0x0,
    0x4, 0xfd, 0x0, 0x0, 0x0, 0x1e, 0xfc, 0xaa,
    0xaa, 0xa6, 0x3f, 0xff, 0xff, 0xff, 0xfb,

    /* U+007B "{" */
    0x0, 0x3c, 0xfa, 0x0, 0xef, 0xc6, 0x3, 0xfc,
    0x0, 0x4, 0xfa, 0x0, 0x4, 0xfa, 0x0, 0x4,
    0xfa, 0x0, 0x4, 0xfa, 0x0, 0x5, 0xfa, 0x0,
    0x8e, 0xf6, 0x0, 0xdf, 0xe2, 0x0, 0x7, 0xf9,
    0x0, 0x4, 0xfa, 0x0, 0x4, 0xfa, 0x0, 0x4,
    0xfa, 0x0, 0x4, 0xfa, 0x0, 0x4, 0xfa, 0x0,
    0x2, 0xfd, 0x0, 0x0, 0xef, 0xc6, 0x0, 0x3c,
    0xfa,

    /* U+007C "|" */
    0xee, 0xee, 0xee, 0xee, 0xee, 0xee, 0xee, 0xee,
    0xee, 0xee, 0xee, 0xee, 0xee, 0xee, 0xee, 0xee,
    0xee, 0xee, 0xee,

    /* U+007D "}" */
    0xaf, 0xc4, 0x0, 0x6c, 0xfe, 0x0, 0x0, 0xcf,
    0x30, 0x0, 0xaf, 0x40, 0x0, 0xaf, 0x40, 0x0,
    0xaf, 0x40, 0x0, 0xaf, 0x40, 0x0, 0x9f, 0x50,
    0x0, 0x5f, 0xe8, 0x0, 0x2e, 0xfd, 0x0, 0x8f,
    0x70, 0x0, 0x9f, 0x40, 0x0, 0xaf, 0x40, 0x0,
    0xaf, 0x40, 0x0, 0xaf, 0x40, 0x0, 0xaf, 0x40,
    0x0, 0xcf, 0x30, 0x6c, 0xfe, 0x0, 0xaf, 0xc3,
    0x0,

    /* U+007E "~" */
    0x2, 0x76, 0x0, 0x0, 0x63, 0x2f, 0xff, 0xd2,
    0x0, 0xf5, 0x9d, 0x13, 0xdf, 0x9c, 0xf1, 0xc7,
    0x0, 0x9, 0xfd, 0x40,

    /* U+00A0 " " */

    /* U+00A1 "¡" */
    0x4f, 0x99, 0xfe, 0x19, 0x40, 0x0, 0x8, 0x31,
    0xf7, 0x2f, 0x83, 0xf8, 0x3f, 0x94, 0xfa, 0x4f,
    0xa5, 0xfb, 0x6f, 0xc6, 0xfc,

    /* U+00A2 "¢" */
    0x0, 0x0, 0x4, 0xc0, 0x0, 0x0, 0x0, 0x0,
    0x5e, 0x0, 0x0, 0x0, 0x0, 0x5, 0xe0, 0x0,
    0x0, 0x0, 0x5c, 0xff, 0xeb, 0x30, 0x0, 0x9f,
    0xfd, 0xfd, 0xff, 0x40, 0x5f, 0xd2, 0x5e, 0x5,
    0xe5, 0xd, 0xf3, 0x5, 0xe0, 0x0, 0x1, 0xfe,
    0x0, 0x5e, 0x0, 0x0, 0x2f, 0xd0, 0x5, 0xe0,
    0x0, 0x0, 0xff, 0x0, 0x5e, 0x0, 0x0, 0xb,
    0xf7, 0x5, 0xe0, 0x4, 0x0, 0x2f, 0xf8, 0x7e,
    0x2a, 0xf7, 0x0, 0x4e, 0xff, 0xff, 0xfc, 0x10,
    0x0, 0x6, 0xbf, 0x95, 0x0, 0x0, 0x0, 0x5,
    0xe0, 0x0, 0x0, 0x0, 0x0, 0x5e, 0x0, 0x0,

    /* U+00A3 "£" */
    0x0, 0x0, 0x6, 0xbe, 0xff, 0xc8, 0x10, 0x0,
    0xc, 0xff, 0xfd, 0xef, 0xf6, 0x0, 0xa, 0xfc,
    0x30, 0x0, 0x16, 0x0, 0x0, 0xff, 0x10, 0x0,
    0x0, 0x0, 0x0, 0x2f, 0xd0, 0x0, 0x0, 0x0,
    0x0, 0x14, 0xfc, 0x11, 0x11, 0x10, 0x0, 0x6f,
    0xff, 0xff, 0xff, 0xff, 0x10, 0x1, 0x46, 0xfd,
    0x44, 0x44, 0x40, 0x0, 0x0, 0x3f, 0xc0, 0x0,
    0x0, 0x0, 0x0, 0x3, 0xfc, 0x0, 0x0, 0x0,
    0x0, 0x0, 0x3f, 0xc0, 0x0, 0x0, 0x0, 0x0,
    0x3, 0xfc, 0x0, 0x0, 0x0, 0x0, 0x5c, 0xdf,
    0xfc, 0xcc, 0xcc, 0xcc, 0x36, 0xff, 0xff, 0xff,
    0xff, 0xff, 0xf5,

    /* U+00A4 "¤" */
    0x0, 0x0, 0x0, 0x0, 0x0, 0x0, 0x0, 0xc,
    0x50, 0x0, 0x0, 0x0, 0x5, 0xc0, 0x1e, 0xf4,
    0x4c, 0xff, 0xc5, 0x5f, 0xe1, 0x2, 0xef, 0xfe,
    0xbb, 0xef, 0xfe, 0x20, 0x0, 0x8f, 0x90, 0x0,
    0x9, 0xf8, 0x0, 0x0, 0xfb, 0x0, 0x0, 0x0,
    0xbf, 0x0, 0x5, 0xf5, 0x0, 0x0, 0x0, 0x4f,
    0x50, 0x6, 0xf3, 0x0, 0x0, 0x0, 0x2f, 0x60,
    0x5, 0xf5, 0x0, 0x0, 0x0, 0x4f, 0x50, 0x1,
    0xfb, 0x0, 0x0, 0x0, 0xbf, 0x10, 0x0, 0x8f,
    0x90, 0x0, 0x9, 0xf8, 0x0, 0x1, 0xdf, 0xfe,
    0xbb, 0xef, 0xfd, 0x10, 0x1d, 0xf5, 0x5c, 0xff,
    0xc5, 0x6f, 0xd1, 0xd, 0x60, 0x0, 0x0, 0x0,
    0x6, 0xd0, 0x0, 0x0, 0x0, 0x0, 0x0, 0x0,
    0x0,

    /* U+00A5 "¥" */
    0xb, 0xf6, 0x0, 0x0, 0x0, 0x0, 0x2f, 0xd0,
    0x1, 0xef, 0x20, 0x0, 0x0, 0x0, 0xdf, 0x30,
    0x0, 0x5f, 0xc0, 0x0, 0x0, 0x8, 0xf7, 0x0,
    0x0, 0xa, 0xf7, 0x0, 0x0, 0x4f, 0xc0, 0x0,
    0x0, 0x1, 0xef, 0x20, 0x1, 0xef, 0x20, 0x0,
    0x0, 0x0, 0x4f, 0xd0, 0xa, 0xf6, 0x0, 0x0,
    0x0, 0x0, 0x9, 0xf8, 0x5f, 0xb0, 0x0, 0x0,
    0x0, 0x0, 0x0, 0xdf, 0xfe, 0x10, 0x0, 0x0,
    0x0, 0x2f, 0xff, 0xff, 0xff, 0xff, 0xf4, 0x0,
    0x0, 0x2, 0x22, 0x2e, 0xf3, 0x22, 0x20, 0x0,
    0x0, 0x2f, 0xff, 0xff, 0xff, 0xff, 0xf4, 0x0,
    0x0, 0x2, 0x22, 0x2e, 0xf3, 0x22, 0x20, 0x0,
    0x0, 0x0, 0x0, 0xe, 0xf1, 0x0, 0x0, 0x0,
    0x0, 0x0, 0x0, 0xe, 0xf1, 0x0, 0x0, 0x0,

    /* U+00A6 "¦" */
    0xee, 0xee, 0xee, 0xee, 0xee, 0xee, 0xee, 0x22,
    0x0, 0x0, 0x0, 0x22, 0xee, 0xee, 0xee, 0xee,
    0xee, 0xee, 0xee,

    /* U+00A7 "§" */
    0x0, 0x29, 0xdf, 0xeb, 0x60, 0x3, 0xff, 0xb9,
    0xbe, 0xf3, 0xb, 0xf2, 0x0, 0x0, 0x40, 0xd,
    0xe0, 0x0, 0x0, 0x0, 0x9, 0xfa, 0x20, 0x0,
    0x0, 0x1, 0xff, 0xfe, 0x93, 0x0, 0xb, 0xf7,
    0x7b, 0xff, 0x80, 0x2f, 0x80, 0x0, 0x1c, 0xf2,
    0x3f, 0x70, 0x0, 0x6, 0xf4, 0xe, 0xf7, 0x10,
    0xb, 0xf1, 0x3, 0xcf, 0xfd, 0xdf, 0x70, 0x0,
    0x2, 0x7b, 0xff, 0x30, 0x0, 0x0, 0x0, 0x3f,
    0xc0, 0x0, 0x0, 0x0, 0xe, 0xd0, 0x2e, 0x72,
    0x1, 0x8f, 0x90, 0x3d, 0xff, 0xff, 0xfc, 0x10,
    0x0, 0x37, 0x87, 0x40, 0x0,

    /* U+00A8 "¨" */
    0x0, 0x0, 0x0, 0xbe, 0x11, 0xeb, 0xad, 0x0,
    0xda,

    /* U+00A9 "©" */
    0x0, 0x0, 0x7, 0xce, 0xec, 0x71, 0x0, 0x0,
    0x0, 0x3, 0xd8, 0x20, 0x2, 0x8e, 0x50, 0x0,
    0x0, 0x3d, 0x20, 0x0, 0x0, 0x2, 0xd4, 0x0,
    0x0, 0xd2, 0x0, 0x0, 0x0, 0x0, 0x2e, 0x10,
    0x6, 0x90, 0x3, 0xbf, 0xfe, 0x60, 0x8, 0x80,
    0xc, 0x30, 0x2f, 0xd6, 0x5a, 0xf3, 0x2, 0xd0,
    0xf, 0x0, 0xae, 0x10, 0x0, 0x20, 0x0, 0xf0,
    0xe, 0x0, 0xe9, 0x0, 0x0, 0x0, 0x0, 0xe0,
    0xf, 0x0, 0xf9, 0x0, 0x0, 0x0, 0x0, 0xe0,
    0xc, 0x30, 0xcd, 0x0, 0x0, 0x0, 0x2, 0xc0,
    0x7, 0x90, 0x4f, 0xb3, 0x27, 0xe2, 0x8, 0x70,
    0x0, 0xe2, 0x5, 0xef, 0xff, 0x90, 0x2e, 0x0,
    0x0, 0x4d, 0x20, 0x3, 0x41, 0x2, 0xd4, 0x0,
    0x0, 0x4, 0xe8, 0x20, 0x2, 0x8e, 0x40, 0x0,
    0x0, 0x0, 0x17, 0xce, 0xec, 0x70, 0x0, 0x0,

    /* U+00AA "ª" */
    0x7, 0xcf, 0xe9, 0x0, 0x95, 0x24, 0xf7, 0x0,
    0x0, 0xa, 0xb0, 0x6d, 0xee, 0xfc, 0x2f, 0x40,
    0x9, 0xc2, 0xf5, 0x3, 0xec, 0x7, 0xef, 0xca,
    0xc0,

    /* U+00AB "«" */
    0x0, 0x7, 0xd3, 0x9, 0xd1, 0x0, 0x3f, 0x90,
    0x5f, 0x60, 0x0, 0xdd, 0x2, 0xfb, 0x0, 0xa,
    0xf2, 0xc, 0xe1, 0x0, 0xc, 0xe1, 0xd, 0xd0,
    0x0, 0x1, 0xeb, 0x3, 0xf9, 0x0, 0x0, 0x4f,
    0x70, 0x7f, 0x50, 0x0, 0x9, 0xf3, 0xb, 0xe1,

    /* U+00AC "¬" */
    0x6a, 0xaa, 0xaa, 0xaa, 0xa2, 0xaf, 0xff, 0xff,
    0xff, 0xf4, 0x0, 0x0, 0x0, 0x6, 0xf4, 0x0,
    0x0, 0x0, 0x6, 0xf4, 0x0, 0x0, 0x0, 0x6,
    0xf4, 0x0, 0x0, 0x0, 0x3, 0x82,

    /* U+00AE "®" */
    0x0, 0x0, 0x7, 0xce, 0xec, 0x71, 0x0, 0x0,
    0x0, 0x3, 0xd8, 0x20, 0x2, 0x8e, 0x50, 0x0,
    0x0, 0x3d, 0x20, 0x0, 0x0, 0x2, 0xd4, 0x0,
    0x0, 0xd2, 0x0, 0x0, 0x0, 0x0, 0x2e, 0x10,
    0x6, 0x90, 0xc, 0xff, 0xfd, 0x60, 0x8, 0x80,
    0xc, 0x30, 0xd, 0x92, 0x37, 0xf5, 0x2, 0xd0,
    0xf, 0x0, 0xd, 0x80, 0x0, 0xc9, 0x0, 0xf0,
    0xe, 0x0, 0xd, 0x80, 0x3, 0xf6, 0x0, 0xe0,
    0xf, 0x0, 0xd, 0xff, 0xff, 0x90, 0x0, 0xe0,
    0xc, 0x30, 0xd, 0x92, 0x3f, 0x40, 0x2, 0xc0,
    0x7, 0x90, 0xd, 0x80, 0x7, 0xe0, 0x8, 0x70,
    0x0, 0xe2, 0xa, 0x70, 0x0, 0xb6, 0x2e, 0x0,
    0x0, 0x4d, 0x20, 0x0, 0x0, 0x2, 0xd4, 0x0,
    0x0, 0x4, 0xe8, 0x20, 0x2, 0x8e, 0x40, 0x0,
    0x0, 0x0, 0x17, 0xce, 0xec, 0x70, 0x0, 0x0,

    /* U+00AF "¯" */
    0x0, 0x0, 0x0, 0x0, 0x4f, 0xff, 0xff, 0xf4,
    0x3, 0x33, 0x33, 0x30,

    /* U+00B0 "°" */
    0x0, 0x6d, 0xea, 0x10, 0x7, 0xe5, 0x3b, 0xc0,
    0xe, 0x40, 0x0, 0xe4, 0x1f, 0x0, 0x0, 0xb7,
    0xf, 0x30, 0x0, 0xd5, 0x8, 0xc2, 0x8, 0xe0,
    0x0, 0x9f, 0xfc, 0x20, 0x0, 0x0, 0x10, 0x0,

    /* U+00B1 "±" */
    0x0, 0x0, 0xc8, 0x0, 0x0, 0x0, 0x0, 0xfa,
    0x0, 0x0, 0x0, 0x0, 0xfa, 0x0, 0x0, 0x0,
    0x0, 0xfa, 0x0, 0x0, 0xaf, 0xff, 0xff, 0xff,
    0xf4, 0x6a, 0xaa, 0xfd, 0xaa, 0xa2, 0x0, 0x0,
    0xfa, 0x0, 0x0, 0x0, 0x0, 0xfa, 0x0, 0x0,
    0x0, 0x0, 0xfa, 0x0, 0x0, 0x0, 0x0, 0x0,
    0x0, 0x0, 0x0, 0x0, 0x0, 0x0, 0x0, 0x6a,
    0xaa, 0xaa, 0xaa, 0xa2, 0xaf, 0xff, 0xff, 0xff,
    0xf4,

    /* U+00B2 "²" */
    0x6, 0xcf, 0xeb, 0x30, 0x2e, 0x84, 0x5c, 0xf0,
    0x0, 0x0, 0x4, 0xf2, 0x0, 0x0, 0xb, 0xb0,
    0x0, 0x1, 0xcb, 0x0, 0x0, 0x3e, 0x90, 0x0,
    0x6, 0xf9, 0x33, 0x31, 0x1f, 0xff, 0xff, 0xf9,

    /* U+00B3 "³" */
    0x3f, 0xff, 0xff, 0xf3, 0x3, 0x33, 0x4e, 0xa0,
    0x0, 0x1, 0xda, 0x0, 0x0, 0xc, 0xf9, 0x30,
    0x0, 0x3, 0x58, 0xf4, 0x0, 0x0, 0x0, 0xd9,
    0x3c, 0x75, 0x48, 0xf5, 0x8, 0xdf, 0xfc, 0x50,

    /* U+00B4 "´" */
    0x0, 0x7, 0x72, 0x1, 0xcf, 0x50, 0x1d, 0xd2,
    0x0,

    /* U+00B5 "µ" */
    0x3f, 0xb0, 0x0, 0x0, 0x2f, 0xc3, 0xfb, 0x0,
    0x0, 0x2, 0xfc, 0x3f, 0xb0, 0x0, 0x0, 0x2f,
    0xc3, 0xfb, 0x0, 0x0, 0x2, 0xfc, 0x3f, 0xb0,
    0x0, 0x0, 0x2f, 0xc3, 0xfb, 0x0, 0x0, 0x2,
    0xfc, 0x3f, 0xc0, 0x0, 0x0, 0x3f, 0xc3, 0xfe,
    0x0, 0x0, 0x8, 0xfc, 0x3f, 0xf8, 0x0, 0x4,
    0xff, 0xc3, 0xff, 0xfd, 0xac, 0xfc, 0xfc, 0x3f,
    0xb7, 0xdf, 0xe9, 0x1f, 0xc3, 0xfb, 0x0, 0x0,
    0x0, 0x0, 0x3f, 0xb0, 0x0, 0x0, 0x0, 0x3,
    0xfb, 0x0, 0x0, 0x0, 0x0, 0x3f, 0xb0, 0x0,
    0x0, 0x0, 0x0,

    /* U+00B6 "¶" */
    0x0, 0x7d, 0xff, 0xff, 0xff, 0xd0, 0xdf, 0xff,
    0xf9, 0x88, 0xed, 0x6f, 0xff, 0xff, 0x20, 0xb,
    0xd9, 0xff, 0xff, 0xf2, 0x0, 0xbd, 0x8f, 0xff,
    0xff, 0x20, 0xb, 0xd2, 0xff, 0xff, 0xf2, 0x0,
    0xbd, 0x5, 0xff, 0xff, 0x20, 0xb, 0xd0, 0x0,
    0x5a, 0xf2, 0x0, 0xbd, 0x0, 0x0, 0x7f, 0x20,
    0xb, 0xd0, 0x0, 0x7, 0xf2, 0x0, 0xbd, 0x0,
    0x0, 0x7f, 0x20, 0xb, 0xd0, 0x0, 0x7, 0xf2,
    0x0, 0xbd, 0x0, 0x0, 0x7f, 0x20, 0xb, 0xd0,
    0x0, 0x7, 0xf2, 0x0, 0xbd, 0x0, 0x0, 0x7f,
    0x20, 0xb, 0xd0, 0x0, 0x7, 0xf2, 0x0, 0xbd,
    0x0, 0x0, 0x7f, 0x20, 0xb, 0xd0, 0x0, 0x3,
    0x81, 0x0, 0x67,

    /* U+00B7 "·" */
    0x3c, 0x6a, 0xff, 0x5f, 0x90,

    /* U+00B8 "¸" */
    0x0, 0xb6, 0x0, 0xe, 0xc3, 0x0, 0x9, 0xd0,
    0x30, 0x8e, 0x1f, 0xfe, 0x50, 0x1, 0x0,

    /* U+00B9 "¹" */
    0x3f, 0xff, 0x50, 0x0, 0x34, 0xf5, 0x0, 0x0,
    0x1f, 0x50, 0x0, 0x1, 0xf5, 0x0, 0x0, 0x1f,
    0x50, 0x0, 0x1, 0xf5, 0x0, 0x13, 0x4f, 0x73,
    0x16, 0xff, 0xff, 0xf6,

    /* U+00BA "º" */
    0x0, 0x9e, 0xfb, 0x30, 0xb, 0xd5, 0x4a, 0xf2,
    0x2f, 0x30, 0x0, 0xd8, 0x5f, 0x0, 0x0, 0xab,
    0x3f, 0x20, 0x0, 0xc9, 0xd, 0xc2, 0x18, 0xf3,
    0x2, 0xcf, 0xfe, 0x50, 0x0, 0x1, 0x20, 0x0,

    /* U+00BB "»" */
    0x1c, 0xa0, 0x2d, 0x80, 0x0, 0x5, 0xf6, 0x8,
    0xf4, 0x0, 0x0, 0xaf, 0x30, 0xce, 0x10, 0x0,
    0xd, 0xd0, 0x2f, 0xb0, 0x0, 0xc, 0xe1, 0x1e,
    0xd0, 0x0, 0x8f, 0x40, 0xaf, 0x20, 0x3, 0xf8,
    0x6, 0xf6, 0x0, 0x1e, 0xc0, 0x2f, 0xa0, 0x0,

    /* U+00BC "¼" */
    0x3f, 0xff, 0x50, 0x0, 0x0, 0x0, 0x1e, 0x80,
    0x0, 0x0, 0x3, 0x3f, 0x50, 0x0, 0x0, 0x0,
    0xad, 0x0, 0x0, 0x0, 0x0, 0x1f, 0x50, 0x0,
    0x0, 0x5, 0xf3, 0x0, 0x0, 0x0, 0x0, 0x1f,
    0x50, 0x0, 0x0, 0x1e, 0x80, 0x0, 0x0, 0x0,
    0x0, 0x1f, 0x50, 0x0, 0x0, 0xad, 0x0, 0x0,
    0x0, 0x0, 0x0, 0x1f, 0x50, 0x0, 0x5, 0xf3,
    0x0, 0x3, 0x60, 0x0, 0x0, 0x1f, 0x50, 0x0,
    0x1e, 0x70, 0x0, 0x2f, 0x70, 0x0, 0x6f, 0xff,
    0xff, 0x60, 0xbc, 0x0, 0x0, 0xcb, 0x0, 0x0,
    0x13, 0x33, 0x33, 0x15, 0xf2, 0x0, 0x8, 0xe1,
    0x0, 0x0, 0x0, 0x0, 0x0, 0x1e, 0x70, 0x0,
    0x4f, 0x40, 0x96, 0x0, 0x0, 0x0, 0x0, 0xbc,
    0x0, 0x1, 0xe9, 0x0, 0xb8, 0x0, 0x0, 0x0,
    0x6, 0xf2, 0x0, 0x7, 0xff, 0xff, 0xff, 0xf2,
    0x0, 0x0, 0x1f, 0x70, 0x0, 0x1, 0x33, 0x33,
    0xe9, 0x30, 0x0, 0x0, 0xbc, 0x0, 0x0, 0x0,
    0x0, 0x0, 0xd8, 0x0, 0x0, 0x0, 0x31, 0x0,
    0x0, 0x0, 0x0, 0x0, 0x21, 0x0,

    /* U+00BD "½" */
    0x3f, 0xff, 0x50, 0x0, 0x0, 0x0, 0x1e, 0x80,
    0x0, 0x0, 0x33, 0xf5, 0x0, 0x0, 0x0, 0xa,
    0xd0, 0x0, 0x0, 0x0, 0x1f, 0x50, 0x0, 0x0,
    0x5, 0xf3, 0x0, 0x0, 0x0, 0x1, 0xf5, 0x0,
    0x0, 0x1, 0xe8, 0x0, 0x0, 0x0, 0x0, 0x1f,
    0x50, 0x0, 0x0, 0xad, 0x0, 0x0, 0x0, 0x0,
    0x1, 0xf5, 0x0, 0x0, 0x5f, 0x30, 0x0, 0x0,
    0x0, 0x0, 0x1f, 0x50, 0x0, 0x1e, 0x70, 0x8d,
    0xff, 0xc4, 0x6, 0xff, 0xff, 0xf6, 0xb, 0xc0,
    0x6, 0x30, 0x18, 0xf1, 0x13, 0x33, 0x33, 0x15,
    0xf2, 0x0, 0x0, 0x0, 0x3f, 0x40, 0x0, 0x0,
    0x1, 0xe7, 0x0, 0x0, 0x0, 0xb, 0xd0, 0x0,
    0x0, 0x0, 0xbc, 0x0, 0x0, 0x0, 0x1c, 0xe2,
    0x0, 0x0, 0x0, 0x6f, 0x20, 0x0, 0x0, 0x2d,
    0xc1, 0x0, 0x0, 0x0, 0x1f, 0x70, 0x0, 0x0,
    0x3e, 0xa0, 0x0, 0x0, 0x0, 0xb, 0xc0, 0x0,
    0x0, 0xf, 0xff, 0xff, 0xfb, 0x0, 0x0, 0x31,
    0x0, 0x0, 0x0, 0x33, 0x33, 0x33, 0x20,

    /* U+00BE "¾" */
    0x3f, 0xff, 0xff, 0xf3, 0x0, 0x0, 0x1, 0xe8,
    0x0, 0x0, 0x0, 0x33, 0x34, 0xea, 0x0, 0x0,
    0x0, 0xad, 0x0, 0x0, 0x0, 0x0, 0x1, 0xca,
    0x0, 0x0, 0x0, 0x5f, 0x30, 0x0, 0x0, 0x0,
    0x0, 0xbf, 0x82, 0x0, 0x0, 0x1e, 0x80, 0x0,
    0x0, 0x0, 0x0, 0x5, 0x6a, 0xf3, 0x0, 0xa,
    0xd0, 0x0, 0x0, 0x0, 0x0, 0x0, 0x0, 0xd,
    0x80, 0x5, 0xf3, 0x0, 0x4, 0x60, 0x0, 0x19,
    0x31, 0x5, 0xf6, 0x1, 0xe7, 0x0, 0x2, 0xf6,
    0x0, 0x2, 0xbf, 0xff, 0xf8, 0x0, 0xbc, 0x0,
    0x0, 0xdb, 0x0, 0x0, 0x0, 0x2, 0x20, 0x0,
    0x5f, 0x20, 0x0, 0x8e, 0x10, 0x0, 0x0, 0x0,
    0x0, 0x0, 0x1e, 0x70, 0x0, 0x4f, 0x40, 0xa7,
    0x0, 0x0, 0x0, 0x0, 0xb, 0xc0, 0x0, 0x1e,
    0x90, 0xb, 0x80, 0x0, 0x0, 0x0, 0x6, 0xf2,
    0x0, 0x7, 0xff, 0xff, 0xff, 0xf2, 0x0, 0x0,
    0x1, 0xf7, 0x0, 0x0, 0x13, 0x33, 0x3e, 0x93,
    0x0, 0x0, 0x0, 0xbc, 0x0, 0x0, 0x0, 0x0,
    0x0, 0xd8, 0x0, 0x0, 0x0, 0x3, 0x10, 0x0,
    0x0, 0x0, 0x0, 0x2, 0x10, 0x0,

    /* U+00BF "¿" */
    0x0, 0x2, 0xec, 0x0, 0x0, 0x0, 0x0, 0x5f,
    0xf2, 0x0, 0x0, 0x0, 0x0, 0x86, 0x0, 0x0,
    0x0, 0x0, 0x0, 0x0, 0x0, 0x0, 0x0, 0x0,
    0x65, 0x0, 0x0, 0x0, 0x0, 0x4f, 0xc0, 0x0,
    0x0, 0x0, 0x2e, 0xf4, 0x0, 0x0, 0x0, 0x2e,
    0xf6, 0x0, 0x0, 0x0, 0x1d, 0xf5, 0x0, 0x0,
    0x0, 0x7, 0xf9, 0x0, 0x0, 0x0, 0x0, 0x9f,
    0x70, 0x0, 0x0, 0x10, 0x7, 0xfd, 0x20, 0x0,
    0x4e, 0xc1, 0xd, 0xff, 0xdc, 0xef, 0xf7, 0x0,
    0x7, 0xce, 0xfd, 0x93, 0x0,

    /* U+00C0 "À" */
    0x0, 0x0, 0xa, 0xf9, 0x0, 0x0, 0x0, 0x0,
    0x0, 0x0, 0x0, 0x5f, 0xb0, 0x0, 0x0, 0x0,
    0x0, 0x0, 0x0, 0x2, 0x74, 0x0, 0x0, 0x0,
    0x0, 0x0, 0x0, 0x0, 0x0, 0x0, 0x0, 0x0,
    0x0, 0x0, 0x0, 0xe, 0xf8, 0x0, 0x0, 0x0,
    0x0, 0x0, 0x0, 0x5f, 0xfe, 0x0, 0x0, 0x0,
    0x0, 0x0, 0x0, 0xdf, 0xaf, 0x60, 0x0, 0x0,
    0x0, 0x0, 0x4, 0xfa, 0x1f, 0xd0, 0x0, 0x0,
    0x0, 0x0, 0xb, 0xf3, 0xa, 0xf5, 0x0, 0x0,
    0x0, 0x0, 0x2f, 0xc0, 0x3, 0xfc, 0x0, 0x0,
    0x0, 0x0, 0xaf, 0x50, 0x0, 0xcf, 0x30, 0x0,
    0x0, 0x1, 0xfe, 0x0, 0x0, 0x5f, 0xb0, 0x0,
    0x0, 0x8, 0xf7, 0x0, 0x0, 0xe, 0xf2, 0x0,
    0x0, 0xe, 0xff, 0xff, 0xff, 0xff, 0xf9, 0x0,
    0x0, 0x6f, 0xda, 0xaa, 0xaa, 0xaa, 0xff, 0x10,
    0x0, 0xdf, 0x30, 0x0, 0x0, 0x0, 0x9f, 0x80,
    0x5, 0xfb, 0x0, 0x0, 0x0, 0x0, 0x2f, 0xe0,
    0xc, 0xf4, 0x0, 0x0, 0x0, 0x0, 0xa, 0xf6,

    /* U+00C1 "Á" */
    0x0, 0x0, 0x0, 0x0, 0x2d, 0xf5, 0x0, 0x0,
    0x0, 0x0, 0x0, 0x3, 0xed, 0x20, 0x0, 0x0,
    0x0, 0x0, 0x0, 0x7, 0x70, 0x0, 0x0, 0x0,
    0x0, 0x0, 0x0, 0x0, 0x0, 0x0, 0x0, 0x0,
    0x0, 0x0, 0x0, 0xe, 0xf8, 0x0, 0x0, 0x0,
    0x0, 0x0, 0x0, 0x5f, 0xfe, 0x0, 0x0, 0x0,
    0x0, 0x0, 0x0, 0xdf, 0xaf, 0x60, 0x0, 0x0,
    0x0, 0x0, 0x4, 0xfa, 0x1f, 0xd0, 0x0, 0x0,
    0x0, 0x0, 0xb, 0xf3, 0xa, 0xf5, 0x0, 0x0,
    0x0, 0x0, 0x2f, 0xc0, 0x3, 0xfc, 0x0, 0x0,
    0x0, 0x0, 0xaf, 0x50, 0x0, 0xcf, 0x30, 0x0,
    0x0, 0x1, 0xfe, 0x0, 0x0, 0x5f, 0xb0, 0x0,
    0x0, 0x8, 0xf7, 0x0, 0x0, 0xe, 0xf2, 0x0,
    0x0, 0xe, 0xff, 0xff, 0xff, 0xff, 0xf9, 0x0,
    0x0, 0x6f, 0xda, 0xaa, 0xaa, 0xaa, 0xff, 0x10,
    0x0, 0xdf, 0x30, 0x0, 0x0, 0x0, 0x9f, 0x80,
    0x5, 0xfb, 0x0, 0x0, 0x0, 0x0, 0x2f, 0xe0,
    0xc, 0xf4, 0x0, 0x0, 0x0, 0x0, 0xa, 0xf6,

    /* U+00C2 "Â" */
    0x0, 0x0, 0x0, 0x3e, 0xfb, 0x0, 0x0, 0x0,
    0x0, 0x0, 0x4, 0xfa, 0x3e, 0xc1, 0x0, 0x0,
    0x0, 0x0, 0x7, 0x60, 0x1, 0x75, 0x0, 0x0,
    0x0, 0x0, 0x0, 0x0, 0x0, 0x0, 0x0, 0x0,
    0x0, 0x0, 0x0, 0xe, 0xf8, 0x0, 0x0, 0x0,
    0x0, 0x0, 0x0, 0x5f, 0xfe, 0x0, 0x0, 0x0,
    0x0, 0x0, 0x0, 0xdf, 0xaf, 0x60, 0x0, 0x0,
    0x0, 0x0, 0x4, 0xfa, 0x1f, 0xd0, 0x0, 0x0,
    0x0, 0x0, 0xb, 0xf3, 0xa, 0xf5, 0x0, 0x0,
    0x0, 0x0, 0x2f, 0xc0, 0x3, 0xfc, 0x0, 0x0,
    0x0, 0x0, 0xaf, 0x50, 0x0, 0xcf, 0x30, 0x0,
    0x0, 0x1, 0xfe, 0x0, 0x0, 0x5f, 0xb0, 0x0,
    0x0, 0x8, 0xf7, 0x0, 0x0, 0xe, 0xf2, 0x0,
    0x0, 0xe, 0xff, 0xff, 0xff, 0xff, 0xf9, 0x0,
    0x0, 0x6f, 0xda, 0xaa, 0xaa, 0xaa, 0xff, 0x10,
    0x0, 0xdf, 0x30, 0x0, 0x0, 0x0, 0x9f, 0x80,
    0x5, 0xfb, 0x0, 0x0, 0x0, 0x0, 0x2f, 0xe0,
    0xc, 0xf4, 0x0, 0x0, 0x0, 0x0, 0xa, 0xf6,

    /* U+00C3 "Ã" */
    0x0, 0x0, 0x0, 0x0, 0x0, 0x0, 0x0, 0x0,
    0x0, 0x0, 0x8, 0xfe, 0x82, 0x8d, 0x0, 0x0,
    0x0, 0x0, 0x2f, 0x22, 0xcf, 0xf5, 0x0, 0x0,
    0x0, 0x0, 0x13, 0x0, 0x2, 0x10, 0x0, 0x0,
    0x0, 0x0, 0x0, 0x0, 0x0, 0x0, 0x0, 0x0,
    0x0, 0x0, 0x0, 0xe, 0xf8, 0x0, 0x0, 0x0,
    0x0, 0x0, 0x0, 0x5f, 0xfe, 0x0, 0x0, 0x0,
    0x0, 0x0, 0x0, 0xdf, 0xaf, 0x60, 0x0, 0x0,
    0x0, 0x0, 0x4, 0xfa, 0x1f, 0xd0, 0x0, 0x0,
    0x0, 0x0, 0xb, 0xf3, 0xa, 0xf5, 0x0, 0x0,
    0x0, 0x0, 0x2f, 0xc0, 0x3, 0xfc, 0x0, 0x0,
    0x0, 0x0, 0xaf, 0x50, 0x0, 0xcf, 0x30, 0x0,
    0x0, 0x1, 0xfe, 0x0, 0x0, 0x5f, 0xb0, 0x0,
    0x0, 0x8, 0xf7, 0x0, 0x0, 0xe, 0xf2, 0x0,
    0x0, 0xe, 0xff, 0xff, 0xff, 0xff, 0xf9, 0x0,
    0x0, 0x6f, 0xda, 0xaa, 0xaa, 0xaa, 0xff, 0x10,
    0x0, 0xdf, 0x30, 0x0, 0x0, 0x0, 0x9f, 0x80,
    0x5, 0xfb, 0x0, 0x0, 0x0, 0x0, 0x2f, 0xe0,
    0xc, 0xf4, 0x0, 0x0, 0x0, 0x0, 0xa, 0xf6,

    /* U+00C4 "Ä" */
    0x0, 0x0, 0x5, 0xf4, 0x9, 0xe1, 0x0, 0x0,
    0x0, 0x0, 0x6, 0xf5, 0xb, 0xf1, 0x0, 0x0,
    0x0, 0x0, 0x0, 0x10, 0x0, 0x0, 0x0, 0x0,
    0x0, 0x0, 0x0, 0x0, 0x0, 0x0, 0x0, 0x0,
    0x0, 0x0, 0x0, 0xe, 0xf8, 0x0, 0x0, 0x0,
    0x0, 0x0, 0x0, 0x5f, 0xfe, 0x0, 0x0, 0x0,
    0x0, 0x0, 0x0, 0xdf, 0xaf, 0x60, 0x0, 0x0,
    0x0, 0x0, 0x4, 0xfa, 0x1f, 0xd0, 0x0, 0x0,
    0x0, 0x0, 0xb, 0xf3, 0xa, 0xf5, 0x0, 0x0,
    0x0, 0x0, 0x2f, 0xc0, 0x3, 0xfc, 0x0, 0x0,
    0x0, 0x0, 0xaf, 0x50, 0x0, 0xcf, 0x30, 0x0,
    0x0, 0x1, 0xfe, 0x0, 0x0, 0x5f, 0xb0, 0x0,
    0x0, 0x8, 0xf7, 0x0, 0x0, 0xe, 0xf2, 0x0,
    0x0, 0xe, 0xff, 0xff, 0xff, 0xff, 0xf9, 0x0,
    0x0, 0x6f, 0xda, 0xaa, 0xaa, 0xaa, 0xff, 0x10,
    0x0, 0xdf, 0x30, 0x0, 0x0, 0x0, 0x9f, 0x80,
    0x5, 0xfb, 0x0, 0x0, 0x0, 0x0, 0x2f, 0xe0,
    0xc, 0xf4, 0x0, 0x0, 0x0, 0x0, 0xa, 0xf6,

    /* U+00C5 "Å" */
    0x0, 0x0, 0x0, 0x1b, 0xd7, 0x0, 0x0, 0x0,
    0x0, 0x0, 0x0, 0xa5, 0xb, 0x40, 0x0, 0x0,
    0x0, 0x0, 0x0, 0xd0, 0x6, 0x70, 0x0, 0x0,
    0x0, 0x0, 0x0, 0xa5, 0xb, 0x40, 0x0, 0x0,
    0x0, 0x0, 0x0, 0x1b, 0xd7, 0x0, 0x0, 0x0,
    0x0, 0x0, 0x0, 0x0, 0x0, 0x0, 0x0, 0x0,
    0x0, 0x0, 0x0, 0xe, 0xf8, 0x0, 0x0, 0x0,
    0x0, 0x0, 0x0, 0x5f, 0xfe, 0x0, 0x0, 0x0,
    0x0, 0x0, 0x0, 0xdf, 0xaf, 0x60, 0x0, 0x0,
    0x0, 0x0, 0x4, 0xfa, 0x1f, 0xd0, 0x0, 0x0,
    0x0, 0x0, 0xb, 0xf3, 0xa, 0xf5, 0x0, 0x0,
    0x0, 0x0, 0x2f, 0xc0, 0x3, 0xfc, 0x0, 0x0,
    0x0, 0x0, 0xaf, 0x50, 0x0, 0xcf, 0x30, 0x0,
    0x0, 0x1, 0xfe, 0x0, 0x0, 0x5f, 0xb0, 0x0,
    0x0, 0x8, 0xf7, 0x0, 0x0, 0xe, 0xf2, 0x0,
    0x0, 0xe, 0xff, 0xff, 0xff, 0xff, 0xf9, 0x0,
    0x0, 0x6f, 0xda, 0xaa, 0xaa, 0xaa, 0xff, 0x10,
    0x0, 0xdf, 0x30, 0x0, 0x0, 0x0, 0x9f, 0x80,
    0x5, 0xfb, 0x0, 0x0, 0x0, 0x0, 0x2f, 0xe0,
    0xc, 0xf4, 0x0, 0x0, 0x0, 0x0, 0xa, 0xf6,

    /* U+00C6 "Æ" */
    0x0, 0x0, 0x0, 0x0, 0x1e, 0xff, 0xff, 0xff,
    0xff, 0xff, 0x80, 0x0, 0x0, 0x0, 0x9, 0xfe,
    0xfe, 0xcc, 0xcc, 0xcc, 0xc6, 0x0, 0x0, 0x0,
    0x2, 0xfd, 0x5f, 0xa0, 0x0, 0x0, 0x0, 0x0,
    0x0, 0x0, 0x0, 0xcf, 0x45, 0xfa, 0x0, 0x0,
    0x0, 0x0, 0x0, 0x0, 0x0, 0x5f, 0xa0, 0x5f,
    0xa0, 0x0, 0x0, 0x0, 0x0, 0x0, 0x0, 0xe,
    0xf2, 0x5, 0xfa, 0x0, 0x0, 0x0, 0x0, 0x0,
    0x0, 0x8, 0xf8, 0x0, 0x5f, 0xff, 0xff, 0xff,
    0xfa, 0x0, 0x0, 0x2, 0xfe, 0x0, 0x5, 0xfe,
    0xcc, 0xcc, 0xcc, 0x70, 0x0, 0x0, 0xbf, 0x50,
    0x0, 0x5f, 0xa0, 0x0, 0x0, 0x0, 0x0, 0x0,
    0x5f, 0xff, 0xff, 0xff, 0xfa, 0x0, 0x0, 0x0,
    0x0, 0x0, 0xe, 0xfa, 0xaa, 0xaa, 0xcf, 0xa0,
    0x0, 0x0, 0x0, 0x0, 0x8, 0xf9, 0x0, 0x0,
    0x5, 0xfa, 0x0, 0x0, 0x0, 0x0, 0x2, 0xfe,
    0x0, 0x0, 0x0, 0x5f, 0xec, 0xcc, 0xcc, 0xcc,
    0xa0, 0xbf, 0x50, 0x0, 0x0, 0x5, 0xff, 0xff,
    0xff, 0xff, 0xfd,

    /* U+00C7 "Ç" */
    0x0, 0x0, 0x17, 0xce, 0xfe, 0xb5, 0x0, 0x0,
    0x5, 0xff, 0xff, 0xdf, 0xff, 0xc1, 0x0, 0x5f,
    0xf9, 0x20, 0x0, 0x3b, 0xf5, 0x1, 0xff, 0x60,
    0x0, 0x0, 0x0, 0x30, 0x9, 0xfa, 0x0, 0x0,
    0x0, 0x0, 0x0, 0xd, 0xf3, 0x0, 0x0, 0x0,
    0x0, 0x0, 0xf, 0xf0, 0x0, 0x0, 0x0, 0x0,
    0x0, 0xf, 0xf0, 0x0, 0x0, 0x0, 0x0, 0x0,
    0xd, 0xf3, 0x0, 0x0, 0x0, 0x0, 0x0, 0x9,
    0xfa, 0x0, 0x0, 0x0, 0x0, 0x0, 0x1, 0xff,
    0x60, 0x0, 0x0, 0x0, 0x30, 0x0, 0x5f, 0xfa,
    0x20, 0x0, 0x3b, 0xf5, 0x0, 0x5, 0xff, 0xff,
    0xdf, 0xff, 0xc1, 0x0, 0x0, 0x17, 0xcf, 0xfe,
    0xb5, 0x0, 0x0, 0x0, 0x0, 0x8, 0xa0, 0x0,
    0x0, 0x0, 0x0, 0x0, 0x6, 0xcc, 0x0, 0x0,
    0x0, 0x0, 0x0, 0x10, 0x4f, 0x20, 0x0, 0x0,
    0x0, 0x0, 0xdf, 0xf9, 0x0, 0x0, 0x0, 0x0,
    0x0, 0x1, 0x0, 0x0, 0x0,

    /* U+00C8 "È" */
    0x2, 0xcf, 0x50, 0x0, 0x0, 0x0, 0x0, 0x9f,
    0x70, 0x0, 0x0, 0x0, 0x0, 0x48, 0x20, 0x0,
    0x0, 0x0, 0x0, 0x0, 0x0, 0x0, 0xef, 0xff,
    0xff, 0xff, 0xff, 0xe, 0xfd, 0xcc, 0xcc, 0xcc,
    0xc0, 0xef, 0x10, 0x0, 0x0, 0x0, 0xe, 0xf1,
    0x0, 0x0, 0x0, 0x0, 0xef, 0x10, 0x0, 0x0,
    0x0, 0xe, 0xf1, 0x0, 0x0, 0x0, 0x0, 0xef,
    0xff, 0xff, 0xff, 0xf2, 0xe, 0xfc, 0xcc, 0xcc,
    0xcc, 0x10, 0xef, 0x10, 0x0, 0x0, 0x0, 0xe,
    0xf1, 0x0, 0x0, 0x0, 0x0, 0xef, 0x10, 0x0,
    0x0, 0x0, 0xe, 0xf1, 0x0, 0x0, 0x0, 0x0,
    0xef, 0xcc, 0xcc, 0xcc, 0xcc, 0x3e, 0xff, 0xff,
    0xff, 0xff, 0xf4,

    /* U+00C9 "É" */
    0x0, 0x0, 0x4, 0xfd, 0x20, 0x0, 0x0, 0x6,
    0xfa, 0x0, 0x0, 0x0, 0x1, 0x75, 0x0, 0x0,
    0x0, 0x0, 0x0, 0x0, 0x0, 0x0, 0xef, 0xff,
    0xff, 0xff, 0xff, 0xe, 0xfd, 0xcc, 0xcc, 0xcc,
    0xc0, 0xef, 0x10, 0x0, 0x0, 0x0, 0xe, 0xf1,
    0x0, 0x0, 0x0, 0x0, 0xef, 0x10, 0x0, 0x0,
    0x0, 0xe, 0xf1, 0x0, 0x0, 0x0, 0x0, 0xef,
    0xff, 0xff, 0xff, 0xf2, 0xe, 0xfc, 0xcc, 0xcc,
    0xcc, 0x10, 0xef, 0x10, 0x0, 0x0, 0x0, 0xe,
    0xf1, 0x0, 0x0, 0x0, 0x0, 0xef, 0x10, 0x0,
    0x0, 0x0, 0xe, 0xf1, 0x0, 0x0, 0x0, 0x0,
    0xef, 0xcc, 0xcc, 0xcc, 0xcc, 0x3e, 0xff, 0xff,
    0xff, 0xff, 0xf4,

    /* U+00CA "Ê" */
    0x0, 0x6, 0xff, 0x70, 0x0, 0x0, 0x7, 0xf7,
    0x6f, 0x80, 0x0, 0x2, 0x84, 0x0, 0x38, 0x20,
    0x0, 0x0, 0x0, 0x0, 0x0, 0x0, 0xef, 0xff,
    0xff, 0xff, 0xff, 0xe, 0xfd, 0xcc, 0xcc, 0xcc,
    0xc0, 0xef, 0x10, 0x0, 0x0, 0x0, 0xe, 0xf1,
    0x0, 0x0, 0x0, 0x0, 0xef, 0x10, 0x0, 0x0,
    0x0, 0xe, 0xf1, 0x0, 0x0, 0x0, 0x0, 0xef,
    0xff, 0xff, 0xff, 0xf2, 0xe, 0xfc, 0xcc, 0xcc,
    0xcc, 0x10, 0xef, 0x10, 0x0, 0x0, 0x0, 0xe,
    0xf1, 0x0, 0x0, 0x0, 0x0, 0xef, 0x10, 0x0,
    0x0, 0x0, 0xe, 0xf1, 0x0, 0x0, 0x0, 0x0,
    0xef, 0xcc, 0xcc, 0xcc, 0xcc, 0x3e, 0xff, 0xff,
    0xff, 0xff, 0xf4,

    /* U+00CB "Ë" */
    0x0, 0x9e, 0x10, 0xda, 0x0, 0x0, 0xb, 0xf1,
    0xe, 0xc0, 0x0, 0x0, 0x0, 0x0, 0x0, 0x0,
    0x0, 0x0, 0x0, 0x0, 0x0, 0x0, 0xef, 0xff,
    0xff, 0xff, 0xff, 0xe, 0xfd, 0xcc, 0xcc, 0xcc,
    0xc0, 0xef, 0x10, 0x0, 0x0, 0x0, 0xe, 0xf1,
    0x0, 0x0, 0x0, 0x0, 0xef, 0x10, 0x0, 0x0,
    0x0, 0xe, 0xf1, 0x0, 0x0, 0x0, 0x0, 0xef,
    0xff, 0xff, 0xff, 0xf2, 0xe, 0xfc, 0xcc, 0xcc,
    0xcc, 0x10, 0xef, 0x10, 0x0, 0x0, 0x0, 0xe,
    0xf1, 0x0, 0x0, 0x0, 0x0, 0xef, 0x10, 0x0,
    0x0, 0x0, 0xe, 0xf1, 0x0, 0x0, 0x0, 0x0,
    0xef, 0xcc, 0xcc, 0xcc, 0xcc, 0x3e, 0xff, 0xff,
    0xff, 0xff, 0xf4,

    /* U+00CC "Ì" */
    0x1c, 0xf6, 0x0, 0x0, 0x8f, 0x80, 0x0, 0x4,
    0x82, 0x0, 0x0, 0x0, 0x0, 0xe, 0xf1, 0x0,
    0xe, 0xf1, 0x0, 0xe, 0xf1, 0x0, 0xe, 0xf1,
    0x0, 0xe, 0xf1, 0x0, 0xe, 0xf1, 0x0, 0xe,
    0xf1, 0x0, 0xe, 0xf1, 0x0, 0xe, 0xf1, 0x0,
    0xe, 0xf1, 0x0, 0xe, 0xf1, 0x0, 0xe, 0xf1,
    0x0, 0xe, 0xf1, 0x0, 0xe, 0xf1,

    /* U+00CD "Í" */
    0x0, 0x4f, 0xd3, 0x5, 0xfa, 0x10, 0x17, 0x50,
    0x0, 0x0, 0x0, 0x0, 0xe, 0xf1, 0x0, 0xe,
    0xf1, 0x0, 0xe, 0xf1, 0x0, 0xe, 0xf1, 0x0,
    0xe, 0xf1, 0x0, 0xe, 0xf1, 0x0, 0xe, 0xf1,
    0x0, 0xe, 0xf1, 0x0, 0xe, 0xf1, 0x0, 0xe,
    0xf1, 0x0, 0xe, 0xf1, 0x0, 0xe, 0xf1, 0x0,
    0xe, 0xf1, 0x0, 0xe, 0xf1, 0x0,

    /* U+00CE "Î" */
    0x0, 0x5f, 0xf8, 0x0, 0x6, 0xf8, 0x5f, 0x90,
    0x17, 0x40, 0x2, 0x83, 0x0, 0x0, 0x0, 0x0,
    0x0, 0xe, 0xf1, 0x0, 0x0, 0xe, 0xf1, 0x0,
    0x0, 0xe, 0xf1, 0x0, 0x0, 0xe, 0xf1, 0x0,
    0x0, 0xe, 0xf1, 0x0, 0x0, 0xe, 0xf1, 0x0,
    0x0, 0xe, 0xf1, 0x0, 0x0, 0xe, 0xf1, 0x0,
    0x0, 0xe, 0xf1, 0x0, 0x0, 0xe, 0xf1, 0x0,
    0x0, 0xe, 0xf1, 0x0, 0x0, 0xe, 0xf1, 0x0,
    0x0, 0xe, 0xf1, 0x0, 0x0, 0xe, 0xf1, 0x0,

    /* U+00CF "Ï" */
    0x8e, 0x10, 0xcb, 0xaf, 0x20, 0xed, 0x0, 0x0,
    0x0, 0x0, 0x0, 0x0, 0x0, 0xef, 0x10, 0x0,
    0xef, 0x10, 0x0, 0xef, 0x10, 0x0, 0xef, 0x10,
    0x0, 0xef, 0x10, 0x0, 0xef, 0x10, 0x0, 0xef,
    0x10, 0x0, 0xef, 0x10, 0x0, 0xef, 0x10, 0x0,
    0xef, 0x10, 0x0, 0xef, 0x10, 0x0, 0xef, 0x10,
    0x0, 0xef, 0x10, 0x0, 0xef, 0x10,

    /* U+00D0 "Ð" */
    0x0, 0xbf, 0xff, 0xff, 0xfd, 0xa5, 0x0, 0x0,
    0x0, 0xbf, 0xdc, 0xcc, 0xdf, 0xff, 0xc2, 0x0,
    0x0, 0xbf, 0x40, 0x0, 0x0, 0x4c, 0xfe, 0x20,
    0x0, 0xbf, 0x40, 0x0, 0x0, 0x0, 0x9f, 0xc0,
    0x0, 0xbf, 0x40, 0x0, 0x0, 0x0, 0xe, 0xf3,
    0x0, 0xbf, 0x40, 0x0, 0x0, 0x0, 0x8, 0xf8,
    0xcf, 0xff, 0xff, 0xff, 0x30, 0x0, 0x5, 0xfa,
    0x7a, 0xff, 0xea, 0xaa, 0x20, 0x0, 0x5, 0xfa,
    0x0, 0xbf, 0x40, 0x0, 0x0, 0x0, 0x8, 0xf8,
    0x0, 0xbf, 0x40, 0x0, 0x0, 0x0, 0xe, 0xf3,
    0x0, 0xbf, 0x40, 0x0, 0x0, 0x0, 0x9f, 0xc0,
    0x0, 0xbf, 0x40, 0x0, 0x0, 0x3b, 0xfe, 0x20,
    0x0, 0xbf, 0xdc, 0xcc, 0xde, 0xff, 0xd2, 0x0,
    0x0, 0xbf, 0xff, 0xff, 0xfd, 0xb5, 0x0, 0x0,

    /* U+00D1 "Ñ" */
    0x0, 0x0, 0x0, 0x0, 0x0, 0x0, 0x0, 0x0,
    0xbf, 0xd6, 0x1b, 0x90, 0x0, 0x0, 0x6e, 0x4,
    0xef, 0xf2, 0x0, 0x0, 0x2, 0x20, 0x0, 0x31,
    0x0, 0x0, 0x0, 0x0, 0x0, 0x0, 0x0, 0x0,
    0xe, 0xf2, 0x0, 0x0, 0x0, 0xd, 0xf2, 0xef,
    0xd1, 0x0, 0x0, 0x0, 0xdf, 0x2e, 0xff, 0xb0,
    0x0, 0x0, 0xd, 0xf2, 0xef, 0xef, 0x80, 0x0,
    0x0, 0xdf, 0x2e, 0xf4, 0xff, 0x50, 0x0, 0xd,
    0xf2, 0xef, 0x15, 0xff, 0x30, 0x0, 0xdf, 0x2e,
    0xf1, 0x8, 0xfe, 0x10, 0xd, 0xf2, 0xef, 0x10,
    0xb, 0xfc, 0x0, 0xdf, 0x2e, 0xf1, 0x0, 0x1d,
    0xf9, 0xd, 0xf2, 0xef, 0x10, 0x0, 0x2f, 0xf6,
    0xdf, 0x2e, 0xf1, 0x0, 0x0, 0x5f, 0xff, 0xf2,
    0xef, 0x10, 0x0, 0x0, 0x8f, 0xff, 0x2e, 0xf1,
    0x0, 0x0, 0x0, 0xbf, 0xf2, 0xef, 0x10, 0x0,
    0x0, 0x0, 0xdf, 0x20,

    /* U+00D2 "Ò" */
    0x0, 0x0, 0x7, 0x83, 0x0, 0x0, 0x0, 0x0,
    0x0, 0x0, 0x3, 0xee, 0x20, 0x0, 0x0, 0x0,
    0x0, 0x0, 0x0, 0x2d, 0xe1, 0x0, 0x0, 0x0,
    0x0, 0x0, 0x0, 0x1, 0x75, 0x0, 0x0, 0x0,
    0x0, 0x0, 0x0, 0x0, 0x0, 0x0, 0x0, 0x0,
    0x0, 0x0, 0x17, 0xce, 0xfe, 0xb6, 0x0, 0x0,
    0x0, 0x5, 0xef, 0xfe, 0xdf, 0xff, 0xd3, 0x0,
    0x0, 0x5f, 0xf9, 0x20, 0x0, 0x3b, 0xff, 0x30,
    0x1, 0xff, 0x50, 0x0, 0x0, 0x0, 0x9f, 0xd0,
    0x9, 0xf9, 0x0, 0x0, 0x0, 0x0, 0xd, 0xf5,
    0xd, 0xf3, 0x0, 0x0, 0x0, 0x0, 0x6, 0xfa,
    0xf, 0xf0, 0x0, 0x0, 0x0, 0x0, 0x3, 0xfc,
    0xf, 0xf0, 0x0, 0x0, 0x0, 0x0, 0x3, 0xfc,
    0xd, 0xf3, 0x0, 0x0, 0x0, 0x0, 0x6, 0xfa,
    0x9, 0xf9, 0x0, 0x0, 0x0, 0x0, 0xd, 0xf5,
    0x1, 0xff, 0x60, 0x0, 0x0, 0x0, 0x9f, 0xd0,
    0x0, 0x5f, 0xf9, 0x20, 0x0, 0x3b, 0xff, 0x30,
    0x0, 0x5, 0xef, 0xff, 0xdf, 0xff, 0xd3, 0x0,
    0x0, 0x0, 0x17, 0xce, 0xfe, 0xb6, 0x0, 0x0,

    /* U+00D3 "Ó" */
    0x0, 0x0, 0x0, 0x0, 0x4, 0x86, 0x0, 0x0,
    0x0, 0x0, 0x0, 0x0, 0x4f, 0xd1, 0x0, 0x0,
    0x0, 0x0, 0x0, 0x3, 0xfc, 0x10, 0x0, 0x0,
    0x0, 0x0, 0x0, 0x6, 0x70, 0x0, 0x0, 0x0,
    0x0, 0x0, 0x0, 0x0, 0x0, 0x0, 0x0, 0x0,
    0x0, 0x0, 0x17, 0xce, 0xfe, 0xb6, 0x0, 0x0,
    0x0, 0x5, 0xef, 0xfe, 0xdf, 0xff, 0xd3, 0x0,
    0x0, 0x5f, 0xf9, 0x20, 0x0, 0x3b, 0xff, 0x30,
    0x1, 0xff, 0x50, 0x0, 0x0, 0x0, 0x9f, 0xd0,
    0x9, 0xf9, 0x0, 0x0, 0x0, 0x0, 0xd, 0xf5,
    0xd, 0xf3, 0x0, 0x0, 0x0, 0x0, 0x6, 0xfa,
    0xf, 0xf0, 0x0, 0x0, 0x0, 0x0, 0x3, 0xfc,
    0xf, 0xf0, 0x0, 0x0, 0x0, 0x0, 0x3, 0xfc,
    0xd, 0xf3, 0x0, 0x0, 0x0, 0x0, 0x6, 0xfa,
    0x9, 0xf9, 0x0, 0x0, 0x0, 0x0, 0xd, 0xf5,
    0x1, 0xff, 0x60, 0x0, 0x0, 0x0, 0x9f, 0xd0,
    0x0, 0x5f, 0xf9, 0x20, 0x0, 0x3b, 0xff, 0x30,
    0x0, 0x5, 0xef, 0xff, 0xdf, 0xff, 0xd3, 0x0,
    0x0, 0x0, 0x17, 0xce, 0xfe, 0xb6, 0x0, 0x0,

    /* U+00D4 "Ô" */
    0x0, 0x0, 0x0, 0x5, 0x84, 0x0, 0x0, 0x0,
    0x0, 0x0, 0x0, 0x6f, 0xef, 0x40, 0x0, 0x0,
    0x0, 0x0, 0x4, 0xf9, 0xb, 0xf2, 0x0, 0x0,
    0x0, 0x0, 0x7, 0x60, 0x0, 0x76, 0x0, 0x0,
    0x0, 0x0, 0x0, 0x0, 0x0, 0x0, 0x0, 0x0,
    0x0, 0x0, 0x17, 0xce, 0xfe, 0xb6, 0x0, 0x0,
    0x0, 0x5, 0xef, 0xfe, 0xdf, 0xff, 0xd3, 0x0,
    0x0, 0x5f, 0xf9, 0x20, 0x0, 0x3b, 0xff, 0x30,
    0x1, 0xff, 0x50, 0x0, 0x0, 0x0, 0x9f, 0xd0,
    0x9, 0xf9, 0x0, 0x0, 0x0, 0x0, 0xd, 0xf5,
    0xd, 0xf3, 0x0, 0x0, 0x0, 0x0, 0x6, 0xfa,
    0xf, 0xf0, 0x0, 0x0, 0x0, 0x0, 0x3, 0xfc,
    0xf, 0xf0, 0x0, 0x0, 0x0, 0x0, 0x3, 0xfc,
    0xd, 0xf3, 0x0, 0x0, 0x0, 0x0, 0x6, 0xfa,
    0x9, 0xf9, 0x0, 0x0, 0x0, 0x0, 0xd, 0xf5,
    0x1, 0xff, 0x60, 0x0, 0x0, 0x0, 0x9f, 0xd0,
    0x0, 0x5f, 0xf9, 0x20, 0x0, 0x3b, 0xff, 0x30,
    0x0, 0x5, 0xef, 0xff, 0xdf, 0xff, 0xd3, 0x0,
    0x0, 0x0, 0x17, 0xce, 0xfe, 0xb6, 0x0, 0x0,

    /* U+00D5 "Õ" */
    0x0, 0x0, 0x0, 0x0, 0x0, 0x1, 0x0, 0x0,
    0x0, 0x0, 0x7, 0xff, 0x92, 0x7e, 0x0, 0x0,
    0x0, 0x0, 0x1f, 0x32, 0xbf, 0xf7, 0x0, 0x0,
    0x0, 0x0, 0x3, 0x0, 0x2, 0x20, 0x0, 0x0,
    0x0, 0x0, 0x0, 0x0, 0x0, 0x0, 0x0, 0x0,
    0x0, 0x0, 0x17, 0xce, 0xfe, 0xb6, 0x0, 0x0,
    0x0, 0x5, 0xef, 0xfe, 0xdf, 0xff, 0xd3, 0x0,
    0x0, 0x5f, 0xf9, 0x20, 0x0, 0x3b, 0xff, 0x30,
    0x1, 0xff, 0x50, 0x0, 0x0, 0x0, 0x9f, 0xd0,
    0x9, 0xf9, 0x0, 0x0, 0x0, 0x0, 0xd, 0xf5,
    0xd, 0xf3, 0x0, 0x0, 0x0, 0x0, 0x6, 0xfa,
    0xf, 0xf0, 0x0, 0x0, 0x0, 0x0, 0x3, 0xfc,
    0xf, 0xf0, 0x0, 0x0, 0x0, 0x0, 0x3, 0xfc,
    0xd, 0xf3, 0x0, 0x0, 0x0, 0x0, 0x6, 0xfa,
    0x9, 0xf9, 0x0, 0x0, 0x0, 0x0, 0xd, 0xf5,
    0x1, 0xff, 0x60, 0x0, 0x0, 0x0, 0x9f, 0xd0,
    0x0, 0x5f, 0xf9, 0x20, 0x0, 0x3b, 0xff, 0x30,
    0x0, 0x5, 0xef, 0xff, 0xdf, 0xff, 0xd3, 0x0,
    0x0, 0x0, 0x17, 0xce, 0xfe, 0xb6, 0x0, 0x0,

    /* U+00D6 "Ö" */
    0x0, 0x0, 0x0, 0x10, 0x0, 0x10, 0x0, 0x0,
    0x0, 0x0, 0x4, 0xf6, 0x9, 0xf2, 0x0, 0x0,
    0x0, 0x0, 0x3, 0xf5, 0x8, 0xe2, 0x0, 0x0,
    0x0, 0x0, 0x0, 0x0, 0x0, 0x0, 0x0, 0x0,
    0x0, 0x0, 0x0, 0x0, 0x0, 0x0, 0x0, 0x0,
    0x0, 0x0, 0x17, 0xce, 0xfe, 0xb6, 0x0, 0x0,
    0x0, 0x5, 0xef, 0xfe, 0xdf, 0xff, 0xd3, 0x0,
    0x0, 0x5f, 0xf9, 0x20, 0x0, 0x3b, 0xff, 0x30,
    0x1, 0xff, 0x50, 0x0, 0x0, 0x0, 0x9f, 0xd0,
    0x9, 0xf9, 0x0, 0x0, 0x0, 0x0, 0xd, 0xf5,
    0xd, 0xf3, 0x0, 0x0, 0x0, 0x0, 0x6, 0xfa,
    0xf, 0xf0, 0x0, 0x0, 0x0, 0x0, 0x3, 0xfc,
    0xf, 0xf0, 0x0, 0x0, 0x0, 0x0, 0x3, 0xfc,
    0xd, 0xf3, 0x0, 0x0, 0x0, 0x0, 0x6, 0xfa,
    0x9, 0xf9, 0x0, 0x0, 0x0, 0x0, 0xd, 0xf5,
    0x1, 0xff, 0x60, 0x0, 0x0, 0x0, 0x9f, 0xd0,
    0x0, 0x5f, 0xf9, 0x20, 0x0, 0x3b, 0xff, 0x30,
    0x0, 0x5, 0xef, 0xff, 0xdf, 0xff, 0xd3, 0x0,
    0x0, 0x0, 0x17, 0xce, 0xfe, 0xb6, 0x0, 0x0,

    /* U+00D7 "×" */
    0x0, 0x0, 0x0, 0x0, 0x4b, 0x0, 0x2, 0xc1,
    0x7f, 0xa0, 0x2e, 0xf3, 0x8, 0xfa, 0xef, 0x30,
    0x0, 0x9f, 0xf4, 0x0, 0x1, 0xdf, 0xf9, 0x0,
    0x1d, 0xf5, 0xaf, 0x90, 0xaf, 0x50, 0xa, 0xf4,
    0x15, 0x0, 0x0, 0x60,

    /* U+00D8 "Ø" */
    0x0, 0x0, 0x0, 0x0, 0x0, 0x1, 0xfa, 0x0,
    0x0, 0x0, 0x0, 0x0, 0x0, 0x9, 0xf2, 0x0,
    0x0, 0x0, 0x17, 0xce, 0xfe, 0xdf, 0x90, 0x0,
    0x0, 0x5, 0xef, 0xfe, 0xdf, 0xff, 0xf3, 0x0,
    0x0, 0x5f, 0xf9, 0x20, 0x3, 0xff, 0xff, 0x30,
    0x1, 0xff, 0x50, 0x0, 0xb, 0xe1, 0x9f, 0xd0,
    0x9, 0xf9, 0x0, 0x0, 0x3f, 0x70, 0xd, 0xf5,
    0xd, 0xf3, 0x0, 0x0, 0xce, 0x0, 0x6, 0xfa,
    0xf, 0xf0, 0x0, 0x4, 0xf6, 0x0, 0x3, 0xfc,
    0xf, 0xf0, 0x0, 0xd, 0xd0, 0x0, 0x3, 0xfc,
    0xd, 0xf3, 0x0, 0x5f, 0x50, 0x0, 0x6, 0xfa,
    0x9, 0xf9, 0x0, 0xdd, 0x0, 0x0, 0xd, 0xf5,
    0x1, 0xff, 0x66, 0xf4, 0x0, 0x0, 0x9f, 0xd0,
    0x0, 0x5f, 0xff, 0xf0, 0x0, 0x3b, 0xff, 0x30,
    0x0, 0x5, 0xff, 0xff, 0xdf, 0xff, 0xd3, 0x0,
    0x0, 0x1, 0xff, 0xce, 0xfe, 0xb6, 0x0, 0x0,
    0x0, 0x8, 0xf3, 0x0, 0x0, 0x0, 0x0, 0x0,
    0x0, 0x7, 0x60, 0x0, 0x0, 0x0, 0x0, 0x0,

    /* U+00D9 "Ù" */
    0x0, 0x3, 0x87, 0x0, 0x0, 0x0, 0x0, 0x0,
    0x9, 0xf9, 0x0, 0x0, 0x0, 0x0, 0x0, 0x7,
    0xf8, 0x0, 0x0, 0x0, 0x0, 0x0, 0x5, 0x71,
    0x0, 0x0, 0x0, 0x0, 0x0, 0x0, 0x0, 0x0,
    0x0, 0xff, 0x0, 0x0, 0x0, 0x2, 0xfd, 0xf,
    0xf0, 0x0, 0x0, 0x0, 0x2f, 0xd0, 0xff, 0x0,
    0x0, 0x0, 0x2, 0xfd, 0xf, 0xf0, 0x0, 0x0,
    0x0, 0x2f, 0xd0, 0xff, 0x0, 0x0, 0x0, 0x2,
    0xfd, 0xf, 0xf0, 0x0, 0x0, 0x0, 0x2f, 0xd0,
    0xff, 0x0, 0x0, 0x0, 0x2, 0xfd, 0xf, 0xf0,
    0x0, 0x0, 0x0, 0x2f, 0xc0, 0xff, 0x0, 0x0,
    0x0, 0x2, 0xfc, 0xd, 0xf3, 0x0, 0x0, 0x0,
    0x5f, 0xa0, 0x9f, 0x90, 0x0, 0x0, 0xc, 0xf6,
    0x2, 0xff, 0x81, 0x0, 0x1a, 0xfe, 0x0, 0x5,
    0xff, 0xfe, 0xef, 0xfe, 0x30, 0x0, 0x2, 0x9d,
    0xff, 0xd8, 0x10, 0x0,

    /* U+00DA "Ú" */
    0x0, 0x0, 0x0, 0x0, 0x78, 0x20, 0x0, 0x0,
    0x0, 0x0, 0xbf, 0x70, 0x0, 0x0, 0x0, 0x0,
    0xaf, 0x50, 0x0, 0x0, 0x0, 0x0, 0x28, 0x30,
    0x0, 0x0, 0x0, 0x0, 0x0, 0x0, 0x0, 0x0,
    0x0, 0xff, 0x0, 0x0, 0x0, 0x2, 0xfd, 0xf,
    0xf0, 0x0, 0x0, 0x0, 0x2f, 0xd0, 0xff, 0x0,
    0x0, 0x0, 0x2, 0xfd, 0xf, 0xf0, 0x0, 0x0,
    0x0, 0x2f, 0xd0, 0xff, 0x0, 0x0, 0x0, 0x2,
    0xfd, 0xf, 0xf0, 0x0, 0x0, 0x0, 0x2f, 0xd0,
    0xff, 0x0, 0x0, 0x0, 0x2, 0xfd, 0xf, 0xf0,
    0x0, 0x0, 0x0, 0x2f, 0xc0, 0xff, 0x0, 0x0,
    0x0, 0x2, 0xfc, 0xd, 0xf3, 0x0, 0x0, 0x0,
    0x5f, 0xa0, 0x9f, 0x90, 0x0, 0x0, 0xc, 0xf6,
    0x2, 0xff, 0x81, 0x0, 0x1a, 0xfe, 0x0, 0x5,
    0xff, 0xfe, 0xef, 0xfe, 0x30, 0x0, 0x2, 0x9d,
    0xff, 0xd8, 0x10, 0x0,

    /* U+00DB "Û" */
    0x0, 0x0, 0x1, 0x87, 0x0, 0x0, 0x0, 0x0,
    0x0, 0xdf, 0xfb, 0x0, 0x0, 0x0, 0x0, 0xbe,
    0x34, 0xf9, 0x0, 0x0, 0x0, 0x38, 0x20, 0x3,
    0x82, 0x0, 0x0, 0x0, 0x0, 0x0, 0x0, 0x0,
    0x0, 0xff, 0x0, 0x0, 0x0, 0x2, 0xfd, 0xf,
    0xf0, 0x0, 0x0, 0x0, 0x2f, 0xd0, 0xff, 0x0,
    0x0, 0x0, 0x2, 0xfd, 0xf, 0xf0, 0x0, 0x0,
    0x0, 0x2f, 0xd0, 0xff, 0x0, 0x0, 0x0, 0x2,
    0xfd, 0xf, 0xf0, 0x0, 0x0, 0x0, 0x2f, 0xd0,
    0xff, 0x0, 0x0, 0x0, 0x2, 0xfd, 0xf, 0xf0,
    0x0, 0x0, 0x0, 0x2f, 0xc0, 0xff, 0x0, 0x0,
    0x0, 0x2, 0xfc, 0xd, 0xf3, 0x0, 0x0, 0x0,
    0x5f, 0xa0, 0x9f, 0x90, 0x0, 0x0, 0xc, 0xf6,
    0x2, 0xff, 0x81, 0x0, 0x1a, 0xfe, 0x0, 0x5,
    0xff, 0xfe, 0xef, 0xfe, 0x30, 0x0, 0x2, 0x9d,
    0xff, 0xd8, 0x10, 0x0,

    /* U+00DC "Ü" */
    0x0, 0x0, 0x0, 0x0, 0x0, 0x0, 0x0, 0x0,
    0xc, 0xe0, 0x1f, 0xa0, 0x0, 0x0, 0x0, 0xbd,
    0x1, 0xe8, 0x0, 0x0, 0x0, 0x0, 0x0, 0x0,
    0x0, 0x0, 0x0, 0x0, 0x0, 0x0, 0x0, 0x0,
    0x0, 0xff, 0x0, 0x0, 0x0, 0x2, 0xfd, 0xf,
    0xf0, 0x0, 0x0, 0x0, 0x2f, 0xd0, 0xff, 0x0,
    0x0, 0x0, 0x2, 0xfd, 0xf, 0xf0, 0x0, 0x0,
    0x0, 0x2f, 0xd0, 0xff, 0x0, 0x0, 0x0, 0x2,
    0xfd, 0xf, 0xf0, 0x0, 0x0, 0x0, 0x2f, 0xd0,
    0xff, 0x0, 0x0, 0x0, 0x2, 0xfd, 0xf, 0xf0,
    0x0, 0x0, 0x0, 0x2f, 0xc0, 0xff, 0x0, 0x0,
    0x0, 0x2, 0xfc, 0xd, 0xf3, 0x0, 0x0, 0x0,
    0x5f, 0xa0, 0x9f, 0x90, 0x0, 0x0, 0xc, 0xf6,
    0x2, 0xff, 0x81, 0x0, 0x1a, 0xfe, 0x0, 0x5,
    0xff, 0xfe, 0xef, 0xfe, 0x30, 0x0, 0x2, 0x9d,
    0xff, 0xd8, 0x10, 0x0,

    /* U+00DD "Ý" */
    0x0, 0x0, 0x0, 0x1, 0xcf, 0x70, 0x0, 0x0,
    0x0, 0x0, 0x1, 0xde, 0x30, 0x0, 0x0, 0x0,
    0x0, 0x0, 0x57, 0x10, 0x0, 0x0, 0x0, 0x0,
    0x0, 0x0, 0x0, 0x0, 0x0, 0x0, 0xc, 0xf5,
    0x0, 0x0, 0x0, 0x4, 0xfb, 0x0, 0x2f, 0xe1,
    0x0, 0x0, 0x0, 0xdf, 0x20, 0x0, 0x8f, 0x90,
    0x0, 0x0, 0x7f, 0x70, 0x0, 0x0, 0xef, 0x30,
    0x0, 0x2f, 0xd0, 0x0, 0x0, 0x5, 0xfc, 0x0,
    0xb, 0xf4, 0x0, 0x0, 0x0, 0xb, 0xf6, 0x5,
    0xfa, 0x0, 0x0, 0x0, 0x0, 0x2f, 0xe2, 0xef,
    0x10, 0x0, 0x0, 0x0, 0x0, 0x8f, 0xef, 0x70,
    0x0, 0x0, 0x0, 0x0, 0x0, 0xdf, 0xd0, 0x0,
    0x0, 0x0, 0x0, 0x0, 0x8, 0xf7, 0x0, 0x0,
    0x0, 0x0, 0x0, 0x0, 0x8f, 0x70, 0x0, 0x0,
    0x0, 0x0, 0x0, 0x8, 0xf7, 0x0, 0x0, 0x0,
    0x0, 0x0, 0x0, 0x8f, 0x70, 0x0, 0x0, 0x0,
    0x0, 0x0, 0x8, 0xf7, 0x0, 0x0, 0x0,

    /* U+00DE "Þ" */
    0xef, 0x10, 0x0, 0x0, 0x0, 0x0, 0xef, 0xdc,
    0xcc, 0xb8, 0x30, 0x0, 0xef, 0xff, 0xff, 0xff,
    0xf9, 0x0, 0xef, 0x10, 0x0, 0x26, 0xef, 0x80,
    0xef, 0x10, 0x0, 0x0, 0x3f, 0xf1, 0xef, 0x10,
    0x0, 0x0, 0xc, 0xf4, 0xef, 0x10, 0x0, 0x0,
    0xa, 0xf6, 0xef, 0x10, 0x0, 0x0, 0xc, 0xf4,
    0xef, 0x10, 0x0, 0x0, 0x3f, 0xf1, 0xef, 0x10,
    0x0, 0x26, 0xef, 0x80, 0xef, 0xff, 0xff, 0xff,
    0xf9, 0x0, 0xef, 0xcc, 0xcc, 0xb8, 0x30, 0x0,
    0xef, 0x10, 0x0, 0x0, 0x0, 0x0, 0xef, 0x10,
    0x0, 0x0, 0x0, 0x0,

    /* U+00DF "ß" */
    0x0, 0x7, 0xdf, 0xfc, 0x50, 0x0, 0x0, 0xdf,
    0xfc, 0xdf, 0xf9, 0x0, 0x9, 0xfa, 0x10, 0x2,
    0xef, 0x30, 0xf, 0xf1, 0x0, 0x0, 0x7f, 0x70,
    0x2f, 0xc0, 0x0, 0x0, 0x8f, 0x50, 0x2f, 0xb0,
    0x0, 0x3, 0xfe, 0x0, 0x3f, 0xb0, 0x6, 0xdf,
    0xf3, 0x0, 0x3f, 0xb0, 0x9, 0xff, 0xfd, 0x30,
    0x3f, 0xb0, 0x0, 0x2, 0x8f, 0xe1, 0x3f, 0xb0,
    0x0, 0x0, 0x9, 0xf7, 0x3f, 0xb0, 0x0, 0x0,
    0x5, 0xf9, 0x3f, 0xb0, 0x0, 0x0, 0x7, 0xf8,
    0x3f, 0xb0, 0x0, 0x0, 0x3e, 0xf4, 0x3f, 0xb0,
    0x3d, 0xcd, 0xff, 0x90, 0x3f, 0xb0, 0x4e, 0xff,
    0xc5, 0x0,

    /* U+00E0 "à" */
    0x4, 0xee, 0x30, 0x0, 0x0, 0x0, 0x1c, 0xf3,
    0x0, 0x0, 0x0, 0x0, 0x78, 0x0, 0x0, 0x0,
    0x0, 0x0, 0x0, 0x0, 0x5, 0xae, 0xfe, 0xb4,
    0x0, 0x7f, 0xfd, 0xbe, 0xff, 0x50, 0x2a, 0x10,
    0x0, 0x7f, 0xe0, 0x0, 0x0, 0x0, 0xd, 0xf2,
    0x0, 0x0, 0x11, 0x1c, 0xf3, 0x8, 0xef, 0xff,
    0xff, 0xf3, 0x9f, 0xb6, 0x44, 0x4c, 0xf3, 0xff,
    0x0, 0x0, 0xb, 0xf3, 0xef, 0x20, 0x0, 0x4f,
    0xf3, 0x7f, 0xe9, 0x8b, 0xfd, 0xf3, 0x5, 0xcf,
    0xfc, 0x49, 0xf3,

    /* U+00E1 "á" */
    0x0, 0x0, 0x7, 0xfb, 0x10, 0x0, 0x0, 0x8f,
    0x80, 0x0, 0x0, 0x3, 0x94, 0x0, 0x0, 0x0,
    0x0, 0x0, 0x0, 0x0, 0x5, 0xae, 0xfe, 0xb4,
    0x0, 0x7f, 0xfd, 0xbe, 0xff, 0x50, 0x2a, 0x10,
    0x0, 0x7f, 0xe0, 0x0, 0x0, 0x0, 0xd, 0xf2,
    0x0, 0x0, 0x11, 0x1c, 0xf3, 0x8, 0xef, 0xff,
    0xff, 0xf3, 0x9f, 0xb6, 0x44, 0x4c, 0xf3, 0xff,
    0x0, 0x0, 0xb, 0xf3, 0xef, 0x20, 0x0, 0x4f,
    0xf3, 0x7f, 0xe9, 0x8b, 0xfd, 0xf3, 0x5, 0xcf,
    0xfc, 0x49, 0xf3,

    /* U+00E2 "â" */
    0x0, 0x9, 0xff, 0x40, 0x0, 0x0, 0xaf, 0x59,
    0xf5, 0x0, 0x4, 0x93, 0x0, 0x68, 0x10, 0x0,
    0x0, 0x0, 0x0, 0x0, 0x5, 0xae, 0xfe, 0xb4,
    0x0, 0x7f, 0xfd, 0xbe, 0xff, 0x50, 0x2a, 0x10,
    0x0, 0x7f, 0xe0, 0x0, 0x0, 0x0, 0xd, 0xf2,
    0x0, 0x0, 0x11, 0x1c, 0xf3, 0x8, 0xef, 0xff,
    0xff, 0xf3, 0x9f, 0xb6, 0x44, 0x4c, 0xf3, 0xff,
    0x0, 0x0, 0xb, 0xf3, 0xef, 0x20, 0x0, 0x4f,
    0xf3, 0x7f, 0xe9, 0x8b, 0xfd, 0xf3, 0x5, 0xcf,
    0xfc, 0x49, 0xf3,

    /* U+00E3 "ã" */
    0x0, 0xbf, 0xb3, 0x3f, 0x10, 0x6, 0xd5, 0x9f,
    0xf9, 0x0, 0x1, 0x10, 0x1, 0x20, 0x0, 0x0,
    0x0, 0x0, 0x0, 0x0, 0x5, 0xae, 0xfe, 0xb4,
    0x0, 0x7f, 0xfd, 0xbe, 0xff, 0x50, 0x2a, 0x10,
    0x0, 0x7f, 0xe0, 0x0, 0x0, 0x0, 0xd, 0xf2,
    0x0, 0x0, 0x11, 0x1c, 0xf3, 0x8, 0xef, 0xff,
    0xff, 0xf3, 0x9f, 0xb6, 0x44, 0x4c, 0xf3, 0xff,
    0x0, 0x0, 0xb, 0xf3, 0xef, 0x20, 0x0, 0x4f,
    0xf3, 0x7f, 0xe9, 0x8b, 0xfd, 0xf3, 0x5, 0xcf,
    0xfc, 0x49, 0xf3,

    /* U+00E4 "ä" */
    0x0, 0xcb, 0x2, 0xe7, 0x0, 0x0, 0xed, 0x3,
    0xf8, 0x0, 0x0, 0x0, 0x0, 0x0, 0x0, 0x0,
    0x0, 0x0, 0x0, 0x0, 0x5, 0xae, 0xfe, 0xb4,
    0x0, 0x7f, 0xfd, 0xbe, 0xff, 0x50, 0x2a, 0x10,
    0x0, 0x7f, 0xe0, 0x0, 0x0, 0x0, 0xd, 0xf2,
    0x0, 0x0, 0x11, 0x1c, 0xf3, 0x8, 0xef, 0xff,
    0xff, 0xf3, 0x9f, 0xb6, 0x44, 0x4c, 0xf3, 0xff,
    0x0, 0x0, 0xb, 0xf3, 0xef, 0x20, 0x0, 0x4f,
    0xf3, 0x7f, 0xe9, 0x8b, 0xfd, 0xf3, 0x5, 0xcf,
    0xfc, 0x49, 0xf3,

    /* U+00E5 "å" */
    0x0, 0x6, 0xdc, 0x20, 0x0, 0x0, 0x2c, 0x4,
    0xc0, 0x0, 0x0, 0x58, 0x0, 0xe0, 0x0, 0x0,
    0x2c, 0x3, 0xc0, 0x0, 0x0, 0x6, 0xdc, 0x20,
    0x0, 0x0, 0x0, 0x0, 0x0, 0x0, 0x5, 0xae,
    0xfe, 0xb4, 0x0, 0x7f, 0xfd, 0xbe, 0xff, 0x50,
    0x2a, 0x10, 0x0, 0x7f, 0xe0, 0x0, 0x0, 0x0,
    0xd, 0xf2, 0x0, 0x0, 0x11, 0x1c, 0xf3, 0x8,
    0xef, 0xff, 0xff, 0xf3, 0x9f, 0xb6, 0x44, 0x4c,
    0xf3, 0xff, 0x0, 0x0, 0xb, 0xf3, 0xef, 0x20,
    0x0, 0x4f, 0xf3, 0x7f, 0xe9, 0x8b, 0xfd, 0xf3,
    0x5, 0xcf, 0xfc, 0x49, 0xf3,

    /* U+00E6 "æ" */
    0x5, 0xbe, 0xfe, 0xb3, 0x0, 0x8d, 0xfe, 0xa2,
    0x0, 0x7f, 0xfd, 0xbd, 0xff, 0x6d, 0xfe, 0xbd,
    0xff, 0x50, 0x2a, 0x10, 0x0, 0x7f, 0xff, 0x80,
    0x0, 0x4f, 0xf2, 0x0, 0x0, 0x0, 0xd, 0xfb,
    0x0, 0x0, 0x6, 0xf8, 0x0, 0x0, 0x11, 0x1c,
    0xf6, 0x11, 0x11, 0x12, 0xfc, 0x8, 0xef, 0xff,
    0xff, 0xff, 0xff, 0xff, 0xff, 0xfe, 0x9f, 0xb6,
    0x44, 0x4c, 0xf8, 0x44, 0x44, 0x44, 0x44, 0xff,
    0x0, 0x0, 0xd, 0xfa, 0x0, 0x0, 0x0, 0x0,
    0xef, 0x40, 0x0, 0x7f, 0xff, 0x91, 0x0, 0x7,
    0x80, 0x7f, 0xfd, 0xce, 0xfc, 0x2d, 0xff, 0xdc,
    0xff, 0xd0, 0x5, 0xce, 0xfd, 0x70, 0x0, 0x7d,
    0xff, 0xd7, 0x0,

    /* U+00E7 "ç" */
    0x0, 0x3, 0xae, 0xfe, 0x91, 0x0, 0x7, 0xff,
    0xdc, 0xef, 0xf3, 0x4, 0xfe, 0x40, 0x0, 0x7f,
    0x60, 0xcf, 0x40, 0x0, 0x0, 0x10, 0xf, 0xe0,
    0x0, 0x0, 0x0, 0x2, 0xfc, 0x0, 0x0, 0x0,
    0x0, 0xf, 0xe0, 0x0, 0x0, 0x0, 0x0, 0xcf,
    0x40, 0x0, 0x0, 0x10, 0x4, 0xfe, 0x40, 0x0,
    0x7f, 0x60, 0x7, 0xff, 0xdc, 0xef, 0xe2, 0x0,
    0x3, 0xaf, 0xfd, 0x91, 0x0, 0x0, 0x0, 0xa8,
    0x0, 0x0, 0x0, 0x0, 0x7, 0xdb, 0x0, 0x0,
    0x0, 0x1, 0x5, 0xf1, 0x0, 0x0, 0x0, 0xef,
    0xf8, 0x0, 0x0, 0x0, 0x0, 0x10, 0x0, 0x0,

    /* U+00E8 "è" */
    0x0, 0x1c, 0xf7, 0x0, 0x0, 0x0, 0x0, 0x0,
    0x8f, 0x80, 0x0, 0x0, 0x0, 0x0, 0x4, 0x93,
    0x0, 0x0, 0x0, 0x0, 0x0, 0x0, 0x0, 0x0,
    0x0, 0x4, 0xbe, 0xfc, 0x60, 0x0, 0x0, 0x8f,
    0xfc, 0xbe, 0xfb, 0x0, 0x5, 0xfd, 0x20, 0x0,
    0xaf, 0x80, 0xc, 0xf3, 0x0, 0x0, 0xd, 0xf0,
    0xf, 0xe1, 0x11, 0x11, 0x19, 0xf4, 0x2f, 0xff,
    0xff, 0xff, 0xff, 0xf5, 0xf, 0xe4, 0x44, 0x44,
    0x44, 0x41, 0xc, 0xf3, 0x0, 0x0, 0x0, 0x0,
    0x4, 0xfe, 0x40, 0x0, 0x2b, 0x20, 0x0, 0x7f,
    0xfe, 0xcd, 0xff, 0x60, 0x0, 0x3, 0xae, 0xfe,
    0xa3, 0x0,

    /* U+00E9 "é" */
    0x0, 0x0, 0x0, 0x3f, 0xe3, 0x0, 0x0, 0x0,
    0x4, 0xfb, 0x10, 0x0, 0x0, 0x0, 0x8, 0x70,
    0x0, 0x0, 0x0, 0x0, 0x0, 0x0, 0x0, 0x0,
    0x0, 0x4, 0xbe, 0xfc, 0x60, 0x0, 0x0, 0x8f,
    0xfc, 0xbe, 0xfb, 0x0, 0x5, 0xfd, 0x20, 0x0,
    0xaf, 0x80, 0xc, 0xf3, 0x0, 0x0, 0xd, 0xf0,
    0xf, 0xe1, 0x11, 0x11, 0x19, 0xf4, 0x2f, 0xff,
    0xff, 0xff, 0xff, 0xf5, 0xf, 0xe4, 0x44, 0x44,
    0x44, 0x41, 0xc, 0xf3, 0x0, 0x0, 0x0, 0x0,
    0x4, 0xfe, 0x40, 0x0, 0x2b, 0x20, 0x0, 0x7f,
    0xfe, 0xcd, 0xff, 0x60, 0x0, 0x3, 0xae, 0xfe,
    0xa3, 0x0,

    /* U+00EA "ê" */
    0x0, 0x0, 0x5f, 0xf9, 0x0, 0x0, 0x0, 0x5,
    0xf9, 0x5f, 0x90, 0x0, 0x0, 0x19, 0x50, 0x3,
    0x93, 0x0, 0x0, 0x0, 0x0, 0x0, 0x0, 0x0,
    0x0, 0x4, 0xbe, 0xfc, 0x60, 0x0, 0x0, 0x8f,
    0xfc, 0xbe, 0xfb, 0x0, 0x5, 0xfd, 0x20, 0x0,
    0xaf, 0x80, 0xc, 0xf3, 0x0, 0x0, 0xd, 0xf0,
    0xf, 0xe1, 0x11, 0x11, 0x19, 0xf4, 0x2f, 0xff,
    0xff, 0xff, 0xff, 0xf5, 0xf, 0xe4, 0x44, 0x44,
    0x44, 0x41, 0xc, 0xf3, 0x0, 0x0, 0x0, 0x0,
    0x4, 0xfe, 0x40, 0x0, 0x2b, 0x20, 0x0, 0x7f,
    0xfe, 0xcd, 0xff, 0x60, 0x0, 0x3, 0xae, 0xfe,
    0xa3, 0x0,

    /* U+00EB "ë" */
    0x0, 0x8, 0xe2, 0xc, 0xc0, 0x0, 0x0, 0x9,
    0xf2, 0xd, 0xd0, 0x0, 0x0, 0x0, 0x0, 0x0,
    0x0, 0x0, 0x0, 0x0, 0x0, 0x0, 0x0, 0x0,
    0x0, 0x4, 0xbe, 0xfc, 0x60, 0x0, 0x0, 0x8f,
    0xfc, 0xbe, 0xfb, 0x0, 0x5, 0xfd, 0x20, 0x0,
    0xaf, 0x80, 0xc, 0xf3, 0x0, 0x0, 0xd, 0xf0,
    0xf, 0xe1, 0x11, 0x11, 0x19, 0xf4, 0x2f, 0xff,
    0xff, 0xff, 0xff, 0xf5, 0xf, 0xe4, 0x44, 0x44,
    0x44, 0x41, 0xc, 0xf3, 0x0, 0x0, 0x0, 0x0,
    0x4, 0xfe, 0x40, 0x0, 0x2b, 0x20, 0x0, 0x7f,
    0xfe, 0xcd, 0xff, 0x60, 0x0, 0x3, 0xae, 0xfe,
    0xa3, 0x0,

    /* U+00EC "ì" */
    0x4e, 0xe3, 0x0, 0x1, 0xcf, 0x30, 0x0, 0x6,
    0x70, 0x0, 0x0, 0x0, 0x0, 0x3f, 0xb0, 0x0,
    0x3f, 0xb0, 0x0, 0x3f, 0xb0, 0x0, 0x3f, 0xb0,
    0x0, 0x3f, 0xb0, 0x0, 0x3f, 0xb0, 0x0, 0x3f,
    0xb0, 0x0, 0x3f, 0xb0, 0x0, 0x3f, 0xb0, 0x0,
    0x3f, 0xb0, 0x0, 0x3f, 0xb0,

    /* U+00ED "í" */
    0x0, 0x8f, 0xb1, 0x9, 0xf7, 0x0, 0x38, 0x30,
    0x0, 0x0, 0x0, 0x0, 0x3f, 0xb0, 0x0, 0x3f,
    0xb0, 0x0, 0x3f, 0xb0, 0x0, 0x3f, 0xb0, 0x0,
    0x3f, 0xb0, 0x0, 0x3f, 0xb0, 0x0, 0x3f, 0xb0,
    0x0, 0x3f, 0xb0, 0x0, 0x3f, 0xb0, 0x0, 0x3f,
    0xb0, 0x0, 0x3f, 0xb0, 0x0,

    /* U+00EE "î" */
    0x0, 0x9f, 0xf2, 0x0, 0x6f, 0x6c, 0xe1, 0x7,
    0x40, 0x7, 0x50, 0x0, 0x0, 0x0, 0x0, 0x3f,
    0xb0, 0x0, 0x3, 0xfb, 0x0, 0x0, 0x3f, 0xb0,
    0x0, 0x3, 0xfb, 0x0, 0x0, 0x3f, 0xb0, 0x0,
    0x3, 0xfb, 0x0, 0x0, 0x3f, 0xb0, 0x0, 0x3,
    0xfb, 0x0, 0x0, 0x3f, 0xb0, 0x0, 0x3, 0xfb,
    0x0, 0x0, 0x3f, 0xb0, 0x0,

    /* U+00EF "ï" */
    0x6e, 0x28, 0xe1, 0x7f, 0x39, 0xf1, 0x0, 0x0,
    0x0, 0x0, 0x0, 0x0, 0x3, 0xfb, 0x0, 0x3,
    0xfb, 0x0, 0x3, 0xfb, 0x0, 0x3, 0xfb, 0x0,
    0x3, 0xfb, 0x0, 0x3, 0xfb, 0x0, 0x3, 0xfb,
    0x0, 0x3, 0xfb, 0x0, 0x3, 0xfb, 0x0, 0x3,
    0xfb, 0x0, 0x3, 0xfb, 0x0,

    /* U+00F0 "ð" */
    0x0, 0x1, 0x0, 0x0, 0x0, 0x0, 0x1, 0xed,
    0x40, 0x1, 0x50, 0x0, 0x3, 0xdf, 0x99, 0xfb,
    0x0, 0x0, 0x3, 0xff, 0xf3, 0x0, 0x0, 0x3b,
    0xfa, 0x9f, 0x80, 0x0, 0x6, 0x91, 0x0, 0xaf,
    0x40, 0x0, 0x0, 0x0, 0x1, 0xed, 0x0, 0x2,
    0xae, 0xfd, 0x77, 0xf5, 0x3, 0xff, 0xc9, 0xae,
    0xdf, 0xa0, 0xcf, 0x70, 0x0, 0x1d, 0xfd, 0x1f,
    0xe0, 0x0, 0x0, 0x5f, 0xf2, 0xfc, 0x0, 0x0,
    0x2, 0xfe, 0x1f, 0xe0, 0x0, 0x0, 0x5f, 0xb0,
    0xbf, 0x90, 0x0, 0x2d, 0xf4, 0x2, 0xef, 0xda,
    0xbf, 0xf8, 0x0, 0x1, 0x9d, 0xfe, 0xb4, 0x0,

    /* U+00F1 "ñ" */
    0x0, 0xb, 0xfb, 0x32, 0xf2, 0x0, 0x5, 0xe5,
    0x9f, 0xfa, 0x0, 0x0, 0x12, 0x0, 0x12, 0x0,
    0x0, 0x0, 0x0, 0x0, 0x0, 0x0, 0x3f, 0xa2,
    0xae, 0xfe, 0x91, 0x3, 0xfd, 0xff, 0xcb, 0xef,
    0xd0, 0x3f, 0xfc, 0x10, 0x1, 0xcf, 0x73, 0xff,
    0x20, 0x0, 0x4, 0xfb, 0x3f, 0xd0, 0x0, 0x0,
    0x1f, 0xd3, 0xfb, 0x0, 0x0, 0x0, 0xfe, 0x3f,
    0xb0, 0x0, 0x0, 0xf, 0xe3, 0xfb, 0x0, 0x0,
    0x0, 0xfe, 0x3f, 0xb0, 0x0, 0x0, 0xf, 0xe3,
    0xfb, 0x0, 0x0, 0x0, 0xfe, 0x3f, 0xb0, 0x0,
    0x0, 0xf, 0xe0,

    /* U+00F2 "ò" */
    0x0, 0xa, 0xfa, 0x0, 0x0, 0x0, 0x0, 0x0,
    0x6f, 0xa0, 0x0, 0x0, 0x0, 0x0, 0x3, 0x94,
    0x0, 0x0, 0x0, 0x0, 0x0, 0x0, 0x0, 0x0,
    0x0, 0x3, 0xae, 0xfd, 0x91, 0x0, 0x0, 0x7f,
    0xfd, 0xce, 0xfe, 0x40, 0x4, 0xfe, 0x40, 0x0,
    0x7f, 0xe1, 0xc, 0xf4, 0x0, 0x0, 0x9, 0xf7,
    0xf, 0xe0, 0x0, 0x0, 0x3, 0xfb, 0x2f, 0xc0,
    0x0, 0x0, 0x1, 0xfd, 0xf, 0xe0, 0x0, 0x0,
    0x3, 0xfb, 0xc, 0xf4, 0x0, 0x0, 0x9, 0xf7,
    0x4, 0xfe, 0x40, 0x0, 0x7f, 0xe1, 0x0, 0x7f,
    0xfd, 0xce, 0xfe, 0x30, 0x0, 0x3, 0xae, 0xfd,
    0x91, 0x0,

    /* U+00F3 "ó" */
    0x0, 0x0, 0x0, 0x1d, 0xf6, 0x0, 0x0, 0x0,
    0x2, 0xed, 0x20, 0x0, 0x0, 0x0, 0x7, 0x80,
    0x0, 0x0, 0x0, 0x0, 0x0, 0x0, 0x0, 0x0,
    0x0, 0x3, 0xae, 0xfd, 0x91, 0x0, 0x0, 0x7f,
    0xfd, 0xce, 0xfe, 0x40, 0x4, 0xfe, 0x40, 0x0,
    0x7f, 0xe1, 0xc, 0xf4, 0x0, 0x0, 0x9, 0xf7,
    0xf, 0xe0, 0x0, 0x0, 0x3, 0xfb, 0x2f, 0xc0,
    0x0, 0x0, 0x1, 0xfd, 0xf, 0xe0, 0x0, 0x0,
    0x3, 0xfb, 0xc, 0xf4, 0x0, 0x0, 0x9, 0xf7,
    0x4, 0xfe, 0x40, 0x0, 0x7f, 0xe1, 0x0, 0x7f,
    0xfd, 0xce, 0xfe, 0x30, 0x0, 0x3, 0xae, 0xfd,
    0x91, 0x0,

    /* U+00F4 "ô" */
    0x0, 0x0, 0x2e, 0xfb, 0x0, 0x0, 0x0, 0x3,
    0xeb, 0x4e, 0xc0, 0x0, 0x0, 0x8, 0x70, 0x1,
    0x95, 0x0, 0x0, 0x0, 0x0, 0x0, 0x0, 0x0,
    0x0, 0x3, 0xae, 0xfd, 0x91, 0x0, 0x0, 0x7f,
    0xfd, 0xce, 0xfe, 0x40, 0x4, 0xfe, 0x40, 0x0,
    0x7f, 0xe1, 0xc, 0xf4, 0x0, 0x0, 0x9, 0xf7,
    0xf, 0xe0, 0x0, 0x0, 0x3, 0xfb, 0x2f, 0xc0,
    0x0, 0x0, 0x1, 0xfd, 0xf, 0xe0, 0x0, 0x0,
    0x3, 0xfb, 0xc, 0xf4, 0x0, 0x0, 0x9, 0xf7,
    0x4, 0xfe, 0x40, 0x0, 0x7f, 0xe1, 0x0, 0x7f,
    0xfd, 0xce, 0xfe, 0x30, 0x0, 0x3, 0xae, 0xfd,
    0x91, 0x0,

    /* U+00F5 "õ" */
    0x0, 0x5, 0xee, 0x71, 0xa9, 0x0, 0x0, 0xe,
    0x86, 0xdf, 0xe3, 0x0, 0x0, 0x3, 0x0, 0x2,
    0x0, 0x0, 0x0, 0x0, 0x0, 0x0, 0x0, 0x0,
    0x0, 0x3, 0xae, 0xfd, 0x91, 0x0, 0x0, 0x7f,
    0xfd, 0xce, 0xfe, 0x40, 0x4, 0xfe, 0x40, 0x0,
    0x7f, 0xe1, 0xc, 0xf4, 0x0, 0x0, 0x9, 0xf7,
    0xf, 0xe0, 0x0, 0x0, 0x3, 0xfb, 0x2f, 0xc0,
    0x0, 0x0, 0x1, 0xfd, 0xf, 0xe0, 0x0, 0x0,
    0x3, 0xfb, 0xc, 0xf4, 0x0, 0x0, 0x9, 0xf7,
    0x4, 0xfe, 0x40, 0x0, 0x7f, 0xe1, 0x0, 0x7f,
    0xfd, 0xce, 0xfe, 0x30, 0x0, 0x3, 0xae, 0xfd,
    0x91, 0x0,

    /* U+00F6 "ö" */
    0x0, 0x5, 0xf4, 0x9, 0xe1, 0x0, 0x0, 0x6,
    0xf5, 0xa, 0xf1, 0x0, 0x0, 0x0, 0x0, 0x0,
    0x0, 0x0, 0x0, 0x0, 0x0, 0x0, 0x0, 0x0,
    0x0, 0x3, 0xae, 0xfd, 0x91, 0x0, 0x0, 0x7f,
    0xfd, 0xce, 0xfe, 0x40, 0x4, 0xfe, 0x40, 0x0,
    0x7f, 0xe1, 0xc, 0xf4, 0x0, 0x0, 0x9, 0xf7,
    0xf, 0xe0, 0x0, 0x0, 0x3, 0xfb, 0x2f, 0xc0,
    0x0, 0x0, 0x1, 0xfd, 0xf, 0xe0, 0x0, 0x0,
    0x3, 0xfb, 0xc, 0xf4, 0x0, 0x0, 0x9, 0xf7,
    0x4, 0xfe, 0x40, 0x0, 0x7f, 0xe1, 0x0, 0x7f,
    0xfd, 0xce, 0xfe, 0x30, 0x0, 0x3, 0xae, 0xfd,
    0x91, 0x0,

    /* U+00F7 "÷" */
    0x0, 0x0, 0x53, 0x0, 0x0, 0x0, 0x3, 0xfe,
    0x0, 0x0, 0x0, 0x1, 0xea, 0x0, 0x0, 0x0,
    0x0, 0x0, 0x0, 0x0, 0x0, 0x0, 0x0, 0x0,
    0x0, 0xaf, 0xff, 0xff, 0xff, 0xf4, 0x6a, 0xaa,
    0xaa, 0xaa, 0xa2, 0x0, 0x0, 0x0, 0x0, 0x0,
    0x0, 0x0, 0x53, 0x0, 0x0, 0x0, 0x3, 0xfe,
    0x0, 0x0, 0x0, 0x1, 0xea, 0x0, 0x0,

    /* U+00F8 "ø" */
    0x0, 0x0, 0x0, 0x0, 0x7, 0x20, 0x0, 0x0,
    0x0, 0x0, 0x7e, 0x0, 0x0, 0x3, 0xae, 0xfe,
    0xf9, 0x0, 0x0, 0x7f, 0xfd, 0xcf, 0xff, 0x40,
    0x4, 0xfe, 0x40, 0xe, 0xef, 0xe1, 0xc, 0xf4,
    0x0, 0x7e, 0x9, 0xf7, 0xf, 0xe0, 0x0, 0xe7,
    0x3, 0xfb, 0x2f, 0xc0, 0x7, 0xe0, 0x1, 0xfd,
    0xf, 0xe0, 0xe, 0x70, 0x3, 0xfb, 0xc, 0xf4,
    0x7e, 0x0, 0x9, 0xf7, 0x4, 0xff, 0xf7, 0x0,
    0x7f, 0xe1, 0x0, 0x7f, 0xfe, 0xce, 0xfe, 0x30,
    0x0, 0xf, 0xfe, 0xfd, 0x91, 0x0, 0x0, 0x7e,
    0x0, 0x0, 0x0, 0x0, 0x0, 0x64, 0x0, 0x0,
    0x0, 0x0,

    /* U+00F9 "ù" */
    0x0, 0x5f, 0xe2, 0x0, 0x0, 0x0, 0x0, 0x2c,
    0xe3, 0x0, 0x0, 0x0, 0x0, 0x6, 0x70, 0x0,
    0x0, 0x0, 0x0, 0x0, 0x0, 0x0, 0x4f, 0xa0,
    0x0, 0x0, 0x3f, 0xb4, 0xfa, 0x0, 0x0, 0x3,
    0xfb, 0x4f, 0xa0, 0x0, 0x0, 0x3f, 0xb4, 0xfa,
    0x0, 0x0, 0x3, 0xfb, 0x4f, 0xa0, 0x0, 0x0,
    0x3f, 0xb4, 0xfa, 0x0, 0x0, 0x3, 0xfb, 0x4f,
    0xb0, 0x0, 0x0, 0x5f, 0xb2, 0xfe, 0x0, 0x0,
    0xa, 0xfb, 0xe, 0xf8, 0x0, 0x7, 0xff, 0xb0,
    0x4f, 0xfe, 0xce, 0xfb, 0xfb, 0x0, 0x3b, 0xef,
    0xd6, 0x2f, 0xb0,

    /* U+00FA "ú" */
    0x0, 0x0, 0x0, 0x9f, 0xa0, 0x0, 0x0, 0x0,
    0xaf, 0x60, 0x0, 0x0, 0x0, 0x48, 0x20, 0x0,
    0x0, 0x0, 0x0, 0x0, 0x0, 0x0, 0x4f, 0xa0,
    0x0, 0x0, 0x3f, 0xb4, 0xfa, 0x0, 0x0, 0x3,
    0xfb, 0x4f, 0xa0, 0x0, 0x0, 0x3f, 0xb4, 0xfa,
    0x0, 0x0, 0x3, 0xfb, 0x4f, 0xa0, 0x0, 0x0,
    0x3f, 0xb4, 0xfa, 0x0, 0x0, 0x3, 0xfb, 0x4f,
    0xb0, 0x0, 0x0, 0x5f, 0xb2, 0xfe, 0x0, 0x0,
    0xa, 0xfb, 0xe, 0xf8, 0x0, 0x7, 0xff, 0xb0,
    0x4f, 0xfe, 0xce, 0xfb, 0xfb, 0x0, 0x3b, 0xef,
    0xd6, 0x2f, 0xb0,

    /* U+00FB "û" */
    0x0, 0x0, 0xbf, 0xf3, 0x0, 0x0, 0x0, 0xbe,
    0x4a, 0xf4, 0x0, 0x0, 0x47, 0x10, 0x5, 0x70,
    0x0, 0x0, 0x0, 0x0, 0x0, 0x0, 0x4f, 0xa0,
    0x0, 0x0, 0x3f, 0xb4, 0xfa, 0x0, 0x0, 0x3,
    0xfb, 0x4f, 0xa0, 0x0, 0x0, 0x3f, 0xb4, 0xfa,
    0x0, 0x0, 0x3, 0xfb, 0x4f, 0xa0, 0x0, 0x0,
    0x3f, 0xb4, 0xfa, 0x0, 0x0, 0x3, 0xfb, 0x4f,
    0xb0, 0x0, 0x0, 0x5f, 0xb2, 0xfe, 0x0, 0x0,
    0xa, 0xfb, 0xe, 0xf8, 0x0, 0x7, 0xff, 0xb0,
    0x4f, 0xfe, 0xce, 0xfb, 0xfb, 0x0, 0x3b, 0xef,
    0xd6, 0x2f, 0xb0,

    /* U+00FC "ü" */
    0x0, 0xd, 0xa0, 0x3f, 0x50, 0x0, 0x1, 0xeb,
    0x4, 0xf6, 0x0, 0x0, 0x0, 0x0, 0x0, 0x0,
    0x0, 0x0, 0x0, 0x0, 0x0, 0x0, 0x4f, 0xa0,
    0x0, 0x0, 0x3f, 0xb4, 0xfa, 0x0, 0x0, 0x3,
    0xfb, 0x4f, 0xa0, 0x0, 0x0, 0x3f, 0xb4, 0xfa,
    0x0, 0x0, 0x3, 0xfb, 0x4f, 0xa0, 0x0, 0x0,
    0x3f, 0xb4, 0xfa, 0x0, 0x0, 0x3, 0xfb, 0x4f,
    0xb0, 0x0, 0x0, 0x5f, 0xb2, 0xfe, 0x0, 0x0,
    0xa, 0xfb, 0xe, 0xf8, 0x0, 0x7, 0xff, 0xb0,
    0x4f, 0xfe, 0xce, 0xfb, 0xfb, 0x0, 0x3b, 0xef,
    0xd6, 0x2f, 0xb0,

    /* U+00FD "ý" */
    0x0, 0x0, 0x0, 0x2d, 0xf5, 0x0, 0x0, 0x0,
    0x0, 0x3e, 0xd2, 0x0, 0x0, 0x0, 0x0, 0x7,
    0x70, 0x0, 0x0, 0x0, 0x0, 0x0, 0x0, 0x0,
    0x0, 0x0, 0xd, 0xf2, 0x0, 0x0, 0x0, 0xef,
    0x0, 0x6f, 0x90, 0x0, 0x0, 0x5f, 0x80, 0x0,
    0xef, 0x0, 0x0, 0xb, 0xf2, 0x0, 0x8, 0xf6,
    0x0, 0x2, 0xfb, 0x0, 0x0, 0x1f, 0xd0, 0x0,
    0x9f, 0x40, 0x0, 0x0, 0xaf, 0x40, 0xf, 0xd0,
    0x0, 0x0, 0x4, 0xfb, 0x7, 0xf6, 0x0, 0x0,
    0x0, 0xd, 0xf2, 0xdf, 0x0, 0x0, 0x0, 0x0,
    0x6f, 0xcf, 0x80, 0x0, 0x0, 0x0, 0x0, 0xef,
    0xf2, 0x0, 0x0, 0x0, 0x0, 0x8, 0xfb, 0x0,
    0x0, 0x0, 0x0, 0x0, 0xaf, 0x40, 0x0, 0x0,
    0x3, 0x0, 0x3f, 0xd0, 0x0, 0x0, 0x2, 0xfd,
    0xbf, 0xf3, 0x0, 0x0, 0x0, 0x8, 0xef, 0xc4,
    0x0, 0x0, 0x0, 0x0,

    /* U+00FE "þ" */
    0x3f, 0xb0, 0x0, 0x0, 0x0, 0x0, 0x3f, 0xb0,
    0x0, 0x0, 0x0, 0x0, 0x3f, 0xb0, 0x0, 0x0,
    0x0, 0x0, 0x3f, 0xb0, 0x0, 0x0, 0x0, 0x0,
    0x3f, 0xb1, 0x9e, 0xfd, 0x92, 0x0, 0x3f, 0xde,
    0xfd, 0xce, 0xff, 0x40, 0x3f, 0xfe, 0x30, 0x0,
    0x8f, 0xe1, 0x3f, 0xf3, 0x0, 0x0, 0xa, 0xf7,
    0x3f, 0xd0, 0x0, 0x0, 0x4, 0xfa, 0x3f, 0xb0,
    0x0, 0x0, 0x2, 0xfc, 0x3f, 0xd0, 0x0, 0x0,
    0x4, 0xfa, 0x3f, 0xf3, 0x0, 0x0, 0xa, 0xf6,
    0x3f, 0xfe, 0x30, 0x0, 0x8f, 0xe1, 0x3f, 0xde,
    0xfd, 0xce, 0xfe, 0x30, 0x3f, 0xb1, 0x9e, 0xfe,
    0x92, 0x0, 0x3f, 0xb0, 0x0, 0x0, 0x0, 0x0,
    0x3f, 0xb0, 0x0, 0x0, 0x0, 0x0, 0x3f, 0xb0,
    0x0, 0x0, 0x0, 0x0, 0x3f, 0xb0, 0x0, 0x0,
    0x0, 0x0,

    /* U+00FF "ÿ" */
    0x0, 0x5, 0xf4, 0x9, 0xe1, 0x0, 0x0, 0x0,
    0x6f, 0x50, 0xaf, 0x10, 0x0, 0x0, 0x0, 0x0,
    0x0, 0x0, 0x0, 0x0, 0x0, 0x0, 0x0, 0x0,
    0x0, 0x0, 0xd, 0xf2, 0x0, 0x0, 0x0, 0xef,
    0x0, 0x6f, 0x90, 0x0, 0x0, 0x5f, 0x80, 0x0,
    0xef, 0x0, 0x0, 0xb, 0xf2, 0x0, 0x8, 0xf6,
    0x0, 0x2, 0xfb, 0x0, 0x0, 0x1f, 0xd0, 0x0,
    0x9f, 0x40, 0x0, 0x0, 0xaf, 0x40, 0xf, 0xd0,
    0x0, 0x0, 0x4, 0xfb, 0x7, 0xf6, 0x0, 0x0,
    0x0, 0xd, 0xf2, 0xdf, 0x0, 0x0, 0x0, 0x0,
    0x6f, 0xcf, 0x80, 0x0, 0x0, 0x0, 0x0, 0xef,
    0xf2, 0x0, 0x0, 0x0, 0x0, 0x8, 0xfb, 0x0,
    0x0, 0x0, 0x0, 0x0, 0xaf, 0x40, 0x0, 0x0,
    0x3, 0x0, 0x3f, 0xd0, 0x0, 0x0, 0x2, 0xfd,
    0xbf, 0xf3, 0x0, 0x0, 0x0, 0x8, 0xef, 0xc4,
    0x0, 0x0, 0x0, 0x0,

    /* U+0100 "Ā" */
    0x0, 0x0, 0x0, 0x0, 0x0, 0x0, 0x0, 0x0,
    0x0, 0x0, 0xf, 0xff, 0xff, 0xf9, 0x0, 0x0,
    0x0, 0x0, 0x3, 0x33, 0x33, 0x31, 0x0, 0x0,
    0x0, 0x0, 0x0, 0x0, 0x0, 0x0, 0x0, 0x0,
    0x0, 0x0, 0x0, 0xe, 0xf8, 0x0, 0x0, 0x0,
    0x0, 0x0, 0x0, 0x5f, 0xfe, 0x0, 0x0, 0x0,
    0x0, 0x0, 0x0, 0xdf, 0xaf, 0x60, 0x0, 0x0,
    0x0, 0x0, 0x4, 0xfa, 0x1f, 0xd0, 0x0, 0x0,
    0x0, 0x0, 0xb, 0xf3, 0xa, 0xf5, 0x0, 0x0,
    0x0, 0x0, 0x2f, 0xc0, 0x3, 0xfc, 0x0, 0x0,
    0x0, 0x0, 0xaf, 0x50, 0x0, 0xcf, 0x30, 0x0,
    0x0, 0x1, 0xfe, 0x0, 0x0, 0x5f, 0xb0, 0x0,
    0x0, 0x8, 0xf7, 0x0, 0x0, 0xe, 0xf2, 0x0,
    0x0, 0xe, 0xff, 0xff, 0xff, 0xff, 0xf9, 0x0,
    0x0, 0x6f, 0xda, 0xaa, 0xaa, 0xaa, 0xff, 0x10,
    0x0, 0xdf, 0x30, 0x0, 0x0, 0x0, 0x9f, 0x80,
    0x5, 0xfb, 0x0, 0x0, 0x0, 0x0, 0x2f, 0xe0,
    0xc, 0xf4, 0x0, 0x0, 0x0, 0x0, 0xa, 0xf6,

    /* U+0101 "ā" */
    0x7, 0xff, 0xff, 0xff, 0x10, 0x1, 0x33, 0x33,
    0x33, 0x0, 0x0, 0x0, 0x0, 0x0, 0x0, 0x5,
    0xae, 0xfe, 0xb4, 0x0, 0x7f, 0xfd, 0xbe, 0xff,
    0x50, 0x2a, 0x10, 0x0, 0x7f, 0xe0, 0x0, 0x0,
    0x0, 0xd, 0xf2, 0x0, 0x0, 0x11, 0x1c, 0xf3,
    0x8, 0xef, 0xff, 0xff, 0xf3, 0x9f, 0xb6, 0x44,
    0x4c, 0xf3, 0xff, 0x0, 0x0, 0xb, 0xf3, 0xef,
    0x20, 0x0, 0x4f, 0xf3, 0x7f, 0xe9, 0x8b, 0xfd,
    0xf3, 0x5, 0xcf, 0xfc, 0x49, 0xf3,

    /* U+0102 "Ă" */
    0x0, 0x0, 0x6, 0x30, 0x0, 0x64, 0x0, 0x0,
    0x0, 0x0, 0xa, 0xd2, 0x5, 0xf4, 0x0, 0x0,
    0x0, 0x0, 0x1, 0xbf, 0xff, 0x60, 0x0, 0x0,
    0x0, 0x0, 0x0, 0x0, 0x20, 0x0, 0x0, 0x0,
    0x0, 0x0, 0x0, 0x0, 0x0, 0x0, 0x0, 0x0,
    0x0, 0x0, 0x0, 0xe, 0xf8, 0x0, 0x0, 0x0,
    0x0, 0x0, 0x0, 0x5f, 0xfe, 0x0, 0x0, 0x0,
    0x0, 0x0, 0x0, 0xdf, 0xaf, 0x60, 0x0, 0x0,
    0x0, 0x0, 0x4, 0xfa, 0x1f, 0xd0, 0x0, 0x0,
    0x0, 0x0, 0xb, 0xf3, 0xa, 0xf5, 0x0, 0x0,
    0x0, 0x0, 0x2f, 0xc0, 0x3, 0xfc, 0x0, 0x0,
    0x0, 0x0, 0xaf, 0x50, 0x0, 0xcf, 0x30, 0x0,
    0x0, 0x1, 0xfe, 0x0, 0x0, 0x5f, 0xb0, 0x0,
    0x0, 0x8, 0xf7, 0x0, 0x0, 0xe, 0xf2, 0x0,
    0x0, 0xe, 0xff, 0xff, 0xff, 0xff, 0xf9, 0x0,
    0x0, 0x6f, 0xda, 0xaa, 0xaa, 0xaa, 0xff, 0x10,
    0x0, 0xdf, 0x30, 0x0, 0x0, 0x0, 0x9f, 0x80,
    0x5, 0xfb, 0x0, 0x0, 0x0, 0x0, 0x2f, 0xe0,
    0xc, 0xf4, 0x0, 0x0, 0x0, 0x0, 0xa, 0xf6,

    /* U+0103 "ă" */
    0x4, 0xf4, 0x0, 0x9e, 0x0, 0x0, 0x7e, 0xff,
    0xd3, 0x0, 0x0, 0x0, 0x11, 0x0, 0x0, 0x0,
    0x0, 0x0, 0x0, 0x0, 0x5, 0xae, 0xfe, 0xb4,
    0x0, 0x7f, 0xfd, 0xbe, 0xff, 0x50, 0x2a, 0x10,
    0x0, 0x7f, 0xe0, 0x0, 0x0, 0x0, 0xd, 0xf2,
    0x0, 0x0, 0x11, 0x1c, 0xf3, 0x8, 0xef, 0xff,
    0xff, 0xf3, 0x9f, 0xb6, 0x44, 0x4c, 0xf3, 0xff,
    0x0, 0x0, 0xb, 0xf3, 0xef, 0x20, 0x0, 0x4f,
    0xf3, 0x7f, 0xe9, 0x8b, 0xfd, 0xf3, 0x5, 0xcf,
    0xfc, 0x49, 0xf3,

    /* U+0104 "Ą" */
    0x0, 0x0, 0x0, 0xe, 0xf8, 0x0, 0x0, 0x0,
    0x0, 0x0, 0x0, 0x5, 0xff, 0xe0, 0x0, 0x0,
    0x0, 0x0, 0x0, 0x0, 0xdf, 0xaf, 0x60, 0x0,
    0x0, 0x0, 0x0, 0x0, 0x4f, 0xa1, 0xfd, 0x0,
    0x0, 0x0, 0x0, 0x0, 0xb, 0xf3, 0xa, 0xf5,
    0x0, 0x0, 0x0, 0x0, 0x2, 0xfc, 0x0, 0x3f,
    0xc0, 0x0, 0x0, 0x0, 0x0, 0xaf, 0x50, 0x0,
    0xcf, 0x30, 0x0, 0x0, 0x0, 0x1f, 0xe0, 0x0,
    0x5, 0xfb, 0x0, 0x0, 0x0, 0x8, 0xf7, 0x0,
    0x0, 0xe, 0xf2, 0x0, 0x0, 0x0, 0xef, 0xff,
    0xff, 0xff, 0xff, 0x90, 0x0, 0x0, 0x6f, 0xda,
    0xaa, 0xaa, 0xaa, 0xff, 0x10, 0x0, 0xd, 0xf3,
    0x0, 0x0, 0x0, 0x9, 0xf8, 0x0, 0x5, 0xfb,
    0x0, 0x0, 0x0, 0x0, 0x2f, 0xe0, 0x0, 0xcf,
    0x40, 0x0, 0x0, 0x0, 0x0, 0xbf, 0x90, 0x0,
    0x0, 0x0, 0x0, 0x0, 0x0, 0x3e, 0x91, 0x0,
    0x0, 0x0, 0x0, 0x0, 0x0, 0xd, 0x80, 0x0,
    0x0, 0x0, 0x0, 0x0, 0x0, 0x0, 0xf7, 0x2,
    0x0, 0x0, 0x0, 0x0, 0x0, 0x0, 0x8, 0xff,
    0xe0, 0x0, 0x0, 0x0, 0x0, 0x0, 0x0, 0x1,
    0x20, 0x0,

    /* U+0105 "ą" */
    0x5, 0xae, 0xfe, 0xb4, 0x0, 0x7f, 0xfd, 0xbe,
    0xff, 0x50, 0x2a, 0x10, 0x0, 0x7f, 0xe0, 0x0,
    0x0, 0x0, 0xd, 0xf2, 0x0, 0x0, 0x11, 0x1c,
    0xf3, 0x8, 0xef, 0xff, 0xff, 0xf3, 0x9f, 0xb6,
    0x44, 0x4c, 0xf3, 0xff, 0x0, 0x0, 0xb, 0xf3,
    0xef, 0x20, 0x0, 0x4f, 0xf3, 0x7f, 0xe9, 0x8b,
    0xfd, 0xf3, 0x5, 0xcf, 0xfc, 0x5f, 0xf3, 0x0,
    0x0, 0x0, 0xbd, 0x30, 0x0, 0x0, 0x5, 0xf1,
    0x0, 0x0, 0x0, 0x7, 0xf2, 0x1, 0x0, 0x0,
    0x1, 0xdf, 0xf7, 0x0, 0x0, 0x0, 0x1, 0x10,

    /* U+0106 "Ć" */
    0x0, 0x0, 0x0, 0x0, 0x6, 0x84, 0x0, 0x0,
    0x0, 0x0, 0x0, 0x7f, 0xb0, 0x0, 0x0, 0x0,
    0x0, 0x6, 0xf9, 0x0, 0x0, 0x0, 0x0, 0x0,
    0x7, 0x60, 0x0, 0x0, 0x0, 0x0, 0x0, 0x0,
    0x0, 0x0, 0x0, 0x0, 0x0, 0x17, 0xce, 0xfe,
    0xb5, 0x0, 0x0, 0x5, 0xff, 0xff, 0xdf, 0xff,
    0xc1, 0x0, 0x5f, 0xf9, 0x20, 0x0, 0x3b, 0xf5,
    0x1, 0xff, 0x60, 0x0, 0x0, 0x0, 0x30, 0x9,
    0xfa, 0x0, 0x0, 0x0, 0x0, 0x0, 0xd, 0xf3,
    0x0, 0x0, 0x0, 0x0, 0x0, 0xf, 0xf0, 0x0,
    0x0, 0x0, 0x0, 0x0, 0xf, 0xf0, 0x0, 0x0,
    0x0, 0x0, 0x0, 0xd, 0xf3, 0x0, 0x0, 0x0,
    0x0, 0x0, 0x9, 0xfa, 0x0, 0x0, 0x0, 0x0,
    0x0, 0x1, 0xff, 0x60, 0x0, 0x0, 0x0, 0x30,
    0x0, 0x5f, 0xfa, 0x20, 0x0, 0x3b, 0xf5, 0x0,
    0x5, 0xff, 0xff, 0xdf, 0xff, 0xc1, 0x0, 0x0,
    0x17, 0xce, 0xfe, 0xb5, 0x0,

    /* U+0107 "ć" */
    0x0, 0x0, 0x0, 0x3f, 0xe3, 0x0, 0x0, 0x0,
    0x4f, 0xb1, 0x0, 0x0, 0x0, 0x8, 0x70, 0x0,
    0x0, 0x0, 0x0, 0x0, 0x0, 0x0, 0x0, 0x3,
    0xae, 0xfe, 0x91, 0x0, 0x7, 0xff, 0xdc, 0xef,
    0xf3, 0x4, 0xfe, 0x40, 0x0, 0x7f, 0x60, 0xcf,
    0x40, 0x0, 0x0, 0x10, 0xf, 0xe0, 0x0, 0x0,
    0x0, 0x2, 0xfc, 0x0, 0x0, 0x0, 0x0, 0xf,
    0xe0, 0x0, 0x0, 0x0, 0x0, 0xcf, 0x40, 0x0,
    0x0, 0x10, 0x4, 0xfe, 0x40, 0x0, 0x7f, 0x60,
    0x7, 0xff, 0xdc, 0xef, 0xe2, 0x0, 0x3, 0xae,
    0xfd, 0x91, 0x0,

    /* U+0108 "Ĉ" */
    0x0, 0x0, 0x0, 0x7, 0x82, 0x0, 0x0, 0x0,
    0x0, 0x0, 0x9f, 0xee, 0x10, 0x0, 0x0, 0x0,
    0x7, 0xf6, 0x1d, 0xd1, 0x0, 0x0, 0x0, 0x17,
    0x50, 0x1, 0x74, 0x0, 0x0, 0x0, 0x0, 0x0,
    0x0, 0x0, 0x0, 0x0, 0x0, 0x17, 0xce, 0xfe,
    0xb5, 0x0, 0x0, 0x5, 0xff, 0xff, 0xdf, 0xff,
    0xc1, 0x0, 0x5f, 0xf9, 0x20, 0x0, 0x3b, 0xf5,
    0x1, 0xff, 0x60, 0x0, 0x0, 0x0, 0x30, 0x9,
    0xfa, 0x0, 0x0, 0x0, 0x0, 0x0, 0xd, 0xf3,
    0x0, 0x0, 0x0, 0x0, 0x0, 0xf, 0xf0, 0x0,
    0x0, 0x0, 0x0, 0x0, 0xf, 0xf0, 0x0, 0x0,
    0x0, 0x0, 0x0, 0xd, 0xf3, 0x0, 0x0, 0x0,
    0x0, 0x0, 0x9, 0xfa, 0x0, 0x0, 0x0, 0x0,
    0x0, 0x1, 0xff, 0x60, 0x0, 0x0, 0x0, 0x30,
    0x0, 0x5f, 0xfa, 0x20, 0x0, 0x3b, 0xf5, 0x0,
    0x5, 0xff, 0xff, 0xdf, 0xff, 0xc1, 0x0, 0x0,
    0x17, 0xce, 0xfe, 0xb5, 0x0,

    /* U+0109 "ĉ" */
    0x0, 0x0, 0x5f, 0xf9, 0x0, 0x0, 0x0, 0x5f,
    0x95, 0xf9, 0x0, 0x0, 0x19, 0x50, 0x3, 0x93,
    0x0, 0x0, 0x0, 0x0, 0x0, 0x0, 0x0, 0x3,
    0xae, 0xfe, 0x91, 0x0, 0x7, 0xff, 0xdc, 0xef,
    0xf3, 0x4, 0xfe, 0x40, 0x0, 0x7f, 0x60, 0xcf,
    0x40, 0x0, 0x0, 0x10, 0xf, 0xe0, 0x0, 0x0,
    0x0, 0x2, 0xfc, 0x0, 0x0, 0x0, 0x0, 0xf,
    0xe0, 0x0, 0x0, 0x0, 0x0, 0xcf, 0x40, 0x0,
    0x0, 0x10, 0x4, 0xfe, 0x40, 0x0, 0x7f, 0x60,
    0x7, 0xff, 0xdc, 0xef, 0xe2, 0x0, 0x3, 0xae,
    0xfd, 0x91, 0x0,

    /* U+010A "Ċ" */
    0x0, 0x0, 0x0, 0x2, 0x50, 0x0, 0x0, 0x0,
    0x0, 0x0, 0xd, 0xf5, 0x0, 0x0, 0x0, 0x0,
    0x0, 0xa, 0xe2, 0x0, 0x0, 0x0, 0x0, 0x0,
    0x0, 0x0, 0x0, 0x0, 0x0, 0x0, 0x0, 0x0,
    0x0, 0x0, 0x0, 0x0, 0x0, 0x17, 0xce, 0xfe,
    0xb5, 0x0, 0x0, 0x5, 0xff, 0xff, 0xdf, 0xff,
    0xc1, 0x0, 0x5f, 0xf9, 0x20, 0x0, 0x3b, 0xf5,
    0x1, 0xff, 0x60, 0x0, 0x0, 0x0, 0x30, 0x9,
    0xfa, 0x0, 0x0, 0x0, 0x0, 0x0, 0xd, 0xf3,
    0x0, 0x0, 0x0, 0x0, 0x0, 0xf, 0xf0, 0x0,
    0x0, 0x0, 0x0, 0x0, 0xf, 0xf0, 0x0, 0x0,
    0x0, 0x0, 0x0, 0xd, 0xf3, 0x0, 0x0, 0x0,
    0x0, 0x0, 0x9, 0xfa, 0x0, 0x0, 0x0, 0x0,
    0x0, 0x1, 0xff, 0x60, 0x0, 0x0, 0x0, 0x30,
    0x0, 0x5f, 0xfa, 0x20, 0x0, 0x3b, 0xf5, 0x0,
    0x5, 0xff, 0xff, 0xdf, 0xff, 0xc1, 0x0, 0x0,
    0x17, 0xce, 0xfe, 0xb5, 0x0,

    /* U+010B "ċ" */
    0x0, 0x0, 0xb, 0xe1, 0x0, 0x0, 0x0, 0x0,
    0xff, 0x30, 0x0, 0x0, 0x0, 0x3, 0x40, 0x0,
    0x0, 0x0, 0x0, 0x0, 0x0, 0x0, 0x0, 0x3,
    0xae, 0xfe, 0x91, 0x0, 0x7, 0xff, 0xdc, 0xef,
    0xf3, 0x4, 0xfe, 0x40, 0x0, 0x7f, 0x60, 0xcf,
    0x40, 0x0, 0x0, 0x10, 0xf, 0xe0, 0x0, 0x0,
    0x0, 0x2, 0xfc, 0x0, 0x0, 0x0, 0x0, 0xf,
    0xe0, 0x0, 0x0, 0x0, 0x0, 0xcf, 0x40, 0x0,
    0x0, 0x10, 0x4, 0xfe, 0x40, 0x0, 0x7f, 0x60,
    0x7, 0xff, 0xdc, 0xef, 0xe2, 0x0, 0x3, 0xae,
    0xfd, 0x91, 0x0,

    /* U+010C "Č" */
    0x0, 0x0, 0x17, 0x50, 0x1, 0x74, 0x0, 0x0,
    0x0, 0x7, 0xf6, 0x2d, 0xd1, 0x0, 0x0, 0x0,
    0x0, 0x9f, 0xee, 0x10, 0x0, 0x0, 0x0, 0x0,
    0x7, 0x82, 0x0, 0x0, 0x0, 0x0, 0x0, 0x0,
    0x0, 0x0, 0x0, 0x0, 0x0, 0x17, 0xce, 0xfe,
    0xb5, 0x0, 0x0, 0x5, 0xff, 0xff, 0xdf, 0xff,
    0xc1, 0x0, 0x5f, 0xf9, 0x20, 0x0, 0x3b, 0xf5,
    0x1, 0xff, 0x60, 0x0, 0x0, 0x0, 0x30, 0x9,
    0xfa, 0x0, 0x0, 0x0, 0x0, 0x0, 0xd, 0xf3,
    0x0, 0x0, 0x0, 0x0, 0x0, 0xf, 0xf0, 0x0,
    0x0, 0x0, 0x0, 0x0, 0xf, 0xf0, 0x0, 0x0,
    0x0, 0x0, 0x0, 0xd, 0xf3, 0x0, 0x0, 0x0,
    0x0, 0x0, 0x9, 0xfa, 0x0, 0x0, 0x0, 0x0,
    0x0, 0x1, 0xff, 0x60, 0x0, 0x0, 0x0, 0x30,
    0x0, 0x5f, 0xfa, 0x20, 0x0, 0x3b, 0xf5, 0x0,
    0x5, 0xff, 0xff, 0xdf, 0xff, 0xc1, 0x0, 0x0,
    0x17, 0xce, 0xfe, 0xb5, 0x0,

    /* U+010D "č" */
    0x0, 0x1d, 0xc1, 0x9, 0xf3, 0x0, 0x0, 0x1d,
    0xec, 0xf3, 0x0, 0x0, 0x0, 0x18, 0x93, 0x0,
    0x0, 0x0, 0x0, 0x0, 0x0, 0x0, 0x0, 0x3,
    0xae, 0xfe, 0x91, 0x0, 0x7, 0xff, 0xdc, 0xef,
    0xf3, 0x4, 0xfe, 0x40, 0x0, 0x7f, 0x60, 0xcf,
    0x40, 0x0, 0x0, 0x10, 0xf, 0xe0, 0x0, 0x0,
    0x0, 0x2, 0xfc, 0x0, 0x0, 0x0, 0x0, 0xf,
    0xe0, 0x0, 0x0, 0x0, 0x0, 0xcf, 0x40, 0x0,
    0x0, 0x10, 0x4, 0xfe, 0x40, 0x0, 0x7f, 0x60,
    0x7, 0xff, 0xdc, 0xef, 0xe2, 0x0, 0x3, 0xae,
    0xfd, 0x91, 0x0,

    /* U+010E "Ď" */
    0x0, 0x7f, 0x60, 0x4e, 0x90, 0x0, 0x0, 0x0,
    0x6, 0xfb, 0xf8, 0x0, 0x0, 0x0, 0x0, 0x0,
    0x48, 0x60, 0x0, 0x0, 0x0, 0x0, 0x0, 0x0,
    0x0, 0x0, 0x0, 0x0, 0xef, 0xff, 0xff, 0xfd,
    0xa4, 0x0, 0x0, 0xef, 0xdc, 0xcc, 0xdf, 0xff,
    0xb1, 0x0, 0xef, 0x10, 0x0, 0x0, 0x5d, 0xfd,
    0x10, 0xef, 0x10, 0x0, 0x0, 0x0, 0xbf, 0xa0,
    0xef, 0x10, 0x0, 0x0, 0x0, 0x1f, 0xf1, 0xef,
    0x10, 0x0, 0x0, 0x0, 0xa, 0xf6, 0xef, 0x10,
    0x0, 0x0, 0x0, 0x8, 0xf8, 0xef, 0x10, 0x0,
    0x0, 0x0, 0x7, 0xf7, 0xef, 0x10, 0x0, 0x0,
    0x0, 0xa, 0xf6, 0xef, 0x10, 0x0, 0x0, 0x0,
    0x1f, 0xf1, 0xef, 0x10, 0x0, 0x0, 0x0, 0xbf,
    0xa0, 0xef, 0x10, 0x0, 0x0, 0x4d, 0xfd, 0x10,
    0xef, 0xcc, 0xcc, 0xdf, 0xff, 0xb1, 0x0, 0xef,
    0xff, 0xff, 0xfd, 0xa4, 0x0, 0x0,

    /* U+010F "ď" */
    0x0, 0x0, 0x0, 0x0, 0x0, 0x0, 0x6, 0xf2,
    0x0, 0x0, 0x0, 0x0, 0x1, 0xfd, 0x6, 0xf1,
    0x0, 0x0, 0x0, 0x0, 0x1, 0xfd, 0x6, 0xf0,
    0x0, 0x0, 0x0, 0x0, 0x1, 0xfd, 0x6, 0xe0,
    0x0, 0x0, 0x0, 0x0, 0x1, 0xfd, 0x0, 0x0,
    0x0, 0x4, 0xbe, 0xfc, 0x61, 0xfd, 0x0, 0x0,
    0x0, 0x9f, 0xfd, 0xce, 0xfb, 0xfd, 0x0, 0x0,
    0x5, 0xfe, 0x40, 0x0, 0x7f, 0xfd, 0x0, 0x0,
    0xd, 0xf4, 0x0, 0x0, 0x9, 0xfd, 0x0, 0x0,
    0xf, 0xe0, 0x0, 0x0, 0x3, 0xfd, 0x0, 0x0,
    0x2f, 0xc0, 0x0, 0x0, 0x1, 0xfd, 0x0, 0x0,
    0xf, 0xe0, 0x0, 0x0, 0x3, 0xfd, 0x0, 0x0,
    0xc, 0xf4, 0x0, 0x0, 0x9, 0xfd, 0x0, 0x0,
    0x5, 0xfe, 0x40, 0x0, 0x7f, 0xfd, 0x0, 0x0,
    0x0, 0x8f, 0xfd, 0xce, 0xfa, 0xfd, 0x0, 0x0,
    0x0, 0x4, 0xbe, 0xfd, 0x60, 0xfd, 0x0, 0x0,

    /* U+0110 "Đ" */
    0x0, 0xbf, 0xff, 0xff, 0xfd, 0xa5, 0x0, 0x0,
    0x0, 0xbf, 0xdc, 0xcc, 0xdf, 0xff, 0xc2, 0x0,
    0x0, 0xbf, 0x40, 0x0, 0x0, 0x4c, 0xfe, 0x20,
    0x0, 0xbf, 0x40, 0x0, 0x0, 0x0, 0x9f, 0xc0,
    0x0, 0xbf, 0x40, 0x0, 0x0, 0x0, 0xe, 0xf3,
    0x0, 0xbf, 0x40, 0x0, 0x0, 0x0, 0x8, 0xf8,
    0xcf, 0xff, 0xff, 0xff, 0x30, 0x0, 0x5, 0xfa,
    0x7a, 0xff, 0xea, 0xaa, 0x20, 0x0, 0x5, 0xfa,
    0x0, 0xbf, 0x40, 0x0, 0x0, 0x0, 0x8, 0xf8,
    0x0, 0xbf, 0x40, 0x0, 0x0, 0x0, 0xe, 0xf3,
    0x0, 0xbf, 0x40, 0x0, 0x0, 0x0, 0x9f, 0xc0,
    0x0, 0xbf, 0x40, 0x0, 0x0, 0x3b, 0xfe, 0x20,
    0x0, 0xbf, 0xdc, 0xcc, 0xde, 0xff, 0xd2, 0x0,
    0x0, 0xbf, 0xff, 0xff, 0xfd, 0xb5, 0x0, 0x0,

    /* U+0111 "đ" */
    0x0, 0x0, 0x0, 0x11, 0x13, 0xfe, 0x10, 0x0,
    0x0, 0x4, 0xff, 0xff, 0xff, 0xfa, 0x0, 0x0,
    0x1, 0x44, 0x46, 0xff, 0x42, 0x0, 0x0, 0x0,
    0x0, 0x1, 0xfd, 0x0, 0x0, 0x4, 0xbe, 0xfc,
    0x61, 0xfd, 0x0, 0x0, 0x9f, 0xfd, 0xce, 0xfb,
    0xfd, 0x0, 0x5, 0xfe, 0x40, 0x0, 0x7f, 0xfd,
    0x0, 0xd, 0xf4, 0x0, 0x0, 0x9, 0xfd, 0x0,
    0xf, 0xe0, 0x0, 0x0, 0x3, 0xfd, 0x0, 0x2f,
    0xc0, 0x0, 0x0, 0x1, 0xfd, 0x0, 0xf, 0xe0,
    0x0, 0x0, 0x3, 0xfd, 0x0, 0xc, 0xf4, 0x0,
    0x0, 0x9, 0xfd, 0x0, 0x5, 0xfe, 0x40, 0x0,
    0x7f, 0xfd, 0x0, 0x0, 0x8f, 0xfd, 0xce, 0xfa,
    0xfd, 0x0, 0x0, 0x4, 0xbe, 0xfd, 0x60, 0xfd,
    0x0,

    /* U+0112 "Ē" */
    0x0, 0x0, 0x0, 0x0, 0x0, 0x0, 0x3f, 0xff,
    0xff, 0xf4, 0x0, 0x0, 0x33, 0x33, 0x33, 0x0,
    0x0, 0x0, 0x0, 0x0, 0x0, 0x0, 0xef, 0xff,
    0xff, 0xff, 0xff, 0xe, 0xfd, 0xcc, 0xcc, 0xcc,
    0xc0, 0xef, 0x10, 0x0, 0x0, 0x0, 0xe, 0xf1,
    0x0, 0x0, 0x0, 0x0, 0xef, 0x10, 0x0, 0x0,
    0x0, 0xe, 0xf1, 0x0, 0x0, 0x0, 0x0, 0xef,
    0xff, 0xff, 0xff, 0xf2, 0xe, 0xfc, 0xcc, 0xcc,
    0xcc, 0x10, 0xef, 0x10, 0x0, 0x0, 0x0, 0xe,
    0xf1, 0x0, 0x0, 0x0, 0x0, 0xef, 0x10, 0x0,
    0x0, 0x0, 0xe, 0xf1, 0x0, 0x0, 0x0, 0x0,
    0xef, 0xcc, 0xcc, 0xcc, 0xcc, 0x3e, 0xff, 0xff,
    0xff, 0xff, 0xf4,

    /* U+0113 "ē" */
    0x0, 0x2f, 0xff, 0xff, 0xf6, 0x0, 0x0, 0x3,
    0x33, 0x33, 0x31, 0x0, 0x0, 0x0, 0x0, 0x0,
    0x0, 0x0, 0x0, 0x4, 0xbe, 0xfc, 0x60, 0x0,
    0x0, 0x8f, 0xfc, 0xbe, 0xfb, 0x0, 0x5, 0xfd,
    0x20, 0x0, 0xaf, 0x80, 0xc, 0xf3, 0x0, 0x0,
    0xd, 0xf0, 0xf, 0xe1, 0x11, 0x11, 0x19, 0xf4,
    0x2f, 0xff, 0xff, 0xff, 0xff, 0xf5, 0xf, 0xe4,
    0x44, 0x44, 0x44, 0x41, 0xc, 0xf3, 0x0, 0x0,
    0x0, 0x0, 0x4, 0xfe, 0x40, 0x0, 0x2b, 0x20,
    0x0, 0x7f, 0xfe, 0xcd, 0xff, 0x60, 0x0, 0x3,
    0xae, 0xfe, 0xa3, 0x0,

    /* U+0114 "Ĕ" */
    0x1, 0x81, 0x0, 0x8, 0x10, 0x0, 0xe, 0xa1,
    0x9, 0xf0, 0x0, 0x0, 0x3d, 0xff, 0xd3, 0x0,
    0x0, 0x0, 0x1, 0x10, 0x0, 0x0, 0x0, 0x0,
    0x0, 0x0, 0x0, 0xe, 0xff, 0xff, 0xff, 0xff,
    0xf0, 0xef, 0xdc, 0xcc, 0xcc, 0xcc, 0xe, 0xf1,
    0x0, 0x0, 0x0, 0x0, 0xef, 0x10, 0x0, 0x0,
    0x0, 0xe, 0xf1, 0x0, 0x0, 0x0, 0x0, 0xef,
    0x10, 0x0, 0x0, 0x0, 0xe, 0xff, 0xff, 0xff,
    0xff, 0x20, 0xef, 0xcc, 0xcc, 0xcc, 0xc1, 0xe,
    0xf1, 0x0, 0x0, 0x0, 0x0, 0xef, 0x10, 0x0,
    0x0, 0x0, 0xe, 0xf1, 0x0, 0x0, 0x0, 0x0,
    0xef, 0x10, 0x0, 0x0, 0x0, 0xe, 0xfc, 0xcc,
    0xcc, 0xcc, 0xc3, 0xef, 0xff, 0xff, 0xff, 0xff,
    0x40,

    /* U+0115 "ĕ" */
    0x0, 0xe, 0x80, 0x4, 0xf3, 0x0, 0x0, 0x4,
    0xdf, 0xfe, 0x70, 0x0, 0x0, 0x0, 0x1, 0x10,
    0x0, 0x0, 0x0, 0x0, 0x0, 0x0, 0x0, 0x0,
    0x0, 0x4, 0xbe, 0xfc, 0x60, 0x0, 0x0, 0x8f,
    0xfc, 0xbe, 0xfb, 0x0, 0x5, 0xfd, 0x20, 0x0,
    0xaf, 0x80, 0xc, 0xf3, 0x0, 0x0, 0xd, 0xf0,
    0xf, 0xe1, 0x11, 0x11, 0x19, 0xf4, 0x2f, 0xff,
    0xff, 0xff, 0xff, 0xf5, 0xf, 0xe4, 0x44, 0x44,
    0x44, 0x41, 0xc, 0xf3, 0x0, 0x0, 0x0, 0x0,
    0x4, 0xfe, 0x40, 0x0, 0x2b, 0x20, 0x0, 0x7f,
    0xfe, 0xcd, 0xff, 0x60, 0x0, 0x3, 0xae, 0xfe,
    0xa3, 0x0,

    /* U+0116 "Ė" */
    0x0, 0x0, 0x34, 0x0, 0x0, 0x0, 0x0, 0x1f,
    0xf2, 0x0, 0x0, 0x0, 0x0, 0xcd, 0x0, 0x0,
    0x0, 0x0, 0x0, 0x0, 0x0, 0x0, 0x0, 0x0,
    0x0, 0x0, 0x0, 0xe, 0xff, 0xff, 0xff, 0xff,
    0xf0, 0xef, 0xdc, 0xcc, 0xcc, 0xcc, 0xe, 0xf1,
    0x0, 0x0, 0x0, 0x0, 0xef, 0x10, 0x0, 0x0,
    0x0, 0xe, 0xf1, 0x0, 0x0, 0x0, 0x0, 0xef,
    0x10, 0x0, 0x0, 0x0, 0xe, 0xff, 0xff, 0xff,
    0xff, 0x20, 0xef, 0xcc, 0xcc, 0xcc, 0xc1, 0xe,
    0xf1, 0x0, 0x0, 0x0, 0x0, 0xef, 0x10, 0x0,
    0x0, 0x0, 0xe, 0xf1, 0x0, 0x0, 0x0, 0x0,
    0xef, 0x10, 0x0, 0x0, 0x0, 0xe, 0xfc, 0xcc,
    0xcc, 0xcc, 0xc3, 0xef, 0xff, 0xff, 0xff, 0xff,
    0x40,

    /* U+0117 "ė" */
    0x0, 0x0, 0xb, 0xe1, 0x0, 0x0, 0x0, 0x0,
    0xf, 0xf3, 0x0, 0x0, 0x0, 0x0, 0x3, 0x40,
    0x0, 0x0, 0x0, 0x0, 0x0, 0x0, 0x0, 0x0,
    0x0, 0x4, 0xbe, 0xfc, 0x60, 0x0, 0x0, 0x8f,
    0xfc, 0xbe, 0xfb, 0x0, 0x5, 0xfd, 0x20, 0x0,
    0xaf, 0x80, 0xc, 0xf3, 0x0, 0x0, 0xd, 0xf0,
    0xf, 0xe1, 0x11, 0x11, 0x19, 0xf4, 0x2f, 0xff,
    0xff, 0xff, 0xff, 0xf5, 0xf, 0xe4, 0x44, 0x44,
    0x44, 0x41, 0xc, 0xf3, 0x0, 0x0, 0x0, 0x0,
    0x4, 0xfe, 0x40, 0x0, 0x2b, 0x20, 0x0, 0x7f,
    0xfe, 0xcd, 0xff, 0x60, 0x0, 0x3, 0xae, 0xfe,
    0xa3, 0x0,

    /* U+0118 "Ę" */
    0xef, 0xff, 0xff, 0xff, 0xff, 0xe, 0xfd, 0xcc,
    0xcc, 0xcc, 0xc0, 0xef, 0x10, 0x0, 0x0, 0x0,
    0xe, 0xf1, 0x0, 0x0, 0x0, 0x0, 0xef, 0x10,
    0x0, 0x0, 0x0, 0xe, 0xf1, 0x0, 0x0, 0x0,
    0x0, 0xef, 0xff, 0xff, 0xff, 0xf2, 0xe, 0xfc,
    0xcc, 0xcc, 0xcc, 0x10, 0xef, 0x10, 0x0, 0x0,
    0x0, 0xe, 0xf1, 0x0, 0x0, 0x0, 0x0, 0xef,
    0x10, 0x0, 0x0, 0x0, 0xe, 0xf1, 0x0, 0x0,
    0x0, 0x0, 0xef, 0xcc, 0xcc, 0xcc, 0xcc, 0x3e,
    0xff, 0xff, 0xff, 0xff, 0xf4, 0x0, 0x0, 0x0,
    0x9, 0xe5, 0x0, 0x0, 0x0, 0x4, 0xf2, 0x0,
    0x0, 0x0, 0x0, 0x6f, 0x20, 0x10, 0x0, 0x0,
    0x1, 0xdf, 0xf7, 0x0, 0x0, 0x0, 0x0, 0x11,
    0x0,

    /* U+0119 "ę" */
    0x0, 0x4, 0xbe, 0xfc, 0x60, 0x0, 0x0, 0x8f,
    0xfc, 0xbe, 0xfb, 0x0, 0x5, 0xfd, 0x20, 0x0,
    0xaf, 0x80, 0xc, 0xf3, 0x0, 0x0, 0xd, 0xf0,
    0xf, 0xe1, 0x11, 0x11, 0x19, 0xf4, 0x2f, 0xff,
    0xff, 0xff, 0xff, 0xf5, 0xf, 0xe4, 0x44, 0x44,
    0x44, 0x41, 0xc, 0xf3, 0x0, 0x0, 0x0, 0x0,
    0x4, 0xfe, 0x40, 0x0, 0x2b, 0x20, 0x0, 0x7f,
    0xfe, 0xcd, 0xff, 0x60, 0x0, 0x3, 0xae, 0xff,
    0xf4, 0x0, 0x0, 0x0, 0x0, 0x2f, 0x50, 0x0,
    0x0, 0x0, 0x0, 0x8c, 0x0, 0x0, 0x0, 0x0,
    0x0, 0x9d, 0x11, 0x0, 0x0, 0x0, 0x0, 0x2e,
    0xff, 0x50, 0x0, 0x0, 0x0, 0x0, 0x21, 0x0,

    /* U+011A "Ě" */
    0x2, 0xdb, 0x10, 0xbe, 0x20, 0x0, 0x1, 0xde,
    0xde, 0x20, 0x0, 0x0, 0x1, 0x77, 0x10, 0x0,
    0x0, 0x0, 0x0, 0x0, 0x0, 0x0, 0xef, 0xff,
    0xff, 0xff, 0xff, 0xe, 0xfd, 0xcc, 0xcc, 0xcc,
    0xc0, 0xef, 0x10, 0x0, 0x0, 0x0, 0xe, 0xf1,
    0x0, 0x0, 0x0, 0x0, 0xef, 0x10, 0x0, 0x0,
    0x0, 0xe, 0xf1, 0x0, 0x0, 0x0, 0x0, 0xef,
    0xff, 0xff, 0xff, 0xf2, 0xe, 0xfc, 0xcc, 0xcc,
    0xcc, 0x10, 0xef, 0x10, 0x0, 0x0, 0x0, 0xe,
    0xf1, 0x0, 0x0, 0x0, 0x0, 0xef, 0x10, 0x0,
    0x0, 0x0, 0xe, 0xf1, 0x0, 0x0, 0x0, 0x0,
    0xef, 0xcc, 0xcc, 0xcc, 0xcc, 0x3e, 0xff, 0xff,
    0xff, 0xff, 0xf4,

    /* U+011B "ě" */
    0x0, 0x1d, 0xc1, 0x9, 0xf3, 0x0, 0x0, 0x1,
    0xde, 0xcf, 0x30, 0x0, 0x0, 0x0, 0x18, 0x93,
    0x0, 0x0, 0x0, 0x0, 0x0, 0x0, 0x0, 0x0,
    0x0, 0x4, 0xbe, 0xfc, 0x60, 0x0, 0x0, 0x8f,
    0xfc, 0xbe, 0xfb, 0x0, 0x5, 0xfd, 0x20, 0x0,
    0xaf, 0x80, 0xc, 0xf3, 0x0, 0x0, 0xd, 0xf0,
    0xf, 0xe1, 0x11, 0x11, 0x19, 0xf4, 0x2f, 0xff,
    0xff, 0xff, 0xff, 0xf5, 0xf, 0xe4, 0x44, 0x44,
    0x44, 0x41, 0xc, 0xf3, 0x0, 0x0, 0x0, 0x0,
    0x4, 0xfe, 0x40, 0x0, 0x2b, 0x20, 0x0, 0x7f,
    0xfe, 0xcd, 0xff, 0x60, 0x0, 0x3, 0xae, 0xfe,
    0xa3, 0x0,

    /* U+011C "Ĝ" */
    0x0, 0x0, 0x0, 0x7, 0x82, 0x0, 0x0, 0x0,
    0x0, 0x0, 0x9f, 0xee, 0x10, 0x0, 0x0, 0x0,
    0x7, 0xf6, 0x1d, 0xd1, 0x0, 0x0, 0x0, 0x17,
    0x40, 0x1, 0x74, 0x0, 0x0, 0x0, 0x0, 0x0,
    0x0, 0x0, 0x0, 0x0, 0x0, 0x17, 0xce, 0xfe,
    0xb6, 0x0, 0x0, 0x5, 0xff, 0xff, 0xde, 0xff,
    0xe2, 0x0, 0x5f, 0xf9, 0x20, 0x0, 0x29, 0xf7,
    0x1, 0xff, 0x50, 0x0, 0x0, 0x0, 0x20, 0x9,
    0xf9, 0x0, 0x0, 0x0, 0x0, 0x0, 0xd, 0xf3,
    0x0, 0x0, 0x0, 0x0, 0x0, 0xf, 0xf0, 0x0,
    0x0, 0x0, 0x0, 0x11, 0xf, 0xf0, 0x0, 0x0,
    0x0, 0x3, 0xfb, 0xd, 0xf3, 0x0, 0x0, 0x0,
    0x3, 0xfb, 0x9, 0xfa, 0x0, 0x0, 0x0, 0x3,
    0xfb, 0x1, 0xff, 0x60, 0x0, 0x0, 0x3, 0xfb,
    0x0, 0x5f, 0xfa, 0x30, 0x0, 0x29, 0xfb, 0x0,
    0x5, 0xff, 0xff, 0xdf, 0xff, 0xe4, 0x0, 0x0,
    0x17, 0xce, 0xfe, 0xb6, 0x0,

    /* U+011D "ĝ" */
    0x0, 0x0, 0x1c, 0xfe, 0x20, 0x0, 0x0, 0x1,
    0xcd, 0x4c, 0xe2, 0x0, 0x0, 0x6, 0x81, 0x0,
    0x87, 0x0, 0x0, 0x0, 0x0, 0x0, 0x0, 0x0,
    0x0, 0x4, 0xbe, 0xfd, 0x70, 0xdf, 0x0, 0x8f,
    0xfd, 0xce, 0xfc, 0xef, 0x5, 0xfe, 0x40, 0x0,
    0x5f, 0xff, 0xc, 0xf4, 0x0, 0x0, 0x7, 0xff,
    0xf, 0xe0, 0x0, 0x0, 0x0, 0xff, 0x2f, 0xc0,
    0x0, 0x0, 0x0, 0xff, 0xf, 0xe0, 0x0, 0x0,
    0x1, 0xff, 0xc, 0xf4, 0x0, 0x0, 0x7, 0xff,
    0x5, 0xfe, 0x40, 0x0, 0x5f, 0xff, 0x0, 0x8f,
    0xfd, 0xbe, 0xfc, 0xff, 0x0, 0x4, 0xbe, 0xfd,
    0x71, 0xfd, 0x0, 0x0, 0x0, 0x0, 0x3, 0xfb,
    0x1, 0xa4, 0x0, 0x0, 0x2d, 0xf5, 0x4, 0xff,
    0xec, 0xbd, 0xff, 0x90, 0x0, 0x28, 0xce, 0xfe,
    0xb5, 0x0,

    /* U+011E "Ğ" */
    0x0, 0x0, 0x7, 0x20, 0x0, 0x73, 0x0, 0x0,
    0x0, 0xc, 0xb1, 0x6, 0xf2, 0x0, 0x0, 0x0,
    0x1, 0xcf, 0xfe, 0x50, 0x0, 0x0, 0x0, 0x0,
    0x1, 0x10, 0x0, 0x0, 0x0, 0x0, 0x0, 0x0,
    0x0, 0x0, 0x0, 0x0, 0x0, 0x17, 0xce, 0xfe,
    0xb6, 0x0, 0x0, 0x5, 0xff, 0xff, 0xde, 0xff,
    0xe2, 0x0, 0x5f, 0xf9, 0x20, 0x0, 0x29, 0xf7,
    0x1, 0xff, 0x50, 0x0, 0x0, 0x0, 0x20, 0x9,
    0xf9, 0x0, 0x0, 0x0, 0x0, 0x0, 0xd, 0xf3,
    0x0, 0x0, 0x0, 0x0, 0x0, 0xf, 0xf0, 0x0,
    0x0, 0x0, 0x0, 0x11, 0xf, 0xf0, 0x0, 0x0,
    0x0, 0x3, 0xfb, 0xd, 0xf3, 0x0, 0x0, 0x0,
    0x3, 0xfb, 0x9, 0xfa, 0x0, 0x0, 0x0, 0x3,
    0xfb, 0x1, 0xff, 0x60, 0x0, 0x0, 0x3, 0xfb,
    0x0, 0x5f, 0xfa, 0x30, 0x0, 0x29, 0xfb, 0x0,
    0x5, 0xff, 0xff, 0xdf, 0xff, 0xe4, 0x0, 0x0,
    0x17, 0xce, 0xfe, 0xb6, 0x0,

    /* U+011F "ğ" */
    0x0, 0x8, 0xd2, 0x1, 0xca, 0x0, 0x0, 0x0,
    0xaf, 0xff, 0xb1, 0x0, 0x0, 0x0, 0x0, 0x20,
    0x0, 0x0, 0x0, 0x0, 0x0, 0x0, 0x0, 0x0,
    0x0, 0x4, 0xbe, 0xfd, 0x70, 0xdf, 0x0, 0x8f,
    0xfd, 0xce, 0xfc, 0xef, 0x5, 0xfe, 0x40, 0x0,
    0x5f, 0xff, 0xc, 0xf4, 0x0, 0x0, 0x7, 0xff,
    0xf, 0xe0, 0x0, 0x0, 0x0, 0xff, 0x2f, 0xc0,
    0x0, 0x0, 0x0, 0xff, 0xf, 0xe0, 0x0, 0x0,
    0x1, 0xff, 0xc, 0xf4, 0x0, 0x0, 0x7, 0xff,
    0x5, 0xfe, 0x40, 0x0, 0x5f, 0xff, 0x0, 0x8f,
    0xfd, 0xbe, 0xfc, 0xff, 0x0, 0x4, 0xbe, 0xfd,
    0x71, 0xfd, 0x0, 0x0, 0x0, 0x0, 0x3, 0xfb,
    0x1, 0xa4, 0x0, 0x0, 0x2d, 0xf5, 0x4, 0xff,
    0xec, 0xbd, 0xff, 0x90, 0x0, 0x28, 0xce, 0xfe,
    0xb5, 0x0,

    /* U+0120 "Ġ" */
    0x0, 0x0, 0x0, 0x2, 0x50, 0x0, 0x0, 0x0,
    0x0, 0x0, 0xe, 0xf4, 0x0, 0x0, 0x0, 0x0,
    0x0, 0xa, 0xe2, 0x0, 0x0, 0x0, 0x0, 0x0,
    0x0, 0x0, 0x0, 0x0, 0x0, 0x0, 0x0, 0x0,
    0x0, 0x0, 0x0, 0x0, 0x0, 0x17, 0xce, 0xfe,
    0xb6, 0x0, 0x0, 0x5, 0xff, 0xff, 0xde, 0xff,
    0xe2, 0x0, 0x5f, 0xf9, 0x20, 0x0, 0x29, 0xf7,
    0x1, 0xff, 0x50, 0x0, 0x0, 0x0, 0x20, 0x9,
    0xf9, 0x0, 0x0, 0x0, 0x0, 0x0, 0xd, 0xf3,
    0x0, 0x0, 0x0, 0x0, 0x0, 0xf, 0xf0, 0x0,
    0x0, 0x0, 0x0, 0x11, 0xf, 0xf0, 0x0, 0x0,
    0x0, 0x3, 0xfb, 0xd, 0xf3, 0x0, 0x0, 0x0,
    0x3, 0xfb, 0x9, 0xfa, 0x0, 0x0, 0x0, 0x3,
    0xfb, 0x1, 0xff, 0x60, 0x0, 0x0, 0x3, 0xfb,
    0x0, 0x5f, 0xfa, 0x30, 0x0, 0x29, 0xfb, 0x0,
    0x5, 0xff, 0xff, 0xdf, 0xff, 0xe4, 0x0, 0x0,
    0x17, 0xce, 0xfe, 0xb6, 0x0,

    /* U+0121 "ġ" */
    0x0, 0x0, 0x5, 0xf7, 0x0, 0x0, 0x0, 0x0,
    0x8, 0xfa, 0x0, 0x0, 0x0, 0x0, 0x0, 0x51,
    0x0, 0x0, 0x0, 0x0, 0x0, 0x0, 0x0, 0x0,
    0x0, 0x4, 0xbe, 0xfd, 0x70, 0xdf, 0x0, 0x8f,
    0xfd, 0xce, 0xfc, 0xef, 0x5, 0xfe, 0x40, 0x0,
    0x5f, 0xff, 0xc, 0xf4, 0x0, 0x0, 0x7, 0xff,
    0xf, 0xe0, 0x0, 0x0, 0x0, 0xff, 0x2f, 0xc0,
    0x0, 0x0, 0x0, 0xff, 0xf, 0xe0, 0x0, 0x0,
    0x1, 0xff, 0xc, 0xf4, 0x0, 0x0, 0x7, 0xff,
    0x5, 0xfe, 0x40, 0x0, 0x5f, 0xff, 0x0, 0x8f,
    0xfd, 0xbe, 0xfc, 0xff, 0x0, 0x4, 0xbe, 0xfd,
    0x71, 0xfd, 0x0, 0x0, 0x0, 0x0, 0x3, 0xfb,
    0x1, 0xa4, 0x0, 0x0, 0x2d, 0xf5, 0x4, 0xff,
    0xec, 0xbd, 0xff, 0x90, 0x0, 0x28, 0xce, 0xfe,
    0xb5, 0x0,

    /* U+0122 "Ģ" */
    0x0, 0x0, 0x17, 0xce, 0xfe, 0xb6, 0x0, 0x0,
    0x5, 0xff, 0xff, 0xde, 0xff, 0xe2, 0x0, 0x5f,
    0xf9, 0x20, 0x0, 0x29, 0xf7, 0x1, 0xff, 0x50,
    0x0, 0x0, 0x0, 0x20, 0x9, 0xf9, 0x0, 0x0,
    0x0, 0x0, 0x0, 0xd, 0xf3, 0x0, 0x0, 0x0,
    0x0, 0x0, 0xf, 0xf0, 0x0, 0x0, 0x0, 0x0,
    0x11, 0xf, 0xf0, 0x0, 0x0, 0x0, 0x3, 0xfb,
    0xd, 0xf3, 0x0, 0x0, 0x0, 0x3, 0xfb, 0x9,
    0xfa, 0x0, 0x0, 0x0, 0x3, 0xfb, 0x1, 0xff,
    0x60, 0x0, 0x0, 0x3, 0xfb, 0x0, 0x5f, 0xfa,
    0x30, 0x0, 0x29, 0xfb, 0x0, 0x5, 0xff, 0xff,
    0xdf, 0xff, 0xe4, 0x0, 0x0, 0x17, 0xce, 0xfe,
    0xb6, 0x0, 0x0, 0x0, 0x0, 0x0, 0x0, 0x0,
    0x0, 0x0, 0x0, 0x0, 0x3, 0x50, 0x0, 0x0,
    0x0, 0x0, 0x0, 0xd, 0xf1, 0x0, 0x0, 0x0,
    0x0, 0x0, 0x6, 0xd0, 0x0, 0x0, 0x0, 0x0,
    0x0, 0x9, 0x70, 0x0, 0x0,

    /* U+0123 "ģ" */
    0x0, 0x0, 0x0, 0xb7, 0x0, 0x0, 0x0, 0x0,
    0x1, 0xf2, 0x0, 0x0, 0x0, 0x0, 0x7, 0xf7,
    0x0, 0x0, 0x0, 0x0, 0x4, 0xd6, 0x0, 0x0,
    0x0, 0x0, 0x0, 0x0, 0x0, 0x0, 0x0, 0x4,
    0xbe, 0xfd, 0x70, 0xdf, 0x0, 0x8f, 0xfd, 0xce,
    0xfc, 0xef, 0x5, 0xfe, 0x40, 0x0, 0x5f, 0xff,
    0xc, 0xf4, 0x0, 0x0, 0x7, 0xff, 0xf, 0xe0,
    0x0, 0x0, 0x0, 0xff, 0x2f, 0xc0, 0x0, 0x0,
    0x0, 0xff, 0xf, 0xe0, 0x0, 0x0, 0x1, 0xff,
    0xc, 0xf4, 0x0, 0x0, 0x7, 0xff, 0x5, 0xfe,
    0x40, 0x0, 0x5f, 0xff, 0x0, 0x8f, 0xfd, 0xbe,
    0xfc, 0xff, 0x0, 0x4, 0xbe, 0xfd, 0x71, 0xfd,
    0x0, 0x0, 0x0, 0x0, 0x3, 0xfb, 0x1, 0xa4,
    0x0, 0x0, 0x2d, 0xf5, 0x4, 0xff, 0xec, 0xbd,
    0xff, 0x90, 0x0, 0x28, 0xce, 0xfe, 0xb5, 0x0,

    /* U+0124 "Ĥ" */
    0x0, 0x0, 0x5f, 0xf8, 0x0, 0x0, 0x0, 0x0,
    0x6f, 0x85, 0xf9, 0x0, 0x0, 0x0, 0x17, 0x40,
    0x2, 0x83, 0x0, 0x0, 0x0, 0x0, 0x0, 0x0,
    0x0, 0x0, 0xef, 0x10, 0x0, 0x0, 0x0, 0xdf,
    0x2e, 0xf1, 0x0, 0x0, 0x0, 0xd, 0xf2, 0xef,
    0x10, 0x0, 0x0, 0x0, 0xdf, 0x2e, 0xf1, 0x0,
    0x0, 0x0, 0xd, 0xf2, 0xef, 0x10, 0x0, 0x0,
    0x0, 0xdf, 0x2e, 0xf1, 0x0, 0x0, 0x0, 0xd,
    0xf2, 0xef, 0xff, 0xff, 0xff, 0xff, 0xff, 0x2e,
    0xfd, 0xcc, 0xcc, 0xcc, 0xcf, 0xf2, 0xef, 0x10,
    0x0, 0x0, 0x0, 0xdf, 0x2e, 0xf1, 0x0, 0x0,
    0x0, 0xd, 0xf2, 0xef, 0x10, 0x0, 0x0, 0x0,
    0xdf, 0x2e, 0xf1, 0x0, 0x0, 0x0, 0xd, 0xf2,
    0xef, 0x10, 0x0, 0x0, 0x0, 0xdf, 0x2e, 0xf1,
    0x0, 0x0, 0x0, 0xd, 0xf2,

    /* U+0125 "ĥ" */
    0x0, 0x9f, 0xf3, 0x0, 0x0, 0x0, 0x0, 0x7f,
    0x8d, 0xe2, 0x0, 0x0, 0x0, 0x5f, 0x70, 0x1c,
    0xd1, 0x0, 0x0, 0x0, 0x0, 0x0, 0x0, 0x0,
    0x0, 0x0, 0x0, 0x3f, 0xb0, 0x0, 0x0, 0x0,
    0x0, 0x3, 0xfb, 0x0, 0x0, 0x0, 0x0, 0x0,
    0x3f, 0xb0, 0x0, 0x0, 0x0, 0x0, 0x3, 0xfb,
    0x0, 0x0, 0x0, 0x0, 0x0, 0x3f, 0xb2, 0xae,
    0xfe, 0x91, 0x0, 0x3, 0xfd, 0xef, 0xdd, 0xff,
    0xd0, 0x0, 0x3f, 0xfd, 0x20, 0x2, 0xdf, 0x70,
    0x3, 0xff, 0x20, 0x0, 0x4, 0xfb, 0x0, 0x3f,
    0xd0, 0x0, 0x0, 0x1f, 0xd0, 0x3, 0xfb, 0x0,
    0x0, 0x0, 0xfe, 0x0, 0x3f, 0xb0, 0x0, 0x0,
    0xf, 0xe0, 0x3, 0xfb, 0x0, 0x0, 0x0, 0xfe,
    0x0, 0x3f, 0xb0, 0x0, 0x0, 0xf, 0xe0, 0x3,
    0xfb, 0x0, 0x0, 0x0, 0xfe, 0x0, 0x3f, 0xb0,
    0x0, 0x0, 0xf, 0xe0,

    /* U+0126 "Ħ" */
    0x0, 0xbf, 0x30, 0x0, 0x0, 0x0, 0xbf, 0x40,
    0x0, 0xb, 0xf3, 0x0, 0x0, 0x0, 0xb, 0xf4,
    0x0, 0xcf, 0xff, 0xff, 0xff, 0xff, 0xff, 0xff,
    0xff, 0x57, 0xae, 0xfb, 0xaa, 0xaa, 0xaa, 0xae,
    0xfb, 0xa3, 0x0, 0xbf, 0x30, 0x0, 0x0, 0x0,
    0xbf, 0x40, 0x0, 0xb, 0xf3, 0x0, 0x0, 0x0,
    0xb, 0xf4, 0x0, 0x0, 0xbf, 0xff, 0xff, 0xff,
    0xff, 0xff, 0x40, 0x0, 0xb, 0xfd, 0xcc, 0xcc,
    0xcc, 0xcf, 0xf4, 0x0, 0x0, 0xbf, 0x30, 0x0,
    0x0, 0x0, 0xbf, 0x40, 0x0, 0xb, 0xf3, 0x0,
    0x0, 0x0, 0xb, 0xf4, 0x0, 0x0, 0xbf, 0x30,
    0x0, 0x0, 0x0, 0xbf, 0x40, 0x0, 0xb, 0xf3,
    0x0, 0x0, 0x0, 0xb, 0xf4, 0x0, 0x0, 0xbf,
    0x30, 0x0, 0x0, 0x0, 0xbf, 0x40, 0x0, 0xb,
    0xf3, 0x0, 0x0, 0x0, 0xb, 0xf4, 0x0,

    /* U+0127 "ħ" */
    0x11, 0xff, 0x11, 0x10, 0x0, 0x0, 0xd, 0xff,
    0xff, 0xff, 0x70, 0x0, 0x0, 0x34, 0xff, 0x44,
    0x42, 0x0, 0x0, 0x0, 0xf, 0xf0, 0x0, 0x0,
    0x0, 0x0, 0x0, 0xff, 0x8, 0xdf, 0xea, 0x20,
    0x0, 0xf, 0xfd, 0xfe, 0xdf, 0xff, 0x20, 0x0,
    0xff, 0xe4, 0x0, 0xa, 0xfb, 0x0, 0xf, 0xf6,
    0x0, 0x0, 0x1f, 0xf0, 0x0, 0xff, 0x10, 0x0,
    0x0, 0xdf, 0x10, 0xf, 0xf0, 0x0, 0x0, 0xc,
    0xf2, 0x0, 0xff, 0x0, 0x0, 0x0, 0xcf, 0x20,
    0xf, 0xf0, 0x0, 0x0, 0xc, 0xf2, 0x0, 0xff,
    0x0, 0x0, 0x0, 0xcf, 0x20, 0xf, 0xf0, 0x0,
    0x0, 0xc, 0xf2, 0x0, 0xff, 0x0, 0x0, 0x0,
    0xcf, 0x20,

    /* U+0128 "Ĩ" */
    0x0, 0x0, 0x0, 0x4, 0xfe, 0x64, 0xf0, 0xc6,
    0x4f, 0xfa, 0x3, 0x10, 0x2, 0x0, 0x0, 0x0,
    0x0, 0x0, 0xe, 0xf1, 0x0, 0x0, 0xef, 0x10,
    0x0, 0xe, 0xf1, 0x0, 0x0, 0xef, 0x10, 0x0,
    0xe, 0xf1, 0x0, 0x0, 0xef, 0x10, 0x0, 0xe,
    0xf1, 0x0, 0x0, 0xef, 0x10, 0x0, 0xe, 0xf1,
    0x0, 0x0, 0xef, 0x10, 0x0, 0xe, 0xf1, 0x0,
    0x0, 0xef, 0x10, 0x0, 0xe, 0xf1, 0x0, 0x0,
    0xef, 0x10, 0x0,

    /* U+0129 "ĩ" */
    0x7, 0xfb, 0x29, 0x90, 0xf6, 0xaf, 0xf3, 0x3,
    0x0, 0x11, 0x0, 0x0, 0x0, 0x0, 0x0, 0x3f,
    0xb0, 0x0, 0x3, 0xfb, 0x0, 0x0, 0x3f, 0xb0,
    0x0, 0x3, 0xfb, 0x0, 0x0, 0x3f, 0xb0, 0x0,
    0x3, 0xfb, 0x0, 0x0, 0x3f, 0xb0, 0x0, 0x3,
    0xfb, 0x0, 0x0, 0x3f, 0xb0, 0x0, 0x3, 0xfb,
    0x0, 0x0, 0x3f, 0xb0, 0x0,

    /* U+012A "Ī" */
    0x0, 0x0, 0x0, 0x9f, 0xff, 0xfc, 0x13, 0x33,
    0x32, 0x0, 0x0, 0x0, 0x0, 0xef, 0x10, 0x0,
    0xef, 0x10, 0x0, 0xef, 0x10, 0x0, 0xef, 0x10,
    0x0, 0xef, 0x10, 0x0, 0xef, 0x10, 0x0, 0xef,
    0x10, 0x0, 0xef, 0x10, 0x0, 0xef, 0x10, 0x0,
    0xef, 0x10, 0x0, 0xef, 0x10, 0x0, 0xef, 0x10,
    0x0, 0xef, 0x10, 0x0, 0xef, 0x10,

    /* U+012B "ī" */
    0xef, 0xff, 0xf7, 0x33, 0x33, 0x31, 0x0, 0x0,
    0x0, 0x3, 0xfb, 0x0, 0x3, 0xfb, 0x0, 0x3,
    0xfb, 0x0, 0x3, 0xfb, 0x0, 0x3, 0xfb, 0x0,
    0x3, 0xfb, 0x0, 0x3, 0xfb, 0x0, 0x3, 0xfb,
    0x0, 0x3, 0xfb, 0x0, 0x3, 0xfb, 0x0, 0x3,
    0xfb, 0x0,

    /* U+012C "Ĭ" */
    0x8, 0x10, 0x0, 0x72, 0xd, 0xa1, 0x8, 0xf1,
    0x2, 0xcf, 0xfe, 0x40, 0x0, 0x1, 0x10, 0x0,
    0x0, 0x0, 0x0, 0x0, 0x0, 0xe, 0xf1, 0x0,
    0x0, 0xe, 0xf1, 0x0, 0x0, 0xe, 0xf1, 0x0,
    0x0, 0xe, 0xf1, 0x0, 0x0, 0xe, 0xf1, 0x0,
    0x0, 0xe, 0xf1, 0x0, 0x0, 0xe, 0xf1, 0x0,
    0x0, 0xe, 0xf1, 0x0, 0x0, 0xe, 0xf1, 0x0,
    0x0, 0xe, 0xf1, 0x0, 0x0, 0xe, 0xf1, 0x0,
    0x0, 0xe, 0xf1, 0x0, 0x0, 0xe, 0xf1, 0x0,
    0x0, 0xe, 0xf1, 0x0,

    /* U+012D "ĭ" */
    0xd8, 0x1, 0xe6, 0x4e, 0xff, 0xa0, 0x0, 0x10,
    0x0, 0x0, 0x0, 0x0, 0x3, 0xfb, 0x0, 0x3,
    0xfb, 0x0, 0x3, 0xfb, 0x0, 0x3, 0xfb, 0x0,
    0x3, 0xfb, 0x0, 0x3, 0xfb, 0x0, 0x3, 0xfb,
    0x0, 0x3, 0xfb, 0x0, 0x3, 0xfb, 0x0, 0x3,
    0xfb, 0x0, 0x3, 0xfb, 0x0,

    /* U+012E "Į" */
    0xe, 0xf1, 0xe, 0xf1, 0xe, 0xf1, 0xe, 0xf1,
    0xe, 0xf1, 0xe, 0xf1, 0xe, 0xf1, 0xe, 0xf1,
    0xe, 0xf1, 0xe, 0xf1, 0xe, 0xf1, 0xe, 0xf1,
    0xe, 0xf1, 0xf, 0xf1, 0xb, 0x90, 0x4f, 0x10,
    0x6f, 0x21, 0x1d, 0xfa, 0x0, 0x20,

    /* U+012F "į" */
    0x3e, 0xb0, 0x7f, 0xf0, 0x8, 0x40, 0x0, 0x0,
    0x3f, 0xb0, 0x3f, 0xb0, 0x3f, 0xb0, 0x3f, 0xb0,
    0x3f, 0xb0, 0x3f, 0xb0, 0x3f, 0xb0, 0x3f, 0xb0,
    0x3f, 0xb0, 0x3f, 0xb0, 0x3f, 0xf0, 0x2f, 0x40,
    0x9b, 0x0, 0xbb, 0x10, 0x5f, 0xf5, 0x0, 0x10,

    /* U+0130 "İ" */
    0x3, 0x40, 0xf, 0xf3, 0xc, 0xd1, 0x0, 0x0,
    0x0, 0x0, 0xe, 0xf1, 0xe, 0xf1, 0xe, 0xf1,
    0xe, 0xf1, 0xe, 0xf1, 0xe, 0xf1, 0xe, 0xf1,
    0xe, 0xf1, 0xe, 0xf1, 0xe, 0xf1, 0xe, 0xf1,
    0xe, 0xf1, 0xe, 0xf1, 0xe, 0xf1,

    /* U+0131 "ı" */
    0x3f, 0xb3, 0xfb, 0x3f, 0xb3, 0xfb, 0x3f, 0xb3,
    0xfb, 0x3f, 0xb3, 0xfb, 0x3f, 0xb3, 0xfb, 0x3f,
    0xb0,

    /* U+0132 "Ĳ" */
    0xf, 0xf0, 0x0, 0x0, 0x9, 0xf6, 0xf, 0xf0,
    0x0, 0x0, 0x9, 0xf6, 0xf, 0xf0, 0x0, 0x0,
    0x9, 0xf6, 0xf, 0xf0, 0x0, 0x0, 0x9, 0xf6,
    0xf, 0xf0, 0x0, 0x0, 0x9, 0xf6, 0xf, 0xf0,
    0x0, 0x0, 0x9, 0xf6, 0xf, 0xf0, 0x0, 0x0,
    0x9, 0xf6, 0xf, 0xf0, 0x0, 0x0, 0x9, 0xf6,
    0x0, 0x0, 0x0, 0x0, 0x9, 0xf5, 0x0, 0x0,
    0x0, 0x0, 0xc, 0xf3, 0x0, 0x0, 0x0, 0x0,
    0x3f, 0xe0, 0xa, 0x82, 0x0, 0x4, 0xef, 0x70,
    0x1e, 0xff, 0xed, 0xef, 0xfa, 0x0, 0x0, 0x6b,
    0xef, 0xeb, 0x50, 0x0,

    /* U+0133 "ĳ" */
    0x3e, 0xb0, 0x0, 0x7f, 0x67, 0xff, 0x0, 0xc,
    0xfb, 0x8, 0x40, 0x0, 0x28, 0x20, 0x0, 0x0,
    0x0, 0x0, 0x3f, 0xb0, 0x0, 0x8f, 0x63, 0xfb,
    0x0, 0x8, 0xf6, 0x3f, 0xb0, 0x0, 0x8f, 0x63,
    0xfb, 0x0, 0x8, 0xf6, 0x3f, 0xb0, 0x0, 0x8f,
    0x63, 0xfb, 0x0, 0x8, 0xf6, 0x3f, 0xb0, 0x0,
    0x8f, 0x63, 0xfb, 0x0, 0x8, 0xf6, 0x3f, 0xb0,
    0x0, 0x8f, 0x63, 0xfb, 0x0, 0x8, 0xf6, 0x3f,
    0xb0, 0x0, 0x8f, 0x60, 0x0, 0x0, 0x8, 0xf6,
    0x0, 0x0, 0x0, 0xbf, 0x40, 0x0, 0xdb, 0xcf,
    0xd0, 0x0, 0x1b, 0xee, 0xb1, 0x0,

    /* U+0134 "Ĵ" */
    0x0, 0x0, 0x28, 0x70, 0x0, 0x0, 0x1, 0xee,
    0xf9, 0x0, 0x0, 0x1d, 0xd1, 0x6f, 0x70, 0x0,
    0x47, 0x10, 0x5, 0x71, 0x0, 0x0, 0x0, 0x0,
    0x0, 0x0, 0xcf, 0xff, 0xff, 0xf4, 0x0, 0x9c,
    0xcc, 0xcf, 0xf4, 0x0, 0x0, 0x0, 0xb, 0xf4,
    0x0, 0x0, 0x0, 0xb, 0xf4, 0x0, 0x0, 0x0,
    0xb, 0xf4, 0x0, 0x0, 0x0, 0xb, 0xf4, 0x0,
    0x0, 0x0, 0xb, 0xf4, 0x0, 0x0, 0x0, 0xb,
    0xf4, 0x0, 0x0, 0x0, 0xb, 0xf4, 0x0, 0x0,
    0x0, 0xb, 0xf4, 0x1, 0x0, 0x0, 0xd, 0xf2,
    0xc, 0xc2, 0x0, 0x6f, 0xe0, 0xa, 0xff, 0xde,
    0xff, 0x60, 0x0, 0x6c, 0xff, 0xc5, 0x0,

    /* U+0135 "ĵ" */
    0x0, 0x7, 0xff, 0x30, 0x0, 0x5f, 0x7a, 0xe2,
    0x0, 0x75, 0x0, 0x75, 0x0, 0x0, 0x0, 0x0,
    0x0, 0x1, 0xfd, 0x0, 0x0, 0x1, 0xfd, 0x0,
    0x0, 0x1, 0xfd, 0x0, 0x0, 0x1, 0xfd, 0x0,
    0x0, 0x1, 0xfd, 0x0, 0x0, 0x1, 0xfd, 0x0,
    0x0, 0x1, 0xfd, 0x0, 0x0, 0x1, 0xfd, 0x0,
    0x0, 0x1, 0xfd, 0x0, 0x0, 0x1, 0xfd, 0x0,
    0x0, 0x1, 0xfd, 0x0, 0x0, 0x1, 0xfd, 0x0,
    0x0, 0x5, 0xfa, 0x0, 0x7d, 0xbf, 0xf4, 0x0,
    0x7e, 0xfd, 0x50, 0x0,

    /* U+0136 "Ķ" */
    0xef, 0x10, 0x0, 0x0, 0xb, 0xf8, 0xe, 0xf1,
    0x0, 0x0, 0xb, 0xf8, 0x0, 0xef, 0x10, 0x0,
    0xb, 0xf9, 0x0, 0xe, 0xf1, 0x0, 0xa, 0xfa,
    0x0, 0x0, 0xef, 0x10, 0xa, 0xfb, 0x0, 0x0,
    0xe, 0xf1, 0xa, 0xfb, 0x0, 0x0, 0x0, 0xef,
    0x19, 0xff, 0x30, 0x0, 0x0, 0xe, 0xfa, 0xff,
    0xfe, 0x10, 0x0, 0x0, 0xef, 0xfd, 0x1b, 0xfc,
    0x0, 0x0, 0xe, 0xfd, 0x10, 0xc, 0xfa, 0x0,
    0x0, 0xef, 0x20, 0x0, 0x1e, 0xf7, 0x0, 0xe,
    0xf1, 0x0, 0x0, 0x2f, 0xf4, 0x0, 0xef, 0x10,
    0x0, 0x0, 0x4f, 0xf2, 0xe, 0xf1, 0x0, 0x0,
    0x0, 0x6f, 0xd1, 0x0, 0x0, 0x0, 0x0, 0x0,
    0x0, 0x0, 0x0, 0x1, 0x61, 0x0, 0x0, 0x0,
    0x0, 0x0, 0x7f, 0x70, 0x0, 0x0, 0x0, 0x0,
    0x0, 0xf4, 0x0, 0x0, 0x0, 0x0, 0x0, 0x3d,
    0x0, 0x0, 0x0, 0x0,

    /* U+0137 "ķ" */
    0x3f, 0xb0, 0x0, 0x0, 0x0, 0x0, 0x3f, 0xb0,
    0x0, 0x0, 0x0, 0x0, 0x3f, 0xb0, 0x0, 0x0,
    0x0, 0x0, 0x3f, 0xb0, 0x0, 0x0, 0x0, 0x0,
    0x3f, 0xb0, 0x0, 0x2, 0xdf, 0x50, 0x3f, 0xb0,
    0x0, 0x2e, 0xf6, 0x0, 0x3f, 0xb0, 0x3, 0xef,
    0x60, 0x0, 0x3f, 0xb0, 0x3f, 0xf6, 0x0, 0x0,
    0x3f, 0xb4, 0xff, 0x90, 0x0, 0x0, 0x3f, 0xef,
    0xff, 0xf2, 0x0, 0x0, 0x3f, 0xff, 0x49, 0xfd,
    0x0, 0x0, 0x3f, 0xf4, 0x0, 0xcf, 0x90, 0x0,
    0x3f, 0xb0, 0x0, 0x1e, 0xf6, 0x0, 0x3f, 0xb0,
    0x0, 0x4, 0xff, 0x20, 0x3f, 0xb0, 0x0, 0x0,
    0x7f, 0xd0, 0x0, 0x0, 0x0, 0x0, 0x0, 0x0,
    0x0, 0x0, 0x26, 0x0, 0x0, 0x0, 0x0, 0x0,
    0xbf, 0x30, 0x0, 0x0, 0x0, 0x0, 0x4f, 0x0,
    0x0, 0x0, 0x0, 0x0, 0x79, 0x0, 0x0, 0x0,

    /* U+0138 "ĸ" */
    0x3f, 0xb0, 0x0, 0x2, 0xdf, 0x50, 0x3f, 0xb0,
    0x0, 0x2e, 0xf6, 0x0, 0x3f, 0xb0, 0x3, 0xef,
    0x60, 0x0, 0x3f, 0xb0, 0x3f, 0xf6, 0x0, 0x0,
    0x3f, 0xb4, 0xff, 0x90, 0x0, 0x0, 0x3f, 0xef,
    0xff, 0xf2, 0x0, 0x0, 0x3f, 0xff, 0x49, 0xfd,
    0x0, 0x0, 0x3f, 0xf4, 0x0, 0xcf, 0x90, 0x0,
    0x3f, 0xb0, 0x0, 0x1e, 0xf6, 0x0, 0x3f, 0xb0,
    0x0, 0x4, 0xff, 0x20, 0x3f, 0xb0, 0x0, 0x0,
    0x7f, 0xd0,

    /* U+0139 "Ĺ" */
    0x0, 0x4f, 0xd3, 0x0, 0x0, 0x0, 0x5f, 0xa1,
    0x0, 0x0, 0x0, 0x17, 0x50, 0x0, 0x0, 0x0,
    0x0, 0x0, 0x0, 0x0, 0x0, 0x0, 0xe, 0xf1,
    0x0, 0x0, 0x0, 0x0, 0xef, 0x10, 0x0, 0x0,
    0x0, 0xe, 0xf1, 0x0, 0x0, 0x0, 0x0, 0xef,
    0x10, 0x0, 0x0, 0x0, 0xe, 0xf1, 0x0, 0x0,
    0x0, 0x0, 0xef, 0x10, 0x0, 0x0, 0x0, 0xe,
    0xf1, 0x0, 0x0, 0x0, 0x0, 0xef, 0x10, 0x0,
    0x0, 0x0, 0xe, 0xf1, 0x0, 0x0, 0x0, 0x0,
    0xef, 0x10, 0x0, 0x0, 0x0, 0xe, 0xf1, 0x0,
    0x0, 0x0, 0x0, 0xef, 0x10, 0x0, 0x0, 0x0,
    0xe, 0xfc, 0xcc, 0xcc, 0xcc, 0x80, 0xef, 0xff,
    0xff, 0xff, 0xfb,

    /* U+013A "ĺ" */
    0x0, 0x8f, 0xb1, 0x9, 0xf7, 0x0, 0x38, 0x30,
    0x0, 0x0, 0x0, 0x0, 0x3f, 0xb0, 0x0, 0x3f,
    0xb0, 0x0, 0x3f, 0xb0, 0x0, 0x3f, 0xb0, 0x0,
    0x3f, 0xb0, 0x0, 0x3f, 0xb0, 0x0, 0x3f, 0xb0,
    0x0, 0x3f, 0xb0, 0x0, 0x3f, 0xb0, 0x0, 0x3f,
    0xb0, 0x0, 0x3f, 0xb0, 0x0, 0x3f, 0xb0, 0x0,
    0x3f, 0xb0, 0x0, 0x3f, 0xb0, 0x0, 0x3f, 0xb0,
    0x0,

    /* U+013B "Ļ" */
    0xef, 0x10, 0x0, 0x0, 0x0, 0xef, 0x10, 0x0,
    0x0, 0x0, 0xef, 0x10, 0x0, 0x0, 0x0, 0xef,
    0x10, 0x0, 0x0, 0x0, 0xef, 0x10, 0x0, 0x0,
    0x0, 0xef, 0x10, 0x0, 0x0, 0x0, 0xef, 0x10,
    0x0, 0x0, 0x0, 0xef, 0x10, 0x0, 0x0, 0x0,
    0xef, 0x10, 0x0, 0x0, 0x0, 0xef, 0x10, 0x0,
    0x0, 0x0, 0xef, 0x10, 0x0, 0x0, 0x0, 0xef,
    0x10, 0x0, 0x0, 0x0, 0xef, 0xcc, 0xcc, 0xcc,
    0xc8, 0xef, 0xff, 0xff, 0xff, 0xfb, 0x0, 0x0,
    0x0, 0x0, 0x0, 0x0, 0x0, 0x53, 0x0, 0x0,
    0x0, 0x1, 0xfe, 0x0, 0x0, 0x0, 0x0, 0xaa,
    0x0, 0x0, 0x0, 0x0, 0xc4, 0x0, 0x0,

    /* U+013C "ļ" */
    0x3f, 0xb3, 0xfb, 0x3f, 0xb3, 0xfb, 0x3f, 0xb3,
    0xfb, 0x3f, 0xb3, 0xfb, 0x3f, 0xb3, 0xfb, 0x3f,
    0xb3, 0xfb, 0x3f, 0xb3, 0xfb, 0x3f, 0xb0, 0x0,
    0x6, 0x22, 0xfc, 0xb, 0x80, 0xe2,

    /* U+013D "Ľ" */
    0x0, 0x0, 0x0, 0x3f, 0x40, 0xef, 0x10, 0x0,
    0x3f, 0x30, 0xef, 0x10, 0x0, 0x3f, 0x20, 0xef,
    0x10, 0x0, 0x3f, 0x10, 0xef, 0x10, 0x0, 0x0,
    0x0, 0xef, 0x10, 0x0, 0x0, 0x0, 0xef, 0x10,
    0x0, 0x0, 0x0, 0xef, 0x10, 0x0, 0x0, 0x0,
    0xef, 0x10, 0x0, 0x0, 0x0, 0xef, 0x10, 0x0,
    0x0, 0x0, 0xef, 0x10, 0x0, 0x0, 0x0, 0xef,
    0x10, 0x0, 0x0, 0x0, 0xef, 0x10, 0x0, 0x0,
    0x0, 0xef, 0xcc, 0xcc, 0xcc, 0xc8, 0xef, 0xff,
    0xff, 0xff, 0xfb,

    /* U+013E "ľ" */
    0x0, 0x0, 0x7f, 0x3, 0xfb, 0x7, 0xf0, 0x3f,
    0xb0, 0x7f, 0x3, 0xfb, 0x7, 0xe0, 0x3f, 0xb0,
    0x0, 0x3, 0xfb, 0x0, 0x0, 0x3f, 0xb0, 0x0,
    0x3, 0xfb, 0x0, 0x0, 0x3f, 0xb0, 0x0, 0x3,
    0xfb, 0x0, 0x0, 0x3f, 0xb0, 0x0, 0x3, 0xfb,
    0x0, 0x0, 0x3f, 0xb0, 0x0, 0x3, 0xfb, 0x0,
    0x0, 0x3f, 0xb0, 0x0, 0x3, 0xfb, 0x0, 0x0,

    /* U+013F "Ŀ" */
    0xef, 0x10, 0x0, 0x0, 0x0, 0xef, 0x10, 0x0,
    0x0, 0x0, 0xef, 0x10, 0x0, 0x0, 0x0, 0xef,
    0x10, 0x0, 0x0, 0x0, 0xef, 0x10, 0x0, 0x37,
    0x0, 0xef, 0x10, 0x0, 0xdf, 0x60, 0xef, 0x10,
    0x0, 0x9e, 0x30, 0xef, 0x10, 0x0, 0x0, 0x0,
    0xef, 0x10, 0x0, 0x0, 0x0, 0xef, 0x10, 0x0,
    0x0, 0x0, 0xef, 0x10, 0x0, 0x0, 0x0, 0xef,
    0x10, 0x0, 0x0, 0x0, 0xef, 0xcc, 0xcc, 0xcc,
    0xc8, 0xef, 0xff, 0xff, 0xff, 0xfb,

    /* U+0140 "ŀ" */
    0x3f, 0xb0, 0x0, 0x3, 0xfb, 0x0, 0x0, 0x3f,
    0xb0, 0x0, 0x3, 0xfb, 0x0, 0x0, 0x3f, 0xb0,
    0x0, 0x3, 0xfb, 0x0, 0x0, 0x3f, 0xb0, 0x4,
    0x13, 0xfb, 0x6, 0xfb, 0x3f, 0xb0, 0x3e, 0x83,
    0xfb, 0x0, 0x0, 0x3f, 0xb0, 0x0, 0x3, 0xfb,
    0x0, 0x0, 0x3f, 0xb0, 0x0, 0x3, 0xfb, 0x0,
    0x0, 0x3f, 0xb0, 0x0, 0x0,

    /* U+0141 "Ł" */
    0x0, 0xbf, 0x40, 0x0, 0x0, 0x0, 0x0, 0xbf,
    0x40, 0x0, 0x0, 0x0, 0x0, 0xbf, 0x40, 0x0,
    0x0, 0x0, 0x0, 0xbf, 0x40, 0x40, 0x0, 0x0,
    0x0, 0xbf, 0x5c, 0xf2, 0x0, 0x0, 0x0, 0xbf,
    0xfe, 0x40, 0x0, 0x0, 0x0, 0xff, 0xf1, 0x0,
    0x0, 0x0, 0x1b, 0xff, 0x40, 0x0, 0x0, 0x0,
    0x9f, 0xff, 0x40, 0x0, 0x0, 0x0, 0x2, 0xbf,
    0x40, 0x0, 0x0, 0x0, 0x0, 0xbf, 0x40, 0x0,
    0x0, 0x0, 0x0, 0xbf, 0x40, 0x0, 0x0, 0x0,
    0x0, 0xbf, 0xdc, 0xcc, 0xcc, 0xca, 0x0, 0xbf,
    0xff, 0xff, 0xff, 0xfd,

    /* U+0142 "ł" */
    0x0, 0xf, 0xe0, 0x0, 0x0, 0xf, 0xe0, 0x0,
    0x0, 0xf, 0xe0, 0x0, 0x0, 0xf, 0xe0, 0x0,
    0x0, 0xf, 0xe0, 0x0, 0x0, 0xf, 0xe2, 0x40,
    0x0, 0xf, 0xff, 0xc0, 0x0, 0xf, 0xfa, 0x0,
    0x2, 0xdf, 0xf0, 0x0, 0xe, 0xef, 0xe0, 0x0,
    0x4, 0x1f, 0xe0, 0x0, 0x0, 0xf, 0xe0, 0x0,
    0x0, 0xf, 0xe0, 0x0, 0x0, 0xf, 0xe0, 0x0,
    0x0, 0xf, 0xe0, 0x0,

    /* U+0143 "Ń" */
    0x0, 0x0, 0x0, 0x4f, 0xd3, 0x0, 0x0, 0x0,
    0x0, 0x5f, 0xa1, 0x0, 0x0, 0x0, 0x0, 0x17,
    0x50, 0x0, 0x0, 0x0, 0x0, 0x0, 0x0, 0x0,
    0x0, 0x0, 0xef, 0x20, 0x0, 0x0, 0x0, 0xdf,
    0x2e, 0xfd, 0x10, 0x0, 0x0, 0xd, 0xf2, 0xef,
    0xfb, 0x0, 0x0, 0x0, 0xdf, 0x2e, 0xfe, 0xf8,
    0x0, 0x0, 0xd, 0xf2, 0xef, 0x4f, 0xf5, 0x0,
    0x0, 0xdf, 0x2e, 0xf1, 0x5f, 0xf3, 0x0, 0xd,
    0xf2, 0xef, 0x10, 0x8f, 0xe1, 0x0, 0xdf, 0x2e,
    0xf1, 0x0, 0xbf, 0xc0, 0xd, 0xf2, 0xef, 0x10,
    0x1, 0xdf, 0x90, 0xdf, 0x2e, 0xf1, 0x0, 0x2,
    0xff, 0x6d, 0xf2, 0xef, 0x10, 0x0, 0x5, 0xff,
    0xff, 0x2e, 0xf1, 0x0, 0x0, 0x8, 0xff, 0xf2,
    0xef, 0x10, 0x0, 0x0, 0xb, 0xff, 0x2e, 0xf1,
    0x0, 0x0, 0x0, 0xd, 0xf2,

    /* U+0144 "ń" */
    0x0, 0x0, 0x0, 0x7f, 0xb1, 0x0, 0x0, 0x0,
    0x8f, 0x80, 0x0, 0x0, 0x0, 0x28, 0x30, 0x0,
    0x0, 0x0, 0x0, 0x0, 0x0, 0x0, 0x3f, 0xa2,
    0xae, 0xfe, 0x91, 0x3, 0xfd, 0xff, 0xcb, 0xef,
    0xd0, 0x3f, 0xfc, 0x10, 0x1, 0xcf, 0x73, 0xff,
    0x20, 0x0, 0x4, 0xfb, 0x3f, 0xd0, 0x0, 0x0,
    0x1f, 0xd3, 0xfb, 0x0, 0x0, 0x0, 0xfe, 0x3f,
    0xb0, 0x0, 0x0, 0xf, 0xe3, 0xfb, 0x0, 0x0,
    0x0, 0xfe, 0x3f, 0xb0, 0x0, 0x0, 0xf, 0xe3,
    0xfb, 0x0, 0x0, 0x0, 0xfe, 0x3f, 0xb0, 0x0,
    0x0, 0xf, 0xe0,

    /* U+0145 "Ņ" */
    0xef, 0x20, 0x0, 0x0, 0x0, 0xdf, 0x2e, 0xfd,
    0x10, 0x0, 0x0, 0xd, 0xf2, 0xef, 0xfb, 0x0,
    0x0, 0x0, 0xdf, 0x2e, 0xfe, 0xf8, 0x0, 0x0,
    0xd, 0xf2, 0xef, 0x4f, 0xf5, 0x0, 0x0, 0xdf,
    0x2e, 0xf1, 0x5f, 0xf3, 0x0, 0xd, 0xf2, 0xef,
    0x10, 0x8f, 0xe1, 0x0, 0xdf, 0x2e, 0xf1, 0x0,
    0xbf, 0xc0, 0xd, 0xf2, 0xef, 0x10, 0x1, 0xdf,
    0x90, 0xdf, 0x2e, 0xf1, 0x0, 0x2, 0xff, 0x6d,
    0xf2, 0xef, 0x10, 0x0, 0x5, 0xff, 0xff, 0x2e,
    0xf1, 0x0, 0x0, 0x8, 0xff, 0xf2, 0xef, 0x10,
    0x0, 0x0, 0xb, 0xff, 0x2e, 0xf1, 0x0, 0x0,
    0x0, 0xd, 0xf2, 0x0, 0x0, 0x0, 0x0, 0x0,
    0x0, 0x0, 0x0, 0x0, 0x35, 0x0, 0x0, 0x0,
    0x0, 0x0, 0xd, 0xf1, 0x0, 0x0, 0x0, 0x0,
    0x0, 0x6d, 0x0, 0x0, 0x0, 0x0, 0x0, 0x9,
    0x70, 0x0, 0x0, 0x0,

    /* U+0146 "ņ" */
    0x3f, 0xa2, 0xae, 0xfe, 0x91, 0x3, 0xfd, 0xff,
    0xcb, 0xef, 0xd0, 0x3f, 0xfc, 0x10, 0x1, 0xcf,
    0x73, 0xff, 0x20, 0x0, 0x4, 0xfb, 0x3f, 0xd0,
    0x0, 0x0, 0x1f, 0xd3, 0xfb, 0x0, 0x0, 0x0,
    0xfe, 0x3f, 0xb0, 0x0, 0x0, 0xf, 0xe3, 0xfb,
    0x0, 0x0, 0x0, 0xfe, 0x3f, 0xb0, 0x0, 0x0,
    0xf, 0xe3, 0xfb, 0x0, 0x0, 0x0, 0xfe, 0x3f,
    0xb0, 0x0, 0x0, 0xf, 0xe0, 0x0, 0x0, 0x0,
    0x0, 0x0, 0x0, 0x0, 0x5, 0x30, 0x0, 0x0,
    0x0, 0x1, 0xfd, 0x0, 0x0, 0x0, 0x0, 0xa,
    0x90, 0x0, 0x0, 0x0, 0x0, 0xd3, 0x0, 0x0,

    /* U+0147 "Ň" */
    0x0, 0x1d, 0xc1, 0xa, 0xe3, 0x0, 0x0, 0x0,
    0x1c, 0xed, 0xe2, 0x0, 0x0, 0x0, 0x0, 0x7,
    0x82, 0x0, 0x0, 0x0, 0x0, 0x0, 0x0, 0x0,
    0x0, 0x0, 0xef, 0x20, 0x0, 0x0, 0x0, 0xdf,
    0x2e, 0xfd, 0x10, 0x0, 0x0, 0xd, 0xf2, 0xef,
    0xfb, 0x0, 0x0, 0x0, 0xdf, 0x2e, 0xfe, 0xf8,
    0x0, 0x0, 0xd, 0xf2, 0xef, 0x4f, 0xf5, 0x0,
    0x0, 0xdf, 0x2e, 0xf1, 0x5f, 0xf3, 0x0, 0xd,
    0xf2, 0xef, 0x10, 0x8f, 0xe1, 0x0, 0xdf, 0x2e,
    0xf1, 0x0, 0xbf, 0xc0, 0xd, 0xf2, 0xef, 0x10,
    0x1, 0xdf, 0x90, 0xdf, 0x2e, 0xf1, 0x0, 0x2,
    0xff, 0x6d, 0xf2, 0xef, 0x10, 0x0, 0x5, 0xff,
    0xff, 0x2e, 0xf1, 0x0, 0x0, 0x8, 0xff, 0xf2,
    0xef, 0x10, 0x0, 0x0, 0xb, 0xff, 0x2e, 0xf1,
    0x0, 0x0, 0x0, 0xd, 0xf2,

    /* U+0148 "ň" */
    0x0, 0x3f, 0x90, 0x1c, 0xd1, 0x0, 0x0, 0x3e,
    0xce, 0xc1, 0x0, 0x0, 0x0, 0x28, 0x70, 0x0,
    0x0, 0x0, 0x0, 0x0, 0x0, 0x0, 0x3f, 0xa2,
    0xae, 0xfe, 0x91, 0x3, 0xfd, 0xff, 0xcb, 0xef,
    0xd0, 0x3f, 0xfc, 0x10, 0x1, 0xcf, 0x73, 0xff,
    0x20, 0x0, 0x4, 0xfb, 0x3f, 0xd0, 0x0, 0x0,
    0x1f, 0xd3, 0xfb, 0x0, 0x0, 0x0, 0xfe, 0x3f,
    0xb0, 0x0, 0x0, 0xf, 0xe3, 0xfb, 0x0, 0x0,
    0x0, 0xfe, 0x3f, 0xb0, 0x0, 0x0, 0xf, 0xe3,
    0xfb, 0x0, 0x0, 0x0, 0xfe, 0x3f, 0xb0, 0x0,
    0x0, 0xf, 0xe0,

    /* U+0149 "ŉ" */
    0x9f, 0x50, 0x0, 0x0, 0x0, 0x0, 0xd, 0xfa,
    0x0, 0x0, 0x0, 0x0, 0x0, 0x4f, 0x70, 0x0,
    0x0, 0x0, 0x0, 0x5, 0xf2, 0x0, 0x0, 0x0,
    0x0, 0x0, 0x9d, 0x3f, 0x92, 0xae, 0xfd, 0x80,
    0x9, 0x63, 0xfd, 0xff, 0xcb, 0xff, 0xc0, 0x0,
    0x3f, 0xfb, 0x10, 0x1, 0xdf, 0x60, 0x3, 0xff,
    0x10, 0x0, 0x5, 0xfa, 0x0, 0x3f, 0xc0, 0x0,
    0x0, 0x2f, 0xc0, 0x3, 0xfb, 0x0, 0x0, 0x1,
    0xfd, 0x0, 0x3f, 0xb0, 0x0, 0x0, 0x1f, 0xd0,
    0x3, 0xfb, 0x0, 0x0, 0x1, 0xfd, 0x0, 0x3f,
    0xb0, 0x0, 0x0, 0x1f, 0xd0, 0x3, 0xfb, 0x0,
    0x0, 0x1, 0xfd, 0x0, 0x3f, 0xb0, 0x0, 0x0,
    0x1f, 0xd0,

    /* U+014A "Ŋ" */
    0xef, 0x20, 0x0, 0x0, 0x0, 0xdf, 0x2e, 0xfd,
    0x10, 0x0, 0x0, 0xd, 0xf2, 0xef, 0xfb, 0x0,
    0x0, 0x0, 0xdf, 0x2e, 0xfe, 0xf8, 0x0, 0x0,
    0xd, 0xf2, 0xef, 0x4f, 0xf5, 0x0, 0x0, 0xdf,
    0x2e, 0xf1, 0x5f, 0xf3, 0x0, 0xd, 0xf2, 0xef,
    0x10, 0x8f, 0xe1, 0x0, 0xdf, 0x2e, 0xf1, 0x0,
    0xbf, 0xc0, 0xd, 0xf2, 0xef, 0x10, 0x1, 0xdf,
    0x90, 0xdf, 0x2e, 0xf1, 0x0, 0x2, 0xff, 0x6d,
    0xf2, 0xef, 0x10, 0x0, 0x5, 0xff, 0xff, 0x2e,
    0xf1, 0x0, 0x0, 0x8, 0xff, 0xf2, 0xef, 0x10,
    0x0, 0x0, 0xb, 0xff, 0x2e, 0xf1, 0x0, 0x0,
    0x0, 0xf, 0xf1, 0x0, 0x0, 0x0, 0x0, 0x0,
    0xff, 0x0, 0x0, 0x3, 0xb1, 0x0, 0x8f, 0xc0,
    0x0, 0x0, 0x8f, 0xfc, 0xef, 0xf4, 0x0, 0x0,
    0x0, 0x6c, 0xff, 0xb3, 0x0,

    /* U+014B "ŋ" */
    0x3f, 0xa2, 0xae, 0xfe, 0x91, 0x3, 0xfd, 0xff,
    0xcb, 0xef, 0xd0, 0x3f, 0xfc, 0x10, 0x1, 0xcf,
    0x73, 0xff, 0x20, 0x0, 0x4, 0xfb, 0x3f, 0xd0,
    0x0, 0x0, 0x1f, 0xd3, 0xfb, 0x0, 0x0, 0x0,
    0xfe, 0x3f, 0xb0, 0x0, 0x0, 0xf, 0xe3, 0xfb,
    0x0, 0x0, 0x0, 0xfe, 0x3f, 0xb0, 0x0, 0x0,
    0xf, 0xe3, 0xfb, 0x0, 0x0, 0x0, 0xfe, 0x3f,
    0xb0, 0x0, 0x0, 0xf, 0xe0, 0x0, 0x0, 0x0,
    0x1, 0xfd, 0x0, 0x0, 0x0, 0x0, 0x4f, 0xb0,
    0x0, 0x0, 0x7d, 0xbf, 0xf4, 0x0, 0x0, 0x6,
    0xdf, 0xd6, 0x0,

    /* U+014C "Ō" */
    0x0, 0x0, 0x0, 0x0, 0x0, 0x0, 0x0, 0x0,
    0x0, 0x0, 0xd, 0xff, 0xff, 0xfb, 0x0, 0x0,
    0x0, 0x0, 0x2, 0x33, 0x33, 0x32, 0x0, 0x0,
    0x0, 0x0, 0x0, 0x0, 0x0, 0x0, 0x0, 0x0,
    0x0, 0x0, 0x0, 0x0, 0x0, 0x0, 0x0, 0x0,
    0x0, 0x0, 0x17, 0xce, 0xfe, 0xb6, 0x0, 0x0,
    0x0, 0x5, 0xef, 0xfe, 0xdf, 0xff, 0xd3, 0x0,
    0x0, 0x5f, 0xf9, 0x20, 0x0, 0x3b, 0xff, 0x30,
    0x1, 0xff, 0x50, 0x0, 0x0, 0x0, 0x9f, 0xd0,
    0x9, 0xf9, 0x0, 0x0, 0x0, 0x0, 0xd, 0xf5,
    0xd, 0xf3, 0x0, 0x0, 0x0, 0x0, 0x6, 0xfa,
    0xf, 0xf0, 0x0, 0x0, 0x0, 0x0, 0x3, 0xfc,
    0xf, 0xf0, 0x0, 0x0, 0x0, 0x0, 0x3, 0xfc,
    0xd, 0xf3, 0x0, 0x0, 0x0, 0x0, 0x6, 0xfa,
    0x9, 0xf9, 0x0, 0x0, 0x0, 0x0, 0xd, 0xf5,
    0x1, 0xff, 0x60, 0x0, 0x0, 0x0, 0x9f, 0xd0,
    0x0, 0x5f, 0xf9, 0x20, 0x0, 0x3b, 0xff, 0x30,
    0x0, 0x5, 0xef, 0xff, 0xdf, 0xff, 0xd3, 0x0,
    0x0, 0x0, 0x17, 0xce, 0xfe, 0xb6, 0x0, 0x0,

    /* U+014D "ō" */
    0x0, 0xe, 0xff, 0xff, 0xf9, 0x0, 0x0, 0x3,
    0x33, 0x33, 0x32, 0x0, 0x0, 0x0, 0x0, 0x0,
    0x0, 0x0, 0x0, 0x3, 0xae, 0xfd, 0x91, 0x0,
    0x0, 0x7f, 0xfd, 0xce, 0xfe, 0x40, 0x4, 0xfe,
    0x40, 0x0, 0x7f, 0xe1, 0xc, 0xf4, 0x0, 0x0,
    0x9, 0xf7, 0xf, 0xe0, 0x0, 0x0, 0x3, 0xfb,
    0x2f, 0xc0, 0x0, 0x0, 0x1, 0xfd, 0xf, 0xe0,
    0x0, 0x0, 0x3, 0xfb, 0xc, 0xf4, 0x0, 0x0,
    0x9, 0xf7, 0x4, 0xfe, 0x40, 0x0, 0x7f, 0xe1,
    0x0, 0x7f, 0xfd, 0xce, 0xfe, 0x30, 0x0, 0x3,
    0xae, 0xfd, 0x91, 0x0,

    /* U+014E "Ŏ" */
    0x0, 0x0, 0x6, 0x40, 0x0, 0x54, 0x0, 0x0,
    0x0, 0x0, 0x8, 0xe3, 0x4, 0xf6, 0x0, 0x0,
    0x0, 0x0, 0x0, 0xaf, 0xff, 0x80, 0x0, 0x0,
    0x0, 0x0, 0x0, 0x0, 0x20, 0x0, 0x0, 0x0,
    0x0, 0x0, 0x0, 0x0, 0x0, 0x0, 0x0, 0x0,
    0x0, 0x0, 0x17, 0xce, 0xfe, 0xb6, 0x0, 0x0,
    0x0, 0x5, 0xef, 0xfe, 0xdf, 0xff, 0xd3, 0x0,
    0x0, 0x5f, 0xf9, 0x20, 0x0, 0x3b, 0xff, 0x30,
    0x1, 0xff, 0x50, 0x0, 0x0, 0x0, 0x9f, 0xd0,
    0x9, 0xf9, 0x0, 0x0, 0x0, 0x0, 0xd, 0xf5,
    0xd, 0xf3, 0x0, 0x0, 0x0, 0x0, 0x6, 0xfa,
    0xf, 0xf0, 0x0, 0x0, 0x0, 0x0, 0x3, 0xfc,
    0xf, 0xf0, 0x0, 0x0, 0x0, 0x0, 0x3, 0xfc,
    0xd, 0xf3, 0x0, 0x0, 0x0, 0x0, 0x6, 0xfa,
    0x9, 0xf9, 0x0, 0x0, 0x0, 0x0, 0xd, 0xf5,
    0x1, 0xff, 0x60, 0x0, 0x0, 0x0, 0x9f, 0xd0,
    0x0, 0x5f, 0xf9, 0x20, 0x0, 0x3b, 0xff, 0x30,
    0x0, 0x5, 0xef, 0xff, 0xdf, 0xff, 0xd3, 0x0,
    0x0, 0x0, 0x17, 0xce, 0xfe, 0xb6, 0x0, 0x0,

    /* U+014F "ŏ" */
    0x0, 0xc, 0xb1, 0x3, 0xe6, 0x0, 0x0, 0x2,
    0xcf, 0xff, 0x90, 0x0, 0x0, 0x0, 0x0, 0x20,
    0x0, 0x0, 0x0, 0x0, 0x0, 0x0, 0x0, 0x0,
    0x0, 0x3, 0xae, 0xfd, 0x91, 0x0, 0x0, 0x7f,
    0xfd, 0xce, 0xfe, 0x40, 0x4, 0xfe, 0x40, 0x0,
    0x7f, 0xe1, 0xc, 0xf4, 0x0, 0x0, 0x9, 0xf7,
    0xf, 0xe0, 0x0, 0x0, 0x3, 0xfb, 0x2f, 0xc0,
    0x0, 0x0, 0x1, 0xfd, 0xf, 0xe0, 0x0, 0x0,
    0x3, 0xfb, 0xc, 0xf4, 0x0, 0x0, 0x9, 0xf7,
    0x4, 0xfe, 0x40, 0x0, 0x7f, 0xe1, 0x0, 0x7f,
    0xfd, 0xce, 0xfe, 0x30, 0x0, 0x3, 0xae, 0xfd,
    0x91, 0x0,

    /* U+0150 "Ő" */
    0x0, 0x0, 0x0, 0x6, 0xa4, 0x1a, 0x90, 0x0,
    0x0, 0x0, 0x0, 0x2f, 0xb0, 0xaf, 0x30, 0x0,
    0x0, 0x0, 0x0, 0xcd, 0x4, 0xf6, 0x0, 0x0,
    0x0, 0x0, 0x0, 0x0, 0x0, 0x0, 0x0, 0x0,
    0x0, 0x0, 0x0, 0x0, 0x0, 0x0, 0x0, 0x0,
    0x0, 0x0, 0x17, 0xce, 0xfe, 0xb6, 0x0, 0x0,
    0x0, 0x5, 0xef, 0xfe, 0xdf, 0xff, 0xd3, 0x0,
    0x0, 0x5f, 0xf9, 0x20, 0x0, 0x3b, 0xff, 0x30,
    0x1, 0xff, 0x50, 0x0, 0x0, 0x0, 0x9f, 0xd0,
    0x9, 0xf9, 0x0, 0x0, 0x0, 0x0, 0xd, 0xf5,
    0xd, 0xf3, 0x0, 0x0, 0x0, 0x0, 0x6, 0xfa,
    0xf, 0xf0, 0x0, 0x0, 0x0, 0x0, 0x3, 0xfc,
    0xf, 0xf0, 0x0, 0x0, 0x0, 0x0, 0x3, 0xfc,
    0xd, 0xf3, 0x0, 0x0, 0x0, 0x0, 0x6, 0xfa,
    0x9, 0xf9, 0x0, 0x0, 0x0, 0x0, 0xd, 0xf5,
    0x1, 0xff, 0x60, 0x0, 0x0, 0x0, 0x9f, 0xd0,
    0x0, 0x5f, 0xf9, 0x20, 0x0, 0x3b, 0xff, 0x30,
    0x0, 0x5, 0xef, 0xff, 0xdf, 0xff, 0xd3, 0x0,
    0x0, 0x0, 0x17, 0xce, 0xfe, 0xb6, 0x0, 0x0,

    /* U+0151 "ő" */
    0x0, 0x0, 0xc, 0xf3, 0x4f, 0xa0, 0x0, 0x0,
    0x6f, 0x60, 0xed, 0x0, 0x0, 0x0, 0xa7, 0x5,
    0xa2, 0x0, 0x0, 0x0, 0x0, 0x0, 0x0, 0x0,
    0x0, 0x3, 0xae, 0xfd, 0x91, 0x0, 0x0, 0x7f,
    0xfd, 0xce, 0xfe, 0x40, 0x4, 0xfe, 0x40, 0x0,
    0x7f, 0xe1, 0xc, 0xf4, 0x0, 0x0, 0x9, 0xf7,
    0xf, 0xe0, 0x0, 0x0, 0x3, 0xfb, 0x2f, 0xc0,
    0x0, 0x0, 0x1, 0xfd, 0xf, 0xe0, 0x0, 0x0,
    0x3, 0xfb, 0xc, 0xf4, 0x0, 0x0, 0x9, 0xf7,
    0x4, 0xfe, 0x40, 0x0, 0x7f, 0xe1, 0x0, 0x7f,
    0xfd, 0xce, 0xfe, 0x30, 0x0, 0x3, 0xae, 0xfd,
    0x91, 0x0,

    /* U+0152 "Œ" */
    0x0, 0x0, 0x17, 0xce, 0xff, 0xff, 0xff, 0xff,
    0xff, 0xff, 0xf1, 0x0, 0x5, 0xff, 0xfe, 0xdc,
    0xcf, 0xfd, 0xcc, 0xcc, 0xcc, 0xc1, 0x0, 0x6f,
    0xf9, 0x20, 0x0, 0xc, 0xf3, 0x0, 0x0, 0x0,
    0x0, 0x2, 0xff, 0x40, 0x0, 0x0, 0xc, 0xf3,
    0x0, 0x0, 0x0, 0x0, 0x9, 0xf9, 0x0, 0x0,
    0x0, 0xc, 0xf3, 0x0, 0x0, 0x0, 0x0, 0xd,
    0xf2, 0x0, 0x0, 0x0, 0xc, 0xf3, 0x0, 0x0,
    0x0, 0x0, 0xf, 0xf0, 0x0, 0x0, 0x0, 0xc,
    0xff, 0xff, 0xff, 0xff, 0x30, 0xf, 0xf0, 0x0,
    0x0, 0x0, 0xc, 0xfc, 0xcc, 0xcc, 0xcc, 0x20,
    0xd, 0xf2, 0x0, 0x0, 0x0, 0xc, 0xf3, 0x0,
    0x0, 0x0, 0x0, 0x9, 0xf9, 0x0, 0x0, 0x0,
    0xc, 0xf3, 0x0, 0x0, 0x0, 0x0, 0x2, 0xff,
    0x40, 0x0, 0x0, 0xc, 0xf3, 0x0, 0x0, 0x0,
    0x0, 0x0, 0x6f, 0xf8, 0x20, 0x0, 0xc, 0xf3,
    0x0, 0x0, 0x0, 0x0, 0x0, 0x6, 0xff, 0xfe,
    0xcc, 0xcf, 0xfd, 0xcc, 0xcc, 0xcc, 0xc4, 0x0,
    0x0, 0x17, 0xce, 0xff, 0xff, 0xff, 0xff, 0xff,
    0xff, 0xf6,

    /* U+0153 "œ" */
    0x0, 0x3, 0xae, 0xfd, 0x81, 0x0, 0x3a, 0xef,
    0xd7, 0x0, 0x0, 0x7, 0xff, 0xdc, 0xef, 0xe2,
    0x5f, 0xfd, 0xcf, 0xfc, 0x0, 0x4, 0xfe, 0x40,
    0x0, 0x7f, 0xdf, 0xe4, 0x0, 0xa, 0xfa, 0x0,
    0xcf, 0x40, 0x0, 0x0, 0x9f, 0xf5, 0x0, 0x0,
    0xd, 0xf1, 0xf, 0xe0, 0x0, 0x0, 0x3, 0xff,
    0x11, 0x11, 0x11, 0x8f, 0x52, 0xfc, 0x0, 0x0,
    0x0, 0x1f, 0xff, 0xff, 0xff, 0xff, 0xf7, 0xf,
    0xe0, 0x0, 0x0, 0x3, 0xff, 0x44, 0x44, 0x44,
    0x44, 0x10, 0xcf, 0x40, 0x0, 0x0, 0x9f, 0xf4,
    0x0, 0x0, 0x0, 0x0, 0x4, 0xfe, 0x40, 0x0,
    0x7f, 0xef, 0xe5, 0x0, 0x1, 0xa3, 0x0, 0x7,
    0xff, 0xdc, 0xef, 0xe3, 0x5f, 0xfe, 0xcd, 0xff,
    0x70, 0x0, 0x3, 0xae, 0xfd, 0x91, 0x0, 0x29,
    0xef, 0xeb, 0x40, 0x0,

    /* U+0154 "Ŕ" */
    0x0, 0x0, 0x2, 0xdf, 0x50, 0x0, 0x0, 0x0,
    0x2e, 0xd2, 0x0, 0x0, 0x0, 0x0, 0x67, 0x0,
    0x0, 0x0, 0x0, 0x0, 0x0, 0x0, 0x0, 0x0,
    0xef, 0xff, 0xff, 0xec, 0x70, 0x0, 0xef, 0xdc,
    0xcd, 0xef, 0xfd, 0x20, 0xef, 0x10, 0x0, 0x2,
    0xbf, 0xc0, 0xef, 0x10, 0x0, 0x0, 0xe, 0xf3,
    0xef, 0x10, 0x0, 0x0, 0xa, 0xf5, 0xef, 0x10,
    0x0, 0x0, 0xb, 0xf5, 0xef, 0x10, 0x0, 0x0,
    0x2f, 0xf2, 0xef, 0x10, 0x0, 0x15, 0xdf, 0xa0,
    0xef, 0xff, 0xff, 0xff, 0xfa, 0x0, 0xef, 0xcc,
    0xcb, 0xdf, 0x90, 0x0, 0xef, 0x10, 0x0, 0x1e,
    0xf3, 0x0, 0xef, 0x10, 0x0, 0x4, 0xfd, 0x0,
    0xef, 0x10, 0x0, 0x0, 0x9f, 0x90, 0xef, 0x10,
    0x0, 0x0, 0xd, 0xf4,

    /* U+0155 "ŕ" */
    0x0, 0x0, 0x9f, 0xa0, 0x0, 0xb, 0xf5, 0x0,
    0x0, 0x47, 0x20, 0x0, 0x0, 0x0, 0x0, 0x0,
    0x3f, 0xa2, 0xae, 0x80, 0x3f, 0xcf, 0xfe, 0x60,
    0x3f, 0xfd, 0x30, 0x0, 0x3f, 0xf3, 0x0, 0x0,
    0x3f, 0xe0, 0x0, 0x0, 0x3f, 0xc0, 0x0, 0x0,
    0x3f, 0xb0, 0x0, 0x0, 0x3f, 0xb0, 0x0, 0x0,
    0x3f, 0xb0, 0x0, 0x0, 0x3f, 0xb0, 0x0, 0x0,
    0x3f, 0xb0, 0x0, 0x0,

    /* U+0156 "Ŗ" */
    0xef, 0xff, 0xff, 0xec, 0x70, 0x0, 0xef, 0xdc,
    0xcd, 0xef, 0xfd, 0x20, 0xef, 0x10, 0x0, 0x2,
    0xbf, 0xc0, 0xef, 0x10, 0x0, 0x0, 0xe, 0xf3,
    0xef, 0x10, 0x0, 0x0, 0xa, 0xf5, 0xef, 0x10,
    0x0, 0x0, 0xb, 0xf5, 0xef, 0x10, 0x0, 0x0,
    0x2f, 0xf2, 0xef, 0x10, 0x0, 0x15, 0xdf, 0xa0,
    0xef, 0xff, 0xff, 0xff, 0xfa, 0x0, 0xef, 0xcc,
    0xcb, 0xdf, 0x90, 0x0, 0xef, 0x10, 0x0, 0x1e,
    0xf3, 0x0, 0xef, 0x10, 0x0, 0x4, 0xfd, 0x0,
    0xef, 0x10, 0x0, 0x0, 0x9f, 0x90, 0xef, 0x10,
    0x0, 0x0, 0xd, 0xf4, 0x0, 0x0, 0x0, 0x0,
    0x0, 0x0, 0x0, 0x0, 0x26, 0x0, 0x0, 0x0,
    0x0, 0x0, 0x9f, 0x50, 0x0, 0x0, 0x0, 0x0,
    0x3f, 0x10, 0x0, 0x0, 0x0, 0x0, 0x5b, 0x0,
    0x0, 0x0,

    /* U+0157 "ŗ" */
    0x3f, 0xa2, 0xae, 0x83, 0xfc, 0xff, 0xe6, 0x3f,
    0xfd, 0x30, 0x3, 0xff, 0x30, 0x0, 0x3f, 0xe0,
    0x0, 0x3, 0xfc, 0x0, 0x0, 0x3f, 0xb0, 0x0,
    0x3, 0xfb, 0x0, 0x0, 0x3f, 0xb0, 0x0, 0x3,
    0xfb, 0x0, 0x0, 0x3f, 0xb0, 0x0, 0x0, 0x0,
    0x0, 0x0, 0x5, 0x30, 0x0, 0x1, 0xfe, 0x0,
    0x0, 0xa, 0xa0, 0x0, 0x0, 0xc4, 0x0, 0x0,

    /* U+0158 "Ř" */
    0x0, 0xae, 0x30, 0x7f, 0x60, 0x0, 0x0, 0xa,
    0xfb, 0xf5, 0x0, 0x0, 0x0, 0x0, 0x68, 0x40,
    0x0, 0x0, 0x0, 0x0, 0x0, 0x0, 0x0, 0x0,
    0xef, 0xff, 0xff, 0xec, 0x70, 0x0, 0xef, 0xdc,
    0xcd, 0xef, 0xfd, 0x20, 0xef, 0x10, 0x0, 0x2,
    0xbf, 0xc0, 0xef, 0x10, 0x0, 0x0, 0xe, 0xf3,
    0xef, 0x10, 0x0, 0x0, 0xa, 0xf5, 0xef, 0x10,
    0x0, 0x0, 0xb, 0xf5, 0xef, 0x10, 0x0, 0x0,
    0x2f, 0xf2, 0xef, 0x10, 0x0, 0x15, 0xdf, 0xa0,
    0xef, 0xff, 0xff, 0xff, 0xfa, 0x0, 0xef, 0xcc,
    0xcb, 0xdf, 0x90, 0x0, 0xef, 0x10, 0x0, 0x1e,
    0xf3, 0x0, 0xef, 0x10, 0x0, 0x4, 0xfd, 0x0,
    0xef, 0x10, 0x0, 0x0, 0x9f, 0x90, 0xef, 0x10,
    0x0, 0x0, 0xd, 0xf4,

    /* U+0159 "ř" */
    0x6f, 0x70, 0x3e, 0xb0, 0x5, 0xfc, 0xfa, 0x0,
    0x0, 0x48, 0x60, 0x0, 0x0, 0x0, 0x0, 0x0,
    0x3f, 0xa2, 0xae, 0x80, 0x3f, 0xcf, 0xfe, 0x60,
    0x3f, 0xfd, 0x30, 0x0, 0x3f, 0xf3, 0x0, 0x0,
    0x3f, 0xe0, 0x0, 0x0, 0x3f, 0xc0, 0x0, 0x0,
    0x3f, 0xb0, 0x0, 0x0, 0x3f, 0xb0, 0x0, 0x0,
    0x3f, 0xb0, 0x0, 0x0, 0x3f, 0xb0, 0x0, 0x0,
    0x3f, 0xb0, 0x0, 0x0,

    /* U+015A "Ś" */
    0x0, 0x0, 0x0, 0x4, 0x86, 0x0, 0x0, 0x0,
    0x0, 0x4f, 0xd2, 0x0, 0x0, 0x0, 0x3, 0xfc,
    0x10, 0x0, 0x0, 0x0, 0x6, 0x70, 0x0, 0x0,
    0x0, 0x0, 0x0, 0x0, 0x0, 0x0, 0x0, 0x6,
    0xce, 0xfe, 0xc7, 0x10, 0x0, 0xcf, 0xfd, 0xcd,
    0xff, 0xd0, 0x8, 0xfc, 0x20, 0x0, 0x16, 0x60,
    0xc, 0xf3, 0x0, 0x0, 0x0, 0x0, 0xc, 0xf4,
    0x0, 0x0, 0x0, 0x0, 0x6, 0xfe, 0x61, 0x0,
    0x0, 0x0, 0x0, 0x8f, 0xff, 0xc8, 0x40, 0x0,
    0x0, 0x1, 0x6b, 0xef, 0xfd, 0x40, 0x0, 0x0,
    0x0, 0x3, 0x9f, 0xf2, 0x0, 0x0, 0x0, 0x0,
    0x8, 0xf8, 0x1, 0x0, 0x0, 0x0, 0x7, 0xf8,
    0xd, 0xb3, 0x0, 0x0, 0x3e, 0xf4, 0xa, 0xff,
    0xfc, 0xce, 0xff, 0x90, 0x0, 0x39, 0xdf, 0xfe,
    0xa4, 0x0,

    /* U+015B "ś" */
    0x0, 0x0, 0x5, 0xfd, 0x20, 0x0, 0x0, 0x6f,
    0xa0, 0x0, 0x0, 0x2, 0x95, 0x0, 0x0, 0x0,
    0x0, 0x0, 0x0, 0x0, 0x0, 0x5c, 0xef, 0xea,
    0x50, 0x9, 0xff, 0xcb, 0xdf, 0xd0, 0x1f, 0xe1,
    0x0, 0x2, 0x30, 0x2f, 0xd0, 0x0, 0x0, 0x0,
    0xd, 0xfc, 0x73, 0x0, 0x0, 0x1, 0xbf, 0xff,
    0xfb, 0x30, 0x0, 0x1, 0x47, 0xcf, 0xf2, 0x0,
    0x0, 0x0, 0x9, 0xf6, 0x9, 0x30, 0x0, 0xb,
    0xf5, 0x5f, 0xfe, 0xbb, 0xef, 0xc0, 0x4, 0xae,
    0xfe, 0xc7, 0x0,

    /* U+015C "Ŝ" */
    0x0, 0x0, 0x5, 0x84, 0x0, 0x0, 0x0, 0x0,
    0x5f, 0xef, 0x40, 0x0, 0x0, 0x4, 0xf9, 0xb,
    0xf2, 0x0, 0x0, 0x7, 0x60, 0x0, 0x76, 0x0,
    0x0, 0x0, 0x0, 0x0, 0x0, 0x0, 0x0, 0x6,
    0xce, 0xfe, 0xc7, 0x10, 0x0, 0xcf, 0xfd, 0xcd,
    0xff, 0xd0, 0x8, 0xfc, 0x20, 0x0, 0x16, 0x60,
    0xc, 0xf3, 0x0, 0x0, 0x0, 0x0, 0xc, 0xf4,
    0x0, 0x0, 0x0, 0x0, 0x6, 0xfe, 0x61, 0x0,
    0x0, 0x0, 0x0, 0x8f, 0xff, 0xc8, 0x40, 0x0,
    0x0, 0x1, 0x6b, 0xef, 0xfd, 0x40, 0x0, 0x0,
    0x0, 0x3, 0x9f, 0xf2, 0x0, 0x0, 0x0, 0x0,
    0x8, 0xf8, 0x1, 0x0, 0x0, 0x0, 0x7, 0xf8,
    0xd, 0xb3, 0x0, 0x0, 0x3e, 0xf4, 0xa, 0xff,
    0xfc, 0xce, 0xff, 0x90, 0x0, 0x39, 0xdf, 0xfe,
    0xa4, 0x0,

    /* U+015D "ŝ" */
    0x0, 0x7, 0xff, 0x60, 0x0, 0x0, 0x8f, 0x68,
    0xf6, 0x0, 0x3, 0x94, 0x0, 0x59, 0x20, 0x0,
    0x0, 0x0, 0x0, 0x0, 0x0, 0x5c, 0xef, 0xea,
    0x50, 0x9, 0xff, 0xcb, 0xdf, 0xd0, 0x1f, 0xe1,
    0x0, 0x2, 0x30, 0x2f, 0xd0, 0x0, 0x0, 0x0,
    0xd, 0xfc, 0x73, 0x0, 0x0, 0x1, 0xbf, 0xff,
    0xfb, 0x30, 0x0, 0x1, 0x47, 0xcf, 0xf2, 0x0,
    0x0, 0x0, 0x9, 0xf6, 0x9, 0x30, 0x0, 0xb,
    0xf5, 0x5f, 0xfe, 0xbb, 0xef, 0xc0, 0x4, 0xae,
    0xfe, 0xc7, 0x0,

    /* U+015E "Ş" */
    0x0, 0x6, 0xce, 0xfe, 0xc7, 0x10, 0x0, 0xcf,
    0xfd, 0xcd, 0xff, 0xd0, 0x8, 0xfc, 0x20, 0x0,
    0x16, 0x60, 0xc, 0xf3, 0x0, 0x0, 0x0, 0x0,
    0xc, 0xf4, 0x0, 0x0, 0x0, 0x0, 0x6, 0xfe,
    0x61, 0x0, 0x0, 0x0, 0x0, 0x8f, 0xff, 0xc8,
    0x40, 0x0, 0x0, 0x1, 0x6b, 0xef, 0xfd, 0x40,
    0x0, 0x0, 0x0, 0x3, 0x9f, 0xf2, 0x0, 0x0,
    0x0, 0x0, 0x8, 0xf8, 0x1, 0x0, 0x0, 0x0,
    0x7, 0xf8, 0xd, 0xb3, 0x0, 0x0, 0x3e, 0xf4,
    0xa, 0xff, 0xfc, 0xce, 0xff, 0x90, 0x0, 0x39,
    0xdf, 0xfe, 0xa4, 0x0, 0x0, 0x0, 0x5, 0xd0,
    0x0, 0x0, 0x0, 0x0, 0x4, 0xbe, 0x20, 0x0,
    0x0, 0x0, 0x10, 0x1f, 0x50, 0x0, 0x0, 0x0,
    0x9f, 0xfc, 0x10, 0x0, 0x0, 0x0, 0x1, 0x10,
    0x0, 0x0,

    /* U+015F "ş" */
    0x0, 0x5c, 0xef, 0xea, 0x50, 0x9, 0xff, 0xcb,
    0xdf, 0xd0, 0x1f, 0xe1, 0x0, 0x2, 0x30, 0x2f,
    0xd0, 0x0, 0x0, 0x0, 0xd, 0xfc, 0x73, 0x0,
    0x0, 0x1, 0xbf, 0xff, 0xfb, 0x30, 0x0, 0x1,
    0x47, 0xcf, 0xf2, 0x0, 0x0, 0x0, 0x9, 0xf6,
    0x9, 0x30, 0x0, 0xb, 0xf5, 0x5f, 0xfe, 0xbb,
    0xef, 0xc0, 0x4, 0xae, 0xff, 0xc7, 0x0, 0x0,
    0x0, 0xc5, 0x0, 0x0, 0x0, 0x0, 0x9e, 0x80,
    0x0, 0x0, 0x1, 0x8, 0xe0, 0x0, 0x0, 0x2f,
    0xff, 0x60, 0x0, 0x0, 0x0, 0x10, 0x0, 0x0,

    /* U+0160 "Š" */
    0x0, 0x7, 0x60, 0x0, 0x76, 0x0, 0x0, 0x4,
    0xfa, 0xb, 0xf2, 0x0, 0x0, 0x0, 0x5f, 0xef,
    0x40, 0x0, 0x0, 0x0, 0x5, 0x84, 0x0, 0x0,
    0x0, 0x0, 0x0, 0x0, 0x0, 0x0, 0x0, 0x6,
    0xce, 0xfe, 0xc7, 0x10, 0x0, 0xcf, 0xfd, 0xcd,
    0xff, 0xd0, 0x8, 0xfc, 0x20, 0x0, 0x16, 0x60,
    0xc, 0xf3, 0x0, 0x0, 0x0, 0x0, 0xc, 0xf4,
    0x0, 0x0, 0x0, 0x0, 0x6, 0xfe, 0x61, 0x0,
    0x0, 0x0, 0x0, 0x8f, 0xff, 0xc8, 0x40, 0x0,
    0x0, 0x1, 0x6b, 0xef, 0xfd, 0x40, 0x0, 0x0,
    0x0, 0x3, 0x9f, 0xf2, 0x0, 0x0, 0x0, 0x0,
    0x8, 0xf8, 0x1, 0x0, 0x0, 0x0, 0x7, 0xf8,
    0xd, 0xb3, 0x0, 0x0, 0x3e, 0xf4, 0xa, 0xff,
    0xfc, 0xce, 0xff, 0x90, 0x0, 0x39, 0xdf, 0xfe,
    0xa4, 0x0,

    /* U+0161 "š" */
    0x3, 0xea, 0x1, 0xbe, 0x20, 0x0, 0x2e, 0xdd,
    0xd2, 0x0, 0x0, 0x2, 0x99, 0x10, 0x0, 0x0,
    0x0, 0x0, 0x0, 0x0, 0x0, 0x5c, 0xef, 0xea,
    0x50, 0x9, 0xff, 0xcb, 0xdf, 0xd0, 0x1f, 0xe1,
    0x0, 0x2, 0x30, 0x2f, 0xd0, 0x0, 0x0, 0x0,
    0xd, 0xfc, 0x73, 0x0, 0x0, 0x1, 0xbf, 0xff,
    0xfb, 0x30, 0x0, 0x1, 0x47, 0xcf, 0xf2, 0x0,
    0x0, 0x0, 0x9, 0xf6, 0x9, 0x30, 0x0, 0xb,
    0xf5, 0x5f, 0xfe, 0xbb, 0xef, 0xc0, 0x4, 0xae,
    0xfe, 0xc7, 0x0,

    /* U+0162 "Ţ" */
    0xef, 0xff, 0xff, 0xff, 0xff, 0xfa, 0xbc, 0xcc,
    0xdf, 0xfc, 0xcc, 0xc8, 0x0, 0x0, 0x2f, 0xd0,
    0x0, 0x0, 0x0, 0x0, 0x2f, 0xd0, 0x0, 0x0,
    0x0, 0x0, 0x2f, 0xd0, 0x0, 0x0, 0x0, 0x0,
    0x2f, 0xd0, 0x0, 0x0, 0x0, 0x0, 0x2f, 0xd0,
    0x0, 0x0, 0x0, 0x0, 0x2f, 0xd0, 0x0, 0x0,
    0x0, 0x0, 0x2f, 0xd0, 0x0, 0x0, 0x0, 0x0,
    0x2f, 0xd0, 0x0, 0x0, 0x0, 0x0, 0x2f, 0xd0,
    0x0, 0x0, 0x0, 0x0, 0x2f, 0xd0, 0x0, 0x0,
    0x0, 0x0, 0x2f, 0xd0, 0x0, 0x0, 0x0, 0x0,
    0x2f, 0xe0, 0x0, 0x0, 0x0, 0x0, 0xe, 0x30,
    0x0, 0x0, 0x0, 0x0, 0x1a, 0xe6, 0x0, 0x0,
    0x0, 0x0, 0x10, 0xac, 0x0, 0x0, 0x0, 0x3,
    0xff, 0xe5, 0x0, 0x0, 0x0, 0x0, 0x1, 0x0,
    0x0, 0x0,

    /* U+0163 "ţ" */
    0x0, 0x78, 0x0, 0x0, 0x0, 0xef, 0x0, 0x0,
    0x0, 0xef, 0x0, 0x0, 0xbf, 0xff, 0xff, 0xf1,
    0x7a, 0xff, 0xaa, 0xa0, 0x0, 0xef, 0x0, 0x0,
    0x0, 0xef, 0x0, 0x0, 0x0, 0xef, 0x0, 0x0,
    0x0, 0xef, 0x0, 0x0, 0x0, 0xef, 0x0, 0x0,
    0x0, 0xef, 0x0, 0x0, 0x0, 0xcf, 0x40, 0x0,
    0x0, 0x6f, 0xfb, 0xd7, 0x0, 0x7, 0xff, 0xd5,
    0x0, 0x0, 0xb7, 0x0, 0x0, 0x0, 0x8d, 0xa0,
    0x0, 0x1, 0x7, 0xf0, 0x0, 0x1e, 0xff, 0x70,
    0x0, 0x0, 0x10, 0x0,

    /* U+0164 "Ť" */
    0x0, 0x3f, 0x90, 0x1c, 0xd1, 0x0, 0x0, 0x3,
    0xec, 0xec, 0x10, 0x0, 0x0, 0x0, 0x28, 0x70,
    0x0, 0x0, 0x0, 0x0, 0x0, 0x0, 0x0, 0x0,
    0xef, 0xff, 0xff, 0xff, 0xff, 0xfa, 0xbc, 0xcc,
    0xdf, 0xfc, 0xcc, 0xc8, 0x0, 0x0, 0x2f, 0xd0,
    0x0, 0x0, 0x0, 0x0, 0x2f, 0xd0, 0x0, 0x0,
    0x0, 0x0, 0x2f, 0xd0, 0x0, 0x0, 0x0, 0x0,
    0x2f, 0xd0, 0x0, 0x0, 0x0, 0x0, 0x2f, 0xd0,
    0x0, 0x0, 0x0, 0x0, 0x2f, 0xd0, 0x0, 0x0,
    0x0, 0x0, 0x2f, 0xd0, 0x0, 0x0, 0x0, 0x0,
    0x2f, 0xd0, 0x0, 0x0, 0x0, 0x0, 0x2f, 0xd0,
    0x0, 0x0, 0x0, 0x0, 0x2f, 0xd0, 0x0, 0x0,
    0x0, 0x0, 0x2f, 0xd0, 0x0, 0x0, 0x0, 0x0,
    0x2f, 0xd0, 0x0, 0x0,

    /* U+0165 "ť" */
    0x0, 0x0, 0x4, 0xf2, 0x0, 0x0, 0x4, 0xf1,
    0x0, 0x89, 0x4, 0xf0, 0x0, 0xef, 0x2, 0x70,
    0xbf, 0xff, 0xff, 0xf1, 0x7a, 0xff, 0xaa, 0xa0,
    0x0, 0xef, 0x0, 0x0, 0x0, 0xef, 0x0, 0x0,
    0x0, 0xef, 0x0, 0x0, 0x0, 0xef, 0x0, 0x0,
    0x0, 0xef, 0x0, 0x0, 0x0, 0xef, 0x0, 0x0,
    0x0, 0xcf, 0x40, 0x0, 0x0, 0x6f, 0xfb, 0xd7,
    0x0, 0x7, 0xdf, 0xd5,

    /* U+0166 "Ŧ" */
    0xef, 0xff, 0xff, 0xff, 0xff, 0xfa, 0xbc, 0xcc,
    0xdf, 0xfc, 0xcc, 0xc8, 0x0, 0x0, 0x2f, 0xd0,
    0x0, 0x0, 0x0, 0x0, 0x2f, 0xd0, 0x0, 0x0,
    0x0, 0x0, 0x2f, 0xd0, 0x0, 0x0, 0x0, 0x0,
    0x2f, 0xd0, 0x0, 0x0, 0x3, 0xff, 0xff, 0xff,
    0xfe, 0x0, 0x1, 0xaa, 0xaf, 0xfa, 0xa9, 0x0,
    0x0, 0x0, 0x2f, 0xd0, 0x0, 0x0, 0x0, 0x0,
    0x2f, 0xd0, 0x0, 0x0, 0x0, 0x0, 0x2f, 0xd0,
    0x0, 0x0, 0x0, 0x0, 0x2f, 0xd0, 0x0, 0x0,
    0x0, 0x0, 0x2f, 0xd0, 0x0, 0x0, 0x0, 0x0,
    0x2f, 0xd0, 0x0, 0x0,

    /* U+0167 "ŧ" */
    0x0, 0x68, 0x0, 0x0, 0x0, 0xdf, 0x10, 0x0,
    0x0, 0xdf, 0x10, 0x0, 0xbf, 0xff, 0xff, 0xf1,
    0x6a, 0xff, 0xaa, 0xa0, 0x0, 0xdf, 0x10, 0x0,
    0x0, 0xdf, 0x10, 0x0, 0x11, 0xdf, 0x21, 0x0,
    0xbf, 0xff, 0xff, 0x30, 0x34, 0xef, 0x54, 0x0,
    0x0, 0xdf, 0x10, 0x0, 0x0, 0xbf, 0x40, 0x0,
    0x0, 0x6f, 0xfb, 0xd7, 0x0, 0x7, 0xdf, 0xd5,

    /* U+0168 "Ũ" */
    0x0, 0x0, 0x0, 0x0, 0x0, 0x0, 0x0, 0x0,
    0x1d, 0xfc, 0x52, 0xd7, 0x0, 0x0, 0x9, 0xb0,
    0x6f, 0xfd, 0x10, 0x0, 0x0, 0x22, 0x0, 0x3,
    0x0, 0x0, 0x0, 0x0, 0x0, 0x0, 0x0, 0x0,
    0x0, 0xff, 0x0, 0x0, 0x0, 0x2, 0xfd, 0xf,
    0xf0, 0x0, 0x0, 0x0, 0x2f, 0xd0, 0xff, 0x0,
    0x0, 0x0, 0x2, 0xfd, 0xf, 0xf0, 0x0, 0x0,
    0x0, 0x2f, 0xd0, 0xff, 0x0, 0x0, 0x0, 0x2,
    0xfd, 0xf, 0xf0, 0x0, 0x0, 0x0, 0x2f, 0xd0,
    0xff, 0x0, 0x0, 0x0, 0x2, 0xfd, 0xf, 0xf0,
    0x0, 0x0, 0x0, 0x2f, 0xc0, 0xff, 0x0, 0x0,
    0x0, 0x2, 0xfc, 0xd, 0xf3, 0x0, 0x0, 0x0,
    0x5f, 0xa0, 0x9f, 0x90, 0x0, 0x0, 0xc, 0xf6,
    0x2, 0xff, 0x81, 0x0, 0x1a, 0xfe, 0x0, 0x5,
    0xff, 0xfe, 0xef, 0xfe, 0x30, 0x0, 0x2, 0x9d,
    0xff, 0xd8, 0x10, 0x0,

    /* U+0169 "ũ" */
    0x0, 0x1c, 0xfa, 0x24, 0xf0, 0x0, 0x8, 0xc5,
    0xaf, 0xf8, 0x0, 0x0, 0x21, 0x0, 0x11, 0x0,
    0x0, 0x0, 0x0, 0x0, 0x0, 0x0, 0x4f, 0xa0,
    0x0, 0x0, 0x3f, 0xb4, 0xfa, 0x0, 0x0, 0x3,
    0xfb, 0x4f, 0xa0, 0x0, 0x0, 0x3f, 0xb4, 0xfa,
    0x0, 0x0, 0x3, 0xfb, 0x4f, 0xa0, 0x0, 0x0,
    0x3f, 0xb4, 0xfa, 0x0, 0x0, 0x3, 0xfb, 0x4f,
    0xb0, 0x0, 0x0, 0x5f, 0xb2, 0xfe, 0x0, 0x0,
    0xa, 0xfb, 0xe, 0xf8, 0x0, 0x7, 0xff, 0xb0,
    0x4f, 0xfe, 0xce, 0xfb, 0xfb, 0x0, 0x3b, 0xef,
    0xd6, 0x2f, 0xb0,

    /* U+016A "Ū" */
    0x0, 0x0, 0x0, 0x0, 0x0, 0x0, 0x0, 0x0,
    0x5f, 0xff, 0xff, 0xf3, 0x0, 0x0, 0x1, 0x33,
    0x33, 0x33, 0x0, 0x0, 0x0, 0x0, 0x0, 0x0,
    0x0, 0x0, 0x0, 0x0, 0x0, 0x0, 0x0, 0x0,
    0x0, 0xff, 0x0, 0x0, 0x0, 0x2, 0xfd, 0xf,
    0xf0, 0x0, 0x0, 0x0, 0x2f, 0xd0, 0xff, 0x0,
    0x0, 0x0, 0x2, 0xfd, 0xf, 0xf0, 0x0, 0x0,
    0x0, 0x2f, 0xd0, 0xff, 0x0, 0x0, 0x0, 0x2,
    0xfd, 0xf, 0xf0, 0x0, 0x0, 0x0, 0x2f, 0xd0,
    0xff, 0x0, 0x0, 0x0, 0x2, 0xfd, 0xf, 0xf0,
    0x0, 0x0, 0x0, 0x2f, 0xc0, 0xff, 0x0, 0x0,
    0x0, 0x2, 0xfc, 0xd, 0xf3, 0x0, 0x0, 0x0,
    0x5f, 0xa0, 0x9f, 0x90, 0x0, 0x0, 0xc, 0xf6,
    0x2, 0xff, 0x81, 0x0, 0x1a, 0xfe, 0x0, 0x5,
    0xff, 0xfe, 0xef, 0xfe, 0x30, 0x0, 0x2, 0x9d,
    0xff, 0xd8, 0x10, 0x0,

    /* U+016B "ū" */
    0x0, 0x8f, 0xff, 0xff, 0xf0, 0x0, 0x1, 0x33,
    0x33, 0x33, 0x0, 0x0, 0x0, 0x0, 0x0, 0x0,
    0x4, 0xfa, 0x0, 0x0, 0x3, 0xfb, 0x4f, 0xa0,
    0x0, 0x0, 0x3f, 0xb4, 0xfa, 0x0, 0x0, 0x3,
    0xfb, 0x4f, 0xa0, 0x0, 0x0, 0x3f, 0xb4, 0xfa,
    0x0, 0x0, 0x3, 0xfb, 0x4f, 0xa0, 0x0, 0x0,
    0x3f, 0xb4, 0xfb, 0x0, 0x0, 0x5, 0xfb, 0x2f,
    0xe0, 0x0, 0x0, 0xaf, 0xb0, 0xef, 0x80, 0x0,
    0x7f, 0xfb, 0x4, 0xff, 0xec, 0xef, 0xbf, 0xb0,
    0x3, 0xbe, 0xfd, 0x62, 0xfb,

    /* U+016C "Ŭ" */
    0x0, 0x2, 0x70, 0x0, 0x18, 0x0, 0x0, 0x0,
    0x1f, 0x80, 0x1a, 0xd0, 0x0, 0x0, 0x0, 0x4e,
    0xff, 0xc2, 0x0, 0x0, 0x0, 0x0, 0x1, 0x10,
    0x0, 0x0, 0x0, 0x0, 0x0, 0x0, 0x0, 0x0,
    0x0, 0xff, 0x0, 0x0, 0x0, 0x2, 0xfd, 0xf,
    0xf0, 0x0, 0x0, 0x0, 0x2f, 0xd0, 0xff, 0x0,
    0x0, 0x0, 0x2, 0xfd, 0xf, 0xf0, 0x0, 0x0,
    0x0, 0x2f, 0xd0, 0xff, 0x0, 0x0, 0x0, 0x2,
    0xfd, 0xf, 0xf0, 0x0, 0x0, 0x0, 0x2f, 0xd0,
    0xff, 0x0, 0x0, 0x0, 0x2, 0xfd, 0xf, 0xf0,
    0x0, 0x0, 0x0, 0x2f, 0xc0, 0xff, 0x0, 0x0,
    0x0, 0x2, 0xfc, 0xd, 0xf3, 0x0, 0x0, 0x0,
    0x5f, 0xa0, 0x9f, 0x90, 0x0, 0x0, 0xc, 0xf6,
    0x2, 0xff, 0x81, 0x0, 0x1a, 0xfe, 0x0, 0x5,
    0xff, 0xfe, 0xef, 0xfe, 0x30, 0x0, 0x2, 0x9d,
    0xff, 0xd8, 0x10, 0x0,

    /* U+016D "ŭ" */
    0x0, 0x5f, 0x30, 0x1a, 0xc0, 0x0, 0x0, 0x8f,
    0xff, 0xc2, 0x0, 0x0, 0x0, 0x1, 0x10, 0x0,
    0x0, 0x0, 0x0, 0x0, 0x0, 0x0, 0x4f, 0xa0,
    0x0, 0x0, 0x3f, 0xb4, 0xfa, 0x0, 0x0, 0x3,
    0xfb, 0x4f, 0xa0, 0x0, 0x0, 0x3f, 0xb4, 0xfa,
    0x0, 0x0, 0x3, 0xfb, 0x4f, 0xa0, 0x0, 0x0,
    0x3f, 0xb4, 0xfa, 0x0, 0x0, 0x3, 0xfb, 0x4f,
    0xb0, 0x0, 0x0, 0x5f, 0xb2, 0xfe, 0x0, 0x0,
    0xa, 0xfb, 0xe, 0xf8, 0x0, 0x7, 0xff, 0xb0,
    0x4f, 0xfe, 0xce, 0xfb, 0xfb, 0x0, 0x3b, 0xef,
    0xd6, 0x2f, 0xb0,

    /* U+016E "Ů" */
    0x0, 0x0, 0x5, 0xdc, 0x30, 0x0, 0x0, 0x0,
    0x1, 0xd1, 0x3d, 0x0, 0x0, 0x0, 0x0, 0x4a,
    0x0, 0xd1, 0x0, 0x0, 0x0, 0x1, 0xd1, 0x2d,
    0x0, 0x0, 0x0, 0x0, 0x5, 0xdc, 0x30, 0x0,
    0x0, 0x0, 0x0, 0x0, 0x0, 0x0, 0x0, 0xf,
    0xf0, 0x0, 0x0, 0x0, 0x2f, 0xd0, 0xff, 0x0,
    0x0, 0x0, 0x2, 0xfd, 0xf, 0xf0, 0x0, 0x0,
    0x0, 0x2f, 0xd0, 0xff, 0x0, 0x0, 0x0, 0x2,
    0xfd, 0xf, 0xf0, 0x0, 0x0, 0x0, 0x2f, 0xd0,
    0xff, 0x0, 0x0, 0x0, 0x2, 0xfd, 0xf, 0xf0,
    0x0, 0x0, 0x0, 0x2f, 0xd0, 0xff, 0x0, 0x0,
    0x0, 0x2, 0xfc, 0xf, 0xf0, 0x0, 0x0, 0x0,
    0x2f, 0xc0, 0xdf, 0x30, 0x0, 0x0, 0x5, 0xfa,
    0x9, 0xf9, 0x0, 0x0, 0x0, 0xcf, 0x60, 0x2f,
    0xf8, 0x10, 0x1, 0xaf, 0xe0, 0x0, 0x5f, 0xff,
    0xee, 0xff, 0xe3, 0x0, 0x0, 0x29, 0xdf, 0xfd,
    0x81, 0x0,

    /* U+016F "ů" */
    0x0, 0x0, 0x7d, 0xb1, 0x0, 0x0, 0x0, 0x4b,
    0x5, 0xa0, 0x0, 0x0, 0x7, 0x70, 0xe, 0x0,
    0x0, 0x0, 0x4b, 0x5, 0xb0, 0x0, 0x0, 0x0,
    0x7d, 0xb1, 0x0, 0x0, 0x0, 0x0, 0x0, 0x0,
    0x0, 0x4f, 0xa0, 0x0, 0x0, 0x3f, 0xb4, 0xfa,
    0x0, 0x0, 0x3, 0xfb, 0x4f, 0xa0, 0x0, 0x0,
    0x3f, 0xb4, 0xfa, 0x0, 0x0, 0x3, 0xfb, 0x4f,
    0xa0, 0x0, 0x0, 0x3f, 0xb4, 0xfa, 0x0, 0x0,
    0x3, 0xfb, 0x4f, 0xb0, 0x0, 0x0, 0x5f, 0xb2,
    0xfe, 0x0, 0x0, 0xa, 0xfb, 0xe, 0xf8, 0x0,
    0x7, 0xff, 0xb0, 0x4f, 0xfe, 0xce, 0xfb, 0xfb,
    0x0, 0x3b, 0xef, 0xd6, 0x2f, 0xb0,

    /* U+0170 "Ű" */
    0x0, 0x0, 0x1, 0xa9, 0x6, 0xa4, 0x0, 0x0,
    0x0, 0xaf, 0x42, 0xfb, 0x0, 0x0, 0x0, 0x4f,
    0x60, 0xcd, 0x0, 0x0, 0x0, 0x0, 0x0, 0x0,
    0x0, 0x0, 0x0, 0x0, 0x0, 0x0, 0x0, 0x0,
    0x0, 0xff, 0x0, 0x0, 0x0, 0x2, 0xfd, 0xf,
    0xf0, 0x0, 0x0, 0x0, 0x2f, 0xd0, 0xff, 0x0,
    0x0, 0x0, 0x2, 0xfd, 0xf, 0xf0, 0x0, 0x0,
    0x0, 0x2f, 0xd0, 0xff, 0x0, 0x0, 0x0, 0x2,
    0xfd, 0xf, 0xf0, 0x0, 0x0, 0x0, 0x2f, 0xd0,
    0xff, 0x0, 0x0, 0x0, 0x2, 0xfd, 0xf, 0xf0,
    0x0, 0x0, 0x0, 0x2f, 0xc0, 0xff, 0x0, 0x0,
    0x0, 0x2, 0xfc, 0xd, 0xf3, 0x0, 0x0, 0x0,
    0x5f, 0xa0, 0x9f, 0x90, 0x0, 0x0, 0xc, 0xf6,
    0x2, 0xff, 0x81, 0x0, 0x1a, 0xfe, 0x0, 0x5,
    0xff, 0xfe, 0xef, 0xfe, 0x30, 0x0, 0x2, 0x9d,
    0xff, 0xd8, 0x10, 0x0,

    /* U+0171 "ű" */
    0x0, 0x0, 0x6f, 0x90, 0xde, 0x20, 0x0, 0x1f,
    0xb0, 0x9f, 0x40, 0x0, 0x6, 0xa1, 0x1a, 0x50,
    0x0, 0x0, 0x0, 0x0, 0x0, 0x0, 0x4f, 0xa0,
    0x0, 0x0, 0x3f, 0xb4, 0xfa, 0x0, 0x0, 0x3,
    0xfb, 0x4f, 0xa0, 0x0, 0x0, 0x3f, 0xb4, 0xfa,
    0x0, 0x0, 0x3, 0xfb, 0x4f, 0xa0, 0x0, 0x0,
    0x3f, 0xb4, 0xfa, 0x0, 0x0, 0x3, 0xfb, 0x4f,
    0xb0, 0x0, 0x0, 0x5f, 0xb2, 0xfe, 0x0, 0x0,
    0xa, 0xfb, 0xe, 0xf8, 0x0, 0x7, 0xff, 0xb0,
    0x4f, 0xfe, 0xce, 0xfb, 0xfb, 0x0, 0x3b, 0xef,
    0xd6, 0x2f, 0xb0,

    /* U+0172 "Ų" */
    0xf, 0xf0, 0x0, 0x0, 0x0, 0x2f, 0xd0, 0xff,
    0x0, 0x0, 0x0, 0x2, 0xfd, 0xf, 0xf0, 0x0,
    0x0, 0x0, 0x2f, 0xd0, 0xff, 0x0, 0x0, 0x0,
    0x2, 0xfd, 0xf, 0xf0, 0x0, 0x0, 0x0, 0x2f,
    0xd0, 0xff, 0x0, 0x0, 0x0, 0x2, 0xfd, 0xf,
    0xf0, 0x0, 0x0, 0x0, 0x2f, 0xd0, 0xff, 0x0,
    0x0, 0x0, 0x2, 0xfc, 0xf, 0xf0, 0x0, 0x0,
    0x0, 0x2f, 0xb0, 0xef, 0x20, 0x0, 0x0, 0x5,
    0xf9, 0xa, 0xf8, 0x0, 0x0, 0x0, 0xbf, 0x50,
    0x3f, 0xf6, 0x0, 0x0, 0x8f, 0xd0, 0x0, 0x7f,
    0xfe, 0xcc, 0xff, 0xd1, 0x0, 0x0, 0x4b, 0xef,
    0xfd, 0x60, 0x0, 0x0, 0x0, 0x4, 0xe5, 0x0,
    0x0, 0x0, 0x0, 0x0, 0xe7, 0x0, 0x0, 0x0,
    0x0, 0x0, 0xf, 0x80, 0x20, 0x0, 0x0, 0x0,
    0x0, 0x7f, 0xfe, 0x0, 0x0, 0x0, 0x0, 0x0,
    0x2, 0x0, 0x0, 0x0,

    /* U+0173 "ų" */
    0x4f, 0xa0, 0x0, 0x0, 0x3f, 0xb0, 0x4f, 0xa0,
    0x0, 0x0, 0x3f, 0xb0, 0x4f, 0xa0, 0x0, 0x0,
    0x3f, 0xb0, 0x4f, 0xa0, 0x0, 0x0, 0x3f, 0xb0,
    0x4f, 0xa0, 0x0, 0x0, 0x3f, 0xb0, 0x4f, 0xa0,
    0x0, 0x0, 0x3f, 0xb0, 0x4f, 0xb0, 0x0, 0x0,
    0x5f, 0xb0, 0x2f, 0xe0, 0x0, 0x0, 0xaf, 0xb0,
    0xe, 0xf8, 0x0, 0x7, 0xff, 0xb0, 0x4, 0xff,
    0xec, 0xef, 0xbf, 0xb0, 0x0, 0x3b, 0xef, 0xd6,
    0x4f, 0xf0, 0x0, 0x0, 0x0, 0x4, 0xf7, 0x0,
    0x0, 0x0, 0x0, 0xe, 0x80, 0x0, 0x0, 0x0,
    0x0, 0xf, 0x80, 0x20, 0x0, 0x0, 0x0, 0x7,
    0xff, 0xe0, 0x0, 0x0, 0x0, 0x0, 0x2, 0x0,

    /* U+0174 "Ŵ" */
    0x0, 0x0, 0x0, 0x0, 0x3, 0xff, 0xb0, 0x0,
    0x0, 0x0, 0x0, 0x0, 0x0, 0x0, 0x0, 0x4f,
    0xa4, 0xeb, 0x0, 0x0, 0x0, 0x0, 0x0, 0x0,
    0x0, 0x0, 0x75, 0x0, 0x17, 0x40, 0x0, 0x0,
    0x0, 0x0, 0x0, 0x0, 0x0, 0x0, 0x0, 0x0,
    0x0, 0x0, 0x0, 0x0, 0x3f, 0xd0, 0x0, 0x0,
    0x0, 0xcf, 0x60, 0x0, 0x0, 0x3, 0xfb, 0xd,
    0xf3, 0x0, 0x0, 0x1, 0xff, 0xc0, 0x0, 0x0,
    0x8, 0xf5, 0x8, 0xf8, 0x0, 0x0, 0x7, 0xff,
    0xf1, 0x0, 0x0, 0xd, 0xf1, 0x3, 0xfd, 0x0,
    0x0, 0xc, 0xf9, 0xf7, 0x0, 0x0, 0x3f, 0xb0,
    0x0, 0xdf, 0x30, 0x0, 0x2f, 0xb2, 0xfc, 0x0,
    0x0, 0x8f, 0x50, 0x0, 0x8f, 0x80, 0x0, 0x7f,
    0x50, 0xdf, 0x10, 0x0, 0xdf, 0x10, 0x0, 0x3f,
    0xd0, 0x0, 0xdf, 0x0, 0x7f, 0x70, 0x3, 0xfb,
    0x0, 0x0, 0xd, 0xf3, 0x2, 0xfa, 0x0, 0x2f,
    0xc0, 0x8, 0xf5, 0x0, 0x0, 0x8, 0xf8, 0x8,
    0xf5, 0x0, 0xc, 0xf2, 0xe, 0xf1, 0x0, 0x0,
    0x3, 0xfd, 0xd, 0xf0, 0x0, 0x7, 0xf7, 0x3f,
    0xb0, 0x0, 0x0, 0x0, 0xdf, 0x6f, 0xa0, 0x0,
    0x1, 0xfc, 0x8f, 0x50, 0x0, 0x0, 0x0, 0x8f,
    0xff, 0x40, 0x0, 0x0, 0xcf, 0xef, 0x0, 0x0,
    0x0, 0x0, 0x3f, 0xff, 0x0, 0x0, 0x0, 0x6f,
    0xfb, 0x0, 0x0, 0x0, 0x0, 0xd, 0xf9, 0x0,
    0x0, 0x0, 0x1f, 0xf5, 0x0, 0x0,

    /* U+0175 "ŵ" */
    0x0, 0x0, 0x0, 0x8, 0xff, 0x60, 0x0, 0x0,
    0x0, 0x0, 0x0, 0x0, 0x9f, 0x57, 0xf7, 0x0,
    0x0, 0x0, 0x0, 0x0, 0x3, 0x83, 0x0, 0x47,
    0x10, 0x0, 0x0, 0x0, 0x0, 0x0, 0x0, 0x0,
    0x0, 0x0, 0x0, 0x0, 0xbf, 0x10, 0x0, 0x0,
    0xef, 0x0, 0x0, 0x1, 0xfa, 0x5f, 0x70, 0x0,
    0x5, 0xff, 0x60, 0x0, 0x6, 0xf5, 0xf, 0xd0,
    0x0, 0xb, 0xff, 0xb0, 0x0, 0xc, 0xe0, 0xa,
    0xf2, 0x0, 0x1f, 0xbb, 0xf1, 0x0, 0x2f, 0x90,
    0x4, 0xf8, 0x0, 0x6f, 0x55, 0xf7, 0x0, 0x7f,
    0x30, 0x0, 0xed, 0x0, 0xce, 0x0, 0xed, 0x0,
    0xde, 0x0, 0x0, 0x8f, 0x32, 0xf9, 0x0, 0x9f,
    0x23, 0xf8, 0x0, 0x0, 0x3f, 0x98, 0xf3, 0x0,
    0x3f, 0x89, 0xf2, 0x0, 0x0, 0xd, 0xee, 0xd0,
    0x0, 0xd, 0xee, 0xc0, 0x0, 0x0, 0x7, 0xff,
    0x70, 0x0, 0x7, 0xff, 0x70, 0x0, 0x0, 0x1,
    0xff, 0x10, 0x0, 0x2, 0xff, 0x10, 0x0,

    /* U+0176 "Ŷ" */
    0x0, 0x0, 0x0, 0x23, 0x10, 0x0, 0x0, 0x0,
    0x0, 0x0, 0x2e, 0xfe, 0x20, 0x0, 0x0, 0x0,
    0x0, 0x1e, 0xd3, 0xdd, 0x10, 0x0, 0x0, 0x0,
    0x8, 0xa1, 0x1, 0xa8, 0x0, 0x0, 0x0, 0x0,
    0x0, 0x0, 0x0, 0x0, 0x0, 0x0, 0xcf, 0x50,
    0x0, 0x0, 0x0, 0x4f, 0xb0, 0x2, 0xfe, 0x10,
    0x0, 0x0, 0xd, 0xf2, 0x0, 0x8, 0xf9, 0x0,
    0x0, 0x7, 0xf7, 0x0, 0x0, 0xe, 0xf3, 0x0,
    0x2, 0xfd, 0x0, 0x0, 0x0, 0x5f, 0xc0, 0x0,
    0xbf, 0x40, 0x0, 0x0, 0x0, 0xbf, 0x60, 0x5f,
    0xa0, 0x0, 0x0, 0x0, 0x2, 0xfe, 0x2e, 0xf1,
    0x0, 0x0, 0x0, 0x0, 0x8, 0xfe, 0xf7, 0x0,
    0x0, 0x0, 0x0, 0x0, 0xd, 0xfd, 0x0, 0x0,
    0x0, 0x0, 0x0, 0x0, 0x8f, 0x70, 0x0, 0x0,
    0x0, 0x0, 0x0, 0x8, 0xf7, 0x0, 0x0, 0x0,
    0x0, 0x0, 0x0, 0x8f, 0x70, 0x0, 0x0, 0x0,
    0x0, 0x0, 0x8, 0xf7, 0x0, 0x0, 0x0, 0x0,
    0x0, 0x0, 0x8f, 0x70, 0x0, 0x0, 0x0,

    /* U+0177 "ŷ" */
    0x0, 0x0, 0x3e, 0xfb, 0x0, 0x0, 0x0, 0x0,
    0x4f, 0xa3, 0xec, 0x10, 0x0, 0x0, 0x7, 0x60,
    0x1, 0x75, 0x0, 0x0, 0x0, 0x0, 0x0, 0x0,
    0x0, 0x0, 0xd, 0xf2, 0x0, 0x0, 0x0, 0xef,
    0x0, 0x6f, 0x90, 0x0, 0x0, 0x5f, 0x80, 0x0,
    0xef, 0x0, 0x0, 0xb, 0xf2, 0x0, 0x8, 0xf6,
    0x0, 0x2, 0xfb, 0x0, 0x0, 0x1f, 0xd0, 0x0,
    0x9f, 0x40, 0x0, 0x0, 0xaf, 0x40, 0xf, 0xd0,
    0x0, 0x0, 0x4, 0xfb, 0x7, 0xf6, 0x0, 0x0,
    0x0, 0xd, 0xf2, 0xdf, 0x0, 0x0, 0x0, 0x0,
    0x6f, 0xcf, 0x80, 0x0, 0x0, 0x0, 0x0, 0xef,
    0xf2, 0x0, 0x0, 0x0, 0x0, 0x8, 0xfb, 0x0,
    0x0, 0x0, 0x0, 0x0, 0xaf, 0x40, 0x0, 0x0,
    0x3, 0x0, 0x3f, 0xd0, 0x0, 0x0, 0x2, 0xfd,
    0xbf, 0xf3, 0x0, 0x0, 0x0, 0x8, 0xef, 0xc4,
    0x0, 0x0, 0x0, 0x0,

    /* U+0178 "Ÿ" */
    0x0, 0x0, 0x3e, 0x60, 0x7e, 0x20, 0x0, 0x0,
    0x0, 0x4, 0xf7, 0x8, 0xf3, 0x0, 0x0, 0x0,
    0x0, 0x1, 0x0, 0x1, 0x0, 0x0, 0x0, 0x0,
    0x0, 0x0, 0x0, 0x0, 0x0, 0x0, 0xc, 0xf5,
    0x0, 0x0, 0x0, 0x4, 0xfb, 0x0, 0x2f, 0xe1,
    0x0, 0x0, 0x0, 0xdf, 0x20, 0x0, 0x8f, 0x90,
    0x0, 0x0, 0x7f, 0x70, 0x0, 0x0, 0xef, 0x30,
    0x0, 0x2f, 0xd0, 0x0, 0x0, 0x5, 0xfc, 0x0,
    0xb, 0xf4, 0x0, 0x0, 0x0, 0xb, 0xf6, 0x5,
    0xfa, 0x0, 0x0, 0x0, 0x0, 0x2f, 0xe2, 0xef,
    0x10, 0x0, 0x0, 0x0, 0x0, 0x8f, 0xef, 0x70,
    0x0, 0x0, 0x0, 0x0, 0x0, 0xdf, 0xd0, 0x0,
    0x0, 0x0, 0x0, 0x0, 0x8, 0xf7, 0x0, 0x0,
    0x0, 0x0, 0x0, 0x0, 0x8f, 0x70, 0x0, 0x0,
    0x0, 0x0, 0x0, 0x8, 0xf7, 0x0, 0x0, 0x0,
    0x0, 0x0, 0x0, 0x8f, 0x70, 0x0, 0x0, 0x0,
    0x0, 0x0, 0x8, 0xf7, 0x0, 0x0, 0x0,

    /* U+0179 "Ź" */
    0x0, 0x0, 0x0, 0x9, 0xfa, 0x0, 0x0, 0x0,
    0x0, 0xa, 0xf6, 0x0, 0x0, 0x0, 0x0, 0x4,
    0x82, 0x0, 0x0, 0x0, 0x0, 0x0, 0x0, 0x0,
    0x0, 0x0, 0xf, 0xff, 0xff, 0xff, 0xff, 0xff,
    0x40, 0xcc, 0xcc, 0xcc, 0xcc, 0xef, 0xf2, 0x0,
    0x0, 0x0, 0x0, 0x1d, 0xf6, 0x0, 0x0, 0x0,
    0x0, 0xb, 0xf9, 0x0, 0x0, 0x0, 0x0, 0x8,
    0xfc, 0x0, 0x0, 0x0, 0x0, 0x5, 0xfe, 0x10,
    0x0, 0x0, 0x0, 0x3, 0xff, 0x30, 0x0, 0x0,
    0x0, 0x1, 0xef, 0x50, 0x0, 0x0, 0x0, 0x0,
    0xcf, 0x80, 0x0, 0x0, 0x0, 0x0, 0x9f, 0xb0,
    0x0, 0x0, 0x0, 0x0, 0x6f, 0xd0, 0x0, 0x0,
    0x0, 0x0, 0x4f, 0xf2, 0x0, 0x0, 0x0, 0x0,
    0x1e, 0xfe, 0xcc, 0xcc, 0xcc, 0xcc, 0x72, 0xff,
    0xff, 0xff, 0xff, 0xff, 0xf9,

    /* U+017A "ź" */
    0x0, 0x0, 0x2, 0xee, 0x40, 0x0, 0x0, 0x3f,
    0xc1, 0x0, 0x0, 0x0, 0x76, 0x0, 0x0, 0x0,
    0x0, 0x0, 0x0, 0x0, 0x1f, 0xff, 0xff, 0xff,
    0xf8, 0xa, 0xaa, 0xaa, 0xaf, 0xf5, 0x0, 0x0,
    0x0, 0x9f, 0x90, 0x0, 0x0, 0x6, 0xfc, 0x0,
    0x0, 0x0, 0x3f, 0xe1, 0x0, 0x0, 0x1, 0xdf,
    0x40, 0x0, 0x0, 0xb, 0xf7, 0x0, 0x0, 0x0,
    0x7f, 0xa0, 0x0, 0x0, 0x4, 0xfd, 0x0, 0x0,
    0x0, 0x1e, 0xfc, 0xaa, 0xaa, 0xa6, 0x3f, 0xff,
    0xff, 0xff, 0xfb,

    /* U+017B "Ż" */
    0x0, 0x0, 0x0, 0x52, 0x0, 0x0, 0x0, 0x0,
    0x0, 0x5f, 0xd0, 0x0, 0x0, 0x0, 0x0, 0x3,
    0xe9, 0x0, 0x0, 0x0, 0x0, 0x0, 0x0, 0x0,
    0x0, 0x0, 0x0, 0x0, 0x0, 0x0, 0x0, 0x0,
    0x0, 0xff, 0xff, 0xff, 0xff, 0xff, 0xf4, 0xc,
    0xcc, 0xcc, 0xcc, 0xce, 0xff, 0x20, 0x0, 0x0,
    0x0, 0x1, 0xdf, 0x60, 0x0, 0x0, 0x0, 0x0,
    0xbf, 0x90, 0x0, 0x0, 0x0, 0x0, 0x8f, 0xc0,
    0x0, 0x0, 0x0, 0x0, 0x5f, 0xe1, 0x0, 0x0,
    0x0, 0x0, 0x3f, 0xf3, 0x0, 0x0, 0x0, 0x0,
    0x1e, 0xf5, 0x0, 0x0, 0x0, 0x0, 0xc, 0xf8,
    0x0, 0x0, 0x0, 0x0, 0x9, 0xfb, 0x0, 0x0,
    0x0, 0x0, 0x6, 0xfd, 0x0, 0x0, 0x0, 0x0,
    0x4, 0xff, 0x20, 0x0, 0x0, 0x0, 0x1, 0xef,
    0xec, 0xcc, 0xcc, 0xcc, 0xc7, 0x2f, 0xff, 0xff,
    0xff, 0xff, 0xff, 0x90,

    /* U+017C "ż" */
    0x0, 0x0, 0xae, 0x20, 0x0, 0x0, 0x0, 0xdf,
    0x50, 0x0, 0x0, 0x0, 0x25, 0x0, 0x0, 0x0,
    0x0, 0x0, 0x0, 0x0, 0x1f, 0xff, 0xff, 0xff,
    0xf8, 0xa, 0xaa, 0xaa, 0xaf, 0xf5, 0x0, 0x0,
    0x0, 0x9f, 0x90, 0x0, 0x0, 0x6, 0xfc, 0x0,
    0x0, 0x0, 0x3f, 0xe1, 0x0, 0x0, 0x1, 0xdf,
    0x40, 0x0, 0x0, 0xb, 0xf7, 0x0, 0x0, 0x0,
    0x7f, 0xa0, 0x0, 0x0, 0x4, 0xfd, 0x0, 0x0,
    0x0, 0x1e, 0xfc, 0xaa, 0xaa, 0xa6, 0x3f, 0xff,
    0xff, 0xff, 0xfb,

    /* U+017D "Ž" */
    0x0, 0x5, 0xf8, 0x3, 0xdb, 0x0, 0x0, 0x0,
    0x4, 0xfc, 0xfa, 0x0, 0x0, 0x0, 0x0, 0x3,
    0x87, 0x0, 0x0, 0x0, 0x0, 0x0, 0x0, 0x0,
    0x0, 0x0, 0xf, 0xff, 0xff, 0xff, 0xff, 0xff,
    0x40, 0xcc, 0xcc, 0xcc, 0xcc, 0xef, 0xf2, 0x0,
    0x0, 0x0, 0x0, 0x1d, 0xf6, 0x0, 0x0, 0x0,
    0x0, 0xb, 0xf9, 0x0, 0x0, 0x0, 0x0, 0x8,
    0xfc, 0x0, 0x0, 0x0, 0x0, 0x5, 0xfe, 0x10,
    0x0, 0x0, 0x0, 0x3, 0xff, 0x30, 0x0, 0x0,
    0x0, 0x1, 0xef, 0x50, 0x0, 0x0, 0x0, 0x0,
    0xcf, 0x80, 0x0, 0x0, 0x0, 0x0, 0x9f, 0xb0,
    0x0, 0x0, 0x0, 0x0, 0x6f, 0xd0, 0x0, 0x0,
    0x0, 0x0, 0x4f, 0xf2, 0x0, 0x0, 0x0, 0x0,
    0x1e, 0xfe, 0xcc, 0xcc, 0xcc, 0xcc, 0x72, 0xff,
    0xff, 0xff, 0xff, 0xff, 0xf9,

    /* U+017E "ž" */
    0x0, 0xcd, 0x20, 0x8f, 0x40, 0x0, 0xb, 0xfc,
    0xf4, 0x0, 0x0, 0x0, 0x78, 0x30, 0x0, 0x0,
    0x0, 0x0, 0x0, 0x0, 0x1f, 0xff, 0xff, 0xff,
    0xf8, 0xa, 0xaa, 0xaa, 0xaf, 0xf5, 0x0, 0x0,
    0x0, 0x9f, 0x90, 0x0, 0x0, 0x6, 0xfc, 0x0,
    0x0, 0x0, 0x3f, 0xe1, 0x0, 0x0, 0x1, 0xdf,
    0x40, 0x0, 0x0, 0xb, 0xf7, 0x0, 0x0, 0x0,
    0x7f, 0xa0, 0x0, 0x0, 0x4, 0xfd, 0x0, 0x0,
    0x0, 0x1e, 0xfc, 0xaa, 0xaa, 0xa6, 0x3f, 0xff,
    0xff, 0xff, 0xfb,

    /* U+017F "ſ" */
    0x0, 0x4, 0xcf, 0xe8, 0x0, 0x3f, 0xfb, 0xb9,
    0x0, 0x9f, 0x70, 0x0, 0x0, 0xbf, 0x30, 0x0,
    0x8f, 0xff, 0x30, 0x0, 0x5a, 0xef, 0x30, 0x0,
    0x0, 0xbf, 0x30, 0x0, 0x0, 0xbf, 0x30, 0x0,
    0x0, 0xbf, 0x30, 0x0, 0x0, 0xbf, 0x30, 0x0,
    0x0, 0xbf, 0x30, 0x0, 0x0, 0xbf, 0x30, 0x0,
    0x0, 0xbf, 0x30, 0x0, 0x0, 0xbf, 0x30, 0x0,
    0x0, 0xbf, 0x30, 0x0,

    /* U+0394 "Δ" */
    0x0, 0x0, 0x0, 0xe, 0xf8, 0x0, 0x0, 0x0,
    0x0, 0x0, 0x0, 0x5f, 0xfe, 0x0, 0x0, 0x0,
    0x0, 0x0, 0x0, 0xbf, 0xbf, 0x50, 0x0, 0x0,
    0x0, 0x0, 0x2, 0xfc, 0x2f, 0xc0, 0x0, 0x0,
    0x0, 0x0, 0x9, 0xf5, 0xc, 0xf3, 0x0, 0x0,
    0x0, 0x0, 0xf, 0xe0, 0x5, 0xfa, 0x0, 0x0,
    0x0, 0x0, 0x6f, 0x80, 0x0, 0xef, 0x10, 0x0,
    0x0, 0x0, 0xdf, 0x20, 0x0, 0x8f, 0x70, 0x0,
    0x0, 0x4, 0xfb, 0x0, 0x0, 0x2f, 0xe0, 0x0,
    0x0, 0xb, 0xf4, 0x0, 0x0, 0xb, 0xf5, 0x0,
    0x0, 0x2f, 0xd0, 0x0, 0x0, 0x4, 0xfb, 0x0,
    0x0, 0x8f, 0x70, 0x0, 0x0, 0x0, 0xef, 0x20,
    0x0, 0xef, 0x10, 0x0, 0x0, 0x0, 0x7f, 0x90,
    0x6, 0xff, 0xdd, 0xdd, 0xdd, 0xdd, 0xdf, 0xf1,
    0xc, 0xff, 0xff, 0xff, 0xff, 0xff, 0xff, 0xf7,

    /* U+039B "Λ" */
    0x0, 0x0, 0x0, 0x1f, 0xf4, 0x0, 0x0, 0x0,
    0x0, 0x0, 0x0, 0x7f, 0xfb, 0x0, 0x0, 0x0,
    0x0, 0x0, 0x0, 0xef, 0xff, 0x20, 0x0, 0x0,
    0x0, 0x0, 0x4, 0xfb, 0x9f, 0x80, 0x0, 0x0,
    0x0, 0x0, 0xb, 0xf4, 0x2f, 0xe0, 0x0, 0x0,
    0x0, 0x0, 0x2f, 0xe0, 0xc, 0xf5, 0x0, 0x0,
    0x0, 0x0, 0x8f, 0x70, 0x5, 0xfc, 0x0, 0x0,
    0x0, 0x0, 0xef, 0x10, 0x0, 0xef, 0x20, 0x0,
    0x0, 0x5, 0xfa, 0x0, 0x0, 0x8f, 0x90, 0x0,
    0x0, 0xc, 0xf3, 0x0, 0x0, 0x2f, 0xf0, 0x0,
    0x0, 0x2f, 0xd0, 0x0, 0x0, 0xb, 0xf6, 0x0,
    0x0, 0x9f, 0x60, 0x0, 0x0, 0x5, 0xfd, 0x0,
    0x0, 0xff, 0x0, 0x0, 0x0, 0x0, 0xef, 0x30,
    0x6, 0xf9, 0x0, 0x0, 0x0, 0x0, 0x8f, 0xa0,
    0xc, 0xf3, 0x0, 0x0, 0x0, 0x0, 0x1f, 0xf1,

    /* U+03A7 "Χ" */
    0x7, 0xef, 0x90, 0x0, 0x0, 0x0, 0xcf, 0x40,
    0x3, 0xfd, 0xef, 0xa0, 0x0, 0x0, 0x5f, 0xb0,
    0x0, 0x3, 0x0, 0xdf, 0x20, 0x0, 0xd, 0xf2,
    0x0, 0x0, 0x0, 0x5, 0xfa, 0x0, 0x7, 0xf9,
    0x0, 0x0, 0x0, 0x0, 0xd, 0xf2, 0x1, 0xef,
    0x10, 0x0, 0x0, 0x0, 0x0, 0x6f, 0xa0, 0x8f,
    0x70, 0x0, 0x0, 0x0, 0x0, 0x0, 0xef, 0x4f,
    0xd0, 0x0, 0x0, 0x0, 0x0, 0x0, 0x7, 0xff,
    0xf4, 0x0, 0x0, 0x0, 0x0, 0x0, 0x0, 0xe,
    0xfb, 0x0, 0x0, 0x0, 0x0, 0x0, 0x0, 0x0,
    0xef, 0xa0, 0x0, 0x0, 0x0, 0x0, 0x0, 0x0,
    0x7f, 0xff, 0x20, 0x0, 0x0, 0x0, 0x0, 0x0,
    0xe, 0xe7, 0xf9, 0x0, 0x0, 0x0, 0x0, 0x0,
    0x8, 0xf7, 0xe, 0xf1, 0x0, 0x0, 0x0, 0x0,
    0x1, 0xfe, 0x0, 0x7f, 0x90, 0x0, 0x0, 0x0,
    0x0, 0x9f, 0x60, 0x0, 0xef, 0x10, 0x0, 0x0,
    0x0, 0x2f, 0xd0, 0x0, 0x7, 0xf8, 0x0, 0x0,
    0x0, 0xb, 0xf5, 0x0, 0x0, 0x1f, 0xf2, 0x4,
    0x0, 0x3, 0xfc, 0x0, 0x0, 0x0, 0x7f, 0xec,
    0xf7, 0x0, 0xcf, 0x40, 0x0, 0x0, 0x0, 0x7e,
    0xf9, 0x0,

    /* U+03A9 "Ω" */
    0x0, 0x0, 0x7, 0xce, 0xfe, 0xa5, 0x0, 0x0,
    0x0, 0x0, 0x4e, 0xff, 0xfe, 0xff, 0xfc, 0x20,
    0x0, 0x0, 0x4f, 0xfa, 0x20, 0x0, 0x4c, 0xfe,
    0x10, 0x0, 0x1e, 0xf7, 0x0, 0x0, 0x0, 0xb,
    0xfb, 0x0, 0x7, 0xfb, 0x0, 0x0, 0x0, 0x0,
    0x1e, 0xf3, 0x0, 0xcf, 0x40, 0x0, 0x0, 0x0,
    0x0, 0x8f, 0x80, 0xf, 0xf1, 0x0, 0x0, 0x0,
    0x0, 0x5, 0xfb, 0x0, 0xff, 0x0, 0x0, 0x0,
    0x0, 0x0, 0x3f, 0xc0, 0xf, 0xf1, 0x0, 0x0,
    0x0, 0x0, 0x5, 0xfb, 0x0, 0xcf, 0x40, 0x0,
    0x0, 0x0, 0x0, 0x8f, 0x80, 0x6, 0xfb, 0x0,
    0x0, 0x0, 0x0, 0xe, 0xf2, 0x0, 0xd, 0xf6,
    0x0, 0x0, 0x0, 0xa, 0xfa, 0x0, 0x0, 0x3f,
    0xf6, 0x0, 0x0, 0x9, 0xfd, 0x10, 0xa, 0xdd,
    0xef, 0xf6, 0x0, 0xa, 0xff, 0xed, 0xd7, 0xdf,
    0xff, 0xff, 0x80, 0x0, 0xbf, 0xff, 0xff, 0x90,

    /* U+03BB "λ" */
    0x2a, 0xee, 0xa2, 0x0, 0x0, 0x0, 0x5, 0xfd,
    0xcf, 0xe1, 0x0, 0x0, 0x0, 0x4, 0x0, 0x6f,
    0x90, 0x0, 0x0, 0x0, 0x0, 0x0, 0xdf, 0x10,
    0x0, 0x0, 0x0, 0x0, 0x7, 0xf7, 0x0, 0x0,
    0x0, 0x0, 0x0, 0xbf, 0xd0, 0x0, 0x0, 0x0,
    0x0, 0x2f, 0xff, 0x40, 0x0, 0x0, 0x0, 0x8,
    0xf8, 0xfa, 0x0, 0x0, 0x0, 0x0, 0xee, 0xd,
    0xf1, 0x0, 0x0, 0x0, 0x5f, 0x70, 0x6f, 0x80,
    0x0, 0x0, 0xc, 0xf1, 0x0, 0xfe, 0x0, 0x0,
    0x3, 0xfa, 0x0, 0x9, 0xf5, 0x0, 0x0, 0x9f,
    0x40, 0x0, 0x3f, 0xc0, 0x0, 0xf, 0xd0, 0x0,
    0x0, 0xcf, 0x20, 0x6, 0xf7, 0x0, 0x0, 0x6,
    0xf9, 0x0, 0xdf, 0x10, 0x0, 0x0, 0xf, 0xf0,

    /* U+03BC "μ" */
    0x3f, 0xb0, 0x0, 0x0, 0x2f, 0xc3, 0xfb, 0x0,
    0x0, 0x2, 0xfc, 0x3f, 0xb0, 0x0, 0x0, 0x2f,
    0xc3, 0xfb, 0x0, 0x0, 0x2, 0xfc, 0x3f, 0xb0,
    0x0, 0x0, 0x2f, 0xc3, 0xfb, 0x0, 0x0, 0x2,
    0xfc, 0x3f, 0xc0, 0x0, 0x0, 0x4f, 0xc3, 0xff,
    0x0, 0x0, 0x8, 0xfc, 0x3f, 0xfa, 0x0, 0x6,
    0xff, 0xc3, 0xff, 0xff, 0xde, 0xfb, 0xfc, 0x3f,
    0xb6, 0xdf, 0xe8, 0xf, 0xc3, 0xfb, 0x0, 0x0,
    0x0, 0x0, 0x3f, 0xb0, 0x0, 0x0, 0x0, 0x3,
    0xfb, 0x0, 0x0, 0x0, 0x0, 0x3f, 0xb0, 0x0,
    0x0, 0x0, 0x0,

    /* U+03C0 "π" */
    0x0, 0x8d, 0xff, 0xff, 0xff, 0xff, 0xff, 0xf4,
    0x9, 0xfd, 0xad, 0xfc, 0xaa, 0xdf, 0xca, 0xa2,
    0xf, 0xc0, 0x9, 0xf5, 0x0, 0x9f, 0x50, 0x0,
    0x1f, 0x90, 0xb, 0xf3, 0x0, 0x9f, 0x50, 0x0,
    0xe, 0xd0, 0xd, 0xf1, 0x0, 0x9f, 0x50, 0x0,
    0x4, 0x50, 0xe, 0xf0, 0x0, 0x9f, 0x50, 0x0,
    0x0, 0x0, 0xf, 0xe0, 0x0, 0x9f, 0x50, 0x0,
    0x0, 0x0, 0x2f, 0xc0, 0x0, 0x9f, 0x50, 0x0,
    0x0, 0x0, 0x3f, 0xa0, 0x0, 0x9f, 0x50, 0x0,
    0x0, 0x0, 0x5f, 0x90, 0x0, 0x9f, 0x50, 0x0,
    0x0, 0x0, 0x7f, 0x70, 0x0, 0x9f, 0x50, 0x0,

    /* U+03C7 "χ" */
    0x2c, 0xfb, 0x10, 0x0, 0x5, 0xfa, 0x0, 0x8f,
    0xcf, 0xb0, 0x0, 0xd, 0xf1, 0x0, 0x1, 0xa,
    0xf4, 0x0, 0x6f, 0x80, 0x0, 0x0, 0x1, 0xfc,
    0x0, 0xee, 0x0, 0x0, 0x0, 0x0, 0x9f, 0x47,
    0xf6, 0x0, 0x0, 0x0, 0x0, 0x1f, 0xce, 0xc0,
    0x0, 0x0, 0x0, 0x0, 0x8, 0xff, 0x40, 0x0,
    0x0, 0x0, 0x0, 0x5, 0xfe, 0x0, 0x0, 0x0,
    0x0, 0x0, 0xd, 0xff, 0x70, 0x0, 0x0, 0x0,
    0x0, 0x6f, 0x7d, 0xe0, 0x0, 0x0, 0x0, 0x0,
    0xee, 0x5, 0xf7, 0x0, 0x0, 0x0, 0x8, 0xf6,
    0x0, 0xde, 0x0, 0x0, 0x0, 0x1f, 0xd0, 0x0,
    0x4f, 0x80, 0x0, 0x0, 0x9f, 0x50, 0x0, 0xc,
    0xf9, 0xc6, 0x2, 0xfc, 0x0, 0x0, 0x1, 0xbf,
    0xc3,

    /* U+0400 "Ѐ" */
    0x1, 0xcf, 0x70, 0x0, 0x0, 0x0, 0x0, 0x8f,
    0x80, 0x0, 0x0, 0x0, 0x0, 0x48, 0x20, 0x0,
    0x0, 0x0, 0x0, 0x0, 0x0, 0x0, 0xdf, 0xff,
    0xff, 0xff, 0xff, 0x1d, 0xfd, 0xcc, 0xcc, 0xcc,
    0xc0, 0xdf, 0x30, 0x0, 0x0, 0x0, 0xd, 0xf3,
    0x0, 0x0, 0x0, 0x0, 0xdf, 0x30, 0x0, 0x0,
    0x0, 0xd, 0xf3, 0x0, 0x0, 0x0, 0x0, 0xdf,
    0xff, 0xff, 0xff, 0xf3, 0xd, 0xfc, 0xcc, 0xcc,
    0xcc, 0x20, 0xdf, 0x30, 0x0, 0x0, 0x0, 0xd,
    0xf3, 0x0, 0x0, 0x0, 0x0, 0xdf, 0x30, 0x0,
    0x0, 0x0, 0xd, 0xf3, 0x0, 0x0, 0x0, 0x0,
    0xdf, 0xdc, 0xcc, 0xcc, 0xcc, 0x4d, 0xff, 0xff,
    0xff, 0xff, 0xf5,

    /* U+0401 "Ё" */
    0x0, 0x8e, 0x10, 0xcc, 0x0, 0x0, 0x9, 0xf2,
    0xe, 0xd0, 0x0, 0x0, 0x1, 0x0, 0x0, 0x0,
    0x0, 0x0, 0x0, 0x0, 0x0, 0x0, 0xdf, 0xff,
    0xff, 0xff, 0xff, 0x1d, 0xfd, 0xcc, 0xcc, 0xcc,
    0xc0, 0xdf, 0x30, 0x0, 0x0, 0x0, 0xd, 0xf3,
    0x0, 0x0, 0x0, 0x0, 0xdf, 0x30, 0x0, 0x0,
    0x0, 0xd, 0xf3, 0x0, 0x0, 0x0, 0x0, 0xdf,
    0xff, 0xff, 0xff, 0xf3, 0xd, 0xfc, 0xcc, 0xcc,
    0xcc, 0x20, 0xdf, 0x30, 0x0, 0x0, 0x0, 0xd,
    0xf3, 0x0, 0x0, 0x0, 0x0, 0xdf, 0x30, 0x0,
    0x0, 0x0, 0xd, 0xf3, 0x0, 0x0, 0x0, 0x0,
    0xdf, 0xdc, 0xcc, 0xcc, 0xcc, 0x4d, 0xff, 0xff,
    0xff, 0xff, 0xf5,

    /* U+0402 "Ђ" */
    0xbf, 0xff, 0xff, 0xff, 0xff, 0xff, 0x40, 0x0,
    0x9c, 0xcc, 0xcf, 0xfc, 0xcc, 0xcc, 0x30, 0x0,
    0x0, 0x0, 0xe, 0xf0, 0x0, 0x0, 0x0, 0x0,
    0x0, 0x0, 0xe, 0xf0, 0x0, 0x0, 0x0, 0x0,
    0x0, 0x0, 0xe, 0xf0, 0x0, 0x0, 0x0, 0x0,
    0x0, 0x0, 0xe, 0xf0, 0x25, 0x76, 0x30, 0x0,
    0x0, 0x0, 0xe, 0xfe, 0xff, 0xff, 0xfe, 0x40,
    0x0, 0x0, 0xe, 0xfd, 0x84, 0x34, 0x9f, 0xf3,
    0x0, 0x0, 0xe, 0xf0, 0x0, 0x0, 0x7, 0xfa,
    0x0, 0x0, 0xe, 0xf0, 0x0, 0x0, 0x2, 0xfd,
    0x0, 0x0, 0xe, 0xf0, 0x0, 0x0, 0x2, 0xfd,
    0x0, 0x0, 0xe, 0xf0, 0x0, 0x0, 0xa, 0xf9,
    0x0, 0x0, 0xe, 0xf0, 0x2, 0xa9, 0xdf, 0xe2,
    0x0, 0x0, 0xe, 0xf0, 0x5, 0xff, 0xfa, 0x20,
    0x0, 0x0, 0x0, 0x0, 0x0, 0x1, 0x0, 0x0,

    /* U+0403 "Ѓ" */
    0x0, 0x0, 0xb, 0xf9, 0x0, 0x0, 0x0, 0xce,
    0x50, 0x0, 0x0, 0x5, 0x71, 0x0, 0x0, 0x0,
    0x0, 0x0, 0x0, 0x0, 0xdf, 0xff, 0xff, 0xff,
    0xf5, 0xdf, 0xdc, 0xcc, 0xcc, 0xc4, 0xdf, 0x20,
    0x0, 0x0, 0x0, 0xdf, 0x20, 0x0, 0x0, 0x0,
    0xdf, 0x20, 0x0, 0x0, 0x0, 0xdf, 0x20, 0x0,
    0x0, 0x0, 0xdf, 0x20, 0x0, 0x0, 0x0, 0xdf,
    0x20, 0x0, 0x0, 0x0, 0xdf, 0x20, 0x0, 0x0,
    0x0, 0xdf, 0x20, 0x0, 0x0, 0x0, 0xdf, 0x20,
    0x0, 0x0, 0x0, 0xdf, 0x20, 0x0, 0x0, 0x0,
    0xdf, 0x20, 0x0, 0x0, 0x0, 0xdf, 0x20, 0x0,
    0x0, 0x0,

    /* U+0404 "Є" */
    0x0, 0x1, 0x8d, 0xff, 0xda, 0x40, 0x0, 0x5,
    0xff, 0xfe, 0xdf, 0xff, 0xb0, 0x5, 0xff, 0x81,
    0x0, 0x3, 0xbf, 0x31, 0xff, 0x40, 0x0, 0x0,
    0x0, 0x20, 0x7f, 0x90, 0x0, 0x0, 0x0, 0x0,
    0xc, 0xf4, 0x0, 0x0, 0x0, 0x0, 0x0, 0xef,
    0xff, 0xff, 0xff, 0xe0, 0x0, 0xe, 0xfb, 0xaa,
    0xaa, 0xa9, 0x0, 0x0, 0xcf, 0x50, 0x0, 0x0,
    0x0, 0x0, 0x7, 0xfc, 0x0, 0x0, 0x0, 0x0,
    0x0, 0x1f, 0xf7, 0x0, 0x0, 0x0, 0x4, 0x0,
    0x5f, 0xfa, 0x20, 0x0, 0x4d, 0xf4, 0x0, 0x5f,
    0xff, 0xfe, 0xff, 0xfa, 0x0, 0x0, 0x18, 0xdf,
    0xfd, 0xa4, 0x0,

    /* U+0405 "Ѕ" */
    0x0, 0x5, 0xbe, 0xff, 0xc8, 0x20, 0x0, 0xbf,
    0xfd, 0xcc, 0xff, 0xf0, 0x5, 0xfe, 0x30, 0x0,
    0x5, 0x80, 0xa, 0xf6, 0x0, 0x0, 0x0, 0x0,
    0x9, 0xf7, 0x0, 0x0, 0x0, 0x0, 0x4, 0xff,
    0x72, 0x0, 0x0, 0x0, 0x0, 0x6e, 0xff, 0xd9,
    0x50, 0x0, 0x0, 0x0, 0x5a, 0xef, 0xfe, 0x60,
    0x0, 0x0, 0x0, 0x2, 0x8f, 0xf5, 0x0, 0x0,
    0x0, 0x0, 0x6, 0xfa, 0x1, 0x0, 0x0, 0x0,
    0x4, 0xfb, 0xa, 0xc4, 0x0, 0x0, 0x2d, 0xf6,
    0x8, 0xff, 0xfd, 0xcd, 0xff, 0xb0, 0x0, 0x28,
    0xce, 0xfe, 0xb6, 0x0,

    /* U+0406 "І" */
    0xdf, 0x2d, 0xf2, 0xdf, 0x2d, 0xf2, 0xdf, 0x2d,
    0xf2, 0xdf, 0x2d, 0xf2, 0xdf, 0x2d, 0xf2, 0xdf,
    0x2d, 0xf2, 0xdf, 0x2d, 0xf2,

    /* U+0407 "Ї" */
    0x8e, 0x10, 0xdb, 0xaf, 0x20, 0xed, 0x0, 0x0,
    0x0, 0x0, 0x0, 0x0, 0x0, 0xef, 0x10, 0x0,
    0xef, 0x10, 0x0, 0xef, 0x10, 0x0, 0xef, 0x10,
    0x0, 0xef, 0x10, 0x0, 0xef, 0x10, 0x0, 0xef,
    0x10, 0x0, 0xef, 0x10, 0x0, 0xef, 0x10, 0x0,
    0xef, 0x10, 0x0, 0xef, 0x10, 0x0, 0xef, 0x10,
    0x0, 0xef, 0x10, 0x0, 0xef, 0x10,

    /* U+0408 "Ј" */
    0x3, 0xff, 0xff, 0xff, 0xd0, 0x2c, 0xcc, 0xcd,
    0xfd, 0x0, 0x0, 0x0, 0x2f, 0xd0, 0x0, 0x0,
    0x2, 0xfd, 0x0, 0x0, 0x0, 0x2f, 0xd0, 0x0,
    0x0, 0x2, 0xfd, 0x0, 0x0, 0x0, 0x2f, 0xd0,
    0x0, 0x0, 0x2, 0xfd, 0x0, 0x0, 0x0, 0x2f,
    0xd0, 0x0, 0x0, 0x2, 0xfc, 0x2, 0x0, 0x0,
    0x4f, 0xb4, 0xf6, 0x0, 0x1c, 0xf7, 0x2e, 0xfe,
    0xdf, 0xfe, 0x10, 0x19, 0xef, 0xe9, 0x10,

    /* U+0409 "Љ" */
    0x0, 0x4, 0xff, 0xff, 0xff, 0xff, 0xff, 0x0,
    0x0, 0x0, 0x0, 0x0, 0x0, 0x4f, 0xec, 0xcc,
    0xcc, 0xff, 0xf0, 0x0, 0x0, 0x0, 0x0, 0x0,
    0x5, 0xf6, 0x0, 0x0, 0xb, 0xff, 0x0, 0x0,
    0x0, 0x0, 0x0, 0x0, 0x5f, 0x60, 0x0, 0x0,
    0xbf, 0xf0, 0x0, 0x0, 0x0, 0x0, 0x0, 0x6,
    0xf5, 0x0, 0x0, 0xb, 0xff, 0xaa, 0xa9, 0x96,
    0x10, 0x0, 0x0, 0x7f, 0x50, 0x0, 0x0, 0xbf,
    0xff, 0xff, 0xff, 0xff, 0x70, 0x0, 0x7, 0xf4,
    0x0, 0x0, 0xb, 0xff, 0x0, 0x0, 0x27, 0xff,
    0x50, 0x0, 0x9f, 0x30, 0x0, 0x0, 0xbf, 0xf0,
    0x0, 0x0, 0x6, 0xfb, 0x0, 0xa, 0xf1, 0x0,
    0x0, 0xb, 0xff, 0x0, 0x0, 0x0, 0x2f, 0xe0,
    0x0, 0xdf, 0x0, 0x0, 0x0, 0xbf, 0xf0, 0x0,
    0x0, 0x2, 0xfe, 0x0, 0x2f, 0xc0, 0x0, 0x0,
    0xb, 0xff, 0x0, 0x0, 0x0, 0x7f, 0xc0, 0xb,
    0xf8, 0x0, 0x0, 0x0, 0xbf, 0xf0, 0x0, 0x1,
    0x7f, 0xf6, 0x9f, 0xff, 0x10, 0x0, 0x0, 0xb,
    0xff, 0xee, 0xef, 0xff, 0xfa, 0x9, 0xfc, 0x30,
    0x0, 0x0, 0x0, 0xbf, 0xff, 0xff, 0xfe, 0xb5,
    0x0,

    /* U+040A "Њ" */
    0xdf, 0x20, 0x0, 0x0, 0x1, 0xfe, 0x0, 0x0,
    0x0, 0x0, 0xd, 0xf2, 0x0, 0x0, 0x0, 0x1f,
    0xe0, 0x0, 0x0, 0x0, 0x0, 0xdf, 0x20, 0x0,
    0x0, 0x1, 0xfe, 0x0, 0x0, 0x0, 0x0, 0xd,
    0xf2, 0x0, 0x0, 0x0, 0x1f, 0xe0, 0x0, 0x0,
    0x0, 0x0, 0xdf, 0x20, 0x0, 0x0, 0x1, 0xfe,
    0x0, 0x0, 0x0, 0x0, 0xd, 0xfd, 0xcc, 0xcc,
    0xcc, 0xcf, 0xfc, 0xcc, 0xcb, 0x94, 0x0, 0xdf,
    0xff, 0xff, 0xff, 0xff, 0xff, 0xff, 0xff, 0xff,
    0xfa, 0xd, 0xf2, 0x0, 0x0, 0x0, 0x1f, 0xe0,
    0x0, 0x1, 0x7f, 0xf7, 0xdf, 0x20, 0x0, 0x0,
    0x1, 0xfe, 0x0, 0x0, 0x0, 0x7f, 0xcd, 0xf2,
    0x0, 0x0, 0x0, 0x1f, 0xe0, 0x0, 0x0, 0x3,
    0xfd, 0xdf, 0x20, 0x0, 0x0, 0x1, 0xfe, 0x0,
    0x0, 0x0, 0x5f, 0xcd, 0xf2, 0x0, 0x0, 0x0,
    0x1f, 0xe0, 0x0, 0x0, 0x1d, 0xf7, 0xdf, 0x20,
    0x0, 0x0, 0x1, 0xff, 0xaa, 0xaa, 0xbf, 0xfb,
    0xd, 0xf2, 0x0, 0x0, 0x0, 0x1f, 0xff, 0xff,
    0xff, 0xc6, 0x0,

    /* U+040B "Ћ" */
    0xcf, 0xff, 0xff, 0xff, 0xff, 0xff, 0x30, 0x0,
    0x9c, 0xcc, 0xcf, 0xfc, 0xcc, 0xcc, 0x20, 0x0,
    0x0, 0x0, 0xf, 0xf0, 0x0, 0x0, 0x0, 0x0,
    0x0, 0x0, 0xf, 0xf0, 0x0, 0x0, 0x0, 0x0,
    0x0, 0x0, 0xf, 0xf0, 0x0, 0x0, 0x0, 0x0,
    0x0, 0x0, 0xf, 0xf2, 0x7a, 0xcc, 0xa4, 0x0,
    0x0, 0x0, 0xf, 0xff, 0xff, 0xff, 0xff, 0x90,
    0x0, 0x0, 0xf, 0xfb, 0x52, 0x2, 0x8f, 0xf5,
    0x0, 0x0, 0xf, 0xf0, 0x0, 0x0, 0x9, 0xfa,
    0x0, 0x0, 0xf, 0xf0, 0x0, 0x0, 0x4, 0xfd,
    0x0, 0x0, 0xf, 0xf0, 0x0, 0x0, 0x2, 0xfd,
    0x0, 0x0, 0xf, 0xf0, 0x0, 0x0, 0x2, 0xfd,
    0x0, 0x0, 0xf, 0xf0, 0x0, 0x0, 0x2, 0xfd,
    0x0, 0x0, 0xf, 0xf0, 0x0, 0x0, 0x2, 0xfd,

    /* U+040C "Ќ" */
    0x0, 0x0, 0x3, 0xee, 0x40, 0x0, 0x0, 0x0,
    0x4f, 0xb1, 0x0, 0x0, 0x0, 0x0, 0x76, 0x0,
    0x0, 0x0, 0x0, 0x0, 0x0, 0x0, 0x0, 0x0,
    0xdf, 0x20, 0x0, 0x0, 0xd, 0xf4, 0xdf, 0x20,
    0x0, 0x0, 0x9f, 0x80, 0xdf, 0x20, 0x0, 0x5,
    0xfc, 0x0, 0xdf, 0x20, 0x0, 0x1e, 0xe1, 0x0,
    0xdf, 0x20, 0x0, 0xcf, 0x40, 0x0, 0xdf, 0x20,
    0x8, 0xf8, 0x0, 0x0, 0xdf, 0xff, 0xff, 0xd0,
    0x0, 0x0, 0xdf, 0xdd, 0xdf, 0xf3, 0x0, 0x0,
    0xdf, 0x20, 0x6, 0xfd, 0x0, 0x0, 0xdf, 0x20,
    0x0, 0xbf, 0xa0, 0x0, 0xdf, 0x20, 0x0, 0x1e,
    0xf5, 0x0, 0xdf, 0x20, 0x0, 0x3, 0xff, 0x20,
    0xdf, 0x20, 0x0, 0x0, 0x8f, 0xc0, 0xdf, 0x20,
    0x0, 0x0, 0xc, 0xf8,

    /* U+040D "Ѝ" */
    0x0, 0x1b, 0xf8, 0x0, 0x0, 0x0, 0x0, 0x0,
    0x7, 0xf9, 0x0, 0x0, 0x0, 0x0, 0x0, 0x3,
    0x83, 0x0, 0x0, 0x0, 0x0, 0x0, 0x0, 0x0,
    0x0, 0x0, 0xdf, 0x20, 0x0, 0x0, 0x1, 0xef,
    0x4d, 0xf2, 0x0, 0x0, 0x0, 0xbf, 0xf4, 0xdf,
    0x20, 0x0, 0x0, 0x7f, 0xff, 0x4d, 0xf2, 0x0,
    0x0, 0x4f, 0xfd, 0xf4, 0xdf, 0x20, 0x0, 0x1e,
    0xf5, 0xbf, 0x4d, 0xf2, 0x0, 0xc, 0xf8, 0xb,
    0xf4, 0xdf, 0x20, 0x8, 0xfc, 0x0, 0xbf, 0x4d,
    0xf2, 0x5, 0xfe, 0x10, 0xb, 0xf4, 0xdf, 0x22,
    0xff, 0x40, 0x0, 0xbf, 0x4d, 0xf3, 0xdf, 0x70,
    0x0, 0xb, 0xf4, 0xdf, 0xcf, 0xb0, 0x0, 0x0,
    0xbf, 0x4d, 0xff, 0xd1, 0x0, 0x0, 0xb, 0xf4,
    0xdf, 0xf3, 0x0, 0x0, 0x0, 0xbf, 0x4d, 0xf6,
    0x0, 0x0, 0x0, 0xb, 0xf4,

    /* U+040E "Ў" */
    0x0, 0x8, 0xe0, 0x0, 0x4f, 0x20, 0x0, 0x0,
    0x4, 0xf7, 0x1, 0xcd, 0x0, 0x0, 0x0, 0x0,
    0x6f, 0xff, 0xc2, 0x0, 0x0, 0x0, 0x0, 0x0,
    0x10, 0x0, 0x0, 0x0, 0x6f, 0xb0, 0x0, 0x0,
    0x0, 0x9, 0xf6, 0xe, 0xf3, 0x0, 0x0, 0x0,
    0x2f, 0xd0, 0x6, 0xfb, 0x0, 0x0, 0x0, 0x9f,
    0x50, 0x0, 0xdf, 0x30, 0x0, 0x2, 0xfc, 0x0,
    0x0, 0x5f, 0xb0, 0x0, 0xa, 0xf4, 0x0, 0x0,
    0xd, 0xf3, 0x0, 0x2f, 0xc0, 0x0, 0x0, 0x5,
    0xfb, 0x0, 0xaf, 0x30, 0x0, 0x0, 0x0, 0xcf,
    0x32, 0xfb, 0x0, 0x0, 0x0, 0x0, 0x4f, 0xba,
    0xf2, 0x0, 0x0, 0x0, 0x0, 0xc, 0xff, 0xa0,
    0x0, 0x0, 0x0, 0x0, 0x4, 0xff, 0x20, 0x0,
    0x0, 0x0, 0x0, 0x7, 0xf9, 0x0, 0x0, 0x0,
    0x0, 0x43, 0x7f, 0xe1, 0x0, 0x0, 0x0, 0x2,
    0xff, 0xff, 0x40, 0x0, 0x0, 0x0, 0x1, 0x8a,
    0x71, 0x0, 0x0, 0x0, 0x0,

    /* U+040F "Џ" */
    0xdf, 0x20, 0x0, 0x0, 0x0, 0xff, 0xdf, 0x20,
    0x0, 0x0, 0x0, 0xff, 0xdf, 0x20, 0x0, 0x0,
    0x0, 0xff, 0xdf, 0x20, 0x0, 0x0, 0x0, 0xff,
    0xdf, 0x20, 0x0, 0x0, 0x0, 0xff, 0xdf, 0x20,
    0x0, 0x0, 0x0, 0xff, 0xdf, 0x20, 0x0, 0x0,
    0x0, 0xff, 0xdf, 0x20, 0x0, 0x0, 0x0, 0xff,
    0xdf, 0x20, 0x0, 0x0, 0x0, 0xff, 0xdf, 0x20,
    0x0, 0x0, 0x0, 0xff, 0xdf, 0x20, 0x0, 0x0,
    0x0, 0xff, 0xdf, 0x20, 0x0, 0x0, 0x0, 0xff,
    0xdf, 0xdc, 0xcc, 0xcc, 0xcc, 0xff, 0xdf, 0xff,
    0xff, 0xff, 0xff, 0xff, 0x0, 0x0, 0xd, 0xf0,
    0x0, 0x0, 0x0, 0x0, 0xd, 0xf0, 0x0, 0x0,
    0x0, 0x0, 0xd, 0xf0, 0x0, 0x0, 0x0, 0x0,
    0x6, 0x70, 0x0, 0x0,

    /* U+0410 "А" */
    0x0, 0x0, 0x0, 0xaf, 0xc0, 0x0, 0x0, 0x0,
    0x0, 0x0, 0x1f, 0xff, 0x30, 0x0, 0x0, 0x0,
    0x0, 0x8, 0xf9, 0xfb, 0x0, 0x0, 0x0, 0x0,
    0x0, 0xfe, 0xd, 0xf2, 0x0, 0x0, 0x0, 0x0,
    0x7f, 0x80, 0x6f, 0x90, 0x0, 0x0, 0x0, 0xe,
    0xf1, 0x0, 0xef, 0x10, 0x0, 0x0, 0x5, 0xfa,
    0x0, 0x8, 0xf8, 0x0, 0x0, 0x0, 0xdf, 0x30,
    0x0, 0x1f, 0xe0, 0x0, 0x0, 0x4f, 0xc0, 0x0,
    0x0, 0xaf, 0x60, 0x0, 0xb, 0xff, 0xff, 0xff,
    0xff, 0xfd, 0x0, 0x2, 0xfe, 0xaa, 0xaa, 0xaa,
    0xad, 0xf5, 0x0, 0xaf, 0x70, 0x0, 0x0, 0x0,
    0x5f, 0xc0, 0x1f, 0xe0, 0x0, 0x0, 0x0, 0x0,
    0xdf, 0x38, 0xf8, 0x0, 0x0, 0x0, 0x0, 0x6,
    0xfb,

    /* U+0411 "Б" */
    0xdf, 0xff, 0xff, 0xff, 0xff, 0xb0, 0xdf, 0xcc,
    0xcc, 0xcc, 0xcc, 0x80, 0xdf, 0x20, 0x0, 0x0,
    0x0, 0x0, 0xdf, 0x20, 0x0, 0x0, 0x0, 0x0,
    0xdf, 0x20, 0x0, 0x0, 0x0, 0x0, 0xdf, 0xaa,
    0xaa, 0x98, 0x61, 0x0, 0xdf, 0xff, 0xff, 0xff,
    0xff, 0x50, 0xdf, 0x20, 0x0, 0x2, 0x9f, 0xf2,
    0xdf, 0x20, 0x0, 0x0, 0xa, 0xf7, 0xdf, 0x20,
    0x0, 0x0, 0x6, 0xf9, 0xdf, 0x20, 0x0, 0x0,
    0x8, 0xf8, 0xdf, 0x20, 0x0, 0x0, 0x3f, 0xf3,
    0xdf, 0xaa, 0xaa, 0xac, 0xff, 0x80, 0xdf, 0xff,
    0xff, 0xfe, 0xb4, 0x0,

    /* U+0412 "В" */
    0xdf, 0xff, 0xff, 0xfd, 0xa3, 0x0, 0xdf, 0xaa,
    0xaa, 0xad, 0xff, 0x60, 0xdf, 0x20, 0x0, 0x0,
    0x7f, 0xe0, 0xdf, 0x20, 0x0, 0x0, 0xf, 0xf0,
    0xdf, 0x20, 0x0, 0x0, 0x1f, 0xe0, 0xdf, 0x20,
    0x0, 0x3, 0xcf, 0x60, 0xdf, 0xff, 0xff, 0xff,
    0xf7, 0x0, 0xdf, 0xa9, 0x99, 0x9a, 0xef, 0x90,
    0xdf, 0x20, 0x0, 0x0, 0xb, 0xf6, 0xdf, 0x20,
    0x0, 0x0, 0x5, 0xfb, 0xdf, 0x20, 0x0, 0x0,
    0x5, 0xfb, 0xdf, 0x20, 0x0, 0x0, 0x1c, 0xf8,
    0xdf, 0xaa, 0xaa, 0xab, 0xff, 0xd1, 0xdf, 0xff,
    0xff, 0xff, 0xc7, 0x0,

    /* U+0413 "Г" */
    0xdf, 0xff, 0xff, 0xff, 0xf5, 0xdf, 0xdc, 0xcc,
    0xcc, 0xc4, 0xdf, 0x20, 0x0, 0x0, 0x0, 0xdf,
    0x20, 0x0, 0x0, 0x0, 0xdf, 0x20, 0x0, 0x0,
    0x0, 0xdf, 0x20, 0x0, 0x0, 0x0, 0xdf, 0x20,
    0x0, 0x0, 0x0, 0xdf, 0x20, 0x0, 0x0, 0x0,
    0xdf, 0x20, 0x0, 0x0, 0x0, 0xdf, 0x20, 0x0,
    0x0, 0x0, 0xdf, 0x20, 0x0, 0x0, 0x0, 0xdf,
    0x20, 0x0, 0x0, 0x0, 0xdf, 0x20, 0x0, 0x0,
    0x0, 0xdf, 0x20, 0x0, 0x0, 0x0,

    /* U+0414 "Д" */
    0x0, 0x6, 0xff, 0xff, 0xff, 0xff, 0xf7, 0x0,
    0x0, 0x6, 0xfd, 0xcc, 0xcc, 0xce, 0xf7, 0x0,
    0x0, 0x7, 0xf5, 0x0, 0x0, 0x8, 0xf7, 0x0,
    0x0, 0x7, 0xf4, 0x0, 0x0, 0x8, 0xf7, 0x0,
    0x0, 0x8, 0xf3, 0x0, 0x0, 0x8, 0xf7, 0x0,
    0x0, 0x9, 0xf2, 0x0, 0x0, 0x8, 0xf7, 0x0,
    0x0, 0xa, 0xf1, 0x0, 0x0, 0x8, 0xf7, 0x0,
    0x0, 0xb, 0xf0, 0x0, 0x0, 0x8, 0xf7, 0x0,
    0x0, 0xd, 0xe0, 0x0, 0x0, 0x8, 0xf7, 0x0,
    0x0, 0xf, 0xc0, 0x0, 0x0, 0x8, 0xf7, 0x0,
    0x0, 0x5f, 0x80, 0x0, 0x0, 0x8, 0xf7, 0x0,
    0x0, 0xdf, 0x10, 0x0, 0x0, 0x8, 0xf7, 0x0,
    0x9e, 0xfe, 0xdd, 0xdd, 0xdd, 0xde, 0xfe, 0xd6,
    0xbf, 0xff, 0xff, 0xff, 0xff, 0xff, 0xff, 0xf8,
    0xbf, 0x20, 0x0, 0x0, 0x0, 0x0, 0x5, 0xf8,
    0xbf, 0x20, 0x0, 0x0, 0x0, 0x0, 0x5, 0xf8,
    0xbf, 0x20, 0x0, 0x0, 0x0, 0x0, 0x5, 0xf8,
    0x12, 0x0, 0x0, 0x0, 0x0, 0x0, 0x0, 0x21,

    /* U+0415 "Е" */
    0xdf, 0xff, 0xff, 0xff, 0xff, 0x1d, 0xfd, 0xcc,
    0xcc, 0xcc, 0xc0, 0xdf, 0x30, 0x0, 0x0, 0x0,
    0xd, 0xf3, 0x0, 0x0, 0x0, 0x0, 0xdf, 0x30,
    0x0, 0x0, 0x0, 0xd, 0xf3, 0x0, 0x0, 0x0,
    0x0, 0xdf, 0xff, 0xff, 0xff, 0xf3, 0xd, 0xfc,
    0xcc, 0xcc, 0xcc, 0x20, 0xdf, 0x30, 0x0, 0x0,
    0x0, 0xd, 0xf3, 0x0, 0x0, 0x0, 0x0, 0xdf,
    0x30, 0x0, 0x0, 0x0, 0xd, 0xf3, 0x0, 0x0,
    0x0, 0x0, 0xdf, 0xdc, 0xcc, 0xcc, 0xcc, 0x4d,
    0xff, 0xff, 0xff, 0xff, 0xf5,

    /* U+0416 "Ж" */
    0xe, 0xf2, 0x0, 0x0, 0xb, 0xf4, 0x0, 0x0,
    0x9, 0xf8, 0x0, 0x5f, 0xc0, 0x0, 0x0, 0xbf,
    0x40, 0x0, 0x3, 0xfd, 0x0, 0x0, 0xaf, 0x60,
    0x0, 0xb, 0xf4, 0x0, 0x0, 0xdf, 0x40, 0x0,
    0x1, 0xef, 0x10, 0x0, 0xbf, 0x40, 0x0, 0x7f,
    0x90, 0x0, 0x0, 0x6, 0xfa, 0x0, 0xb, 0xf4,
    0x0, 0x2f, 0xe1, 0x0, 0x0, 0x0, 0xb, 0xf4,
    0x0, 0xbf, 0x40, 0xb, 0xf5, 0x0, 0x0, 0x0,
    0x0, 0x2f, 0xff, 0xff, 0xff, 0xff, 0xfc, 0x0,
    0x0, 0x0, 0x0, 0x8, 0xfe, 0xdd, 0xff, 0xdd,
    0xdf, 0xf2, 0x0, 0x0, 0x0, 0x2, 0xff, 0x30,
    0xb, 0xf4, 0x0, 0xaf, 0xb0, 0x0, 0x0, 0x0,
    0xcf, 0x90, 0x0, 0xbf, 0x40, 0x1, 0xef, 0x50,
    0x0, 0x0, 0x6f, 0xe0, 0x0, 0xb, 0xf4, 0x0,
    0x5, 0xfe, 0x10, 0x0, 0x1f, 0xf4, 0x0, 0x0,
    0xbf, 0x40, 0x0, 0xb, 0xf9, 0x0, 0xa, 0xfa,
    0x0, 0x0, 0xb, 0xf4, 0x0, 0x0, 0x2f, 0xf4,
    0x4, 0xff, 0x10, 0x0, 0x0, 0xbf, 0x40, 0x0,
    0x0, 0x7f, 0xd0,

    /* U+0417 "З" */
    0x2, 0x8c, 0xef, 0xec, 0x81, 0x0, 0x2f, 0xff,
    0xec, 0xef, 0xfe, 0x30, 0x7, 0x40, 0x0, 0x1,
    0xaf, 0xb0, 0x0, 0x0, 0x0, 0x0, 0x2f, 0xe0,
    0x0, 0x0, 0x0, 0x0, 0x7f, 0xa0, 0x0, 0x1a,
    0xaa, 0xbd, 0xfd, 0x10, 0x0, 0x2f, 0xff, 0xff,
    0xfa, 0x10, 0x0, 0x0, 0x0, 0x3, 0xaf, 0xc0,
    0x0, 0x0, 0x0, 0x0, 0xc, 0xf5, 0x0, 0x0,
    0x0, 0x0, 0x8, 0xf7, 0x10, 0x0, 0x0, 0x0,
    0xb, 0xf6, 0xac, 0x50, 0x0, 0x0, 0x8f, 0xf1,
    0xaf, 0xff, 0xdc, 0xdf, 0xff, 0x40, 0x3, 0x9c,
    0xef, 0xec, 0x81, 0x0,

    /* U+0418 "И" */
    0xdf, 0x20, 0x0, 0x0, 0x1, 0xef, 0x4d, 0xf2,
    0x0, 0x0, 0x0, 0xbf, 0xf4, 0xdf, 0x20, 0x0,
    0x0, 0x7f, 0xff, 0x4d, 0xf2, 0x0, 0x0, 0x4f,
    0xfd, 0xf4, 0xdf, 0x20, 0x0, 0x1e, 0xf5, 0xbf,
    0x4d, 0xf2, 0x0, 0xc, 0xf8, 0xb, 0xf4, 0xdf,
    0x20, 0x8, 0xfc, 0x0, 0xbf, 0x4d, 0xf2, 0x5,
    0xfe, 0x10, 0xb, 0xf4, 0xdf, 0x22, 0xff, 0x40,
    0x0, 0xbf, 0x4d, 0xf3, 0xdf, 0x70, 0x0, 0xb,
    0xf4, 0xdf, 0xcf, 0xb0, 0x0, 0x0, 0xbf, 0x4d,
    0xff, 0xd1, 0x0, 0x0, 0xb, 0xf4, 0xdf, 0xf3,
    0x0, 0x0, 0x0, 0xbf, 0x4d, 0xf6, 0x0, 0x0,
    0x0, 0xb, 0xf4,

    /* U+0419 "Й" */
    0x0, 0x1f, 0x80, 0x3, 0xf7, 0x0, 0x0, 0x0,
    0x6e, 0xff, 0xfa, 0x0, 0x0, 0x0, 0x0, 0x1,
    0x10, 0x0, 0x0, 0x0, 0x0, 0x0, 0x0, 0x0,
    0x0, 0x0, 0xdf, 0x20, 0x0, 0x0, 0x1, 0xef,
    0x4d, 0xf2, 0x0, 0x0, 0x0, 0xbf, 0xf4, 0xdf,
    0x20, 0x0, 0x0, 0x7f, 0xff, 0x4d, 0xf2, 0x0,
    0x0, 0x4f, 0xfd, 0xf4, 0xdf, 0x20, 0x0, 0x1e,
    0xf5, 0xbf, 0x4d, 0xf2, 0x0, 0xc, 0xf8, 0xb,
    0xf4, 0xdf, 0x20, 0x8, 0xfc, 0x0, 0xbf, 0x4d,
    0xf2, 0x5, 0xfe, 0x10, 0xb, 0xf4, 0xdf, 0x22,
    0xff, 0x40, 0x0, 0xbf, 0x4d, 0xf3, 0xdf, 0x70,
    0x0, 0xb, 0xf4, 0xdf, 0xcf, 0xb0, 0x0, 0x0,
    0xbf, 0x4d, 0xff, 0xd1, 0x0, 0x0, 0xb, 0xf4,
    0xdf, 0xf3, 0x0, 0x0, 0x0, 0xbf, 0x4d, 0xf6,
    0x0, 0x0, 0x0, 0xb, 0xf4,

    /* U+041A "К" */
    0xdf, 0x20, 0x0, 0x0, 0xd, 0xf4, 0xdf, 0x20,
    0x0, 0x0, 0x9f, 0x80, 0xdf, 0x20, 0x0, 0x5,
    0xfc, 0x0, 0xdf, 0x20, 0x0, 0x1e, 0xe1, 0x0,
    0xdf, 0x20, 0x0, 0xcf, 0x40, 0x0, 0xdf, 0x20,
    0x8, 0xf8, 0x0, 0x0, 0xdf, 0xff, 0xff, 0xd0,
    0x0, 0x0, 0xdf, 0xdd, 0xdf, 0xf3, 0x0, 0x0,
    0xdf, 0x20, 0x6, 0xfd, 0x0, 0x0, 0xdf, 0x20,
    0x0, 0xbf, 0xa0, 0x0, 0xdf, 0x20, 0x0, 0x1e,
    0xf5, 0x0, 0xdf, 0x20, 0x0, 0x3, 0xff, 0x20,
    0xdf, 0x20, 0x0, 0x0, 0x8f, 0xc0, 0xdf, 0x20,
    0x0, 0x0, 0xc, 0xf8,

    /* U+041B "Л" */
    0x0, 0x4, 0xff, 0xff, 0xff, 0xff, 0xfa, 0x0,
    0x4, 0xfe, 0xcc, 0xcc, 0xcd, 0xfa, 0x0, 0x5,
    0xf6, 0x0, 0x0, 0x5, 0xfa, 0x0, 0x5, 0xf6,
    0x0, 0x0, 0x5, 0xfa, 0x0, 0x6, 0xf5, 0x0,
    0x0, 0x5, 0xfa, 0x0, 0x7, 0xf5, 0x0, 0x0,
    0x5, 0xfa, 0x0, 0x7, 0xf4, 0x0, 0x0, 0x5,
    0xfa, 0x0, 0x9, 0xf3, 0x0, 0x0, 0x5, 0xfa,
    0x0, 0xa, 0xf1, 0x0, 0x0, 0x5, 0xfa, 0x0,
    0xd, 0xf0, 0x0, 0x0, 0x5, 0xfa, 0x0, 0x2f,
    0xc0, 0x0, 0x0, 0x5, 0xfa, 0x0, 0xbf, 0x80,
    0x0, 0x0, 0x5, 0xfa, 0x9f, 0xff, 0x10, 0x0,
    0x0, 0x5, 0xfa, 0x9f, 0xc3, 0x0, 0x0, 0x0,
    0x5, 0xfa,

    /* U+041C "М" */
    0xdf, 0x20, 0x0, 0x0, 0x0, 0x0, 0xd, 0xf0,
    0xdf, 0xb0, 0x0, 0x0, 0x0, 0x0, 0x7f, 0xf1,
    0xdf, 0xf4, 0x0, 0x0, 0x0, 0x1, 0xff, 0xf1,
    0xdf, 0xfd, 0x0, 0x0, 0x0, 0xa, 0xff, 0xf1,
    0xdf, 0x9f, 0x70, 0x0, 0x0, 0x3f, 0xbd, 0xf1,
    0xdf, 0x2e, 0xf1, 0x0, 0x0, 0xcf, 0x2d, 0xf1,
    0xdf, 0x15, 0xfa, 0x0, 0x6, 0xf8, 0xd, 0xf1,
    0xdf, 0x10, 0xbf, 0x40, 0xe, 0xe0, 0xd, 0xf1,
    0xdf, 0x10, 0x2f, 0xd0, 0x8f, 0x50, 0xd, 0xf1,
    0xdf, 0x10, 0x8, 0xf9, 0xfb, 0x0, 0xd, 0xf1,
    0xdf, 0x10, 0x0, 0xef, 0xf2, 0x0, 0xd, 0xf1,
    0xdf, 0x10, 0x0, 0x5f, 0x80, 0x0, 0xd, 0xf1,
    0xdf, 0x10, 0x0, 0x4, 0x0, 0x0, 0xd, 0xf1,
    0xdf, 0x10, 0x0, 0x0, 0x0, 0x0, 0xd, 0xf1,

    /* U+041D "Н" */
    0xdf, 0x30, 0x0, 0x0, 0x0, 0xcf, 0x3d, 0xf3,
    0x0, 0x0, 0x0, 0xc, 0xf3, 0xdf, 0x30, 0x0,
    0x0, 0x0, 0xcf, 0x3d, 0xf3, 0x0, 0x0, 0x0,
    0xc, 0xf3, 0xdf, 0x30, 0x0, 0x0, 0x0, 0xcf,
    0x3d, 0xf3, 0x0, 0x0, 0x0, 0xc, 0xf3, 0xdf,
    0xff, 0xff, 0xff, 0xff, 0xff, 0x3d, 0xfd, 0xcc,
    0xcc, 0xcc, 0xcf, 0xf3, 0xdf, 0x30, 0x0, 0x0,
    0x0, 0xcf, 0x3d, 0xf3, 0x0, 0x0, 0x0, 0xc,
    0xf3, 0xdf, 0x30, 0x0, 0x0, 0x0, 0xcf, 0x3d,
    0xf3, 0x0, 0x0, 0x0, 0xc, 0xf3, 0xdf, 0x30,
    0x0, 0x0, 0x0, 0xcf, 0x3d, 0xf3, 0x0, 0x0,
    0x0, 0xc, 0xf3,

    /* U+041E "О" */
    0x0, 0x0, 0x7b, 0xef, 0xeb, 0x60, 0x0, 0x0,
    0x4, 0xef, 0xff, 0xdf, 0xff, 0xe3, 0x0, 0x4,
    0xff, 0xa2, 0x0, 0x3, 0xbf, 0xf4, 0x1, 0xff,
    0x60, 0x0, 0x0, 0x0, 0x8f, 0xe0, 0x8f, 0xa0,
    0x0, 0x0, 0x0, 0x0, 0xcf, 0x6c, 0xf4, 0x0,
    0x0, 0x0, 0x0, 0x5, 0xfb, 0xff, 0x10, 0x0,
    0x0, 0x0, 0x0, 0x2f, 0xdf, 0xf1, 0x0, 0x0,
    0x0, 0x0, 0x2, 0xfd, 0xcf, 0x40, 0x0, 0x0,
    0x0, 0x0, 0x5f, 0xb8, 0xfa, 0x0, 0x0, 0x0,
    0x0, 0xc, 0xf6, 0x1f, 0xf7, 0x0, 0x0, 0x0,
    0x8, 0xfe, 0x0, 0x4f, 0xfa, 0x30, 0x0, 0x3b,
    0xff, 0x40, 0x0, 0x4e, 0xff, 0xfd, 0xff, 0xfe,
    0x30, 0x0, 0x0, 0x7, 0xbe, 0xfe, 0xb6, 0x0,
    0x0,

    /* U+041F "П" */
    0xdf, 0xff, 0xff, 0xff, 0xff, 0xff, 0x3d, 0xfd,
    0xcc, 0xcc, 0xcc, 0xcf, 0xf3, 0xdf, 0x20, 0x0,
    0x0, 0x0, 0xbf, 0x3d, 0xf2, 0x0, 0x0, 0x0,
    0xb, 0xf3, 0xdf, 0x20, 0x0, 0x0, 0x0, 0xbf,
    0x3d, 0xf2, 0x0, 0x0, 0x0, 0xb, 0xf3, 0xdf,
    0x20, 0x0, 0x0, 0x0, 0xbf, 0x3d, 0xf2, 0x0,
    0x0, 0x0, 0xb, 0xf3, 0xdf, 0x20, 0x0, 0x0,
    0x0, 0xbf, 0x3d, 0xf2, 0x0, 0x0, 0x0, 0xb,
    0xf3, 0xdf, 0x20, 0x0, 0x0, 0x0, 0xbf, 0x3d,
    0xf2, 0x0, 0x0, 0x0, 0xb, 0xf3, 0xdf, 0x20,
    0x0, 0x0, 0x0, 0xbf, 0x3d, 0xf2, 0x0, 0x0,
    0x0, 0xb, 0xf3,

    /* U+0420 "Р" */
    0xdf, 0xff, 0xff, 0xfc, 0x71, 0x0, 0xdf, 0xdc,
    0xcc, 0xef, 0xfe, 0x20, 0xdf, 0x30, 0x0, 0x2,
    0xbf, 0xd0, 0xdf, 0x30, 0x0, 0x0, 0xd, 0xf4,
    0xdf, 0x30, 0x0, 0x0, 0x9, 0xf7, 0xdf, 0x30,
    0x0, 0x0, 0xa, 0xf6, 0xdf, 0x30, 0x0, 0x0,
    0x1e, 0xf3, 0xdf, 0x30, 0x0, 0x15, 0xdf, 0xc0,
    0xdf, 0xff, 0xff, 0xff, 0xfc, 0x10, 0xdf, 0xdc,
    0xcc, 0xb9, 0x40, 0x0, 0xdf, 0x30, 0x0, 0x0,
    0x0, 0x0, 0xdf, 0x30, 0x0, 0x0, 0x0, 0x0,
    0xdf, 0x30, 0x0, 0x0, 0x0, 0x0, 0xdf, 0x30,
    0x0, 0x0, 0x0, 0x0,

    /* U+0421 "С" */
    0x0, 0x0, 0x7c, 0xef, 0xeb, 0x60, 0x0, 0x4,
    0xef, 0xff, 0xde, 0xff, 0xd2, 0x4, 0xff, 0xa3,
    0x0, 0x3, 0xaf, 0x61, 0xef, 0x70, 0x0, 0x0,
    0x0, 0x30, 0x7f, 0xb0, 0x0, 0x0, 0x0, 0x0,
    0xc, 0xf4, 0x0, 0x0, 0x0, 0x0, 0x0, 0xef,
    0x10, 0x0, 0x0, 0x0, 0x0, 0xe, 0xf1, 0x0,
    0x0, 0x0, 0x0, 0x0, 0xcf, 0x40, 0x0, 0x0,
    0x0, 0x0, 0x7, 0xfb, 0x0, 0x0, 0x0, 0x0,
    0x0, 0x1e, 0xf7, 0x0, 0x0, 0x0, 0x3, 0x0,
    0x4f, 0xfa, 0x30, 0x0, 0x3a, 0xf7, 0x0, 0x4e,
    0xff, 0xfd, 0xef, 0xfd, 0x10, 0x0, 0x7, 0xce,
    0xfe, 0xb6, 0x0,

    /* U+0422 "Т" */
    0xbf, 0xff, 0xff, 0xff, 0xff, 0xfc, 0x9c, 0xcc,
    0xcf, 0xfc, 0xcc, 0xca, 0x0, 0x0, 0xf, 0xf0,
    0x0, 0x0, 0x0, 0x0, 0xf, 0xf0, 0x0, 0x0,
    0x0, 0x0, 0xf, 0xf0, 0x0, 0x0, 0x0, 0x0,
    0xf, 0xf0, 0x0, 0x0, 0x0, 0x0, 0xf, 0xf0,
    0x0, 0x0, 0x0, 0x0, 0xf, 0xf0, 0x0, 0x0,
    0x0, 0x0, 0xf, 0xf0, 0x0, 0x0, 0x0, 0x0,
    0xf, 0xf0, 0x0, 0x0, 0x0, 0x0, 0xf, 0xf0,
    0x0, 0x0, 0x0, 0x0, 0xf, 0xf0, 0x0, 0x0,
    0x0, 0x0, 0xf, 0xf0, 0x0, 0x0, 0x0, 0x0,
    0xf, 0xf0, 0x0, 0x0,

    /* U+0423 "У" */
    0x6f, 0xb0, 0x0, 0x0, 0x0, 0x9, 0xf6, 0xe,
    0xf3, 0x0, 0x0, 0x0, 0x2f, 0xd0, 0x6, 0xfb,
    0x0, 0x0, 0x0, 0x9f, 0x50, 0x0, 0xdf, 0x30,
    0x0, 0x2, 0xfc, 0x0, 0x0, 0x5f, 0xb0, 0x0,
    0xa, 0xf4, 0x0, 0x0, 0xd, 0xf3, 0x0, 0x2f,
    0xc0, 0x0, 0x0, 0x5, 0xfb, 0x0, 0xaf, 0x30,
    0x0, 0x0, 0x0, 0xcf, 0x32, 0xfb, 0x0, 0x0,
    0x0, 0x0, 0x4f, 0xba, 0xf2, 0x0, 0x0, 0x0,
    0x0, 0xc, 0xff, 0xa0, 0x0, 0x0, 0x0, 0x0,
    0x4, 0xff, 0x20, 0x0, 0x0, 0x0, 0x0, 0x7,
    0xf9, 0x0, 0x0, 0x0, 0x0, 0x43, 0x7f, 0xe1,
    0x0, 0x0, 0x0, 0x2, 0xff, 0xff, 0x40, 0x0,
    0x0, 0x0, 0x1, 0x8a, 0x71, 0x0, 0x0, 0x0,
    0x0,

    /* U+0424 "Ф" */
    0x0, 0x0, 0x0, 0x0, 0x47, 0x10, 0x0, 0x0,
    0x0, 0x0, 0x0, 0x0, 0x0, 0xaf, 0x30, 0x0,
    0x0, 0x0, 0x0, 0x0, 0x4a, 0xdf, 0xff, 0xfe,
    0xc7, 0x10, 0x0, 0x0, 0x1c, 0xff, 0xda, 0xef,
    0xbb, 0xef, 0xf6, 0x0, 0x0, 0xdf, 0xa2, 0x0,
    0xaf, 0x30, 0x6, 0xef, 0x60, 0x8, 0xfa, 0x0,
    0x0, 0xaf, 0x30, 0x0, 0x3f, 0xf1, 0xd, 0xf2,
    0x0, 0x0, 0xaf, 0x30, 0x0, 0xa, 0xf6, 0xf,
    0xe0, 0x0, 0x0, 0xaf, 0x30, 0x0, 0x6, 0xf8,
    0x1f, 0xd0, 0x0, 0x0, 0xaf, 0x30, 0x0, 0x5,
    0xf9, 0xf, 0xf0, 0x0, 0x0, 0xaf, 0x30, 0x0,
    0x7, 0xf8, 0xb, 0xf5, 0x0, 0x0, 0xaf, 0x30,
    0x0, 0xc, 0xf4, 0x4, 0xfe, 0x20, 0x0, 0xaf,
    0x30, 0x0, 0x7f, 0xd0, 0x0, 0x9f, 0xf8, 0x30,
    0xaf, 0x31, 0x5b, 0xfe, 0x20, 0x0, 0x6, 0xef,
    0xff, 0xff, 0xff, 0xff, 0xb2, 0x0, 0x0, 0x0,
    0x4, 0x79, 0xdf, 0xb8, 0x62, 0x0, 0x0, 0x0,
    0x0, 0x0, 0x0, 0xaf, 0x30, 0x0, 0x0, 0x0,

    /* U+0425 "Х" */
    0x1e, 0xf5, 0x0, 0x0, 0x1, 0xff, 0x40, 0x4,
    0xfe, 0x10, 0x0, 0xc, 0xf9, 0x0, 0x0, 0x9f,
    0xc0, 0x0, 0x7f, 0xd0, 0x0, 0x0, 0xd, 0xf7,
    0x3, 0xff, 0x30, 0x0, 0x0, 0x3, 0xff, 0x4d,
    0xf7, 0x0, 0x0, 0x0, 0x0, 0x7f, 0xff, 0xc0,
    0x0, 0x0, 0x0, 0x0, 0xc, 0xff, 0x20, 0x0,
    0x0, 0x0, 0x0, 0x1f, 0xff, 0x70, 0x0, 0x0,
    0x0, 0x0, 0xcf, 0xcf, 0xf2, 0x0, 0x0, 0x0,
    0x7, 0xfd, 0x9, 0xfd, 0x0, 0x0, 0x0, 0x3f,
    0xf2, 0x0, 0xdf, 0x80, 0x0, 0x0, 0xdf, 0x60,
    0x0, 0x2f, 0xf4, 0x0, 0x9, 0xfb, 0x0, 0x0,
    0x6, 0xfe, 0x10, 0x4f, 0xe1, 0x0, 0x0, 0x0,
    0xbf, 0xa0,

    /* U+0426 "Ц" */
    0xdf, 0x20, 0x0, 0x0, 0x0, 0xff, 0x0, 0xd,
    0xf2, 0x0, 0x0, 0x0, 0xf, 0xf0, 0x0, 0xdf,
    0x20, 0x0, 0x0, 0x0, 0xff, 0x0, 0xd, 0xf2,
    0x0, 0x0, 0x0, 0xf, 0xf0, 0x0, 0xdf, 0x20,
    0x0, 0x0, 0x0, 0xff, 0x0, 0xd, 0xf2, 0x0,
    0x0, 0x0, 0xf, 0xf0, 0x0, 0xdf, 0x20, 0x0,
    0x0, 0x0, 0xff, 0x0, 0xd, 0xf2, 0x0, 0x0,
    0x0, 0xf, 0xf0, 0x0, 0xdf, 0x20, 0x0, 0x0,
    0x0, 0xff, 0x0, 0xd, 0xf2, 0x0, 0x0, 0x0,
    0xf, 0xf0, 0x0, 0xdf, 0x20, 0x0, 0x0, 0x0,
    0xff, 0x0, 0xd, 0xf2, 0x0, 0x0, 0x0, 0xf,
    0xf0, 0x0, 0xdf, 0xdc, 0xcc, 0xcc, 0xcc, 0xff,
    0xcc, 0x1d, 0xff, 0xff, 0xff, 0xff, 0xff, 0xff,
    0xf1, 0x0, 0x0, 0x0, 0x0, 0x0, 0x0, 0xcf,
    0x10, 0x0, 0x0, 0x0, 0x0, 0x0, 0xc, 0xf1,
    0x0, 0x0, 0x0, 0x0, 0x0, 0x0, 0xcf, 0x10,
    0x0, 0x0, 0x0, 0x0, 0x0, 0x6, 0x80,

    /* U+0427 "Ч" */
    0x4f, 0xb0, 0x0, 0x0, 0x0, 0xcf, 0x24, 0xfb,
    0x0, 0x0, 0x0, 0xc, 0xf2, 0x4f, 0xb0, 0x0,
    0x0, 0x0, 0xcf, 0x24, 0xfb, 0x0, 0x0, 0x0,
    0xc, 0xf2, 0x4f, 0xc0, 0x0, 0x0, 0x0, 0xcf,
    0x22, 0xff, 0x10, 0x0, 0x0, 0xc, 0xf2, 0xd,
    0xfc, 0x20, 0x0, 0x16, 0xef, 0x20, 0x3f, 0xff,
    0xed, 0xef, 0xff, 0xf2, 0x0, 0x19, 0xdf, 0xfd,
    0xa5, 0xdf, 0x20, 0x0, 0x0, 0x0, 0x0, 0xc,
    0xf2, 0x0, 0x0, 0x0, 0x0, 0x0, 0xcf, 0x20,
    0x0, 0x0, 0x0, 0x0, 0xc, 0xf2, 0x0, 0x0,
    0x0, 0x0, 0x0, 0xcf, 0x20, 0x0, 0x0, 0x0,
    0x0, 0xc, 0xf2,

    /* U+0428 "Ш" */
    0xdf, 0x20, 0x0, 0x0, 0xff, 0x0, 0x0, 0x3,
    0xfb, 0xdf, 0x20, 0x0, 0x0, 0xff, 0x0, 0x0,
    0x3, 0xfb, 0xdf, 0x20, 0x0, 0x0, 0xff, 0x0,
    0x0, 0x3, 0xfb, 0xdf, 0x20, 0x0, 0x0, 0xff,
    0x0, 0x0, 0x3, 0xfb, 0xdf, 0x20, 0x0, 0x0,
    0xff, 0x0, 0x0, 0x3, 0xfb, 0xdf, 0x20, 0x0,
    0x0, 0xff, 0x0, 0x0, 0x3, 0xfb, 0xdf, 0x20,
    0x0, 0x0, 0xff, 0x0, 0x0, 0x3, 0xfb, 0xdf,
    0x20, 0x0, 0x0, 0xff, 0x0, 0x0, 0x3, 0xfb,
    0xdf, 0x20, 0x0, 0x0, 0xff, 0x0, 0x0, 0x3,
    0xfb, 0xdf, 0x20, 0x0, 0x0, 0xff, 0x0, 0x0,
    0x3, 0xfb, 0xdf, 0x20, 0x0, 0x0, 0xff, 0x0,
    0x0, 0x3, 0xfb, 0xdf, 0x20, 0x0, 0x0, 0xff,
    0x0, 0x0, 0x3, 0xfb, 0xdf, 0xdc, 0xcc, 0xcc,
    0xff, 0xcc, 0xcc, 0xcd, 0xfb, 0xdf, 0xff, 0xff,
    0xff, 0xff, 0xff, 0xff, 0xff, 0xfb,

    /* U+0429 "Щ" */
    0xdf, 0x20, 0x0, 0x0, 0xff, 0x0, 0x0, 0x3,
    0xfb, 0x0, 0xdf, 0x20, 0x0, 0x0, 0xff, 0x0,
    0x0, 0x3, 0xfb, 0x0, 0xdf, 0x20, 0x0, 0x0,
    0xff, 0x0, 0x0, 0x3, 0xfb, 0x0, 0xdf, 0x20,
    0x0, 0x0, 0xff, 0x0, 0x0, 0x3, 0xfb, 0x0,
    0xdf, 0x20, 0x0, 0x0, 0xff, 0x0, 0x0, 0x3,
    0xfb, 0x0, 0xdf, 0x20, 0x0, 0x0, 0xff, 0x0,
    0x0, 0x3, 0xfb, 0x0, 0xdf, 0x20, 0x0, 0x0,
    0xff, 0x0, 0x0, 0x3, 0xfb, 0x0, 0xdf, 0x20,
    0x0, 0x0, 0xff, 0x0, 0x0, 0x3, 0xfb, 0x0,
    0xdf, 0x20, 0x0, 0x0, 0xff, 0x0, 0x0, 0x3,
    0xfb, 0x0, 0xdf, 0x20, 0x0, 0x0, 0xff, 0x0,
    0x0, 0x3, 0xfb, 0x0, 0xdf, 0x20, 0x0, 0x0,
    0xff, 0x0, 0x0, 0x3, 0xfb, 0x0, 0xdf, 0x20,
    0x0, 0x0, 0xff, 0x0, 0x0, 0x3, 0xfb, 0x0,
    0xdf, 0xdc, 0xcc, 0xcc, 0xff, 0xcc, 0xcc, 0xcf,
    0xff, 0xca, 0xdf, 0xff, 0xff, 0xff, 0xff, 0xff,
    0xff, 0xff, 0xff, 0xfd, 0x0, 0x0, 0x0, 0x0,
    0x0, 0x0, 0x0, 0x0, 0x0, 0xfd, 0x0, 0x0,
    0x0, 0x0, 0x0, 0x0, 0x0, 0x0, 0x0, 0xfd,
    0x0, 0x0, 0x0, 0x0, 0x0, 0x0, 0x0, 0x0,
    0x0, 0xfd,

    /* U+042A "Ъ" */
    0xbf, 0xff, 0xff, 0x70, 0x0, 0x0, 0x0, 0x0,
    0x9c, 0xcc, 0xef, 0x70, 0x0, 0x0, 0x0, 0x0,
    0x0, 0x0, 0x8f, 0x70, 0x0, 0x0, 0x0, 0x0,
    0x0, 0x0, 0x8f, 0x70, 0x0, 0x0, 0x0, 0x0,
    0x0, 0x0, 0x8f, 0xca, 0xaa, 0x99, 0x61, 0x0,
    0x0, 0x0, 0x8f, 0xff, 0xff, 0xff, 0xff, 0x50,
    0x0, 0x0, 0x8f, 0x70, 0x0, 0x2, 0x9f, 0xf2,
    0x0, 0x0, 0x8f, 0x70, 0x0, 0x0, 0xa, 0xf8,
    0x0, 0x0, 0x8f, 0x70, 0x0, 0x0, 0x5, 0xfb,
    0x0, 0x0, 0x8f, 0x70, 0x0, 0x0, 0x4, 0xfb,
    0x0, 0x0, 0x8f, 0x70, 0x0, 0x0, 0x8, 0xf9,
    0x0, 0x0, 0x8f, 0x70, 0x0, 0x0, 0x4f, 0xf3,
    0x0, 0x0, 0x8f, 0xca, 0xaa, 0xad, 0xff, 0x80,
    0x0, 0x0, 0x8f, 0xff, 0xff, 0xfe, 0xa4, 0x0,

    /* U+042B "Ы" */
    0xdf, 0x20, 0x0, 0x0, 0x0, 0x0, 0x4, 0xfb,
    0xdf, 0x20, 0x0, 0x0, 0x0, 0x0, 0x4, 0xfb,
    0xdf, 0x20, 0x0, 0x0, 0x0, 0x0, 0x4, 0xfb,
    0xdf, 0x20, 0x0, 0x0, 0x0, 0x0, 0x4, 0xfb,
    0xdf, 0xaa, 0xaa, 0x98, 0x40, 0x0, 0x4, 0xfb,
    0xdf, 0xff, 0xff, 0xff, 0xfd, 0x20, 0x4, 0xfb,
    0xdf, 0x20, 0x0, 0x14, 0xcf, 0xd0, 0x4, 0xfb,
    0xdf, 0x20, 0x0, 0x0, 0xd, 0xf4, 0x4, 0xfb,
    0xdf, 0x20, 0x0, 0x0, 0x9, 0xf7, 0x4, 0xfb,
    0xdf, 0x20, 0x0, 0x0, 0x9, 0xf7, 0x4, 0xfb,
    0xdf, 0x20, 0x0, 0x0, 0xc, 0xf4, 0x4, 0xfb,
    0xdf, 0x20, 0x0, 0x0, 0x8f, 0xe0, 0x4, 0xfb,
    0xdf, 0xaa, 0xaa, 0xbe, 0xff, 0x40, 0x4, 0xfb,
    0xdf, 0xff, 0xff, 0xfd, 0x92, 0x0, 0x4, 0xfb,

    /* U+042C "Ь" */
    0xdf, 0x20, 0x0, 0x0, 0x0, 0x0, 0xdf, 0x20,
    0x0, 0x0, 0x0, 0x0, 0xdf, 0x20, 0x0, 0x0,
    0x0, 0x0, 0xdf, 0x20, 0x0, 0x0, 0x0, 0x0,
    0xdf, 0xaa, 0xaa, 0x98, 0x40, 0x0, 0xdf, 0xff,
    0xff, 0xff, 0xfd, 0x20, 0xdf, 0x20, 0x0, 0x14,
    0xcf, 0xd0, 0xdf, 0x20, 0x0, 0x0, 0xd, 0xf4,
    0xdf, 0x20, 0x0, 0x0, 0x9, 0xf7, 0xdf, 0x20,
    0x0, 0x0, 0x9, 0xf7, 0xdf, 0x20, 0x0, 0x0,
    0xc, 0xf4, 0xdf, 0x20, 0x0, 0x0, 0x8f, 0xe0,
    0xdf, 0xaa, 0xaa, 0xbe, 0xff, 0x40, 0xdf, 0xff,
    0xff, 0xfd, 0x92, 0x0,

    /* U+042D "Э" */
    0x0, 0x39, 0xdf, 0xfd, 0x92, 0x0, 0x0, 0x9,
    0xff, 0xfe, 0xef, 0xff, 0x70, 0x0, 0x2e, 0xd5,
    0x0, 0x1, 0x8f, 0xf7, 0x0, 0x2, 0x0, 0x0,
    0x0, 0x4, 0xff, 0x20, 0x0, 0x0, 0x0, 0x0,
    0x0, 0x8f, 0xa0, 0x0, 0x0, 0x0, 0x0, 0x0,
    0x2f, 0xe0, 0x0, 0x0, 0xcf, 0xff, 0xff, 0xff,
    0xf0, 0x0, 0x0, 0x8b, 0xbb, 0xbb, 0xbf, 0xf0,
    0x0, 0x0, 0x0, 0x0, 0x0, 0x2f, 0xe0, 0x0,
    0x0, 0x0, 0x0, 0x0, 0x8f, 0xa0, 0x2, 0x0,
    0x0, 0x0, 0x4, 0xff, 0x20, 0x2e, 0xd5, 0x0,
    0x1, 0x8f, 0xf7, 0x0, 0x9, 0xff, 0xfe, 0xef,
    0xff, 0x70, 0x0, 0x0, 0x39, 0xdf, 0xfd, 0x92,
    0x0, 0x0,

    /* U+042E "Ю" */
    0xdf, 0x20, 0x0, 0x0, 0x39, 0xdf, 0xec, 0x71,
    0x0, 0xd, 0xf2, 0x0, 0x0, 0x9f, 0xfd, 0xbc,
    0xff, 0xf5, 0x0, 0xdf, 0x20, 0x0, 0xbf, 0xd3,
    0x0, 0x0, 0x7f, 0xf5, 0xd, 0xf2, 0x0, 0x6f,
    0xd0, 0x0, 0x0, 0x0, 0x4f, 0xe1, 0xdf, 0x20,
    0xe, 0xf4, 0x0, 0x0, 0x0, 0x0, 0xaf, 0x7d,
    0xf2, 0x2, 0xfe, 0x0, 0x0, 0x0, 0x0, 0x4,
    0xfb, 0xdf, 0xff, 0xff, 0xc0, 0x0, 0x0, 0x0,
    0x0, 0x2f, 0xdd, 0xfd, 0xde, 0xfc, 0x0, 0x0,
    0x0, 0x0, 0x2, 0xfd, 0xdf, 0x20, 0x2f, 0xe0,
    0x0, 0x0, 0x0, 0x0, 0x5f, 0xbd, 0xf2, 0x0,
    0xef, 0x50, 0x0, 0x0, 0x0, 0xb, 0xf7, 0xdf,
    0x20, 0x6, 0xfe, 0x20, 0x0, 0x0, 0x7, 0xfe,
    0xd, 0xf2, 0x0, 0xb, 0xfe, 0x60, 0x0, 0x29,
    0xff, 0x40, 0xdf, 0x20, 0x0, 0xa, 0xff, 0xfe,
    0xff, 0xff, 0x50, 0xd, 0xf2, 0x0, 0x0, 0x3,
    0xad, 0xff, 0xc7, 0x10, 0x0,

    /* U+042F "Я" */
    0x0, 0x3a, 0xef, 0xff, 0xff, 0xf7, 0x7, 0xff,
    0xfd, 0xcc, 0xce, 0xf7, 0x3f, 0xf6, 0x0, 0x0,
    0x8, 0xf7, 0xaf, 0x80, 0x0, 0x0, 0x8, 0xf7,
    0xcf, 0x40, 0x0, 0x0, 0x8, 0xf7, 0xcf, 0x40,
    0x0, 0x0, 0x8, 0xf7, 0x9f, 0x90, 0x0, 0x0,
    0x8, 0xf7, 0x2f, 0xf9, 0x20, 0x0, 0x8, 0xf7,
    0x4, 0xef, 0xff, 0xff, 0xff, 0xf7, 0x0, 0x1e,
    0xfb, 0xbb, 0xbd, 0xf7, 0x0, 0x8f, 0x80, 0x0,
    0x8, 0xf7, 0x3, 0xfd, 0x0, 0x0, 0x8, 0xf7,
    0xd, 0xf4, 0x0, 0x0, 0x8, 0xf7, 0x8f, 0x90,
    0x0, 0x0, 0x8, 0xf7,

    /* U+0430 "а" */
    0x0, 0x5b, 0xef, 0xeb, 0x40, 0x0, 0x8f, 0xfc,
    0xbe, 0xff, 0x50, 0x2, 0x91, 0x0, 0x8, 0xfd,
    0x0, 0x0, 0x0, 0x0, 0xe, 0xf1, 0x0, 0x0,
    0x1, 0x11, 0xcf, 0x20, 0x8, 0xef, 0xff, 0xff,
    0xf3, 0xa, 0xfb, 0x64, 0x44, 0xdf, 0x30, 0xfe,
    0x0, 0x0, 0xc, 0xf3, 0xf, 0xf1, 0x0, 0x5,
    0xff, 0x30, 0x8f, 0xe9, 0x8b, 0xfe, 0xf3, 0x0,
    0x6c, 0xff, 0xc4, 0xaf, 0x30,

    /* U+0431 "б" */
    0x0, 0x0, 0x0, 0x0, 0x3, 0x30, 0x0, 0x0,
    0x4, 0x8c, 0xff, 0xa0, 0x0, 0x7, 0xef, 0xff,
    0xea, 0x50, 0x0, 0xcf, 0xf9, 0x51, 0x0, 0x0,
    0xa, 0xfb, 0x10, 0x0, 0x0, 0x0, 0x2f, 0xd0,
    0x0, 0x0, 0x0, 0x0, 0x7f, 0x63, 0xae, 0xfd,
    0x80, 0x0, 0xaf, 0x8f, 0xfd, 0xdf, 0xfd, 0x10,
    0xbf, 0xf9, 0x10, 0x2, 0xcf, 0xb0, 0xbf, 0xc0,
    0x0, 0x0, 0x1e, 0xf2, 0xbf, 0x70, 0x0, 0x0,
    0xa, 0xf4, 0x8f, 0x70, 0x0, 0x0, 0xa, 0xf4,
    0x4f, 0xc0, 0x0, 0x0, 0xe, 0xf1, 0xd, 0xf9,
    0x0, 0x0, 0xbf, 0xa0, 0x2, 0xef, 0xeb, 0xbf,
    0xfc, 0x0, 0x0, 0x19, 0xdf, 0xec, 0x60, 0x0,

    /* U+0432 "в" */
    0x2f, 0xff, 0xff, 0xec, 0x50, 0x2, 0xfd, 0x88,
    0x8a, 0xff, 0x50, 0x2f, 0xb0, 0x0, 0x5, 0xfb,
    0x2, 0xfb, 0x0, 0x0, 0x3f, 0xb0, 0x2f, 0xc1,
    0x11, 0x3c, 0xf4, 0x2, 0xff, 0xff, 0xff, 0xf9,
    0x0, 0x2f, 0xd4, 0x44, 0x5a, 0xfa, 0x2, 0xfb,
    0x0, 0x0, 0xd, 0xf1, 0x2f, 0xb0, 0x0, 0x0,
    0xef, 0x12, 0xfd, 0x88, 0x89, 0xdf, 0xb0, 0x2f,
    0xff, 0xff, 0xfd, 0x80, 0x0,

    /* U+0433 "г" */
    0x2f, 0xff, 0xff, 0xff, 0xa2, 0xff, 0xbb, 0xbb,
    0xb7, 0x2f, 0xc0, 0x0, 0x0, 0x2, 0xfc, 0x0,
    0x0, 0x0, 0x2f, 0xc0, 0x0, 0x0, 0x2, 0xfc,
    0x0, 0x0, 0x0, 0x2f, 0xc0, 0x0, 0x0, 0x2,
    0xfc, 0x0, 0x0, 0x0, 0x2f, 0xc0, 0x0, 0x0,
    0x2, 0xfc, 0x0, 0x0, 0x0, 0x2f, 0xc0, 0x0,
    0x0, 0x0,

    /* U+0434 "д" */
    0x0, 0x3f, 0xff, 0xff, 0xff, 0xf0, 0x0, 0x4,
    0xfd, 0xbb, 0xbb, 0xff, 0x0, 0x0, 0x4f, 0x70,
    0x0, 0xe, 0xf0, 0x0, 0x5, 0xf6, 0x0, 0x0,
    0xef, 0x0, 0x0, 0x6f, 0x50, 0x0, 0xe, 0xf0,
    0x0, 0x7, 0xf4, 0x0, 0x0, 0xef, 0x0, 0x0,
    0xaf, 0x20, 0x0, 0xe, 0xf0, 0x0, 0xd, 0xf0,
    0x0, 0x0, 0xef, 0x0, 0x3, 0xfa, 0x0, 0x0,
    0xe, 0xf0, 0xa, 0xff, 0xcb, 0xbb, 0xbb, 0xff,
    0xb7, 0xdf, 0xff, 0xff, 0xff, 0xff, 0xff, 0xad,
    0xf0, 0x0, 0x0, 0x0, 0x2, 0xfa, 0xdf, 0x0,
    0x0, 0x0, 0x0, 0x2f, 0xa7, 0x80, 0x0, 0x0,
    0x0, 0x1, 0x85,

    /* U+0435 "е" */
    0x0, 0x4, 0xbe, 0xfd, 0x70, 0x0, 0x0, 0x8f,
    0xfc, 0xbe, 0xfc, 0x0, 0x4, 0xfd, 0x20, 0x0,
    0xaf, 0x90, 0xc, 0xf3, 0x0, 0x0, 0xd, 0xf1,
    0xf, 0xe1, 0x11, 0x11, 0x19, 0xf4, 0x1f, 0xff,
    0xff, 0xff, 0xff, 0xf6, 0xf, 0xe4, 0x44, 0x44,
    0x44, 0x41, 0xc, 0xf4, 0x0, 0x0, 0x0, 0x0,
    0x4, 0xfe, 0x40, 0x0, 0x2b, 0x20, 0x0, 0x7f,
    0xfe, 0xcd, 0xff, 0x60, 0x0, 0x3, 0xae, 0xfe,
    0xb4, 0x0,

    /* U+0436 "ж" */
    0x2f, 0xd0, 0x0, 0x7, 0xf7, 0x0, 0x0, 0xef,
    0x20, 0x9f, 0x60, 0x0, 0x7f, 0x70, 0x0, 0x7f,
    0x80, 0x0, 0xee, 0x10, 0x7, 0xf7, 0x0, 0x1f,
    0xe0, 0x0, 0x6, 0xf9, 0x0, 0x7f, 0x70, 0xa,
    0xf5, 0x0, 0x0, 0xc, 0xf2, 0x7, 0xf7, 0x3,
    0xfc, 0x0, 0x0, 0x0, 0x4f, 0xff, 0xff, 0xff,
    0xff, 0x30, 0x0, 0x0, 0xa, 0xfc, 0xbd, 0xfd,
    0xbc, 0xfa, 0x0, 0x0, 0x5, 0xfd, 0x0, 0x7f,
    0x70, 0xe, 0xf5, 0x0, 0x1, 0xef, 0x30, 0x7,
    0xf7, 0x0, 0x4f, 0xe1, 0x0, 0xbf, 0x80, 0x0,
    0x7f, 0x70, 0x0, 0x9f, 0xb0, 0x6f, 0xd0, 0x0,
    0x7, 0xf7, 0x0, 0x0, 0xdf, 0x60,

    /* U+0437 "з" */
    0x3, 0x9d, 0xff, 0xc7, 0x0, 0xd, 0xfd, 0xbc,
    0xff, 0xd0, 0x4, 0x30, 0x0, 0x1c, 0xf6, 0x0,
    0x0, 0x0, 0x8, 0xf7, 0x0, 0x1, 0x12, 0x5e,
    0xe1, 0x0, 0xf, 0xff, 0xfe, 0x30, 0x0, 0x4,
    0x45, 0x7e, 0xf4, 0x0, 0x0, 0x0, 0x3, 0xfb,
    0x7, 0x10, 0x0, 0x9, 0xfa, 0x4f, 0xfd, 0xbb,
    0xef, 0xe2, 0x4, 0xad, 0xff, 0xd9, 0x10,

    /* U+0438 "и" */
    0x2f, 0xc0, 0x0, 0x0, 0x2f, 0xf0, 0x2f, 0xc0,
    0x0, 0x1, 0xdf, 0xf0, 0x2f, 0xc0, 0x0, 0xb,
    0xff, 0xf0, 0x2f, 0xc0, 0x0, 0x8f, 0xae, 0xf0,
    0x2f, 0xc0, 0x5, 0xfd, 0xe, 0xf0, 0x2f, 0xc0,
    0x3f, 0xe2, 0xe, 0xf0, 0x2f, 0xc1, 0xef, 0x40,
    0xe, 0xf0, 0x2f, 0xcc, 0xf7, 0x0, 0xe, 0xf0,
    0x2f, 0xff, 0xa0, 0x0, 0xe, 0xf0, 0x2f, 0xfc,
    0x0, 0x0, 0xe, 0xf0, 0x2f, 0xe1, 0x0, 0x0,
    0xe, 0xf0,

    /* U+0439 "й" */
    0x0, 0x3f, 0x10, 0x7, 0xe0, 0x0, 0x0, 0xe,
    0x90, 0x2d, 0xa0, 0x0, 0x0, 0x4, 0xef, 0xfb,
    0x10, 0x0, 0x0, 0x0, 0x1, 0x10, 0x0, 0x0,
    0x2f, 0xc0, 0x0, 0x0, 0x2f, 0xf0, 0x2f, 0xc0,
    0x0, 0x1, 0xdf, 0xf0, 0x2f, 0xc0, 0x0, 0xb,
    0xff, 0xf0, 0x2f, 0xc0, 0x0, 0x8f, 0xae, 0xf0,
    0x2f, 0xc0, 0x5, 0xfd, 0xe, 0xf0, 0x2f, 0xc0,
    0x3f, 0xe2, 0xe, 0xf0, 0x2f, 0xc1, 0xef, 0x40,
    0xe, 0xf0, 0x2f, 0xcc, 0xf7, 0x0, 0xe, 0xf0,
    0x2f, 0xff, 0xa0, 0x0, 0xe, 0xf0, 0x2f, 0xfc,
    0x0, 0x0, 0xe, 0xf0, 0x2f, 0xe1, 0x0, 0x0,
    0xe, 0xf0,

    /* U+043A "к" */
    0x2f, 0xc0, 0x0, 0x0, 0xdf, 0x22, 0xfc, 0x0,
    0x0, 0x9f, 0x70, 0x2f, 0xc0, 0x0, 0x4f, 0xb0,
    0x2, 0xfc, 0x0, 0x1e, 0xe1, 0x0, 0x2f, 0xc0,
    0xa, 0xf5, 0x0, 0x2, 0xff, 0xff, 0xfb, 0x0,
    0x0, 0x2f, 0xeb, 0xbf, 0xf3, 0x0, 0x2, 0xfc,
    0x0, 0x5f, 0xe1, 0x0, 0x2f, 0xc0, 0x0, 0x8f,
    0xc0, 0x2, 0xfc, 0x0, 0x0, 0xaf, 0x90, 0x2f,
    0xc0, 0x0, 0x0, 0xdf, 0x60,

    /* U+043B "л" */
    0x0, 0x3f, 0xff, 0xff, 0xff, 0xf0, 0x4, 0xfd,
    0xbb, 0xbb, 0xff, 0x0, 0x4f, 0x70, 0x0, 0xf,
    0xf0, 0x5, 0xf6, 0x0, 0x0, 0xff, 0x0, 0x6f,
    0x50, 0x0, 0xf, 0xf0, 0x7, 0xf3, 0x0, 0x0,
    0xff, 0x0, 0x9f, 0x20, 0x0, 0xf, 0xf0, 0xc,
    0xf0, 0x0, 0x0, 0xff, 0x2, 0xfc, 0x0, 0x0,
    0xf, 0xfa, 0xff, 0x60, 0x0, 0x0, 0xff, 0xcf,
    0x90, 0x0, 0x0, 0xf, 0xf0,

    /* U+043C "м" */
    0x2f, 0xf2, 0x0, 0x0, 0x0, 0x1e, 0xf1, 0x2f,
    0xfa, 0x0, 0x0, 0x0, 0x9f, 0xf1, 0x2f, 0xff,
    0x30, 0x0, 0x2, 0xff, 0xf1, 0x2f, 0xbf, 0xc0,
    0x0, 0xb, 0xfc, 0xf1, 0x2f, 0xa7, 0xf5, 0x0,
    0x5f, 0x7a, 0xf1, 0x2f, 0xa0, 0xde, 0x0, 0xdd,
    0xa, 0xf1, 0x2f, 0xa0, 0x5f, 0x77, 0xf4, 0xa,
    0xf1, 0x2f, 0xa0, 0xc, 0xff, 0xb0, 0xa, 0xf1,
    0x2f, 0xa0, 0x2, 0xff, 0x20, 0xa, 0xf1, 0x2f,
    0xa0, 0x0, 0x87, 0x0, 0xa, 0xf1, 0x2f, 0xa0,
    0x0, 0x0, 0x0, 0xa, 0xf1,

    /* U+043D "н" */
    0x2f, 0xc0, 0x0, 0x0, 0x3f, 0xb2, 0xfc, 0x0,
    0x0, 0x3, 0xfb, 0x2f, 0xc0, 0x0, 0x0, 0x3f,
    0xb2, 0xfc, 0x0, 0x0, 0x3, 0xfb, 0x2f, 0xc0,
    0x0, 0x0, 0x3f, 0xb2, 0xff, 0xff, 0xff, 0xff,
    0xfb, 0x2f, 0xeb, 0xbb, 0xbb, 0xcf, 0xb2, 0xfc,
    0x0, 0x0, 0x3, 0xfb, 0x2f, 0xc0, 0x0, 0x0,
    0x3f, 0xb2, 0xfc, 0x0, 0x0, 0x3, 0xfb, 0x2f,
    0xc0, 0x0, 0x0, 0x3f, 0xb0,

    /* U+043E "о" */
    0x0, 0x3, 0xae, 0xfd, 0x92, 0x0, 0x0, 0x7f,
    0xfd, 0xce, 0xff, 0x40, 0x4, 0xfe, 0x40, 0x0,
    0x6f, 0xf1, 0xc, 0xf5, 0x0, 0x0, 0x8, 0xf8,
    0xf, 0xe0, 0x0, 0x0, 0x2, 0xfc, 0x1f, 0xd0,
    0x0, 0x0, 0x1, 0xfe, 0xf, 0xe0, 0x0, 0x0,
    0x2, 0xfc, 0xb, 0xf5, 0x0, 0x0, 0x8, 0xf8,
    0x4, 0xfe, 0x40, 0x0, 0x6f, 0xe1, 0x0, 0x7f,
    0xfd, 0xce, 0xff, 0x40, 0x0, 0x3, 0xae, 0xfd,
    0x92, 0x0,

    /* U+043F "п" */
    0x2f, 0xff, 0xff, 0xff, 0xff, 0xb2, 0xff, 0xbb,
    0xbb, 0xbc, 0xfb, 0x2f, 0xc0, 0x0, 0x0, 0x3f,
    0xb2, 0xfc, 0x0, 0x0, 0x3, 0xfb, 0x2f, 0xc0,
    0x0, 0x0, 0x3f, 0xb2, 0xfc, 0x0, 0x0, 0x3,
    0xfb, 0x2f, 0xc0, 0x0, 0x0, 0x3f, 0xb2, 0xfc,
    0x0, 0x0, 0x3, 0xfb, 0x2f, 0xc0, 0x0, 0x0,
    0x3f, 0xb2, 0xfc, 0x0, 0x0, 0x3, 0xfb, 0x2f,
    0xc0, 0x0, 0x0, 0x3f, 0xb0,

    /* U+0440 "р" */
    0x2f, 0xb1, 0x9e, 0xfe, 0x92, 0x0, 0x2f, 0xde,
    0xfb, 0xad, 0xff, 0x40, 0x2f, 0xfd, 0x20, 0x0,
    0x6f, 0xe1, 0x2f, 0xf3, 0x0, 0x0, 0x9, 0xf7,
    0x2f, 0xe0, 0x0, 0x0, 0x3, 0xfb, 0x2f, 0xc0,
    0x0, 0x0, 0x1, 0xfd, 0x2f, 0xe0, 0x0, 0x0,
    0x3, 0xfb, 0x2f, 0xf4, 0x0, 0x0, 0xa, 0xf7,
    0x2f, 0xfe, 0x40, 0x0, 0x7f, 0xe1, 0x2f, 0xdd,
    0xfd, 0xce, 0xff, 0x40, 0x2f, 0xc1, 0x9e, 0xfe,
    0x92, 0x0, 0x2f, 0xc0, 0x0, 0x0, 0x0, 0x0,
    0x2f, 0xc0, 0x0, 0x0, 0x0, 0x0, 0x2f, 0xc0,
    0x0, 0x0, 0x0, 0x0, 0x2f, 0xc0, 0x0, 0x0,
    0x0, 0x0,

    /* U+0441 "с" */
    0x0, 0x3, 0xae, 0xfe, 0x92, 0x0, 0x7, 0xff,
    0xec, 0xef, 0xf3, 0x4, 0xfe, 0x40, 0x0, 0x6f,
    0x60, 0xcf, 0x50, 0x0, 0x0, 0x10, 0xf, 0xe0,
    0x0, 0x0, 0x0, 0x1, 0xfd, 0x0, 0x0, 0x0,
    0x0, 0xf, 0xf0, 0x0, 0x0, 0x0, 0x0, 0xbf,
    0x50, 0x0, 0x0, 0x10, 0x4, 0xfe, 0x40, 0x0,
    0x6f, 0x60, 0x7, 0xff, 0xdc, 0xef, 0xe3, 0x0,
    0x3, 0xae, 0xfe, 0x91, 0x0,

    /* U+0442 "т" */
    0xef, 0xff, 0xff, 0xff, 0xfc, 0xab, 0xbb, 0xff,
    0xbb, 0xb8, 0x0, 0x0, 0xfe, 0x0, 0x0, 0x0,
    0x0, 0xfe, 0x0, 0x0, 0x0, 0x0, 0xfe, 0x0,
    0x0, 0x0, 0x0, 0xfe, 0x0, 0x0, 0x0, 0x0,
    0xfe, 0x0, 0x0, 0x0, 0x0, 0xfe, 0x0, 0x0,
    0x0, 0x0, 0xfe, 0x0, 0x0, 0x0, 0x0, 0xfe,
    0x0, 0x0, 0x0, 0x0, 0xfe, 0x0, 0x0,

    /* U+0443 "у" */
    0xb, 0xf4, 0x0, 0x0, 0x0, 0xcf, 0x10, 0x4f,
    0xb0, 0x0, 0x0, 0x3f, 0xa0, 0x0, 0xdf, 0x20,
    0x0, 0x9, 0xf3, 0x0, 0x6, 0xf8, 0x0, 0x1,
    0xfd, 0x0, 0x0, 0xf, 0xf0, 0x0, 0x7f, 0x60,
    0x0, 0x0, 0x8f, 0x60, 0xe, 0xe0, 0x0, 0x0,
    0x2, 0xfd, 0x5, 0xf8, 0x0, 0x0, 0x0, 0xb,
    0xf4, 0xbf, 0x10, 0x0, 0x0, 0x0, 0x4f, 0xcf,
    0xa0, 0x0, 0x0, 0x0, 0x0, 0xdf, 0xf3, 0x0,
    0x0, 0x0, 0x0, 0x6, 0xfd, 0x0, 0x0, 0x0,
    0x0, 0x0, 0x8f, 0x60, 0x0, 0x0, 0x3, 0x0,
    0x2f, 0xe0, 0x0, 0x0, 0x1, 0xfe, 0xbf, 0xf5,
    0x0, 0x0, 0x0, 0x7, 0xef, 0xd5, 0x0, 0x0,
    0x0, 0x0,

    /* U+0444 "ф" */
    0x0, 0x0, 0x0, 0xe, 0xf0, 0x0, 0x0, 0x0,
    0x0, 0x0, 0x0, 0xe, 0xf0, 0x0, 0x0, 0x0,
    0x0, 0x0, 0x0, 0xe, 0xf0, 0x0, 0x0, 0x0,
    0x0, 0x0, 0x0, 0xe, 0xf0, 0x0, 0x0, 0x0,
    0x0, 0x3, 0xad, 0xff, 0xff, 0xda, 0x40, 0x0,
    0x0, 0x8f, 0xff, 0xef, 0xfe, 0xff, 0xf9, 0x0,
    0x5, 0xff, 0x60, 0xe, 0xf0, 0x4, 0xef, 0x70,
    0xd, 0xf5, 0x0, 0xe, 0xf0, 0x0, 0x2f, 0xe0,
    0xf, 0xe0, 0x0, 0xe, 0xf0, 0x0, 0xc, 0xf2,
    0x1f, 0xc0, 0x0, 0xe, 0xf0, 0x0, 0xa, 0xf3,
    0xf, 0xe0, 0x0, 0xe, 0xf0, 0x0, 0xc, 0xf2,
    0xc, 0xf4, 0x0, 0xe, 0xf0, 0x0, 0x3f, 0xe0,
    0x5, 0xff, 0x50, 0xe, 0xf0, 0x5, 0xef, 0x60,
    0x0, 0x7f, 0xfe, 0xbf, 0xfb, 0xef, 0xf8, 0x0,
    0x0, 0x3, 0x9d, 0xff, 0xff, 0xda, 0x30, 0x0,
    0x0, 0x0, 0x0, 0xe, 0xf0, 0x0, 0x0, 0x0,
    0x0, 0x0, 0x0, 0xe, 0xf0, 0x0, 0x0, 0x0,
    0x0, 0x0, 0x0, 0xe, 0xf0, 0x0, 0x0, 0x0,
    0x0, 0x0, 0x0, 0xe, 0xf0, 0x0, 0x0, 0x0,

    /* U+0445 "х" */
    0x4f, 0xd0, 0x0, 0x1, 0xee, 0x20, 0x8f, 0x90,
    0x0, 0xbf, 0x50, 0x0, 0xcf, 0x50, 0x7f, 0x90,
    0x0, 0x1, 0xef, 0x6f, 0xc0, 0x0, 0x0, 0x4,
    0xff, 0xf2, 0x0, 0x0, 0x0, 0xd, 0xfa, 0x0,
    0x0, 0x0, 0x7, 0xff, 0xf4, 0x0, 0x0, 0x3,
    0xfd, 0x2f, 0xe1, 0x0, 0x1, 0xef, 0x20, 0x5f,
    0xc0, 0x0, 0xbf, 0x60, 0x0, 0x9f, 0x80, 0x7f,
    0xa0, 0x0, 0x0, 0xdf, 0x40,

    /* U+0446 "ц" */
    0x2f, 0xc0, 0x0, 0x0, 0x6f, 0x80, 0x2, 0xfc,
    0x0, 0x0, 0x6, 0xf8, 0x0, 0x2f, 0xc0, 0x0,
    0x0, 0x6f, 0x80, 0x2, 0xfc, 0x0, 0x0, 0x6,
    0xf8, 0x0, 0x2f, 0xc0, 0x0, 0x0, 0x6f, 0x80,
    0x2, 0xfc, 0x0, 0x0, 0x6, 0xf8, 0x0, 0x2f,
    0xc0, 0x0, 0x0, 0x6f, 0x80, 0x2, 0xfc, 0x0,
    0x0, 0x6, 0xf8, 0x0, 0x2f, 0xc0, 0x0, 0x0,
    0x6f, 0x80, 0x2, 0xff, 0xbb, 0xbb, 0xbd, 0xfd,
    0xb2, 0x2f, 0xff, 0xff, 0xff, 0xff, 0xff, 0x30,
    0x0, 0x0, 0x0, 0x0, 0xa, 0xf3, 0x0, 0x0,
    0x0, 0x0, 0x0, 0xaf, 0x30, 0x0, 0x0, 0x0,
    0x0, 0x5, 0x81,

    /* U+0447 "ч" */
    0x2f, 0xc0, 0x0, 0x0, 0x9f, 0x52, 0xfc, 0x0,
    0x0, 0x9, 0xf5, 0x2f, 0xc0, 0x0, 0x0, 0x9f,
    0x52, 0xfc, 0x0, 0x0, 0x9, 0xf5, 0x1f, 0xe0,
    0x0, 0x0, 0x9f, 0x50, 0xdf, 0xa2, 0x2, 0x6d,
    0xf5, 0x3, 0xef, 0xff, 0xff, 0xff, 0x50, 0x0,
    0x68, 0x96, 0x29, 0xf5, 0x0, 0x0, 0x0, 0x0,
    0x9f, 0x50, 0x0, 0x0, 0x0, 0x9, 0xf5, 0x0,
    0x0, 0x0, 0x0, 0x9f, 0x50,

    /* U+0448 "ш" */
    0x2f, 0xc0, 0x0, 0x8, 0xf6, 0x0, 0x0, 0xff,
    0x2f, 0xc0, 0x0, 0x8, 0xf6, 0x0, 0x0, 0xff,
    0x2f, 0xc0, 0x0, 0x8, 0xf6, 0x0, 0x0, 0xff,
    0x2f, 0xc0, 0x0, 0x8, 0xf6, 0x0, 0x0, 0xff,
    0x2f, 0xc0, 0x0, 0x8, 0xf6, 0x0, 0x0, 0xff,
    0x2f, 0xc0, 0x0, 0x8, 0xf6, 0x0, 0x0, 0xff,
    0x2f, 0xc0, 0x0, 0x8, 0xf6, 0x0, 0x0, 0xff,
    0x2f, 0xc0, 0x0, 0x8, 0xf6, 0x0, 0x0, 0xff,
    0x2f, 0xc0, 0x0, 0x8, 0xf6, 0x0, 0x0, 0xff,
    0x2f, 0xfb, 0xbb, 0xbe, 0xfd, 0xbb, 0xbb, 0xff,
    0x2f, 0xff, 0xff, 0xff, 0xff, 0xff, 0xff, 0xff,

    /* U+0449 "щ" */
    0x2f, 0xc0, 0x0, 0x8, 0xf6, 0x0, 0x0, 0xff,
    0x0, 0x2f, 0xc0, 0x0, 0x8, 0xf6, 0x0, 0x0,
    0xff, 0x0, 0x2f, 0xc0, 0x0, 0x8, 0xf6, 0x0,
    0x0, 0xff, 0x0, 0x2f, 0xc0, 0x0, 0x8, 0xf6,
    0x0, 0x0, 0xff, 0x0, 0x2f, 0xc0, 0x0, 0x8,
    0xf6, 0x0, 0x0, 0xff, 0x0, 0x2f, 0xc0, 0x0,
    0x8, 0xf6, 0x0, 0x0, 0xff, 0x0, 0x2f, 0xc0,
    0x0, 0x8, 0xf6, 0x0, 0x0, 0xff, 0x0, 0x2f,
    0xc0, 0x0, 0x8, 0xf6, 0x0, 0x0, 0xff, 0x0,
    0x2f, 0xc0, 0x0, 0x8, 0xf6, 0x0, 0x0, 0xff,
    0x0, 0x2f, 0xfb, 0xbb, 0xbe, 0xfd, 0xbb, 0xbc,
    0xff, 0xb6, 0x2f, 0xff, 0xff, 0xff, 0xff, 0xff,
    0xff, 0xff, 0xf8, 0x0, 0x0, 0x0, 0x0, 0x0,
    0x0, 0x0, 0x4, 0xf8, 0x0, 0x0, 0x0, 0x0,
    0x0, 0x0, 0x0, 0x4, 0xf8, 0x0, 0x0, 0x0,
    0x0, 0x0, 0x0, 0x0, 0x2, 0x84,

    /* U+044A "ъ" */
    0xef, 0xff, 0xf3, 0x0, 0x0, 0x0, 0xa, 0xbb,
    0xef, 0x30, 0x0, 0x0, 0x0, 0x0, 0xb, 0xf3,
    0x0, 0x0, 0x0, 0x0, 0x0, 0xbf, 0x52, 0x21,
    0x0, 0x0, 0x0, 0xb, 0xff, 0xff, 0xff, 0x80,
    0x0, 0x0, 0xbf, 0x75, 0x56, 0xcf, 0xa0, 0x0,
    0xb, 0xf3, 0x0, 0x0, 0xef, 0x10, 0x0, 0xbf,
    0x30, 0x0, 0xd, 0xf2, 0x0, 0xb, 0xf3, 0x0,
    0x2, 0xff, 0x0, 0x0, 0xbf, 0x98, 0x89, 0xef,
    0x80, 0x0, 0xb, 0xff, 0xff, 0xec, 0x50, 0x0,

    /* U+044B "ы" */
    0x2f, 0xc0, 0x0, 0x0, 0x0, 0xa, 0xf4, 0x2f,
    0xc0, 0x0, 0x0, 0x0, 0xa, 0xf4, 0x2f, 0xc0,
    0x0, 0x0, 0x0, 0xa, 0xf4, 0x2f, 0xc2, 0x21,
    0x0, 0x0, 0xa, 0xf4, 0x2f, 0xff, 0xff, 0xfd,
    0x40, 0xa, 0xf4, 0x2f, 0xd5, 0x55, 0x8f, 0xf4,
    0xa, 0xf4, 0x2f, 0xc0, 0x0, 0x6, 0xfa, 0xa,
    0xf4, 0x2f, 0xc0, 0x0, 0x3, 0xfb, 0xa, 0xf4,
    0x2f, 0xc0, 0x0, 0x8, 0xf9, 0xa, 0xf4, 0x2f,
    0xe7, 0x78, 0xbf, 0xf2, 0xa, 0xf4, 0x2f, 0xff,
    0xff, 0xd9, 0x20, 0xa, 0xf4,

    /* U+044C "ь" */
    0x2f, 0xc0, 0x0, 0x0, 0x0, 0x2f, 0xc0, 0x0,
    0x0, 0x0, 0x2f, 0xc0, 0x0, 0x0, 0x0, 0x2f,
    0xc2, 0x21, 0x0, 0x0, 0x2f, 0xff, 0xff, 0xfd,
    0x60, 0x2f, 0xd5, 0x55, 0x7e, 0xf6, 0x2f, 0xc0,
    0x0, 0x4, 0xfc, 0x2f, 0xc0, 0x0, 0x1, 0xfe,
    0x2f, 0xc0, 0x0, 0x6, 0xfb, 0x2f, 0xe7, 0x77,
    0xaf, 0xf3, 0x2f, 0xff, 0xff, 0xda, 0x20,

    /* U+044D "э" */
    0x1, 0x8d, 0xfe, 0xc6, 0x0, 0x3, 0xff, 0xca,
    0xbe, 0xfc, 0x10, 0xb, 0x40, 0x0, 0x9, 0xfb,
    0x0, 0x0, 0x0, 0x0, 0xc, 0xf3, 0x0, 0x1,
    0x22, 0x22, 0x7f, 0x80, 0x0, 0x8f, 0xff, 0xff,
    0xf9, 0x0, 0x2, 0x55, 0x55, 0x8f, 0x80, 0x0,
    0x0, 0x0, 0xa, 0xf3, 0x9, 0x30, 0x0, 0x8,
    0xfb, 0x3, 0xff, 0xca, 0xbe, 0xfc, 0x10, 0x1,
    0x8d, 0xfe, 0xc6, 0x0, 0x0,

    /* U+044E "ю" */
    0x2f, 0xc0, 0x0, 0x5, 0xbe, 0xfd, 0x70, 0x0,
    0x2f, 0xc0, 0x0, 0x9f, 0xfb, 0xae, 0xfd, 0x10,
    0x2f, 0xc0, 0x7, 0xfd, 0x20, 0x0, 0x8f, 0xc0,
    0x2f, 0xc0, 0xd, 0xf3, 0x0, 0x0, 0xb, 0xf4,
    0x2f, 0xfd, 0xdf, 0xe0, 0x0, 0x0, 0x6, 0xf8,
    0x2f, 0xff, 0xff, 0xc0, 0x0, 0x0, 0x4, 0xf9,
    0x2f, 0xc0, 0xf, 0xe0, 0x0, 0x0, 0x6, 0xf8,
    0x2f, 0xc0, 0xb, 0xf4, 0x0, 0x0, 0xc, 0xf4,
    0x2f, 0xc0, 0x3, 0xfe, 0x30, 0x0, 0x9f, 0xc0,
    0x2f, 0xc0, 0x0, 0x6f, 0xfd, 0xcf, 0xfd, 0x10,
    0x2f, 0xc0, 0x0, 0x3, 0xae, 0xfd, 0x80, 0x0,

    /* U+044F "я" */
    0x0, 0x29, 0xdf, 0xff, 0xff, 0x50, 0x3f, 0xfe,
    0xcb, 0xbd, 0xf5, 0xb, 0xf8, 0x0, 0x0, 0x5f,
    0x50, 0xef, 0x10, 0x0, 0x5, 0xf5, 0xd, 0xf2,
    0x0, 0x0, 0x5f, 0x50, 0x7f, 0xc4, 0x21, 0x16,
    0xf5, 0x0, 0x8f, 0xff, 0xff, 0xff, 0x50, 0x0,
    0xcf, 0x64, 0x48, 0xf5, 0x0, 0x6f, 0x90, 0x0,
    0x5f, 0x50, 0x1f, 0xe0, 0x0, 0x5, 0xf5, 0xb,
    0xf5, 0x0, 0x0, 0x5f, 0x50,

    /* U+0450 "ѐ" */
    0x0, 0x17, 0x71, 0x0, 0x0, 0x0, 0x0, 0x6,
    0xfc, 0x0, 0x0, 0x0, 0x0, 0x0, 0x4f, 0xb0,
    0x0, 0x0, 0x0, 0x0, 0x3, 0x83, 0x0, 0x0,
    0x0, 0x0, 0x0, 0x0, 0x0, 0x0, 0x0, 0x4,
    0xbe, 0xfd, 0x70, 0x0, 0x0, 0x8f, 0xfc, 0xbe,
    0xfc, 0x0, 0x4, 0xfd, 0x20, 0x0, 0xaf, 0x90,
    0xc, 0xf3, 0x0, 0x0, 0xd, 0xf1, 0xf, 0xe1,
    0x11, 0x11, 0x19, 0xf4, 0x1f, 0xff, 0xff, 0xff,
    0xff, 0xf6, 0xf, 0xe4, 0x44, 0x44, 0x44, 0x41,
    0xc, 0xf4, 0x0, 0x0, 0x0, 0x0, 0x4, 0xfe,
    0x40, 0x0, 0x2b, 0x20, 0x0, 0x7f, 0xfe, 0xcd,
    0xff, 0x60, 0x0, 0x3, 0xae, 0xfe, 0xb4, 0x0,

    /* U+0451 "ё" */
    0x0, 0x7, 0xe2, 0xb, 0xc0, 0x0, 0x0, 0x8,
    0xf3, 0xd, 0xe0, 0x0, 0x0, 0x0, 0x0, 0x0,
    0x0, 0x0, 0x0, 0x4, 0xbe, 0xfd, 0x70, 0x0,
    0x0, 0x8f, 0xfc, 0xbe, 0xfc, 0x0, 0x4, 0xfd,
    0x20, 0x0, 0xaf, 0x90, 0xc, 0xf3, 0x0, 0x0,
    0xd, 0xf1, 0xf, 0xe1, 0x11, 0x11, 0x19, 0xf4,
    0x1f, 0xff, 0xff, 0xff, 0xff, 0xf6, 0xf, 0xe4,
    0x44, 0x44, 0x44, 0x41, 0xc, 0xf4, 0x0, 0x0,
    0x0, 0x0, 0x4, 0xfe, 0x40, 0x0, 0x2b, 0x20,
    0x0, 0x7f, 0xfe, 0xcd, 0xff, 0x60, 0x0, 0x3,
    0xae, 0xfe, 0xb4, 0x0,

    /* U+0452 "ђ" */
    0x0, 0x18, 0x50, 0x0, 0x0, 0x0, 0x0, 0x13,
    0xfb, 0x11, 0x11, 0x0, 0x0, 0x3f, 0xff, 0xff,
    0xff, 0xf8, 0x0, 0x0, 0x45, 0xfc, 0x44, 0x44,
    0x20, 0x0, 0x0, 0x2f, 0xb0, 0x0, 0x0, 0x0,
    0x0, 0x2, 0xfb, 0x19, 0xef, 0xe9, 0x10, 0x0,
    0x2f, 0xde, 0xfe, 0xdf, 0xfd, 0x0, 0x2, 0xff,
    0xd3, 0x0, 0x1d, 0xf8, 0x0, 0x2f, 0xf3, 0x0,
    0x0, 0x3f, 0xc0, 0x2, 0xfe, 0x0, 0x0, 0x0,
    0xfe, 0x0, 0x2f, 0xc0, 0x0, 0x0, 0xf, 0xf0,
    0x2, 0xfc, 0x0, 0x0, 0x0, 0xff, 0x0, 0x2f,
    0xc0, 0x0, 0x0, 0xf, 0xf0, 0x2, 0xfc, 0x0,
    0x0, 0x0, 0xff, 0x0, 0x2f, 0xc0, 0x0, 0x0,
    0xf, 0xf0, 0x2, 0xfc, 0x0, 0x0, 0x0, 0xff,
    0x0, 0x0, 0x0, 0x0, 0x0, 0xf, 0xe0, 0x0,
    0x0, 0x0, 0x0, 0x3, 0xfc, 0x0, 0x0, 0x0,
    0x6, 0xdb, 0xef, 0x50, 0x0, 0x0, 0x0, 0x6d,
    0xfd, 0x60,

    /* U+0453 "ѓ" */
    0x0, 0x0, 0x7, 0xfb, 0x10, 0x0, 0x9, 0xf7,
    0x0, 0x0, 0x3, 0x83, 0x0, 0x0, 0x0, 0x0,
    0x0, 0x0, 0x2f, 0xff, 0xff, 0xff, 0xa2, 0xff,
    0xbb, 0xbb, 0xb7, 0x2f, 0xc0, 0x0, 0x0, 0x2,
    0xfc, 0x0, 0x0, 0x0, 0x2f, 0xc0, 0x0, 0x0,
    0x2, 0xfc, 0x0, 0x0, 0x0, 0x2f, 0xc0, 0x0,
    0x0, 0x2, 0xfc, 0x0, 0x0, 0x0, 0x2f, 0xc0,
    0x0, 0x0, 0x2, 0xfc, 0x0, 0x0, 0x0, 0x2f,
    0xc0, 0x0, 0x0, 0x0,

    /* U+0454 "є" */
    0x0, 0x2, 0x9d, 0xfe, 0xb5, 0x0, 0x0, 0x6f,
    0xfc, 0xab, 0xef, 0xa0, 0x4, 0xfe, 0x30, 0x0,
    0x8, 0x50, 0xb, 0xf3, 0x0, 0x0, 0x0, 0x0,
    0xf, 0xd2, 0x22, 0x22, 0x0, 0x0, 0x1f, 0xff,
    0xff, 0xff, 0x0, 0x0, 0xf, 0xe5, 0x55, 0x55,
    0x0, 0x0, 0xb, 0xf3, 0x0, 0x0, 0x0, 0x0,
    0x4, 0xfe, 0x30, 0x0, 0x8, 0x50, 0x0, 0x6f,
    0xfc, 0xab, 0xef, 0xa0, 0x0, 0x2, 0x9e, 0xfe,
    0xb5, 0x0,

    /* U+0455 "ѕ" */
    0x0, 0x2a, 0xdf, 0xec, 0x71, 0x3, 0xff, 0xdb,
    0xcf, 0xf3, 0xa, 0xf6, 0x0, 0x0, 0x40, 0xc,
    0xf3, 0x0, 0x0, 0x0, 0x7, 0xfe, 0x84, 0x10,
    0x0, 0x0, 0x8e, 0xff, 0xfd, 0x70, 0x0, 0x0,
    0x36, 0x9f, 0xf7, 0x0, 0x0, 0x0, 0x3, 0xfc,
    0x6, 0x50, 0x0, 0x5, 0xfb, 0xe, 0xff, 0xcb,
    0xdf, 0xf3, 0x2, 0x8c, 0xff, 0xd9, 0x20,

    /* U+0456 "і" */
    0x7, 0x50, 0x6f, 0xf1, 0x3e, 0xb0, 0x0, 0x0,
    0x0, 0x0, 0x2f, 0xc0, 0x2f, 0xc0, 0x2f, 0xc0,
    0x2f, 0xc0, 0x2f, 0xc0, 0x2f, 0xc0, 0x2f, 0xc0,
    0x2f, 0xc0, 0x2f, 0xc0, 0x2f, 0xc0, 0x2f, 0xc0,

    /* U+0457 "ї" */
    0x6e, 0x28, 0xe1, 0x7f, 0x39, 0xf1, 0x0, 0x0,
    0x0, 0x3, 0xfb, 0x0, 0x3, 0xfb, 0x0, 0x3,
    0xfb, 0x0, 0x3, 0xfb, 0x0, 0x3, 0xfb, 0x0,
    0x3, 0xfb, 0x0, 0x3, 0xfb, 0x0, 0x3, 0xfb,
    0x0, 0x3, 0xfb, 0x0, 0x3, 0xfb, 0x0, 0x3,
    0xfb, 0x0,

    /* U+0458 "ј" */
    0x0, 0x0, 0x75, 0x0, 0x0, 0x6f, 0xf1, 0x0,
    0x2, 0xec, 0x0, 0x0, 0x0, 0x0, 0x0, 0x0,
    0x0, 0x0, 0x0, 0x2f, 0xc0, 0x0, 0x2, 0xfc,
    0x0, 0x0, 0x2f, 0xc0, 0x0, 0x2, 0xfc, 0x0,
    0x0, 0x2f, 0xc0, 0x0, 0x2, 0xfc, 0x0, 0x0,
    0x2f, 0xc0, 0x0, 0x2, 0xfc, 0x0, 0x0, 0x2f,
    0xc0, 0x0, 0x2, 0xfc, 0x0, 0x0, 0x2f, 0xc0,
    0x0, 0x2, 0xfc, 0x0, 0x0, 0x5f, 0xa0, 0x8c,
    0xbf, 0xf3, 0x7, 0xef, 0xd5, 0x0,

    /* U+0459 "љ" */
    0x0, 0x3f, 0xff, 0xff, 0xff, 0xf0, 0x0, 0x0,
    0x0, 0x0, 0x4, 0xfd, 0xbb, 0xbb, 0xff, 0x0,
    0x0, 0x0, 0x0, 0x0, 0x4f, 0x70, 0x0, 0xf,
    0xf0, 0x0, 0x0, 0x0, 0x0, 0x5, 0xf6, 0x0,
    0x0, 0xff, 0x22, 0x10, 0x0, 0x0, 0x0, 0x6f,
    0x50, 0x0, 0xf, 0xff, 0xff, 0xfe, 0x70, 0x0,
    0x7, 0xf3, 0x0, 0x0, 0xff, 0x55, 0x57, 0xdf,
    0x90, 0x0, 0x9f, 0x20, 0x0, 0xf, 0xf0, 0x0,
    0x1, 0xff, 0x0, 0xc, 0xf0, 0x0, 0x0, 0xff,
    0x0, 0x0, 0xf, 0xf0, 0x2, 0xfc, 0x0, 0x0,
    0xf, 0xf0, 0x0, 0x7, 0xfe, 0xa, 0xff, 0x60,
    0x0, 0x0, 0xff, 0xcc, 0xde, 0xff, 0x60, 0xcf,
    0x90, 0x0, 0x0, 0xf, 0xff, 0xff, 0xeb, 0x40,
    0x0,

    /* U+045A "њ" */
    0x2f, 0xc0, 0x0, 0x0, 0x6f, 0x80, 0x0, 0x0,
    0x0, 0x2f, 0xc0, 0x0, 0x0, 0x6f, 0x80, 0x0,
    0x0, 0x0, 0x2f, 0xc0, 0x0, 0x0, 0x6f, 0x80,
    0x0, 0x0, 0x0, 0x2f, 0xc0, 0x0, 0x0, 0x6f,
    0x80, 0x0, 0x0, 0x0, 0x2f, 0xeb, 0xbb, 0xbb,
    0xdf, 0xdb, 0xbb, 0x95, 0x0, 0x2f, 0xff, 0xff,
    0xff, 0xff, 0xff, 0xff, 0xff, 0xc0, 0x2f, 0xc0,
    0x0, 0x0, 0x6f, 0x80, 0x0, 0x3e, 0xf5, 0x2f,
    0xc0, 0x0, 0x0, 0x6f, 0x80, 0x0, 0x7, 0xf7,
    0x2f, 0xc0, 0x0, 0x0, 0x6f, 0x80, 0x0, 0xa,
    0xf5, 0x2f, 0xc0, 0x0, 0x0, 0x6f, 0xc7, 0x77,
    0xbf, 0xd0, 0x2f, 0xc0, 0x0, 0x0, 0x6f, 0xff,
    0xff, 0xd8, 0x10,

    /* U+045B "ћ" */
    0x0, 0x4, 0x30, 0x0, 0x0, 0x0, 0x0, 0x2,
    0xfc, 0x0, 0x0, 0x0, 0x0, 0xbf, 0xff, 0xff,
    0xff, 0xf8, 0x0, 0x1, 0x24, 0xfd, 0x22, 0x22,
    0x10, 0x0, 0x0, 0x2f, 0xc0, 0x0, 0x0, 0x0,
    0x0, 0x2, 0xfc, 0x19, 0xef, 0xe9, 0x10, 0x0,
    0x2f, 0xee, 0xfe, 0xdf, 0xfd, 0x0, 0x2, 0xff,
    0xd3, 0x0, 0x1d, 0xf8, 0x0, 0x2f, 0xf3, 0x0,
    0x0, 0x4f, 0xc0, 0x2, 0xfe, 0x0, 0x0, 0x0,
    0xfe, 0x0, 0x2f, 0xc0, 0x0, 0x0, 0xf, 0xf0,
    0x2, 0xfc, 0x0, 0x0, 0x0, 0xff, 0x0, 0x2f,
    0xc0, 0x0, 0x0, 0xf, 0xf0, 0x2, 0xfc, 0x0,
    0x0, 0x0, 0xff, 0x0, 0x2f, 0xc0, 0x0, 0x0,
    0xf, 0xf0, 0x2, 0xfc, 0x0, 0x0, 0x0, 0xff,

    /* U+045C "ќ" */
    0x0, 0x0, 0x3, 0xee, 0x30, 0x0, 0x0, 0x4,
    0xfb, 0x10, 0x0, 0x0, 0x0, 0x76, 0x0, 0x0,
    0x0, 0x0, 0x0, 0x0, 0x0, 0x0, 0x2f, 0xc0,
    0x0, 0x0, 0xdf, 0x22, 0xfc, 0x0, 0x0, 0x9f,
    0x70, 0x2f, 0xc0, 0x0, 0x4f, 0xb0, 0x2, 0xfc,
    0x0, 0x1e, 0xe1, 0x0, 0x2f, 0xc0, 0xa, 0xf5,
    0x0, 0x2, 0xff, 0xff, 0xfb, 0x0, 0x0, 0x2f,
    0xeb, 0xbf, 0xf3, 0x0, 0x2, 0xfc, 0x0, 0x5f,
    0xe1, 0x0, 0x2f, 0xc0, 0x0, 0x8f, 0xc0, 0x2,
    0xfc, 0x0, 0x0, 0xaf, 0x90, 0x2f, 0xc0, 0x0,
    0x0, 0xdf, 0x60,

    /* U+045D "ѝ" */
    0x0, 0x4e, 0xe3, 0x0, 0x0, 0x0, 0x0, 0x1,
    0xbf, 0x40, 0x0, 0x0, 0x0, 0x0, 0x6, 0x70,
    0x0, 0x0, 0x0, 0x0, 0x0, 0x0, 0x0, 0x0,
    0x2f, 0xc0, 0x0, 0x0, 0x2f, 0xf0, 0x2f, 0xc0,
    0x0, 0x1, 0xdf, 0xf0, 0x2f, 0xc0, 0x0, 0xb,
    0xff, 0xf0, 0x2f, 0xc0, 0x0, 0x8f, 0xae, 0xf0,
    0x2f, 0xc0, 0x5, 0xfd, 0xe, 0xf0, 0x2f, 0xc0,
    0x3f, 0xe2, 0xe, 0xf0, 0x2f, 0xc1, 0xef, 0x40,
    0xe, 0xf0, 0x2f, 0xcc, 0xf7, 0x0, 0xe, 0xf0,
    0x2f, 0xff, 0xa0, 0x0, 0xe, 0xf0, 0x2f, 0xfc,
    0x0, 0x0, 0xe, 0xf0, 0x2f, 0xe1, 0x0, 0x0,
    0xe, 0xf0,

    /* U+045E "ў" */
    0x0, 0x5, 0x50, 0x0, 0x64, 0x0, 0x0, 0x0,
    0x7e, 0x30, 0x4f, 0x50, 0x0, 0x0, 0x0, 0xaf,
    0xff, 0x90, 0x0, 0x0, 0x0, 0x0, 0x2, 0x0,
    0x0, 0x0, 0x0, 0x0, 0x0, 0x0, 0x0, 0x0,
    0x0, 0xbf, 0x40, 0x0, 0x0, 0xc, 0xf1, 0x4,
    0xfb, 0x0, 0x0, 0x3, 0xfa, 0x0, 0xd, 0xf2,
    0x0, 0x0, 0x9f, 0x30, 0x0, 0x6f, 0x80, 0x0,
    0x1f, 0xd0, 0x0, 0x0, 0xff, 0x0, 0x7, 0xf6,
    0x0, 0x0, 0x8, 0xf6, 0x0, 0xee, 0x0, 0x0,
    0x0, 0x2f, 0xd0, 0x5f, 0x80, 0x0, 0x0, 0x0,
    0xbf, 0x4b, 0xf1, 0x0, 0x0, 0x0, 0x4, 0xfc,
    0xfa, 0x0, 0x0, 0x0, 0x0, 0xd, 0xff, 0x30,
    0x0, 0x0, 0x0, 0x0, 0x6f, 0xd0, 0x0, 0x0,
    0x0, 0x0, 0x8, 0xf6, 0x0, 0x0, 0x0, 0x30,
    0x2, 0xfe, 0x0, 0x0, 0x0, 0x1f, 0xeb, 0xff,
    0x50, 0x0, 0x0, 0x0, 0x7e, 0xfd, 0x50, 0x0,
    0x0, 0x0,

    /* U+045F "џ" */
    0x2f, 0xc0, 0x0, 0x0, 0xef, 0x2, 0xfc, 0x0,
    0x0, 0xe, 0xf0, 0x2f, 0xc0, 0x0, 0x0, 0xef,
    0x2, 0xfc, 0x0, 0x0, 0xe, 0xf0, 0x2f, 0xc0,
    0x0, 0x0, 0xef, 0x2, 0xfc, 0x0, 0x0, 0xe,
    0xf0, 0x2f, 0xc0, 0x0, 0x0, 0xef, 0x2, 0xfc,
    0x0, 0x0, 0xe, 0xf0, 0x2f, 0xc0, 0x0, 0x0,
    0xef, 0x2, 0xff, 0xbb, 0xbb, 0xbf, 0xf0, 0x2f,
    0xff, 0xff, 0xff, 0xff, 0x0, 0x0, 0x7, 0xf6,
    0x0, 0x0, 0x0, 0x0, 0x7f, 0x60, 0x0, 0x0,
    0x0, 0x3, 0x83, 0x0, 0x0,

    /* U+0462 "Ѣ" */
    0x0, 0x0, 0x78, 0x0, 0x0, 0x0, 0x0, 0x0,
    0x0, 0x0, 0xef, 0x10, 0x0, 0x0, 0x0, 0x0,
    0x0, 0x0, 0xef, 0x10, 0x0, 0x0, 0x0, 0x0,
    0xaf, 0xff, 0xff, 0xff, 0xff, 0x50, 0x0, 0x0,
    0x58, 0x88, 0xff, 0x88, 0x88, 0x20, 0x0, 0x0,
    0x0, 0x0, 0xef, 0x10, 0x0, 0x0, 0x0, 0x0,
    0x0, 0x0, 0xef, 0x10, 0x0, 0x0, 0x0, 0x0,
    0x0, 0x0, 0xef, 0xff, 0xff, 0xfe, 0xb4, 0x0,
    0x0, 0x0, 0xef, 0xaa, 0xaa, 0xbd, 0xff, 0x70,
    0x0, 0x0, 0xef, 0x10, 0x0, 0x0, 0x6f, 0xf1,
    0x0, 0x0, 0xef, 0x10, 0x0, 0x0, 0xc, 0xf5,
    0x0, 0x0, 0xef, 0x10, 0x0, 0x0, 0xa, 0xf6,
    0x0, 0x0, 0xef, 0x10, 0x0, 0x0, 0xc, 0xf4,
    0x0, 0x0, 0xef, 0x10, 0x0, 0x0, 0x6f, 0xe0,
    0x0, 0x0, 0xef, 0xaa, 0xaa, 0xbd, 0xff, 0x40,
    0x0, 0x0, 0xef, 0xff, 0xff, 0xfd, 0x92, 0x0,

    /* U+0463 "ѣ" */
    0x0, 0x38, 0x40, 0x0, 0x0, 0x0, 0x0, 0x6f,
    0x80, 0x0, 0x0, 0x0, 0x0, 0x6f, 0x80, 0x0,
    0x0, 0x0, 0x0, 0x6f, 0x80, 0x0, 0x0, 0x0,
    0x0, 0x6f, 0x80, 0x0, 0x0, 0x0, 0xff, 0xff,
    0xff, 0xff, 0x70, 0x0, 0x77, 0xaf, 0xb7, 0x77,
    0x30, 0x0, 0x0, 0x6f, 0x80, 0x0, 0x0, 0x0,
    0x0, 0x6f, 0x92, 0x21, 0x0, 0x0, 0x0, 0x6f,
    0xff, 0xff, 0xfc, 0x30, 0x0, 0x6f, 0xb5, 0x55,
    0x9f, 0xf2, 0x0, 0x6f, 0x80, 0x0, 0x8, 0xf8,
    0x0, 0x6f, 0x80, 0x0, 0x5, 0xfa, 0x0, 0x6f,
    0x80, 0x0, 0xa, 0xf7, 0x0, 0x6f, 0xc7, 0x78,
    0xcf, 0xe1, 0x0, 0x6f, 0xff, 0xff, 0xd9, 0x10,

    /* U+046A "Ѫ" */
    0x0, 0xff, 0xff, 0xff, 0xff, 0xff, 0xff, 0xff,
    0x0, 0x0, 0xcf, 0xc9, 0x99, 0x99, 0x99, 0x9c,
    0xfc, 0x0, 0x0, 0x1d, 0xe2, 0x0, 0x0, 0x0,
    0x2e, 0xc0, 0x0, 0x0, 0x1, 0xde, 0x20, 0x0,
    0x2, 0xed, 0x10, 0x0, 0x0, 0x0, 0x1d, 0xd1,
    0x0, 0x1d, 0xd1, 0x0, 0x0, 0x0, 0x0, 0x2,
    0xed, 0x11, 0xde, 0x10, 0x0, 0x0, 0x0, 0x0,
    0x4, 0xaf, 0xcc, 0xf9, 0x40, 0x0, 0x0, 0x0,
    0x2, 0xdf, 0xff, 0xff, 0xff, 0xfd, 0x20, 0x0,
    0x0, 0x1e, 0xf9, 0x20, 0xff, 0x2, 0x9f, 0xe1,
    0x0, 0x0, 0xaf, 0x80, 0x0, 0xff, 0x0, 0x9,
    0xfa, 0x0, 0x2, 0xfe, 0x0, 0x0, 0xff, 0x0,
    0x0, 0xef, 0x20, 0x8, 0xf7, 0x0, 0x0, 0xff,
    0x0, 0x0, 0x7f, 0x90, 0xf, 0xf1, 0x0, 0x0,
    0xff, 0x0, 0x0, 0x1f, 0xf0, 0x6f, 0xa0, 0x0,
    0x0, 0xff, 0x0, 0x0, 0xa, 0xf6,

    /* U+046B "ѫ" */
    0x7, 0xff, 0xff, 0xff, 0xff, 0xff, 0x70, 0x3,
    0xfe, 0x66, 0x66, 0x66, 0xef, 0x30, 0x0, 0x4f,
    0x90, 0x0, 0x9, 0xf4, 0x0, 0x0, 0x4, 0xf8,
    0x0, 0x8f, 0x40, 0x0, 0x0, 0x0, 0x5f, 0x78,
    0xf5, 0x0, 0x0, 0x0, 0x9, 0xff, 0xff, 0xff,
    0xa1, 0x0, 0x0, 0xaf, 0xa4, 0xde, 0x49, 0xfc,
    0x0, 0x4, 0xfa, 0x0, 0xdd, 0x0, 0x8f, 0x50,
    0xb, 0xf2, 0x0, 0xdd, 0x0, 0x1f, 0xc0, 0x1f,
    0xb0, 0x0, 0xdd, 0x0, 0xa, 0xf2, 0x8f, 0x60,
    0x0, 0xdd, 0x0, 0x4, 0xf9,

    /* U+0472 "Ѳ" */
    0x0, 0x0, 0x7b, 0xef, 0xeb, 0x60, 0x0, 0x0,
    0x4, 0xef, 0xfe, 0xde, 0xff, 0xe3, 0x0, 0x4,
    0xff, 0x82, 0x0, 0x2, 0x8f, 0xf4, 0x1, 0xff,
    0x30, 0x0, 0x0, 0x0, 0x3f, 0xe0, 0x8f, 0x70,
    0x0, 0x0, 0x0, 0x0, 0x8f, 0x6c, 0xfb, 0xaa,
    0xaa, 0xaa, 0xaa, 0xab, 0xfb, 0xff, 0xff, 0xff,
    0xff, 0xff, 0xff, 0xff, 0xdf, 0xf2, 0x0, 0x0,
    0x0, 0x0, 0x3, 0xfd, 0xcf, 0x60, 0x0, 0x0,
    0x0, 0x0, 0x7f, 0xb8, 0xfd, 0x0, 0x0, 0x0,
    0x0, 0xe, 0xf6, 0x1f, 0xf9, 0x0, 0x0, 0x0,
    0xa, 0xfe, 0x0, 0x4f, 0xfb, 0x30, 0x0, 0x4c,
    0xff, 0x40, 0x0, 0x4e, 0xff, 0xfd, 0xff, 0xfe,
    0x30, 0x0, 0x0, 0x7, 0xbe, 0xfe, 0xb6, 0x0,
    0x0,

    /* U+0473 "ѳ" */
    0x0, 0x3, 0xae, 0xfd, 0x92, 0x0, 0x0, 0x7f,
    0xfe, 0xce, 0xff, 0x40, 0x4, 0xff, 0x50, 0x0,
    0x8f, 0xf1, 0xc, 0xf6, 0x0, 0x0, 0xa, 0xf8,
    0xf, 0xf2, 0x11, 0x11, 0x15, 0xfc, 0x1f, 0xff,
    0xff, 0xff, 0xff, 0xfe, 0xf, 0xf4, 0x44, 0x44,
    0x46, 0xfc, 0xb, 0xf4, 0x0, 0x0, 0x7, 0xf8,
    0x4, 0xfe, 0x40, 0x0, 0x6f, 0xe1, 0x0, 0x7f,
    0xfd, 0xce, 0xff, 0x40, 0x0, 0x3, 0xae, 0xfd,
    0x92, 0x0,

    /* U+0474 "Ѵ" */
    0x0, 0x0, 0x0, 0x0, 0x0, 0x0, 0x2, 0x18,
    0xfa, 0x0, 0x0, 0x0, 0x0, 0x6f, 0xfe, 0x1f,
    0xf1, 0x0, 0x0, 0x0, 0x4f, 0xff, 0xc0, 0xbf,
    0x70, 0x0, 0x0, 0xc, 0xf8, 0x0, 0x4, 0xfe,
    0x0, 0x0, 0x3, 0xfd, 0x0, 0x0, 0xd, 0xf5,
    0x0, 0x0, 0x8f, 0x70, 0x0, 0x0, 0x7f, 0xb0,
    0x0, 0xe, 0xf1, 0x0, 0x0, 0x1, 0xff, 0x20,
    0x4, 0xfb, 0x0, 0x0, 0x0, 0xa, 0xf8, 0x0,
    0xaf, 0x50, 0x0, 0x0, 0x0, 0x3f, 0xe0, 0xf,
    0xf0, 0x0, 0x0, 0x0, 0x0, 0xcf, 0x65, 0xfa,
    0x0, 0x0, 0x0, 0x0, 0x6, 0xfc, 0xbf, 0x40,
    0x0, 0x0, 0x0, 0x0, 0xf, 0xff, 0xe0, 0x0,
    0x0, 0x0, 0x0, 0x0, 0x9f, 0xf8, 0x0, 0x0,
    0x0, 0x0, 0x0, 0x2, 0xff, 0x20, 0x0, 0x0,
    0x0,

    /* U+0475 "ѵ" */
    0x0, 0x0, 0x0, 0x0, 0x0, 0x10, 0xbf, 0x60,
    0x0, 0x0, 0x2d, 0xfc, 0x4f, 0xd0, 0x0, 0x0,
    0xbf, 0xfa, 0xd, 0xf3, 0x0, 0x2, 0xfe, 0x10,
    0x6, 0xfa, 0x0, 0x8, 0xf8, 0x0, 0x0, 0xff,
    0x10, 0xd, 0xf1, 0x0, 0x0, 0x9f, 0x70, 0x3f,
    0xb0, 0x0, 0x0, 0x2f, 0xe0, 0x9f, 0x50, 0x0,
    0x0, 0xb, 0xf5, 0xef, 0x0, 0x0, 0x0, 0x5,
    0xfe, 0xf9, 0x0, 0x0, 0x0, 0x0, 0xef, 0xf3,
    0x0, 0x0, 0x0, 0x0, 0x7f, 0xd0, 0x0, 0x0,

    /* U+048A "Ҋ" */
    0x0, 0x1f, 0x80, 0x3, 0xe8, 0x0, 0x0, 0x0,
    0x0, 0x6e, 0xff, 0xfa, 0x0, 0x0, 0x0, 0x0,
    0x0, 0x1, 0x10, 0x0, 0x0, 0x0, 0x0, 0x0,
    0x0, 0x0, 0x0, 0x0, 0x0, 0x0, 0xdf, 0x20,
    0x0, 0x0, 0x1, 0xef, 0x40, 0xd, 0xf2, 0x0,
    0x0, 0x0, 0xbf, 0xf4, 0x0, 0xdf, 0x20, 0x0,
    0x0, 0x8f, 0xff, 0x40, 0xd, 0xf2, 0x0, 0x0,
    0x4f, 0xec, 0xf4, 0x0, 0xdf, 0x20, 0x0, 0x2e,
    0xf4, 0xbf, 0x40, 0xd, 0xf2, 0x0, 0xc, 0xf8,
    0xb, 0xf4, 0x0, 0xdf, 0x20, 0x9, 0xfb, 0x0,
    0xbf, 0x40, 0xd, 0xf2, 0x6, 0xfe, 0x10, 0xb,
    0xf4, 0x0, 0xdf, 0x23, 0xff, 0x30, 0x0, 0xbf,
    0x40, 0xd, 0xf3, 0xef, 0x70, 0x0, 0xb, 0xf4,
    0x0, 0xdf, 0xdf, 0xb0, 0x0, 0x0, 0xbf, 0x40,
    0xd, 0xff, 0xd1, 0x0, 0x0, 0xb, 0xf4, 0x0,
    0xdf, 0xf3, 0x0, 0x0, 0x0, 0xbf, 0xfe, 0x2d,
    0xf6, 0x0, 0x0, 0x0, 0xb, 0xff, 0xe0, 0x0,
    0x0, 0x0, 0x0, 0x0, 0x1, 0xf9, 0x0, 0x0,
    0x0, 0x0, 0x0, 0x0, 0x5f, 0x40, 0x0, 0x0,
    0x0, 0x0, 0x0, 0x9, 0xf0, 0x0,

    /* U+048B "ҋ" */
    0x0, 0x4f, 0x40, 0x9, 0xe0, 0x0, 0x0, 0x0,
    0x7e, 0xff, 0xd3, 0x0, 0x0, 0x0, 0x0, 0x1,
    0x10, 0x0, 0x0, 0x0, 0x0, 0x0, 0x0, 0x0,
    0x0, 0x0, 0x2f, 0xc0, 0x0, 0x0, 0x2f, 0xf0,
    0x2, 0xfc, 0x0, 0x0, 0x1e, 0xff, 0x0, 0x2f,
    0xc0, 0x0, 0xc, 0xff, 0xf0, 0x2, 0xfc, 0x0,
    0xa, 0xf9, 0xef, 0x0, 0x2f, 0xc0, 0x7, 0xfc,
    0xe, 0xf0, 0x2, 0xfc, 0x4, 0xfe, 0x10, 0xef,
    0x0, 0x2f, 0xc2, 0xff, 0x30, 0xe, 0xf0, 0x2,
    0xfd, 0xef, 0x60, 0x0, 0xef, 0x0, 0x2f, 0xff,
    0x90, 0x0, 0xe, 0xf0, 0x2, 0xff, 0xc0, 0x0,
    0x0, 0xef, 0xf9, 0x2f, 0xe1, 0x0, 0x0, 0xe,
    0xff, 0x40, 0x0, 0x0, 0x0, 0x0, 0x9, 0xf0,
    0x0, 0x0, 0x0, 0x0, 0x0, 0xdb, 0x0, 0x0,
    0x0, 0x0, 0x0, 0x0, 0x0,

    /* U+048C "Ҍ" */
    0x0, 0x28, 0x50, 0x0, 0x0, 0x0, 0x0, 0x0,
    0x5f, 0xa0, 0x0, 0x0, 0x0, 0x0, 0x0, 0x5f,
    0xa0, 0x0, 0x0, 0x0, 0x0, 0x6f, 0xff, 0xff,
    0xff, 0xf0, 0x0, 0x0, 0x38, 0xaf, 0xd8, 0x88,
    0x70, 0x0, 0x0, 0x0, 0x5f, 0xa0, 0x0, 0x0,
    0x0, 0x0, 0x0, 0x5f, 0xa0, 0x0, 0x0, 0x0,
    0x0, 0x0, 0x5f, 0xff, 0xff, 0xff, 0xd8, 0x10,
    0x0, 0x5f, 0xda, 0xaa, 0xab, 0xff, 0xe1, 0x0,
    0x5f, 0xa0, 0x0, 0x0, 0x1c, 0xf9, 0x0, 0x5f,
    0xa0, 0x0, 0x0, 0x3, 0xfe, 0x0, 0x5f, 0xa0,
    0x0, 0x0, 0x1, 0xff, 0x0, 0x5f, 0xa0, 0x0,
    0x0, 0x3, 0xfd, 0x0, 0x5f, 0xa0, 0x0, 0x0,
    0x1c, 0xf8, 0x0, 0x5f, 0xda, 0xaa, 0xab, 0xff,
    0xc0, 0x0, 0x5f, 0xff, 0xff, 0xff, 0xc7, 0x0,

    /* U+048D "ҍ" */
    0x12, 0x9f, 0x72, 0x22, 0x0, 0x0, 0x9f, 0xff,
    0xff, 0xff, 0x50, 0x0, 0x25, 0xaf, 0x95, 0x55,
    0x10, 0x0, 0x0, 0x8f, 0x72, 0x21, 0x0, 0x0,
    0x0, 0x8f, 0xff, 0xff, 0xfb, 0x30, 0x0, 0x8f,
    0x95, 0x55, 0x9f, 0xf2, 0x0, 0x8f, 0x60, 0x0,
    0x9, 0xf7, 0x0, 0x8f, 0x60, 0x0, 0x7, 0xf8,
    0x0, 0x8f, 0x60, 0x0, 0xc, 0xf5, 0x0, 0x8f,
    0xb7, 0x78, 0xcf, 0xd0, 0x0, 0x8f, 0xff, 0xff,
    0xd8, 0x0,

    /* U+048E "Ҏ" */
    0xdf, 0xff, 0xff, 0xfc, 0x81, 0x0, 0xdf, 0xdc,
    0xcc, 0xef, 0xfe, 0x30, 0xdf, 0x30, 0x0, 0x2,
    0xaf, 0xd0, 0xdf, 0x30, 0x0, 0x0, 0xd, 0xf4,
    0xdf, 0x30, 0x3, 0x10, 0x9, 0xf7, 0xdf, 0x30,
    0xe, 0xb0, 0x9, 0xf6, 0xdf, 0x30, 0x3, 0xf8,
    0xe, 0xf3, 0xdf, 0x30, 0x0, 0x8f, 0xdf, 0xb0,
    0xdf, 0xff, 0xff, 0xff, 0xfc, 0x10, 0xdf, 0xcc,
    0xcc, 0xb8, 0xdd, 0x0, 0xdf, 0x30, 0x0, 0x0,
    0x3f, 0x90, 0xdf, 0x30, 0x0, 0x0, 0x6, 0xd0,
    0xdf, 0x30, 0x0, 0x0, 0x0, 0x0, 0xdf, 0x30,
    0x0, 0x0, 0x0, 0x0,

    /* U+048F "ҏ" */
    0x2f, 0xb0, 0x7d, 0xfe, 0xa3, 0x0, 0x2f, 0xbb,
    0xfc, 0xad, 0xff, 0x50, 0x2f, 0xfe, 0x20, 0x0,
    0x5f, 0xf2, 0x2f, 0xf4, 0x0, 0x0, 0x7, 0xf8,
    0x2f, 0xe0, 0x0, 0x0, 0x2, 0xfc, 0x2f, 0xc0,
    0x0, 0x0, 0x0, 0xfd, 0x2f, 0xe0, 0x0, 0x19,
    0x12, 0xfc, 0x2f, 0xf4, 0x0, 0x1e, 0xb9, 0xf8,
    0x2f, 0xfe, 0x40, 0x4, 0xff, 0xf2, 0x2f, 0xc9,
    0xfd, 0xce, 0xff, 0x80, 0x2f, 0xc0, 0x6d, 0xfe,
    0xab, 0xe1, 0x2f, 0xc0, 0x0, 0x0, 0x1, 0xd5,
    0x2f, 0xc0, 0x0, 0x0, 0x0, 0x0, 0x2f, 0xc0,
    0x0, 0x0, 0x0, 0x0, 0x2f, 0xc0, 0x0, 0x0,
    0x0, 0x0,

    /* U+0490 "Ґ" */
    0x0, 0x0, 0x0, 0x3, 0x82, 0x0, 0x0, 0x0,
    0x7, 0xf5, 0x0, 0x0, 0x0, 0x7, 0xf5, 0x0,
    0x0, 0x0, 0x7, 0xf5, 0xdf, 0xff, 0xff, 0xff,
    0xf5, 0xdf, 0xdc, 0xcc, 0xcc, 0xc4, 0xdf, 0x20,
    0x0, 0x0, 0x0, 0xdf, 0x20, 0x0, 0x0, 0x0,
    0xdf, 0x20, 0x0, 0x0, 0x0, 0xdf, 0x20, 0x0,
    0x0, 0x0, 0xdf, 0x20, 0x0, 0x0, 0x0, 0xdf,
    0x20, 0x0, 0x0, 0x0, 0xdf, 0x20, 0x0, 0x0,
    0x0, 0xdf, 0x20, 0x0, 0x0, 0x0, 0xdf, 0x20,
    0x0, 0x0, 0x0, 0xdf, 0x20, 0x0, 0x0, 0x0,
    0xdf, 0x20, 0x0, 0x0, 0x0, 0xdf, 0x20, 0x0,
    0x0, 0x0,

    /* U+0491 "ґ" */
    0x0, 0x0, 0x0, 0x9f, 0x30, 0x0, 0x0, 0x9,
    0xf3, 0x2f, 0xff, 0xff, 0xff, 0x32, 0xff, 0xbb,
    0xbb, 0xb2, 0x2f, 0xc0, 0x0, 0x0, 0x2, 0xfc,
    0x0, 0x0, 0x0, 0x2f, 0xc0, 0x0, 0x0, 0x2,
    0xfc, 0x0, 0x0, 0x0, 0x2f, 0xc0, 0x0, 0x0,
    0x2, 0xfc, 0x0, 0x0, 0x0, 0x2f, 0xc0, 0x0,
    0x0, 0x2, 0xfc, 0x0, 0x0, 0x0, 0x2f, 0xc0,
    0x0, 0x0, 0x0,

    /* U+0492 "Ғ" */
    0x0, 0x4f, 0xff, 0xff, 0xff, 0xfe, 0x0, 0x4f,
    0xec, 0xcc, 0xcc, 0xcb, 0x0, 0x4f, 0xa0, 0x0,
    0x0, 0x0, 0x0, 0x4f, 0xa0, 0x0, 0x0, 0x0,
    0x0, 0x4f, 0xa0, 0x0, 0x0, 0x0, 0x0, 0x4f,
    0xa0, 0x0, 0x0, 0x0, 0x38, 0xaf, 0xd8, 0x88,
    0x88, 0x40, 0x6f, 0xff, 0xff, 0xff, 0xff, 0x80,
    0x0, 0x4f, 0xb0, 0x0, 0x0, 0x0, 0x0, 0x4f,
    0xb0, 0x0, 0x0, 0x0, 0x0, 0x4f, 0xb0, 0x0,
    0x0, 0x0, 0x0, 0x4f, 0xb0, 0x0, 0x0, 0x0,
    0x0, 0x4f, 0xb0, 0x0, 0x0, 0x0, 0x0, 0x4f,
    0xb0, 0x0, 0x0, 0x0,

    /* U+0493 "ғ" */
    0x0, 0xdf, 0xff, 0xff, 0xff, 0x0, 0xdf, 0xbb,
    0xbb, 0xbb, 0x0, 0xdf, 0x10, 0x0, 0x0, 0x0,
    0xdf, 0x10, 0x0, 0x0, 0x0, 0xdf, 0x10, 0x0,
    0x0, 0x1, 0xdf, 0x21, 0x11, 0x0, 0x2f, 0xff,
    0xff, 0xff, 0xa0, 0x4, 0xdf, 0x54, 0x44, 0x20,
    0x0, 0xdf, 0x10, 0x0, 0x0, 0x0, 0xdf, 0x10,
    0x0, 0x0, 0x0, 0xdf, 0x10, 0x0, 0x0,

    /* U+0494 "Ҕ" */
    0xdf, 0xff, 0xff, 0xff, 0xfc, 0x0, 0xdf, 0xdc,
    0xcc, 0xcc, 0xc9, 0x0, 0xdf, 0x20, 0x0, 0x0,
    0x0, 0x0, 0xdf, 0x20, 0x0, 0x0, 0x0, 0x0,
    0xdf, 0x20, 0x0, 0x0, 0x0, 0x0, 0xdf, 0x20,
    0x0, 0x0, 0x0, 0x0, 0xdf, 0x48, 0xcd, 0xc9,
    0x30, 0x0, 0xdf, 0xff, 0xcb, 0xdf, 0xf8, 0x0,
    0xdf, 0x91, 0x0, 0x4, 0xef, 0x50, 0xdf, 0x20,
    0x0, 0x0, 0x5f, 0xd0, 0xdf, 0x20, 0x0, 0x0,
    0xf, 0xf0, 0xdf, 0x20, 0x0, 0x0, 0xe, 0xf1,
    0xdf, 0x20, 0x0, 0x0, 0xf, 0xf0, 0xdf, 0x20,
    0x0, 0x0, 0x6f, 0xb0, 0x0, 0x0, 0x0, 0x5,
    0xff, 0x30, 0x0, 0x0, 0x4d, 0xef, 0xf6, 0x0,
    0x0, 0x0, 0x7f, 0xea, 0x30, 0x0, 0x0, 0x0,
    0x0, 0x0, 0x0, 0x0,

    /* U+0495 "ҕ" */
    0x2f, 0xff, 0xff, 0xff, 0x70, 0x2, 0xff, 0xbb,
    0xbb, 0xb5, 0x0, 0x2f, 0xc0, 0x0, 0x0, 0x0,
    0x2, 0xfc, 0x0, 0x0, 0x0, 0x0, 0x2f, 0xc0,
    0x0, 0x0, 0x0, 0x2, 0xfd, 0x7c, 0xed, 0x92,
    0x0, 0x2f, 0xff, 0xec, 0xef, 0xf4, 0x2, 0xfe,
    0x30, 0x0, 0x7f, 0xf0, 0x2f, 0xc0, 0x0, 0x0,
    0xbf, 0x52, 0xfc, 0x0, 0x0, 0x7, 0xf8, 0x2f,
    0xc0, 0x0, 0x0, 0x7f, 0x70, 0x0, 0x0, 0x0,
    0xb, 0xf5, 0x0, 0x0, 0x0, 0x6, 0xfe, 0x0,
    0x0, 0x8, 0xbd, 0xff, 0x40, 0x0, 0x0, 0xef,
    0xfb, 0x20, 0x0, 0x0, 0x0, 0x10, 0x0, 0x0,

    /* U+0496 "Җ" */
    0xe, 0xf2, 0x0, 0x0, 0xb, 0xf4, 0x0, 0x0,
    0x9, 0xf8, 0x0, 0x5, 0xfc, 0x0, 0x0, 0xb,
    0xf4, 0x0, 0x0, 0x3f, 0xd0, 0x0, 0x0, 0xaf,
    0x60, 0x0, 0xb, 0xf4, 0x0, 0x0, 0xdf, 0x40,
    0x0, 0x0, 0x1e, 0xf1, 0x0, 0xb, 0xf4, 0x0,
    0x7, 0xf9, 0x0, 0x0, 0x0, 0x6, 0xfa, 0x0,
    0xb, 0xf4, 0x0, 0x2f, 0xe1, 0x0, 0x0, 0x0,
    0x0, 0xbf, 0x40, 0xb, 0xf4, 0x0, 0xbf, 0x50,
    0x0, 0x0, 0x0, 0x0, 0x2f, 0xff, 0xff, 0xff,
    0xff, 0xfc, 0x0, 0x0, 0x0, 0x0, 0x0, 0x8f,
    0xed, 0xdf, 0xfd, 0xdd, 0xff, 0x20, 0x0, 0x0,
    0x0, 0x2, 0xff, 0x30, 0xb, 0xf4, 0x0, 0xaf,
    0xb0, 0x0, 0x0, 0x0, 0xc, 0xf9, 0x0, 0xb,
    0xf4, 0x0, 0x1e, 0xf5, 0x0, 0x0, 0x0, 0x6f,
    0xe0, 0x0, 0xb, 0xf4, 0x0, 0x5, 0xfe, 0x10,
    0x0, 0x1, 0xff, 0x40, 0x0, 0xb, 0xf4, 0x0,
    0x0, 0xbf, 0x90, 0x0, 0xa, 0xfa, 0x0, 0x0,
    0xb, 0xf4, 0x0, 0x0, 0x2f, 0xff, 0xc0, 0x4f,
    0xf1, 0x0, 0x0, 0xb, 0xf4, 0x0, 0x0, 0x9,
    0xff, 0xf1, 0x0, 0x0, 0x0, 0x0, 0x0, 0x0,
    0x0, 0x0, 0x0, 0xc, 0xf1, 0x0, 0x0, 0x0,
    0x0, 0x0, 0x0, 0x0, 0x0, 0x0, 0xc, 0xf1,
    0x0, 0x0, 0x0, 0x0, 0x0, 0x0, 0x0, 0x0,
    0x0, 0xc, 0xf1,

    /* U+0497 "җ" */
    0x2f, 0xd0, 0x0, 0x7, 0xf7, 0x0, 0x0, 0xef,
    0x20, 0x9, 0xf6, 0x0, 0x7, 0xf7, 0x0, 0x7,
    0xf8, 0x0, 0x0, 0xee, 0x10, 0x7, 0xf7, 0x0,
    0x1f, 0xe0, 0x0, 0x0, 0x6f, 0x90, 0x7, 0xf7,
    0x0, 0xaf, 0x50, 0x0, 0x0, 0xc, 0xf2, 0x7,
    0xf7, 0x3, 0xfc, 0x0, 0x0, 0x0, 0x4, 0xff,
    0xff, 0xff, 0xff, 0xf3, 0x0, 0x0, 0x0, 0xa,
    0xfc, 0xbd, 0xfd, 0xbc, 0xfa, 0x0, 0x0, 0x0,
    0x5f, 0xd0, 0x7, 0xf7, 0x0, 0xef, 0x50, 0x0,
    0x1, 0xef, 0x30, 0x7, 0xf7, 0x0, 0x4f, 0xe1,
    0x0, 0xb, 0xf8, 0x0, 0x7, 0xf7, 0x0, 0x9,
    0xff, 0xb5, 0x6f, 0xd0, 0x0, 0x7, 0xf7, 0x0,
    0x0, 0xff, 0xf8, 0x0, 0x0, 0x0, 0x0, 0x0,
    0x0, 0x0, 0x3, 0xf8, 0x0, 0x0, 0x0, 0x0,
    0x0, 0x0, 0x0, 0x3, 0xf8, 0x0, 0x0, 0x0,
    0x0, 0x0, 0x0, 0x0, 0x1, 0x84,

    /* U+0498 "Ҙ" */
    0x2, 0x8c, 0xef, 0xec, 0x81, 0x0, 0x2f, 0xff,
    0xec, 0xef, 0xfe, 0x30, 0x7, 0x40, 0x0, 0x1,
    0xaf, 0xb0, 0x0, 0x0, 0x0, 0x0, 0x2f, 0xe0,
    0x0, 0x0, 0x0, 0x0, 0x7f, 0xa0, 0x0, 0x1a,
    0xaa, 0xbd, 0xfd, 0x10, 0x0, 0x2f, 0xff, 0xff,
    0xfa, 0x10, 0x0, 0x0, 0x0, 0x3, 0xaf, 0xc0,
    0x0, 0x0, 0x0, 0x0, 0xc, 0xf5, 0x0, 0x0,
    0x0, 0x0, 0x8, 0xf7, 0x10, 0x0, 0x0, 0x0,
    0xb, 0xf6, 0xac, 0x50, 0x0, 0x0, 0x8f, 0xf1,
    0xaf, 0xff, 0xdc, 0xdf, 0xff, 0x40, 0x3, 0x9c,
    0xff, 0xfc, 0x81, 0x0, 0x0, 0x0, 0xaf, 0x30,
    0x0, 0x0, 0x0, 0x0, 0xaf, 0x30, 0x0, 0x0,
    0x0, 0x0, 0xaf, 0x30, 0x0, 0x0,

    /* U+0499 "ҙ" */
    0x3, 0x9d, 0xff, 0xc7, 0x0, 0xd, 0xfd, 0xbc,
    0xff, 0xd0, 0x4, 0x30, 0x0, 0x1c, 0xf6, 0x0,
    0x0, 0x0, 0x8, 0xf7, 0x0, 0x1, 0x12, 0x5e,
    0xe1, 0x0, 0xf, 0xff, 0xfe, 0x30, 0x0, 0x4,
    0x45, 0x7e, 0xf4, 0x0, 0x0, 0x0, 0x3, 0xfb,
    0x7, 0x10, 0x0, 0x9, 0xfa, 0x4f, 0xfd, 0xbb,
    0xef, 0xe2, 0x4, 0xad, 0xff, 0xd9, 0x10, 0x0,
    0x0, 0xef, 0x0, 0x0, 0x0, 0x0, 0xef, 0x0,
    0x0,

    /* U+049A "Қ" */
    0xdf, 0x20, 0x0, 0x0, 0xd, 0xf4, 0xd, 0xf2,
    0x0, 0x0, 0x9, 0xf8, 0x0, 0xdf, 0x20, 0x0,
    0x5, 0xfc, 0x0, 0xd, 0xf2, 0x0, 0x1, 0xee,
    0x10, 0x0, 0xdf, 0x20, 0x0, 0xcf, 0x40, 0x0,
    0xd, 0xf2, 0x0, 0x8f, 0x80, 0x0, 0x0, 0xdf,
    0xff, 0xff, 0xd0, 0x0, 0x0, 0xd, 0xfd, 0xdd,
    0xff, 0x30, 0x0, 0x0, 0xdf, 0x20, 0x6, 0xfd,
    0x0, 0x0, 0xd, 0xf2, 0x0, 0xb, 0xfa, 0x0,
    0x0, 0xdf, 0x20, 0x0, 0x1e, 0xf5, 0x0, 0xd,
    0xf2, 0x0, 0x0, 0x3f, 0xf2, 0x0, 0xdf, 0x20,
    0x0, 0x0, 0x8f, 0xfc, 0xad, 0xf2, 0x0, 0x0,
    0x0, 0xff, 0xfd, 0x0, 0x0, 0x0, 0x0, 0x0,
    0xf, 0xd0, 0x0, 0x0, 0x0, 0x0, 0x0, 0xfd,
    0x0, 0x0, 0x0, 0x0, 0x0, 0xf, 0xd0,

    /* U+049B "қ" */
    0x2f, 0xc0, 0x0, 0x0, 0xdf, 0x20, 0x2f, 0xc0,
    0x0, 0x9, 0xf7, 0x0, 0x2f, 0xc0, 0x0, 0x4f,
    0xb0, 0x0, 0x2f, 0xc0, 0x1, 0xee, 0x10, 0x0,
    0x2f, 0xc0, 0xa, 0xf5, 0x0, 0x0, 0x2f, 0xff,
    0xff, 0xb0, 0x0, 0x0, 0x2f, 0xeb, 0xbf, 0xf3,
    0x0, 0x0, 0x2f, 0xc0, 0x5, 0xfe, 0x10, 0x0,
    0x2f, 0xc0, 0x0, 0x8f, 0xc0, 0x0, 0x2f, 0xc0,
    0x0, 0xa, 0xff, 0xb6, 0x2f, 0xc0, 0x0, 0x0,
    0xff, 0xfa, 0x0, 0x0, 0x0, 0x0, 0x2, 0xfa,
    0x0, 0x0, 0x0, 0x0, 0x2, 0xfa, 0x0, 0x0,
    0x0, 0x0, 0x1, 0x85,

    /* U+049C "Ҝ" */
    0xdf, 0x20, 0x0, 0x0, 0x6, 0xfb, 0xd, 0xf2,
    0x0, 0x0, 0x1, 0xff, 0x10, 0xdf, 0x20, 0x0,
    0x0, 0xbf, 0x60, 0xd, 0xf2, 0x7f, 0x0, 0x5f,
    0xb0, 0x0, 0xdf, 0x27, 0xf0, 0x1e, 0xf1, 0x0,
    0xd, 0xf2, 0x7f, 0xa, 0xf6, 0x0, 0x0, 0xdf,
    0xff, 0xff, 0xfc, 0x0, 0x0, 0xd, 0xfd, 0xef,
    0xdf, 0xf2, 0x0, 0x0, 0xdf, 0x27, 0xf0, 0x9f,
    0xc0, 0x0, 0xd, 0xf2, 0x7f, 0x0, 0xdf, 0x60,
    0x0, 0xdf, 0x24, 0x90, 0x3, 0xff, 0x20, 0xd,
    0xf2, 0x0, 0x0, 0x9, 0xfc, 0x0, 0xdf, 0x20,
    0x0, 0x0, 0xd, 0xf6, 0xd, 0xf2, 0x0, 0x0,
    0x0, 0x3f, 0xf2,

    /* U+049D "ҝ" */
    0x3f, 0xb0, 0x0, 0x0, 0x9f, 0x70, 0x3f, 0xb0,
    0x0, 0x2, 0xfd, 0x0, 0x3f, 0xb0, 0x0, 0xb,
    0xf3, 0x0, 0x3f, 0xb3, 0xf2, 0x5f, 0x90, 0x0,
    0x3f, 0xb3, 0xf3, 0xee, 0x10, 0x0, 0x3f, 0xff,
    0xff, 0xf7, 0x0, 0x0, 0x3f, 0xec, 0xfc, 0xfd,
    0x0, 0x0, 0x3f, 0xb3, 0xf2, 0xbf, 0x90, 0x0,
    0x3f, 0xb2, 0xc1, 0x1e, 0xf4, 0x0, 0x3f, 0xb0,
    0x0, 0x4, 0xfe, 0x10, 0x3f, 0xb0, 0x0, 0x0,
    0x8f, 0xb0,

    /* U+049E "Ҟ" */
    0x0, 0x6f, 0x90, 0x0, 0x0, 0x6, 0xfb, 0x0,
    0x27, 0xfa, 0x22, 0x10, 0x2, 0xfe, 0x10, 0x4f,
    0xff, 0xff, 0xff, 0x0, 0xdf, 0x30, 0x1, 0x59,
    0xfb, 0x55, 0x40, 0x9f, 0x70, 0x0, 0x0, 0x6f,
    0x90, 0x0, 0x5f, 0xb0, 0x0, 0x0, 0x6, 0xf9,
    0x0, 0x2f, 0xe1, 0x0, 0x0, 0x0, 0x6f, 0xff,
    0xff, 0xf4, 0x0, 0x0, 0x0, 0x6, 0xfe, 0xdd,
    0xef, 0xa0, 0x0, 0x0, 0x0, 0x6f, 0x90, 0x1,
    0xef, 0x50, 0x0, 0x0, 0x6, 0xf9, 0x0, 0x4,
    0xff, 0x20, 0x0, 0x0, 0x6f, 0x90, 0x0, 0x8,
    0xfc, 0x0, 0x0, 0x6, 0xf9, 0x0, 0x0, 0xc,
    0xf8, 0x0, 0x0, 0x6f, 0x90, 0x0, 0x0, 0x1e,
    0xf3, 0x0, 0x6, 0xf9, 0x0, 0x0, 0x0, 0x5f,
    0xe1,

    /* U+049F "ҟ" */
    0x0, 0x43, 0x0, 0x0, 0x0, 0x0, 0x13, 0xfd,
    0x11, 0x10, 0x0, 0x0, 0xff, 0xff, 0xff, 0xd0,
    0x0, 0x0, 0x46, 0xfd, 0x44, 0x40, 0x0, 0x0,
    0x2, 0xfc, 0x0, 0x0, 0x0, 0x0, 0x2, 0xfc,
    0x0, 0x0, 0xd, 0xf2, 0x2, 0xfc, 0x0, 0x0,
    0x9f, 0x70, 0x2, 0xfc, 0x0, 0x4, 0xfb, 0x0,
    0x2, 0xfc, 0x0, 0x1e, 0xe1, 0x0, 0x2, 0xfc,
    0x0, 0xaf, 0x50, 0x0, 0x2, 0xff, 0xff, 0xfb,
    0x0, 0x0, 0x2, 0xfe, 0xbb, 0xff, 0x30, 0x0,
    0x2, 0xfc, 0x0, 0x6f, 0xe1, 0x0, 0x2, 0xfc,
    0x0, 0x8, 0xfc, 0x0, 0x2, 0xfc, 0x0, 0x0,
    0xbf, 0x90, 0x2, 0xfc, 0x0, 0x0, 0xd, 0xf6,

    /* U+04A0 "Ҡ" */
    0xbf, 0xff, 0xff, 0x70, 0x0, 0x0, 0x8, 0xf9,
    0x9, 0xcc, 0xce, 0xf7, 0x0, 0x0, 0x4, 0xfc,
    0x0, 0x0, 0x0, 0x8f, 0x70, 0x0, 0x1, 0xef,
    0x20, 0x0, 0x0, 0x8, 0xf7, 0x0, 0x0, 0xbf,
    0x50, 0x0, 0x0, 0x0, 0x8f, 0x70, 0x0, 0x7f,
    0x90, 0x0, 0x0, 0x0, 0x8, 0xf7, 0x0, 0x3f,
    0xd0, 0x0, 0x0, 0x0, 0x0, 0x8f, 0xff, 0xff,
    0xf2, 0x0, 0x0, 0x0, 0x0, 0x8, 0xfe, 0xdd,
    0xef, 0x80, 0x0, 0x0, 0x0, 0x0, 0x8f, 0x70,
    0x2, 0xff, 0x30, 0x0, 0x0, 0x0, 0x8, 0xf7,
    0x0, 0x6, 0xfe, 0x10, 0x0, 0x0, 0x0, 0x8f,
    0x70, 0x0, 0xa, 0xfa, 0x0, 0x0, 0x0, 0x8,
    0xf7, 0x0, 0x0, 0xd, 0xf6, 0x0, 0x0, 0x0,
    0x8f, 0x70, 0x0, 0x0, 0x3f, 0xf2, 0x0, 0x0,
    0x8, 0xf7, 0x0, 0x0, 0x0, 0x6f, 0xd0,

    /* U+04A1 "ҡ" */
    0xef, 0xff, 0xf3, 0x0, 0x0, 0x7f, 0xa0, 0xab,
    0xbe, 0xf3, 0x0, 0x2, 0xfd, 0x0, 0x0, 0xb,
    0xf3, 0x0, 0xc, 0xf3, 0x0, 0x0, 0xb, 0xf3,
    0x0, 0x8f, 0x70, 0x0, 0x0, 0xb, 0xf3, 0x3,
    0xfc, 0x0, 0x0, 0x0, 0xb, 0xff, 0xff, 0xf2,
    0x0, 0x0, 0x0, 0xb, 0xfc, 0xbd, 0xfa, 0x0,
    0x0, 0x0, 0xb, 0xf3, 0x0, 0xdf, 0x70, 0x0,
    0x0, 0xb, 0xf3, 0x0, 0x2e, 0xf4, 0x0, 0x0,
    0xb, 0xf3, 0x0, 0x4, 0xfe, 0x20, 0x0, 0xb,
    0xf3, 0x0, 0x0, 0x6f, 0xd0,

    /* U+04A2 "Ң" */
    0xdf, 0x30, 0x0, 0x0, 0x0, 0xcf, 0x30, 0xd,
    0xf3, 0x0, 0x0, 0x0, 0xc, 0xf3, 0x0, 0xdf,
    0x30, 0x0, 0x0, 0x0, 0xcf, 0x30, 0xd, 0xf3,
    0x0, 0x0, 0x0, 0xc, 0xf3, 0x0, 0xdf, 0x30,
    0x0, 0x0, 0x0, 0xcf, 0x30, 0xd, 0xf3, 0x0,
    0x0, 0x0, 0xc, 0xf3, 0x0, 0xdf, 0xff, 0xff,
    0xff, 0xff, 0xff, 0x30, 0xd, 0xfd, 0xcc, 0xcc,
    0xcc, 0xcf, 0xf3, 0x0, 0xdf, 0x30, 0x0, 0x0,
    0x0, 0xcf, 0x30, 0xd, 0xf3, 0x0, 0x0, 0x0,
    0xc, 0xf3, 0x0, 0xdf, 0x30, 0x0, 0x0, 0x0,
    0xcf, 0x30, 0xd, 0xf3, 0x0, 0x0, 0x0, 0xc,
    0xf3, 0x0, 0xdf, 0x30, 0x0, 0x0, 0x0, 0xff,
    0xfc, 0x5d, 0xf3, 0x0, 0x0, 0x0, 0xf, 0xff,
    0xf6, 0x0, 0x0, 0x0, 0x0, 0x0, 0x0, 0x7f,
    0x60, 0x0, 0x0, 0x0, 0x0, 0x0, 0x7, 0xf6,
    0x0, 0x0, 0x0, 0x0, 0x0, 0x0, 0x7f, 0x60,

    /* U+04A3 "ң" */
    0x2f, 0xc0, 0x0, 0x0, 0x3f, 0xb0, 0x2, 0xfc,
    0x0, 0x0, 0x3, 0xfb, 0x0, 0x2f, 0xc0, 0x0,
    0x0, 0x3f, 0xb0, 0x2, 0xfc, 0x0, 0x0, 0x3,
    0xfb, 0x0, 0x2f, 0xc0, 0x0, 0x0, 0x3f, 0xb0,
    0x2, 0xff, 0xff, 0xff, 0xff, 0xfb, 0x0, 0x2f,
    0xeb, 0xbb, 0xbb, 0xcf, 0xb0, 0x2, 0xfc, 0x0,
    0x0, 0x3, 0xfb, 0x0, 0x2f, 0xc0, 0x0, 0x0,
    0x3f, 0xb0, 0x2, 0xfc, 0x0, 0x0, 0x5, 0xff,
    0xb4, 0x2f, 0xc0, 0x0, 0x0, 0x6f, 0xff, 0x60,
    0x0, 0x0, 0x0, 0x0, 0x6, 0xf6, 0x0, 0x0,
    0x0, 0x0, 0x0, 0x6f, 0x60, 0x0, 0x0, 0x0,
    0x0, 0x3, 0x83,

    /* U+04A4 "Ҥ" */
    0xdf, 0x30, 0x0, 0x0, 0x0, 0xff, 0xff, 0xff,
    0xff, 0xf7, 0xdf, 0x30, 0x0, 0x0, 0x0, 0xff,
    0xfc, 0xcc, 0xcc, 0xc5, 0xdf, 0x30, 0x0, 0x0,
    0x0, 0xff, 0x70, 0x0, 0x0, 0x0, 0xdf, 0x30,
    0x0, 0x0, 0x0, 0xff, 0x70, 0x0, 0x0, 0x0,
    0xdf, 0x30, 0x0, 0x0, 0x0, 0xff, 0x70, 0x0,
    0x0, 0x0, 0xdf, 0x30, 0x0, 0x0, 0x0, 0xff,
    0x70, 0x0, 0x0, 0x0, 0xdf, 0xff, 0xff, 0xff,
    0xff, 0xff, 0x70, 0x0, 0x0, 0x0, 0xdf, 0xdc,
    0xcc, 0xcc, 0xcc, 0xff, 0x70, 0x0, 0x0, 0x0,
    0xdf, 0x30, 0x0, 0x0, 0x0, 0xff, 0x70, 0x0,
    0x0, 0x0, 0xdf, 0x30, 0x0, 0x0, 0x0, 0xff,
    0x70, 0x0, 0x0, 0x0, 0xdf, 0x30, 0x0, 0x0,
    0x0, 0xff, 0x70, 0x0, 0x0, 0x0, 0xdf, 0x30,
    0x0, 0x0, 0x0, 0xff, 0x70, 0x0, 0x0, 0x0,
    0xdf, 0x30, 0x0, 0x0, 0x0, 0xff, 0x70, 0x0,
    0x0, 0x0, 0xdf, 0x30, 0x0, 0x0, 0x0, 0xff,
    0x70, 0x0, 0x0, 0x0,

    /* U+04A5 "ҥ" */
    0x2f, 0xc0, 0x0, 0x0, 0x6f, 0xff, 0xff, 0xff,
    0xa2, 0xfc, 0x0, 0x0, 0x6, 0xff, 0xbb, 0xbb,
    0xb7, 0x2f, 0xc0, 0x0, 0x0, 0x6f, 0xf0, 0x0,
    0x0, 0x2, 0xfc, 0x0, 0x0, 0x6, 0xff, 0x0,
    0x0, 0x0, 0x2f, 0xc0, 0x0, 0x0, 0x6f, 0xf0,
    0x0, 0x0, 0x2, 0xff, 0xff, 0xff, 0xff, 0xff,
    0x0, 0x0, 0x0, 0x2f, 0xeb, 0xbb, 0xbb, 0xff,
    0xf0, 0x0, 0x0, 0x2, 0xfc, 0x0, 0x0, 0x6,
    0xff, 0x0, 0x0, 0x0, 0x2f, 0xc0, 0x0, 0x0,
    0x6f, 0xf0, 0x0, 0x0, 0x2, 0xfc, 0x0, 0x0,
    0x6, 0xff, 0x0, 0x0, 0x0, 0x2f, 0xc0, 0x0,
    0x0, 0x6f, 0xf0, 0x0, 0x0, 0x0,

    /* U+04A6 "Ҧ" */
    0xdf, 0xff, 0xff, 0xff, 0xff, 0xff, 0x30, 0x0,
    0x0, 0x0, 0x0, 0xdf, 0xdc, 0xcc, 0xcc, 0xcc,
    0xff, 0x30, 0x0, 0x0, 0x0, 0x0, 0xdf, 0x20,
    0x0, 0x0, 0x0, 0xbf, 0x30, 0x0, 0x0, 0x0,
    0x0, 0xdf, 0x20, 0x0, 0x0, 0x0, 0xbf, 0x30,
    0x0, 0x0, 0x0, 0x0, 0xdf, 0x20, 0x0, 0x0,
    0x0, 0xbf, 0x30, 0x0, 0x0, 0x0, 0x0, 0xdf,
    0x20, 0x0, 0x0, 0x0, 0xbf, 0x30, 0x0, 0x0,
    0x0, 0x0, 0xdf, 0x20, 0x0, 0x0, 0x0, 0xbf,
    0x58, 0xce, 0xc9, 0x30, 0x0, 0xdf, 0x20, 0x0,
    0x0, 0x0, 0xbf, 0xff, 0xdb, 0xdf, 0xf8, 0x0,
    0xdf, 0x20, 0x0, 0x0, 0x0, 0xbf, 0xa2, 0x0,
    0x3, 0xef, 0x50, 0xdf, 0x20, 0x0, 0x0, 0x0,
    0xbf, 0x30, 0x0, 0x0, 0x4f, 0xd0, 0xdf, 0x20,
    0x0, 0x0, 0x0, 0xbf, 0x30, 0x0, 0x0, 0xf,
    0xf0, 0xdf, 0x20, 0x0, 0x0, 0x0, 0xbf, 0x30,
    0x0, 0x0, 0xe, 0xf1, 0xdf, 0x20, 0x0, 0x0,
    0x0, 0xbf, 0x30, 0x0, 0x0, 0xf, 0xf0, 0xdf,
    0x20, 0x0, 0x0, 0x0, 0xbf, 0x30, 0x0, 0x0,
    0x6f, 0xb0, 0x0, 0x0, 0x0, 0x0, 0x0, 0x0,
    0x0, 0x0, 0x5, 0xff, 0x30, 0x0, 0x0, 0x0,
    0x0, 0x0, 0x0, 0x0, 0x4d, 0xef, 0xf7, 0x0,
    0x0, 0x0, 0x0, 0x0, 0x0, 0x0, 0x0, 0x6f,
    0xea, 0x30, 0x0, 0x0, 0x0, 0x0, 0x0, 0x0,
    0x0, 0x0, 0x0, 0x0, 0x0, 0x0,

    /* U+04A7 "ҧ" */
    0x2f, 0xff, 0xff, 0xff, 0xff, 0x60, 0x0, 0x0,
    0x0, 0x2, 0xff, 0xbb, 0xbb, 0xbd, 0xf6, 0x0,
    0x0, 0x0, 0x0, 0x2f, 0xc0, 0x0, 0x0, 0x8f,
    0x60, 0x0, 0x0, 0x0, 0x2, 0xfc, 0x0, 0x0,
    0x8, 0xf6, 0x0, 0x0, 0x0, 0x0, 0x2f, 0xc0,
    0x0, 0x0, 0x8f, 0x60, 0x0, 0x0, 0x0, 0x2,
    0xfc, 0x0, 0x0, 0x8, 0xf9, 0xad, 0xec, 0x60,
    0x0, 0x2f, 0xc0, 0x0, 0x0, 0x8f, 0xff, 0xdd,
    0xff, 0xc0, 0x2, 0xfc, 0x0, 0x0, 0x8, 0xfa,
    0x0, 0x2, 0xcf, 0x80, 0x2f, 0xc0, 0x0, 0x0,
    0x8f, 0x60, 0x0, 0x2, 0xfe, 0x2, 0xfc, 0x0,
    0x0, 0x8, 0xf6, 0x0, 0x0, 0xe, 0xf1, 0x2f,
    0xc0, 0x0, 0x0, 0x8f, 0x60, 0x0, 0x0, 0xef,
    0x0, 0x0, 0x0, 0x0, 0x0, 0x0, 0x0, 0x0,
    0x2f, 0xe0, 0x0, 0x0, 0x0, 0x0, 0x0, 0x0,
    0x0, 0x1c, 0xf7, 0x0, 0x0, 0x0, 0x0, 0x0,
    0x0, 0x2b, 0xbf, 0xfc, 0x0, 0x0, 0x0, 0x0,
    0x0, 0x0, 0x6, 0xff, 0xe7, 0x0, 0x0, 0x0,
    0x0, 0x0, 0x0, 0x0, 0x0, 0x0, 0x0, 0x0,

    /* U+04A8 "Ҩ" */
    0x0, 0x1b, 0x70, 0x0, 0x29, 0xdf, 0xea, 0x20,
    0x0, 0x1, 0xdf, 0x90, 0x4, 0xff, 0xfd, 0xff,
    0xf5, 0x0, 0xa, 0xfa, 0x0, 0x1e, 0xf9, 0x0,
    0x9, 0xff, 0x20, 0x2f, 0xe0, 0x0, 0x8f, 0xc0,
    0x0, 0x0, 0xcf, 0x80, 0x8f, 0x80, 0x0, 0xdf,
    0x50, 0x0, 0x0, 0x5f, 0xc0, 0xbf, 0x40, 0x0,
    0xef, 0x20, 0x0, 0x0, 0x3f, 0xe0, 0xdf, 0x20,
    0x0, 0xef, 0x10, 0x0, 0x0, 0x2f, 0xd0, 0xcf,
    0x30, 0x0, 0xdf, 0x20, 0x0, 0x0, 0x3f, 0xa0,
    0x9f, 0x60, 0x0, 0x8f, 0x50, 0x0, 0x0, 0x6f,
    0x50, 0x4f, 0xd0, 0x0, 0x2f, 0xb0, 0x0, 0x0,
    0xdd, 0x0, 0xc, 0xf9, 0x0, 0x8, 0xf4, 0x0,
    0x6, 0xf3, 0x0, 0x1, 0xef, 0xa1, 0x0, 0xae,
    0x30, 0x4e, 0x40, 0x0, 0x0, 0x2c, 0xff, 0xca,
    0x9f, 0xfb, 0xfc, 0x99, 0xb0, 0x0, 0x0, 0x4a,
    0xdf, 0xfd, 0x98, 0xdf, 0xfe, 0xb0,

    /* U+04A9 "ҩ" */
    0x0, 0x1c, 0x80, 0x1, 0x9e, 0xfd, 0x70, 0x0,
    0xc, 0xf8, 0x2, 0xef, 0xdb, 0xff, 0xb0, 0x7,
    0xfa, 0x0, 0xbf, 0x80, 0x1, 0xdf, 0x50, 0xdf,
    0x20, 0xf, 0xe0, 0x0, 0x4, 0xfa, 0xf, 0xf0,
    0x2, 0xfc, 0x0, 0x0, 0x2f, 0xb0, 0xfe, 0x0,
    0x1f, 0xc0, 0x0, 0x3, 0xfa, 0xe, 0xf1, 0x0,
    0xef, 0x0, 0x0, 0x6f, 0x50, 0x9f, 0x80, 0x8,
    0xf7, 0x0, 0xd, 0xd0, 0x1, 0xef, 0x70, 0xc,
    0xf5, 0x1b, 0xf3, 0x0, 0x3, 0xdf, 0xe9, 0x9f,
    0xff, 0xfb, 0x88, 0x0, 0x0, 0x7c, 0xef, 0xeb,
    0xbe, 0xfe, 0xa0,

    /* U+04AA "Ҫ" */
    0x0, 0x0, 0x7c, 0xef, 0xeb, 0x60, 0x0, 0x4,
    0xef, 0xff, 0xde, 0xff, 0xd2, 0x4, 0xff, 0xa3,
    0x0, 0x3, 0xaf, 0x61, 0xef, 0x70, 0x0, 0x0,
    0x0, 0x30, 0x7f, 0xb0, 0x0, 0x0, 0x0, 0x0,
    0xc, 0xf4, 0x0, 0x0, 0x0, 0x0, 0x0, 0xef,
    0x10, 0x0, 0x0, 0x0, 0x0, 0xe, 0xf1, 0x0,
    0x0, 0x0, 0x0, 0x0, 0xcf, 0x40, 0x0, 0x0,
    0x0, 0x0, 0x7, 0xfb, 0x0, 0x0, 0x0, 0x0,
    0x0, 0x1e, 0xf7, 0x0, 0x0, 0x0, 0x3, 0x0,
    0x4f, 0xfa, 0x30, 0x0, 0x3a, 0xf7, 0x0, 0x4e,
    0xff, 0xfd, 0xef, 0xfd, 0x10, 0x0, 0x7, 0xcf,
    0xff, 0xb6, 0x0, 0x0, 0x0, 0x0, 0x9f, 0x40,
    0x0, 0x0, 0x0, 0x0, 0x9, 0xf4, 0x0, 0x0,
    0x0, 0x0, 0x0, 0x9f, 0x40, 0x0, 0x0,

    /* U+04AB "ҫ" */
    0x0, 0x3, 0xae, 0xfe, 0x92, 0x0, 0x7, 0xff,
    0xec, 0xef, 0xf3, 0x4, 0xfe, 0x40, 0x0, 0x6f,
    0x60, 0xcf, 0x50, 0x0, 0x0, 0x10, 0xf, 0xe0,
    0x0, 0x0, 0x0, 0x1, 0xfd, 0x0, 0x0, 0x0,
    0x0, 0xf, 0xf0, 0x0, 0x0, 0x0, 0x0, 0xbf,
    0x50, 0x0, 0x0, 0x10, 0x4, 0xfe, 0x40, 0x0,
    0x6f, 0x60, 0x7, 0xff, 0xdc, 0xef, 0xe3, 0x0,
    0x3, 0xaf, 0xff, 0x91, 0x0, 0x0, 0x0, 0x9f,
    0x30, 0x0, 0x0, 0x0, 0x9, 0xf3, 0x0, 0x0,

    /* U+04AC "Ҭ" */
    0xbf, 0xff, 0xff, 0xff, 0xff, 0xfc, 0x9c, 0xcc,
    0xcf, 0xfc, 0xcc, 0xca, 0x0, 0x0, 0xf, 0xf0,
    0x0, 0x0, 0x0, 0x0, 0xf, 0xf0, 0x0, 0x0,
    0x0, 0x0, 0xf, 0xf0, 0x0, 0x0, 0x0, 0x0,
    0xf, 0xf0, 0x0, 0x0, 0x0, 0x0, 0xf, 0xf0,
    0x0, 0x0, 0x0, 0x0, 0xf, 0xf0, 0x0, 0x0,
    0x0, 0x0, 0xf, 0xf0, 0x0, 0x0, 0x0, 0x0,
    0xf, 0xf0, 0x0, 0x0, 0x0, 0x0, 0xf, 0xf0,
    0x0, 0x0, 0x0, 0x0, 0xf, 0xf0, 0x0, 0x0,
    0x0, 0x0, 0xf, 0xfc, 0xc1, 0x0, 0x0, 0x0,
    0xf, 0xff, 0xf2, 0x0, 0x0, 0x0, 0x0, 0xb,
    0xf2, 0x0, 0x0, 0x0, 0x0, 0xb, 0xf2, 0x0,
    0x0, 0x0, 0x0, 0xb, 0xf2, 0x0,

    /* U+04AD "ҭ" */
    0xef, 0xff, 0xff, 0xff, 0xfc, 0xab, 0xbb, 0xff,
    0xbb, 0xb8, 0x0, 0x0, 0xfe, 0x0, 0x0, 0x0,
    0x0, 0xfe, 0x0, 0x0, 0x0, 0x0, 0xfe, 0x0,
    0x0, 0x0, 0x0, 0xfe, 0x0, 0x0, 0x0, 0x0,
    0xfe, 0x0, 0x0, 0x0, 0x0, 0xfe, 0x0, 0x0,
    0x0, 0x0, 0xfe, 0x0, 0x0, 0x0, 0x0, 0xff,
    0xf8, 0x0, 0x0, 0x0, 0xff, 0xf8, 0x0, 0x0,
    0x0, 0x4, 0xf8, 0x0, 0x0, 0x0, 0x4, 0xf8,
    0x0, 0x0, 0x0, 0x0, 0x10, 0x0,

    /* U+04AE "Ү" */
    0x8f, 0x90, 0x0, 0x0, 0x0, 0x1f, 0xd0, 0xe,
    0xf3, 0x0, 0x0, 0x0, 0xaf, 0x40, 0x5, 0xfc,
    0x0, 0x0, 0x4, 0xfb, 0x0, 0x0, 0xbf, 0x60,
    0x0, 0xd, 0xf1, 0x0, 0x0, 0x2f, 0xe1, 0x0,
    0x8f, 0x70, 0x0, 0x0, 0x8, 0xf9, 0x2, 0xfd,
    0x0, 0x0, 0x0, 0x0, 0xdf, 0x3b, 0xf4, 0x0,
    0x0, 0x0, 0x0, 0x4f, 0xef, 0xa0, 0x0, 0x0,
    0x0, 0x0, 0xb, 0xff, 0x10, 0x0, 0x0, 0x0,
    0x0, 0x5, 0xfa, 0x0, 0x0, 0x0, 0x0, 0x0,
    0x5, 0xfa, 0x0, 0x0, 0x0, 0x0, 0x0, 0x5,
    0xfa, 0x0, 0x0, 0x0, 0x0, 0x0, 0x5, 0xfa,
    0x0, 0x0, 0x0, 0x0, 0x0, 0x5, 0xfa, 0x0,
    0x0, 0x0,

    /* U+04AF "ү" */
    0xaf, 0x50, 0x0, 0x0, 0xb, 0xf2, 0x3f, 0xc0,
    0x0, 0x0, 0x2f, 0xb0, 0xd, 0xf2, 0x0, 0x0,
    0x8f, 0x40, 0x6, 0xf9, 0x0, 0x0, 0xfd, 0x0,
    0x0, 0xff, 0x0, 0x6, 0xf7, 0x0, 0x0, 0x9f,
    0x60, 0xd, 0xf1, 0x0, 0x0, 0x2f, 0xd0, 0x4f,
    0x90, 0x0, 0x0, 0xb, 0xf3, 0xaf, 0x30, 0x0,
    0x0, 0x4, 0xfc, 0xfc, 0x0, 0x0, 0x0, 0x0,
    0xef, 0xf5, 0x0, 0x0, 0x0, 0x0, 0x7f, 0xe0,
    0x0, 0x0, 0x0, 0x0, 0x3f, 0xb0, 0x0, 0x0,
    0x0, 0x0, 0x3f, 0xb0, 0x0, 0x0, 0x0, 0x0,
    0x3f, 0xb0, 0x0, 0x0, 0x0, 0x0, 0x3f, 0xb0,
    0x0, 0x0,

    /* U+04B0 "Ұ" */
    0x8f, 0x90, 0x0, 0x0, 0x0, 0x2f, 0xd0, 0xd,
    0xf3, 0x0, 0x0, 0x0, 0xbf, 0x40, 0x4, 0xfd,
    0x0, 0x0, 0x6, 0xf9, 0x0, 0x0, 0x9f, 0x80,
    0x0, 0x1e, 0xe1, 0x0, 0x0, 0x1e, 0xf2, 0x0,
    0xaf, 0x50, 0x0, 0x0, 0x5, 0xfc, 0x4, 0xfb,
    0x0, 0x0, 0x0, 0x0, 0xbf, 0x7e, 0xf1, 0x0,
    0x0, 0x0, 0x11, 0x3f, 0xff, 0x81, 0x10, 0x0,
    0x0, 0xaf, 0xff, 0xff, 0xff, 0xe0, 0x0, 0x0,
    0x34, 0x48, 0xfc, 0x44, 0x40, 0x0, 0x0, 0x0,
    0x5, 0xfa, 0x0, 0x0, 0x0, 0x0, 0x0, 0x5,
    0xfa, 0x0, 0x0, 0x0, 0x0, 0x0, 0x5, 0xfa,
    0x0, 0x0, 0x0, 0x0, 0x0, 0x5, 0xfa, 0x0,
    0x0, 0x0,

    /* U+04B1 "ұ" */
    0xaf, 0x50, 0x0, 0x0, 0xb, 0xf2, 0x3f, 0xc0,
    0x0, 0x0, 0x2f, 0xb0, 0xc, 0xf3, 0x0, 0x0,
    0x9f, 0x40, 0x6, 0xfa, 0x0, 0x1, 0xfd, 0x0,
    0x0, 0xef, 0x10, 0x7, 0xf6, 0x0, 0x0, 0x8f,
    0x70, 0xe, 0xe0, 0x0, 0x0, 0x1f, 0xe0, 0x5f,
    0x80, 0x0, 0x0, 0xa, 0xf5, 0xcf, 0x20, 0x0,
    0x0, 0x3, 0xfd, 0xfa, 0x0, 0x0, 0x0, 0x11,
    0xdf, 0xf5, 0x11, 0x0, 0x9, 0xff, 0xff, 0xff,
    0xff, 0x0, 0x2, 0x44, 0x7f, 0xc4, 0x44, 0x0,
    0x0, 0x0, 0x3f, 0xb0, 0x0, 0x0, 0x0, 0x0,
    0x3f, 0xb0, 0x0, 0x0, 0x0, 0x0, 0x3f, 0xb0,
    0x0, 0x0,

    /* U+04B2 "Ҳ" */
    0x1e, 0xf5, 0x0, 0x0, 0x1, 0xff, 0x40, 0x4,
    0xfe, 0x10, 0x0, 0xc, 0xf9, 0x0, 0x0, 0x9f,
    0xc0, 0x0, 0x7f, 0xd0, 0x0, 0x0, 0xd, 0xf7,
    0x3, 0xff, 0x30, 0x0, 0x0, 0x2, 0xff, 0x4d,
    0xf7, 0x0, 0x0, 0x0, 0x0, 0x7f, 0xff, 0xb0,
    0x0, 0x0, 0x0, 0x0, 0xc, 0xff, 0x10, 0x0,
    0x0, 0x0, 0x0, 0x2f, 0xff, 0x70, 0x0, 0x0,
    0x0, 0x0, 0xcf, 0xbf, 0xf3, 0x0, 0x0, 0x0,
    0x7, 0xfd, 0x9, 0xfd, 0x0, 0x0, 0x0, 0x3f,
    0xf2, 0x0, 0xdf, 0x90, 0x0, 0x0, 0xdf, 0x60,
    0x0, 0x2f, 0xf4, 0x0, 0x9, 0xfb, 0x0, 0x0,
    0x6, 0xff, 0xda, 0x4f, 0xe1, 0x0, 0x0, 0x0,
    0xff, 0xfe, 0x0, 0x0, 0x0, 0x0, 0x0, 0x0,
    0xfe, 0x0, 0x0, 0x0, 0x0, 0x0, 0x0, 0xfe,
    0x0, 0x0, 0x0, 0x0, 0x0, 0x0, 0xfe,

    /* U+04B3 "ҳ" */
    0x4f, 0xd0, 0x0, 0x1, 0xef, 0x20, 0x8, 0xf9,
    0x0, 0xb, 0xf5, 0x0, 0x0, 0xcf, 0x50, 0x7f,
    0x90, 0x0, 0x0, 0x1e, 0xf6, 0xfc, 0x0, 0x0,
    0x0, 0x4, 0xff, 0xf2, 0x0, 0x0, 0x0, 0x0,
    0xdf, 0xa0, 0x0, 0x0, 0x0, 0x7, 0xff, 0xf4,
    0x0, 0x0, 0x0, 0x3f, 0xd2, 0xfe, 0x10, 0x0,
    0x1, 0xef, 0x20, 0x5f, 0xc0, 0x0, 0xb, 0xf6,
    0x0, 0x9, 0xff, 0xb6, 0x7f, 0xa0, 0x0, 0x0,
    0xff, 0xf8, 0x0, 0x0, 0x0, 0x0, 0x3, 0xf8,
    0x0, 0x0, 0x0, 0x0, 0x3, 0xf8, 0x0, 0x0,
    0x0, 0x0, 0x1, 0x84,

    /* U+04B4 "Ҵ" */
    0xbf, 0xff, 0xff, 0xff, 0xff, 0xf4, 0x0, 0x2f,
    0xd0, 0x9, 0xcc, 0xcc, 0xff, 0xcc, 0xcc, 0x30,
    0x2, 0xfd, 0x0, 0x0, 0x0, 0xe, 0xf0, 0x0,
    0x0, 0x0, 0x2f, 0xd0, 0x0, 0x0, 0x0, 0xef,
    0x0, 0x0, 0x0, 0x2, 0xfd, 0x0, 0x0, 0x0,
    0xe, 0xf0, 0x0, 0x0, 0x0, 0x2f, 0xd0, 0x0,
    0x0, 0x0, 0xef, 0x0, 0x0, 0x0, 0x2, 0xfd,
    0x0, 0x0, 0x0, 0xe, 0xf0, 0x0, 0x0, 0x0,
    0x2f, 0xd0, 0x0, 0x0, 0x0, 0xef, 0x0, 0x0,
    0x0, 0x2, 0xfd, 0x0, 0x0, 0x0, 0xe, 0xf0,
    0x0, 0x0, 0x0, 0x2f, 0xd0, 0x0, 0x0, 0x0,
    0xef, 0x0, 0x0, 0x0, 0x2, 0xfd, 0x0, 0x0,
    0x0, 0xe, 0xf0, 0x0, 0x0, 0x0, 0x2f, 0xd0,
    0x0, 0x0, 0x0, 0xef, 0x0, 0x0, 0x0, 0x2,
    0xfd, 0x0, 0x0, 0x0, 0xe, 0xfc, 0xcc, 0xcc,
    0xcc, 0xcf, 0xfc, 0xc0, 0x0, 0x0, 0xef, 0xff,
    0xff, 0xff, 0xff, 0xff, 0xff, 0x0, 0x0, 0x0,
    0x0, 0x0, 0x0, 0x0, 0x0, 0xd, 0xf0, 0x0,
    0x0, 0x0, 0x0, 0x0, 0x0, 0x0, 0x0, 0xdf,
    0x0, 0x0, 0x0, 0x0, 0x0, 0x0, 0x0, 0x0,
    0xd, 0xf0, 0x0, 0x0, 0x0, 0x0, 0x0, 0x0,
    0x0, 0x0, 0x68,

    /* U+04B5 "ҵ" */
    0xef, 0xff, 0xff, 0xff, 0xf0, 0xb, 0xf3, 0xa,
    0xbb, 0xbf, 0xfb, 0xbb, 0x0, 0xbf, 0x30, 0x0,
    0x0, 0xfe, 0x0, 0x0, 0xb, 0xf3, 0x0, 0x0,
    0xf, 0xe0, 0x0, 0x0, 0xbf, 0x30, 0x0, 0x0,
    0xfe, 0x0, 0x0, 0xb, 0xf3, 0x0, 0x0, 0xf,
    0xe0, 0x0, 0x0, 0xbf, 0x30, 0x0, 0x0, 0xfe,
    0x0, 0x0, 0xb, 0xf3, 0x0, 0x0, 0xf, 0xe0,
    0x0, 0x0, 0xbf, 0x30, 0x0, 0x0, 0xfe, 0x0,
    0x0, 0xb, 0xf3, 0x0, 0x0, 0xf, 0xfb, 0xbb,
    0xbb, 0xef, 0xc8, 0x0, 0x0, 0xff, 0xff, 0xff,
    0xff, 0xff, 0xb0, 0x0, 0x0, 0x0, 0x0, 0x0,
    0x1, 0xfb, 0x0, 0x0, 0x0, 0x0, 0x0, 0x0,
    0x1f, 0xb0, 0x0, 0x0, 0x0, 0x0, 0x0, 0x0,
    0x53,

    /* U+04B6 "Ҷ" */
    0x4f, 0xb0, 0x0, 0x0, 0x0, 0xcf, 0x20, 0x4,
    0xfb, 0x0, 0x0, 0x0, 0xc, 0xf2, 0x0, 0x4f,
    0xb0, 0x0, 0x0, 0x0, 0xcf, 0x20, 0x4, 0xfb,
    0x0, 0x0, 0x0, 0xc, 0xf2, 0x0, 0x4f, 0xc0,
    0x0, 0x0, 0x0, 0xcf, 0x20, 0x2, 0xff, 0x10,
    0x0, 0x0, 0xc, 0xf2, 0x0, 0xd, 0xfc, 0x20,
    0x0, 0x16, 0xef, 0x20, 0x0, 0x3f, 0xff, 0xed,
    0xef, 0xff, 0xf2, 0x0, 0x0, 0x19, 0xdf, 0xfd,
    0xa5, 0xdf, 0x20, 0x0, 0x0, 0x0, 0x0, 0x0,
    0xc, 0xf2, 0x0, 0x0, 0x0, 0x0, 0x0, 0x0,
    0xcf, 0x20, 0x0, 0x0, 0x0, 0x0, 0x0, 0xc,
    0xf2, 0x0, 0x0, 0x0, 0x0, 0x0, 0x0, 0xff,
    0xfc, 0x30, 0x0, 0x0, 0x0, 0x0, 0xf, 0xff,
    0xf4, 0x0, 0x0, 0x0, 0x0, 0x0, 0x0, 0x8f,
    0x40, 0x0, 0x0, 0x0, 0x0, 0x0, 0x8, 0xf4,
    0x0, 0x0, 0x0, 0x0, 0x0, 0x0, 0x8f, 0x40,

    /* U+04B7 "ҷ" */
    0x2f, 0xc0, 0x0, 0x0, 0x9f, 0x50, 0x2f, 0xc0,
    0x0, 0x0, 0x9f, 0x50, 0x2f, 0xc0, 0x0, 0x0,
    0x9f, 0x50, 0x2f, 0xc0, 0x0, 0x0, 0x9f, 0x50,
    0x1f, 0xe0, 0x0, 0x0, 0x9f, 0x50, 0xd, 0xfa,
    0x20, 0x26, 0xdf, 0x50, 0x3, 0xef, 0xff, 0xff,
    0xff, 0x50, 0x0, 0x6, 0x89, 0x62, 0x9f, 0x50,
    0x0, 0x0, 0x0, 0x0, 0x9f, 0x50, 0x0, 0x0,
    0x0, 0x0, 0xff, 0xfb, 0x0, 0x0, 0x0, 0x0,
    0xff, 0xff, 0x0, 0x0, 0x0, 0x0, 0x0, 0xdf,
    0x0, 0x0, 0x0, 0x0, 0x0, 0xdf, 0x0, 0x0,
    0x0, 0x0, 0x0, 0x67,

    /* U+04B8 "Ҹ" */
    0x4f, 0xa0, 0x0, 0x0, 0x0, 0xdf, 0x24, 0xfa,
    0x0, 0x0, 0x0, 0xd, 0xf2, 0x4f, 0xa0, 0x0,
    0x0, 0x0, 0xdf, 0x24, 0xfa, 0x0, 0x0, 0x0,
    0xd, 0xf2, 0x4f, 0xb0, 0x2, 0x92, 0x0, 0xdf,
    0x23, 0xfe, 0x0, 0x4f, 0x30, 0xd, 0xf2, 0xe,
    0xfa, 0x4, 0xf3, 0x5, 0xef, 0x20, 0x5f, 0xff,
    0xdf, 0xdf, 0xff, 0xf2, 0x0, 0x4b, 0xff, 0xff,
    0xc7, 0xdf, 0x20, 0x0, 0x0, 0x5f, 0x30, 0xd,
    0xf2, 0x0, 0x0, 0x4, 0xf3, 0x0, 0xdf, 0x20,
    0x0, 0x0, 0x4f, 0x30, 0xd, 0xf2, 0x0, 0x0,
    0x0, 0x0, 0x0, 0xdf, 0x20, 0x0, 0x0, 0x0,
    0x0, 0xd, 0xf2,

    /* U+04B9 "ҹ" */
    0x3f, 0xb0, 0x0, 0x0, 0xaf, 0x43, 0xfb, 0x0,
    0x0, 0xa, 0xf4, 0x3f, 0xb0, 0x0, 0x0, 0xaf,
    0x42, 0xfb, 0x0, 0x0, 0xa, 0xf4, 0x2f, 0xd0,
    0x1f, 0x50, 0xaf, 0x40, 0xef, 0x71, 0xf5, 0x3c,
    0xf4, 0x5, 0xff, 0xff, 0xff, 0xff, 0x40, 0x2,
    0x9c, 0xfb, 0x5a, 0xf4, 0x0, 0x0, 0x1f, 0x50,
    0xaf, 0x40, 0x0, 0x1, 0xd4, 0xa, 0xf4, 0x0,
    0x0, 0x0, 0x0, 0xaf, 0x40,

    /* U+04BA "Һ" */
    0xdf, 0x20, 0x0, 0x0, 0x0, 0x0, 0xdf, 0x20,
    0x0, 0x0, 0x0, 0x0, 0xdf, 0x20, 0x0, 0x0,
    0x0, 0x0, 0xdf, 0x20, 0x0, 0x0, 0x0, 0x0,
    0xdf, 0x35, 0x9b, 0xcb, 0x71, 0x0, 0xdf, 0xff,
    0xff, 0xff, 0xfe, 0x30, 0xdf, 0xd7, 0x31, 0x13,
    0xcf, 0xe0, 0xdf, 0x20, 0x0, 0x0, 0xd, 0xf6,
    0xdf, 0x20, 0x0, 0x0, 0x7, 0xf9, 0xdf, 0x20,
    0x0, 0x0, 0x5, 0xfa, 0xdf, 0x20, 0x0, 0x0,
    0x5, 0xfa, 0xdf, 0x20, 0x0, 0x0, 0x5, 0xfa,
    0xdf, 0x20, 0x0, 0x0, 0x5, 0xfa, 0xdf, 0x20,
    0x0, 0x0, 0x5, 0xfa,

    /* U+04BB "һ" */
    0x4, 0x30, 0x0, 0x0, 0x0, 0x2, 0xfc, 0x0,
    0x0, 0x0, 0x0, 0x2f, 0xc0, 0x0, 0x0, 0x0,
    0x2, 0xfc, 0x0, 0x0, 0x0, 0x0, 0x2f, 0xc0,
    0x0, 0x0, 0x0, 0x2, 0xfc, 0x2a, 0xef, 0xe9,
    0x10, 0x2f, 0xee, 0xfe, 0xdf, 0xfd, 0x2, 0xff,
    0xd3, 0x0, 0x1d, 0xf8, 0x2f, 0xf3, 0x0, 0x0,
    0x4f, 0xc2, 0xfe, 0x0, 0x0, 0x0, 0xfe, 0x2f,
    0xc0, 0x0, 0x0, 0xf, 0xe2, 0xfc, 0x0, 0x0,
    0x0, 0xfe, 0x2f, 0xc0, 0x0, 0x0, 0xf, 0xe2,
    0xfc, 0x0, 0x0, 0x0, 0xfe, 0x2f, 0xc0, 0x0,
    0x0, 0xf, 0xe2, 0xfc, 0x0, 0x0, 0x0, 0xfe,

    /* U+04BC "Ҽ" */
    0x0, 0x0, 0x0, 0x0, 0x4a, 0xdf, 0xfc, 0x81,
    0x0, 0x0, 0x0, 0x0, 0x1, 0xbf, 0xff, 0xdd,
    0xff, 0xf6, 0x0, 0x4, 0x20, 0x0, 0xdf, 0xd4,
    0x0, 0x1, 0x8f, 0xf6, 0x2, 0xfc, 0x0, 0x9f,
    0xc0, 0x0, 0x0, 0x0, 0x4f, 0xf2, 0x5f, 0x90,
    0xf, 0xf2, 0x0, 0x0, 0x0, 0x0, 0x9f, 0x83,
    0xfe, 0x24, 0xfc, 0x0, 0x0, 0x0, 0x0, 0x3,
    0xfd, 0xb, 0xff, 0xff, 0xff, 0xff, 0xff, 0xff,
    0xff, 0xff, 0xe0, 0x7, 0xbd, 0xfe, 0xcc, 0xcc,
    0xcc, 0xcc, 0xcc, 0xca, 0x0, 0x0, 0x3f, 0xe0,
    0x0, 0x0, 0x0, 0x0, 0x0, 0x0, 0x0, 0x0,
    0xef, 0x40, 0x0, 0x0, 0x0, 0x0, 0x0, 0x0,
    0x0, 0x7, 0xfe, 0x20, 0x0, 0x0, 0x1, 0x30,
    0x0, 0x0, 0x0, 0xb, 0xfe, 0x60, 0x0, 0x17,
    0xef, 0x40, 0x0, 0x0, 0x0, 0xa, 0xff, 0xfe,
    0xef, 0xff, 0x90, 0x0, 0x0, 0x0, 0x0, 0x3,
    0xad, 0xff, 0xd8, 0x20, 0x0,

    /* U+04BD "ҽ" */
    0x0, 0x0, 0x0, 0x4b, 0xef, 0xd7, 0x0, 0x0,
    0x0, 0x0, 0x9f, 0xfc, 0xbe, 0xfd, 0x10, 0x3b,
    0x30, 0x6f, 0xd2, 0x0, 0x9, 0xfb, 0x8, 0xf2,
    0xe, 0xf2, 0x0, 0x0, 0xc, 0xf3, 0x7f, 0x84,
    0xfc, 0x11, 0x11, 0x11, 0x7f, 0x71, 0xdf, 0xff,
    0xff, 0xff, 0xff, 0xff, 0xf9, 0x0, 0x36, 0xfd,
    0x44, 0x44, 0x44, 0x44, 0x20, 0x0, 0xf, 0xf2,
    0x0, 0x0, 0x0, 0x0, 0x0, 0x0, 0x7f, 0xd3,
    0x0, 0x1, 0xa3, 0x0, 0x0, 0x0, 0x9f, 0xfe,
    0xcd, 0xff, 0x80, 0x0, 0x0, 0x0, 0x4a, 0xef,
    0xeb, 0x40, 0x0,

    /* U+04BE "Ҿ" */
    0x0, 0x0, 0x0, 0x0, 0x4a, 0xdf, 0xfc, 0x81,
    0x0, 0x0, 0x0, 0x0, 0x1, 0xbf, 0xff, 0xdd,
    0xff, 0xf6, 0x0, 0x4, 0x20, 0x0, 0xdf, 0xd4,
    0x0, 0x1, 0x8f, 0xf6, 0x2, 0xfc, 0x0, 0x9f,
    0xc0, 0x0, 0x0, 0x0, 0x4f, 0xf2, 0x5f, 0x90,
    0xf, 0xf2, 0x0, 0x0, 0x0, 0x0, 0x9f, 0x83,
    0xfe, 0x24, 0xfc, 0x0, 0x0, 0x0, 0x0, 0x3,
    0xfd, 0xb, 0xff, 0xff, 0xff, 0xff, 0xff, 0xff,
    0xff, 0xff, 0xe0, 0x7, 0xbd, 0xfe, 0xcc, 0xcc,
    0xcc, 0xcc, 0xcc, 0xca, 0x0, 0x0, 0x3f, 0xe0,
    0x0, 0x0, 0x0, 0x0, 0x0, 0x0, 0x0, 0x0,
    0xef, 0x40, 0x0, 0x0, 0x0, 0x0, 0x0, 0x0,
    0x0, 0x7, 0xfe, 0x20, 0x0, 0x0, 0x1, 0x30,
    0x0, 0x0, 0x0, 0xb, 0xfe, 0x60, 0x0, 0x17,
    0xef, 0x40, 0x0, 0x0, 0x0, 0xa, 0xff, 0xfe,
    0xef, 0xff, 0x90, 0x0, 0x0, 0x0, 0x0, 0x3,
    0xad, 0xff, 0xd8, 0x20, 0x0, 0x0, 0x0, 0x0,
    0x0, 0x0, 0xf, 0xe0, 0x0, 0x0, 0x0, 0x0,
    0x0, 0x0, 0x0, 0x0, 0xfe, 0x0, 0x0, 0x0,
    0x0, 0x0, 0x0, 0x0, 0x0, 0xf, 0xe0, 0x0,
    0x0, 0x0,

    /* U+04BF "ҿ" */
    0x0, 0x0, 0x0, 0x4b, 0xef, 0xd7, 0x0, 0x0,
    0x0, 0x0, 0x9f, 0xfc, 0xbe, 0xfd, 0x10, 0x3b,
    0x30, 0x6f, 0xd2, 0x0, 0x9, 0xfb, 0x8, 0xf2,
    0xe, 0xf2, 0x0, 0x0, 0xc, 0xf3, 0x7f, 0x84,
    0xfc, 0x11, 0x11, 0x11, 0x7f, 0x71, 0xdf, 0xff,
    0xff, 0xff, 0xff, 0xff, 0xf9, 0x0, 0x36, 0xfd,
    0x44, 0x44, 0x44, 0x44, 0x20, 0x0, 0xf, 0xf2,
    0x0, 0x0, 0x0, 0x0, 0x0, 0x0, 0x7f, 0xd3,
    0x0, 0x1, 0xa3, 0x0, 0x0, 0x0, 0x9f, 0xfe,
    0xcd, 0xff, 0x80, 0x0, 0x0, 0x0, 0x4a, 0xff,
    0xfb, 0x40, 0x0, 0x0, 0x0, 0x0, 0xa, 0xf3,
    0x0, 0x0, 0x0, 0x0, 0x0, 0x0, 0xaf, 0x30,
    0x0, 0x0,

    /* U+04C0 "Ӏ" */
    0xdf, 0x3d, 0xf3, 0xdf, 0x3d, 0xf3, 0xdf, 0x3d,
    0xf3, 0xdf, 0x3d, 0xf3, 0xdf, 0x3d, 0xf3, 0xdf,
    0x3d, 0xf3, 0xdf, 0x3d, 0xf3,

    /* U+04C1 "Ӂ" */
    0x0, 0x0, 0x0, 0xf, 0x90, 0x2, 0xe9, 0x0,
    0x0, 0x0, 0x0, 0x0, 0x0, 0x0, 0x5d, 0xff,
    0xfb, 0x10, 0x0, 0x0, 0x0, 0x0, 0x0, 0x0,
    0x0, 0x1, 0x20, 0x0, 0x0, 0x0, 0x0, 0x0,
    0x0, 0x0, 0x0, 0x0, 0x0, 0x0, 0x0, 0x0,
    0x0, 0x0, 0xe, 0xf2, 0x0, 0x0, 0xb, 0xf4,
    0x0, 0x0, 0x9, 0xf8, 0x0, 0x5f, 0xc0, 0x0,
    0x0, 0xbf, 0x40, 0x0, 0x3, 0xfd, 0x0, 0x0,
    0xaf, 0x60, 0x0, 0xb, 0xf4, 0x0, 0x0, 0xdf,
    0x40, 0x0, 0x1, 0xef, 0x10, 0x0, 0xbf, 0x40,
    0x0, 0x7f, 0x90, 0x0, 0x0, 0x6, 0xfa, 0x0,
    0xb, 0xf4, 0x0, 0x2f, 0xe1, 0x0, 0x0, 0x0,
    0xb, 0xf4, 0x0, 0xbf, 0x40, 0xb, 0xf5, 0x0,
    0x0, 0x0, 0x0, 0x2f, 0xff, 0xff, 0xff, 0xff,
    0xfc, 0x0, 0x0, 0x0, 0x0, 0x8, 0xfe, 0xdd,
    0xff, 0xdd, 0xdf, 0xf2, 0x0, 0x0, 0x0, 0x2,
    0xff, 0x30, 0xb, 0xf4, 0x0, 0xaf, 0xb0, 0x0,
    0x0, 0x0, 0xcf, 0x90, 0x0, 0xbf, 0x40, 0x1,
    0xef, 0x50, 0x0, 0x0, 0x6f, 0xe0, 0x0, 0xb,
    0xf4, 0x0, 0x5, 0xfe, 0x10, 0x0, 0x1f, 0xf4,
    0x0, 0x0, 0xbf, 0x40, 0x0, 0xb, 0xf9, 0x0,
    0xa, 0xfa, 0x0, 0x0, 0xb, 0xf4, 0x0, 0x0,
    0x2f, 0xf4, 0x4, 0xff, 0x10, 0x0, 0x0, 0xbf,
    0x40, 0x0, 0x0, 0x7f, 0xd0,

    /* U+04C2 "ӂ" */
    0x0, 0x0, 0x9, 0xb0, 0x0, 0xc8, 0x0, 0x0,
    0x0, 0x0, 0x0, 0x5f, 0x40, 0x5f, 0x40, 0x0,
    0x0, 0x0, 0x0, 0x0, 0x8f, 0xff, 0x80, 0x0,
    0x0, 0x0, 0x0, 0x0, 0x0, 0x2, 0x0, 0x0,
    0x0, 0x0, 0x2f, 0xd0, 0x0, 0x7, 0xf7, 0x0,
    0x0, 0xef, 0x20, 0x9f, 0x60, 0x0, 0x7f, 0x70,
    0x0, 0x7f, 0x80, 0x0, 0xee, 0x10, 0x7, 0xf7,
    0x0, 0x1f, 0xe0, 0x0, 0x6, 0xf9, 0x0, 0x7f,
    0x70, 0xa, 0xf5, 0x0, 0x0, 0xc, 0xf2, 0x7,
    0xf7, 0x3, 0xfc, 0x0, 0x0, 0x0, 0x4f, 0xff,
    0xff, 0xff, 0xff, 0x30, 0x0, 0x0, 0xa, 0xfc,
    0xbd, 0xfd, 0xbc, 0xfa, 0x0, 0x0, 0x5, 0xfd,
    0x0, 0x7f, 0x70, 0xe, 0xf5, 0x0, 0x1, 0xef,
    0x30, 0x7, 0xf7, 0x0, 0x4f, 0xe1, 0x0, 0xbf,
    0x80, 0x0, 0x7f, 0x70, 0x0, 0x9f, 0xb0, 0x6f,
    0xd0, 0x0, 0x7, 0xf7, 0x0, 0x0, 0xdf, 0x60,

    /* U+04C3 "Ӄ" */
    0xdf, 0x20, 0x0, 0x0, 0xd, 0xf4, 0xdf, 0x20,
    0x0, 0x0, 0x9f, 0x80, 0xdf, 0x20, 0x0, 0x5,
    0xfc, 0x0, 0xdf, 0x20, 0x0, 0x1e, 0xe1, 0x0,
    0xdf, 0x20, 0x0, 0xcf, 0x40, 0x0, 0xdf, 0x20,
    0x8, 0xf8, 0x0, 0x0, 0xdf, 0xff, 0xff, 0xd0,
    0x0, 0x0, 0xdf, 0xdd, 0xdf, 0xf6, 0x0, 0x0,
    0xdf, 0x20, 0x4, 0xff, 0x50, 0x0, 0xdf, 0x20,
    0x0, 0x5f, 0xf3, 0x0, 0xdf, 0x20, 0x0, 0x6,
    0xfe, 0x10, 0xdf, 0x20, 0x0, 0x0, 0xaf, 0xa0,
    0xdf, 0x20, 0x0, 0x0, 0x1f, 0xf3, 0xdf, 0x20,
    0x0, 0x0, 0x9, 0xf9, 0x0, 0x0, 0x0, 0x0,
    0x6, 0xfc, 0x0, 0x0, 0x0, 0x0, 0xa, 0xfa,
    0x0, 0x0, 0x0, 0x9d, 0xdf, 0xf4, 0x0, 0x0,
    0x0, 0x7d, 0xfd, 0x50,

    /* U+04C4 "ӄ" */
    0x2f, 0xc0, 0x0, 0x1, 0xdf, 0x22, 0xfc, 0x0,
    0x0, 0xbf, 0x40, 0x2f, 0xc0, 0x0, 0x8f, 0x70,
    0x2, 0xfc, 0x0, 0x5f, 0xa0, 0x0, 0x2f, 0xeb,
    0xbf, 0xd0, 0x0, 0x2, 0xff, 0xff, 0xff, 0x40,
    0x0, 0x2f, 0xc0, 0x4, 0xff, 0x30, 0x2, 0xfc,
    0x0, 0x5, 0xfd, 0x0, 0x2f, 0xc0, 0x0, 0xa,
    0xf8, 0x2, 0xfc, 0x0, 0x0, 0x1f, 0xf0, 0x2f,
    0xc0, 0x0, 0x0, 0xaf, 0x40, 0x0, 0x0, 0x0,
    0x8, 0xf6, 0x0, 0x0, 0x0, 0x0, 0xbf, 0x40,
    0x0, 0x0, 0xbb, 0xcf, 0xd0, 0x0, 0x0, 0xa,
    0xef, 0xb2, 0x0,

    /* U+04C5 "Ӆ" */
    0x0, 0x4, 0xff, 0xff, 0xff, 0xff, 0xfa, 0x0,
    0x0, 0x4, 0xfe, 0xcc, 0xcc, 0xcd, 0xfa, 0x0,
    0x0, 0x5, 0xf6, 0x0, 0x0, 0x5, 0xfa, 0x0,
    0x0, 0x5, 0xf6, 0x0, 0x0, 0x5, 0xfa, 0x0,
    0x0, 0x6, 0xf5, 0x0, 0x0, 0x5, 0xfa, 0x0,
    0x0, 0x7, 0xf5, 0x0, 0x0, 0x5, 0xfa, 0x0,
    0x0, 0x7, 0xf4, 0x0, 0x0, 0x5, 0xfa, 0x0,
    0x0, 0x8, 0xf3, 0x0, 0x0, 0x5, 0xfa, 0x0,
    0x0, 0xa, 0xf1, 0x0, 0x0, 0x5, 0xfa, 0x0,
    0x0, 0xd, 0xf0, 0x0, 0x0, 0x5, 0xfa, 0x0,
    0x0, 0x1f, 0xc0, 0x0, 0x0, 0x5, 0xfa, 0x0,
    0x0, 0x9f, 0x80, 0x0, 0x0, 0x5, 0xfa, 0x0,
    0x7d, 0xff, 0x10, 0x0, 0x0, 0x5, 0xfe, 0xc6,
    0xbf, 0xc3, 0x0, 0x0, 0x0, 0x5, 0xff, 0xf4,
    0x0, 0x0, 0x0, 0x0, 0x0, 0x0, 0xc, 0xf0,
    0x0, 0x0, 0x0, 0x0, 0x0, 0x0, 0xf, 0xb0,
    0x0, 0x0, 0x0, 0x0, 0x0, 0x0, 0x3f, 0x60,
    0x0, 0x0, 0x0, 0x0, 0x0, 0x0, 0x2, 0x0,

    /* U+04C6 "ӆ" */
    0x0, 0x3f, 0xff, 0xff, 0xff, 0xf0, 0x0, 0x4,
    0xfd, 0xbb, 0xbb, 0xff, 0x0, 0x0, 0x4f, 0x70,
    0x0, 0xf, 0xf0, 0x0, 0x5, 0xf6, 0x0, 0x0,
    0xff, 0x0, 0x0, 0x6f, 0x50, 0x0, 0xf, 0xf0,
    0x0, 0x7, 0xf3, 0x0, 0x0, 0xff, 0x0, 0x0,
    0x9f, 0x20, 0x0, 0xf, 0xf0, 0x0, 0xb, 0xf0,
    0x0, 0x0, 0xff, 0x0, 0x1, 0xfc, 0x0, 0x0,
    0xf, 0xf0, 0x8, 0xef, 0x60, 0x0, 0x0, 0xff,
    0xa5, 0xdf, 0x90, 0x0, 0x0, 0xf, 0xff, 0x40,
    0x0, 0x0, 0x0, 0x0, 0xa, 0xf0, 0x0, 0x0,
    0x0, 0x0, 0x0, 0xeb, 0x0, 0x0, 0x0, 0x0,
    0x0, 0x5, 0x20,

    /* U+04C7 "Ӈ" */
    0xdf, 0x30, 0x0, 0x0, 0x0, 0xcf, 0x3d, 0xf3,
    0x0, 0x0, 0x0, 0xc, 0xf3, 0xdf, 0x30, 0x0,
    0x0, 0x0, 0xcf, 0x3d, 0xf3, 0x0, 0x0, 0x0,
    0xc, 0xf3, 0xdf, 0x30, 0x0, 0x0, 0x0, 0xcf,
    0x3d, 0xf3, 0x0, 0x0, 0x0, 0xc, 0xf3, 0xdf,
    0xff, 0xff, 0xff, 0xff, 0xff, 0x3d, 0xfd, 0xcc,
    0xcc, 0xcc, 0xcf, 0xf3, 0xdf, 0x30, 0x0, 0x0,
    0x0, 0xcf, 0x3d, 0xf3, 0x0, 0x0, 0x0, 0xc,
    0xf3, 0xdf, 0x30, 0x0, 0x0, 0x0, 0xcf, 0x3d,
    0xf3, 0x0, 0x0, 0x0, 0xc, 0xf3, 0xdf, 0x30,
    0x0, 0x0, 0x0, 0xcf, 0x3d, 0xf3, 0x0, 0x0,
    0x0, 0xc, 0xf3, 0x0, 0x0, 0x0, 0x0, 0x0,
    0xcf, 0x30, 0x0, 0x0, 0x0, 0x0, 0xe, 0xf1,
    0x0, 0x0, 0x0, 0x2c, 0x8c, 0xfc, 0x0, 0x0,
    0x0, 0x4, 0xef, 0xfc, 0x10, 0x0, 0x0, 0x0,
    0x0, 0x21, 0x0, 0x0,

    /* U+04C8 "ӈ" */
    0x2f, 0xc0, 0x0, 0x0, 0x1f, 0xd2, 0xfc, 0x0,
    0x0, 0x1, 0xfd, 0x2f, 0xc0, 0x0, 0x0, 0x1f,
    0xd2, 0xfc, 0x0, 0x0, 0x1, 0xfd, 0x2f, 0xeb,
    0xbb, 0xbb, 0xbf, 0xd2, 0xff, 0xff, 0xff, 0xff,
    0xfd, 0x2f, 0xc0, 0x0, 0x0, 0x1f, 0xd2, 0xfc,
    0x0, 0x0, 0x1, 0xfd, 0x2f, 0xc0, 0x0, 0x0,
    0x1f, 0xd2, 0xfc, 0x0, 0x0, 0x1, 0xfd, 0x2f,
    0xc0, 0x0, 0x0, 0x1f, 0xd0, 0x0, 0x0, 0x0,
    0x1, 0xfd, 0x0, 0x0, 0x0, 0x0, 0x5f, 0xb0,
    0x0, 0x0, 0x7d, 0xbf, 0xf5, 0x0, 0x0, 0x6,
    0xdf, 0xd6, 0x0,

    /* U+04C9 "Ӊ" */
    0xdf, 0x30, 0x0, 0x0, 0x0, 0xcf, 0x30, 0xd,
    0xf3, 0x0, 0x0, 0x0, 0xc, 0xf3, 0x0, 0xdf,
    0x30, 0x0, 0x0, 0x0, 0xcf, 0x30, 0xd, 0xf3,
    0x0, 0x0, 0x0, 0xc, 0xf3, 0x0, 0xdf, 0x30,
    0x0, 0x0, 0x0, 0xcf, 0x30, 0xd, 0xf3, 0x0,
    0x0, 0x0, 0xc, 0xf3, 0x0, 0xdf, 0xff, 0xff,
    0xff, 0xff, 0xff, 0x30, 0xd, 0xfd, 0xcc, 0xcc,
    0xcc, 0xcf, 0xf3, 0x0, 0xdf, 0x30, 0x0, 0x0,
    0x0, 0xcf, 0x30, 0xd, 0xf3, 0x0, 0x0, 0x0,
    0xc, 0xf3, 0x0, 0xdf, 0x30, 0x0, 0x0, 0x0,
    0xcf, 0x30, 0xd, 0xf3, 0x0, 0x0, 0x0, 0xc,
    0xf3, 0x0, 0xdf, 0x30, 0x0, 0x0, 0x0, 0xcf,
    0xfe, 0x2d, 0xf3, 0x0, 0x0, 0x0, 0xc, 0xff,
    0xd0, 0x0, 0x0, 0x0, 0x0, 0x0, 0x1, 0xf9,
    0x0, 0x0, 0x0, 0x0, 0x0, 0x0, 0x5f, 0x40,
    0x0, 0x0, 0x0, 0x0, 0x0, 0x9, 0xf0, 0x0,

    /* U+04CA "ӊ" */
    0x2f, 0xc0, 0x0, 0x0, 0x3f, 0xb0, 0x2, 0xfc,
    0x0, 0x0, 0x3, 0xfb, 0x0, 0x2f, 0xc0, 0x0,
    0x0, 0x3f, 0xb0, 0x2, 0xfc, 0x0, 0x0, 0x3,
    0xfb, 0x0, 0x2f, 0xc0, 0x0, 0x0, 0x3f, 0xb0,
    0x2, 0xff, 0xff, 0xff, 0xff, 0xfb, 0x0, 0x2f,
    0xeb, 0xbb, 0xbb, 0xcf, 0xb0, 0x2, 0xfc, 0x0,
    0x0, 0x3, 0xfb, 0x0, 0x2f, 0xc0, 0x0, 0x0,
    0x3f, 0xb0, 0x2, 0xfc, 0x0, 0x0, 0x3, 0xff,
    0xf4, 0x2f, 0xc0, 0x0, 0x0, 0x3f, 0xff, 0x0,
    0x0, 0x0, 0x0, 0x0, 0xd, 0xb0, 0x0, 0x0,
    0x0, 0x0, 0x1, 0xf6, 0x0, 0x0, 0x0, 0x0,
    0x0, 0x1, 0x0,

    /* U+04CB "Ӌ" */
    0xff, 0x0, 0x0, 0x0, 0x8, 0xf7, 0xff, 0x0,
    0x0, 0x0, 0x8, 0xf7, 0xff, 0x0, 0x0, 0x0,
    0x8, 0xf7, 0xff, 0x0, 0x0, 0x0, 0x8, 0xf7,
    0xff, 0x10, 0x0, 0x0, 0x8, 0xf7, 0xdf, 0x60,
    0x0, 0x0, 0x8, 0xf7, 0x7f, 0xf7, 0x20, 0x13,
    0x8e, 0xf7, 0xa, 0xff, 0xff, 0xff, 0xff, 0xf7,
    0x0, 0x49, 0xcc, 0xb8, 0x38, 0xf7, 0x0, 0x0,
    0x0, 0x0, 0x8, 0xf7, 0x0, 0x0, 0x0, 0x0,
    0x8, 0xf7, 0x0, 0x0, 0x0, 0x0, 0x8, 0xf7,
    0x0, 0x0, 0x0, 0xb, 0xce, 0xf7, 0x0, 0x0,
    0x0, 0xf, 0xff, 0xf7, 0x0, 0x0, 0x0, 0xf,
    0xe0, 0x0, 0x0, 0x0, 0x0, 0xf, 0xe0, 0x0,
    0x0, 0x0, 0x0, 0xf, 0xe0, 0x0,

    /* U+04CC "ӌ" */
    0x3f, 0xb0, 0x0, 0x0, 0xaf, 0x43, 0xfb, 0x0,
    0x0, 0xa, 0xf4, 0x3f, 0xb0, 0x0, 0x0, 0xaf,
    0x43, 0xfc, 0x0, 0x0, 0xa, 0xf4, 0x1f, 0xf3,
    0x0, 0x1, 0xcf, 0x40, 0x9f, 0xfb, 0xac, 0xff,
    0xf4, 0x0, 0x6c, 0xfe, 0xc8, 0xbf, 0x40, 0x0,
    0x0, 0x0, 0xa, 0xf4, 0x0, 0x0, 0x0, 0x0,
    0xaf, 0x40, 0x0, 0x0, 0x7, 0xff, 0xf4, 0x0,
    0x0, 0x0, 0x8f, 0xff, 0x40, 0x0, 0x0, 0x8,
    0xf5, 0x0, 0x0, 0x0, 0x0, 0x8f, 0x50, 0x0,

    /* U+04CD "Ӎ" */
    0xdf, 0x20, 0x0, 0x0, 0x0, 0x0, 0xd, 0xf0,
    0x0, 0xdf, 0xb0, 0x0, 0x0, 0x0, 0x0, 0x7f,
    0xf1, 0x0, 0xdf, 0xf5, 0x0, 0x0, 0x0, 0x1,
    0xff, 0xf1, 0x0, 0xdf, 0xfe, 0x0, 0x0, 0x0,
    0xa, 0xff, 0xf1, 0x0, 0xdf, 0x9f, 0x80, 0x0,
    0x0, 0x4f, 0xad, 0xf1, 0x0, 0xdf, 0x1d, 0xf2,
    0x0, 0x0, 0xdf, 0x1d, 0xf1, 0x0, 0xdf, 0x14,
    0xfb, 0x0, 0x7, 0xf7, 0xd, 0xf1, 0x0, 0xdf,
    0x10, 0xaf, 0x50, 0x1f, 0xd0, 0xd, 0xf1, 0x0,
    0xdf, 0x10, 0x1f, 0xe0, 0xaf, 0x40, 0xd, 0xf1,
    0x0, 0xdf, 0x10, 0x6, 0xfb, 0xfa, 0x0, 0xd,
    0xf1, 0x0, 0xdf, 0x10, 0x0, 0xcf, 0xf1, 0x0,
    0xd, 0xf1, 0x0, 0xdf, 0x10, 0x0, 0x3f, 0x70,
    0x0, 0xd, 0xf1, 0x0, 0xdf, 0x10, 0x0, 0x1,
    0x0, 0x0, 0xd, 0xfe, 0xe2, 0xdf, 0x10, 0x0,
    0x0, 0x0, 0x0, 0xd, 0xff, 0xd0, 0x0, 0x0,
    0x0, 0x0, 0x0, 0x0, 0x0, 0x1f, 0x90, 0x0,
    0x0, 0x0, 0x0, 0x0, 0x0, 0x0, 0x5f, 0x40,
    0x0, 0x0, 0x0, 0x0, 0x0, 0x0, 0x0, 0x9f,
    0x0,

    /* U+04CE "ӎ" */
    0x2f, 0xf2, 0x0, 0x0, 0x0, 0x1e, 0xf1, 0x2,
    0xff, 0xb0, 0x0, 0x0, 0x9, 0xff, 0x10, 0x2f,
    0xff, 0x40, 0x0, 0x3, 0xff, 0xf1, 0x2, 0xfb,
    0xed, 0x0, 0x0, 0xce, 0xbf, 0x10, 0x2f, 0xa6,
    0xf6, 0x0, 0x6f, 0x6a, 0xf1, 0x2, 0xfa, 0xd,
    0xe1, 0x1e, 0xc0, 0xaf, 0x10, 0x2f, 0xa0, 0x4f,
    0x99, 0xf3, 0xa, 0xf1, 0x2, 0xfa, 0x0, 0xaf,
    0xf9, 0x0, 0xaf, 0x10, 0x2f, 0xa0, 0x1, 0xfe,
    0x10, 0xa, 0xf1, 0x2, 0xfa, 0x0, 0x5, 0x50,
    0x0, 0xaf, 0xfc, 0x2f, 0xa0, 0x0, 0x0, 0x0,
    0xa, 0xff, 0x80, 0x0, 0x0, 0x0, 0x0, 0x0,
    0x5, 0xf3, 0x0, 0x0, 0x0, 0x0, 0x0, 0x0,
    0x9e, 0x0, 0x0, 0x0, 0x0, 0x0, 0x0, 0x0,
    0x0,

    /* U+04CF "ӏ" */
    0x4, 0x32, 0xfc, 0x2f, 0xc2, 0xfc, 0x2f, 0xc2,
    0xfc, 0x2f, 0xc2, 0xfc, 0x2f, 0xc2, 0xfc, 0x2f,
    0xc2, 0xfc, 0x2f, 0xc2, 0xfc, 0x2f, 0xc2, 0xfc,

    /* U+04D0 "Ӑ" */
    0x0, 0x0, 0xbd, 0x20, 0x1a, 0xe0, 0x0, 0x0,
    0x0, 0x2, 0xcf, 0xff, 0xd3, 0x0, 0x0, 0x0,
    0x0, 0x0, 0x2, 0x10, 0x0, 0x0, 0x0, 0x0,
    0x0, 0x0, 0x0, 0x0, 0x0, 0x0, 0x0, 0x0,
    0x0, 0xaf, 0xc0, 0x0, 0x0, 0x0, 0x0, 0x0,
    0x1f, 0xff, 0x30, 0x0, 0x0, 0x0, 0x0, 0x8,
    0xf9, 0xfb, 0x0, 0x0, 0x0, 0x0, 0x0, 0xfe,
    0xd, 0xf2, 0x0, 0x0, 0x0, 0x0, 0x7f, 0x80,
    0x6f, 0x90, 0x0, 0x0, 0x0, 0xe, 0xf1, 0x0,
    0xef, 0x10, 0x0, 0x0, 0x5, 0xfa, 0x0, 0x8,
    0xf8, 0x0, 0x0, 0x0, 0xdf, 0x30, 0x0, 0x1f,
    0xe0, 0x0, 0x0, 0x4f, 0xc0, 0x0, 0x0, 0xaf,
    0x60, 0x0, 0xb, 0xff, 0xff, 0xff, 0xff, 0xfd,
    0x0, 0x2, 0xfe, 0xaa, 0xaa, 0xaa, 0xad, 0xf5,
    0x0, 0xaf, 0x70, 0x0, 0x0, 0x0, 0x5f, 0xc0,
    0x1f, 0xe0, 0x0, 0x0, 0x0, 0x0, 0xdf, 0x38,
    0xf8, 0x0, 0x0, 0x0, 0x0, 0x6, 0xfb,

    /* U+04D1 "ӑ" */
    0x0, 0x27, 0x0, 0x3, 0x70, 0x0, 0x2, 0xf6,
    0x2, 0xcb, 0x0, 0x0, 0x6, 0xff, 0xfc, 0x20,
    0x0, 0x0, 0x0, 0x21, 0x0, 0x0, 0x0, 0x0,
    0x0, 0x0, 0x0, 0x0, 0x5, 0xbe, 0xfe, 0xb4,
    0x0, 0x8, 0xff, 0xcb, 0xef, 0xf5, 0x0, 0x29,
    0x10, 0x0, 0x8f, 0xd0, 0x0, 0x0, 0x0, 0x0,
    0xef, 0x10, 0x0, 0x0, 0x11, 0x1c, 0xf2, 0x0,
    0x8e, 0xff, 0xff, 0xff, 0x30, 0xaf, 0xb6, 0x44,
    0x4d, 0xf3, 0xf, 0xe0, 0x0, 0x0, 0xcf, 0x30,
    0xff, 0x10, 0x0, 0x5f, 0xf3, 0x8, 0xfe, 0x98,
    0xbf, 0xef, 0x30, 0x6, 0xcf, 0xfc, 0x4a, 0xf3,

    /* U+04D2 "Ӓ" */
    0x0, 0x0, 0x2e, 0x70, 0x5f, 0x30, 0x0, 0x0,
    0x0, 0x2, 0xf9, 0x6, 0xf4, 0x0, 0x0, 0x0,
    0x0, 0x1, 0x0, 0x1, 0x0, 0x0, 0x0, 0x0,
    0x0, 0x0, 0x0, 0x0, 0x0, 0x0, 0x0, 0x0,
    0x0, 0xaf, 0xc0, 0x0, 0x0, 0x0, 0x0, 0x0,
    0x1f, 0xff, 0x30, 0x0, 0x0, 0x0, 0x0, 0x8,
    0xf9, 0xfb, 0x0, 0x0, 0x0, 0x0, 0x0, 0xfe,
    0xd, 0xf2, 0x0, 0x0, 0x0, 0x0, 0x7f, 0x80,
    0x6f, 0x90, 0x0, 0x0, 0x0, 0xe, 0xf1, 0x0,
    0xef, 0x10, 0x0, 0x0, 0x5, 0xfa, 0x0, 0x8,
    0xf8, 0x0, 0x0, 0x0, 0xdf, 0x30, 0x0, 0x1f,
    0xe0, 0x0, 0x0, 0x4f, 0xc0, 0x0, 0x0, 0xaf,
    0x60, 0x0, 0xb, 0xff, 0xff, 0xff, 0xff, 0xfd,
    0x0, 0x2, 0xfe, 0xaa, 0xaa, 0xaa, 0xad, 0xf5,
    0x0, 0xaf, 0x70, 0x0, 0x0, 0x0, 0x5f, 0xc0,
    0x1f, 0xe0, 0x0, 0x0, 0x0, 0x0, 0xdf, 0x38,
    0xf8, 0x0, 0x0, 0x0, 0x0, 0x6, 0xfb,

    /* U+04D3 "ӓ" */
    0x0, 0xd, 0xb0, 0x3e, 0x60, 0x0, 0x0, 0xec,
    0x3, 0xf7, 0x0, 0x0, 0x0, 0x0, 0x0, 0x0,
    0x0, 0x5, 0xbe, 0xfe, 0xb4, 0x0, 0x8, 0xff,
    0xcb, 0xef, 0xf5, 0x0, 0x29, 0x10, 0x0, 0x8f,
    0xd0, 0x0, 0x0, 0x0, 0x0, 0xef, 0x10, 0x0,
    0x0, 0x11, 0x1c, 0xf2, 0x0, 0x8e, 0xff, 0xff,
    0xff, 0x30, 0xaf, 0xb6, 0x44, 0x4d, 0xf3, 0xf,
    0xe0, 0x0, 0x0, 0xcf, 0x30, 0xff, 0x10, 0x0,
    0x5f, 0xf3, 0x8, 0xfe, 0x98, 0xbf, 0xef, 0x30,
    0x6, 0xcf, 0xfc, 0x4a, 0xf3,

    /* U+04D4 "Ӕ" */
    0x0, 0x0, 0x0, 0x0, 0xcf, 0xff, 0xff, 0xff,
    0xff, 0xfb, 0x0, 0x0, 0x0, 0x6, 0xfe, 0xff,
    0xcc, 0xcc, 0xcc, 0xc8, 0x0, 0x0, 0x0, 0x1e,
    0xe4, 0xfc, 0x0, 0x0, 0x0, 0x0, 0x0, 0x0,
    0x0, 0x9f, 0x63, 0xfc, 0x0, 0x0, 0x0, 0x0,
    0x0, 0x0, 0x3, 0xfd, 0x3, 0xfc, 0x0, 0x0,
    0x0, 0x0, 0x0, 0x0, 0xc, 0xf4, 0x3, 0xfc,
    0x0, 0x0, 0x0, 0x0, 0x0, 0x0, 0x6f, 0xa0,
    0x3, 0xff, 0xff, 0xff, 0xff, 0xd0, 0x0, 0x1,
    0xef, 0x10, 0x3, 0xff, 0xcc, 0xcc, 0xcc, 0x90,
    0x0, 0x9, 0xf7, 0x0, 0x3, 0xfc, 0x0, 0x0,
    0x0, 0x0, 0x0, 0x3f, 0xff, 0xff, 0xff, 0xfc,
    0x0, 0x0, 0x0, 0x0, 0x0, 0xcf, 0xba, 0xaa,
    0xab, 0xfc, 0x0, 0x0, 0x0, 0x0, 0x5, 0xfb,
    0x0, 0x0, 0x3, 0xfc, 0x0, 0x0, 0x0, 0x0,
    0xe, 0xf2, 0x0, 0x0, 0x3, 0xff, 0xcc, 0xcc,
    0xcc, 0xcc, 0x9f, 0x80, 0x0, 0x0, 0x3, 0xff,
    0xff, 0xff, 0xff, 0xff,

    /* U+04D5 "ӕ" */
    0x0, 0x5b, 0xef, 0xeb, 0x30, 0x18, 0xdf, 0xe9,
    0x20, 0x0, 0x8f, 0xfd, 0xbe, 0xff, 0x6e, 0xfe,
    0xbd, 0xff, 0x40, 0x2, 0x91, 0x0, 0x8, 0xff,
    0xf7, 0x0, 0x5, 0xfe, 0x10, 0x0, 0x0, 0x0,
    0xe, 0xfa, 0x0, 0x0, 0x6, 0xf8, 0x0, 0x0,
    0x1, 0x11, 0xcf, 0x61, 0x11, 0x11, 0x3f, 0xc0,
    0x8, 0xef, 0xff, 0xff, 0xff, 0xff, 0xff, 0xff,
    0xfe, 0xa, 0xfb, 0x54, 0x44, 0xdf, 0x84, 0x44,
    0x44, 0x44, 0x40, 0xfe, 0x0, 0x0, 0xd, 0xfa,
    0x0, 0x0, 0x0, 0x0, 0xf, 0xf3, 0x0, 0x8,
    0xff, 0xf8, 0x0, 0x0, 0x77, 0x0, 0x8f, 0xfd,
    0xce, 0xfc, 0x2e, 0xff, 0xcc, 0xff, 0xd0, 0x0,
    0x5c, 0xef, 0xc7, 0x0, 0x8, 0xdf, 0xfd, 0x70,
    0x0,

    /* U+04D6 "Ӗ" */
    0x2, 0xf7, 0x0, 0x3f, 0x60, 0x0, 0x7, 0xef,
    0xff, 0x90, 0x0, 0x0, 0x0, 0x11, 0x0, 0x0,
    0x0, 0x0, 0x0, 0x0, 0x0, 0x0, 0xdf, 0xff,
    0xff, 0xff, 0xff, 0x1d, 0xfd, 0xcc, 0xcc, 0xcc,
    0xc0, 0xdf, 0x30, 0x0, 0x0, 0x0, 0xd, 0xf3,
    0x0, 0x0, 0x0, 0x0, 0xdf, 0x30, 0x0, 0x0,
    0x0, 0xd, 0xf3, 0x0, 0x0, 0x0, 0x0, 0xdf,
    0xff, 0xff, 0xff, 0xf3, 0xd, 0xfc, 0xcc, 0xcc,
    0xcc, 0x20, 0xdf, 0x30, 0x0, 0x0, 0x0, 0xd,
    0xf3, 0x0, 0x0, 0x0, 0x0, 0xdf, 0x30, 0x0,
    0x0, 0x0, 0xd, 0xf3, 0x0, 0x0, 0x0, 0x0,
    0xdf, 0xdc, 0xcc, 0xcc, 0xcc, 0x4d, 0xff, 0xff,
    0xff, 0xff, 0xf5,

    /* U+04D7 "ӗ" */
    0x0, 0x7, 0x30, 0x0, 0x82, 0x0, 0x0, 0xb,
    0xc1, 0x8, 0xf1, 0x0, 0x0, 0x2, 0xcf, 0xfe,
    0x60, 0x0, 0x0, 0x0, 0x1, 0x20, 0x0, 0x0,
    0x0, 0x0, 0x0, 0x0, 0x0, 0x0, 0x0, 0x4,
    0xbe, 0xfd, 0x70, 0x0, 0x0, 0x8f, 0xfc, 0xbe,
    0xfc, 0x0, 0x4, 0xfd, 0x20, 0x0, 0xaf, 0x90,
    0xc, 0xf3, 0x0, 0x0, 0xd, 0xf1, 0xf, 0xe1,
    0x11, 0x11, 0x19, 0xf4, 0x1f, 0xff, 0xff, 0xff,
    0xff, 0xf6, 0xf, 0xe4, 0x44, 0x44, 0x44, 0x41,
    0xc, 0xf4, 0x0, 0x0, 0x0, 0x0, 0x4, 0xfe,
    0x40, 0x0, 0x2b, 0x20, 0x0, 0x7f, 0xfe, 0xcd,
    0xff, 0x60, 0x0, 0x3, 0xae, 0xfe, 0xb4, 0x0,

    /* U+04D8 "Ә" */
    0x0, 0x0, 0x39, 0xdf, 0xfd, 0x93, 0x0, 0x0,
    0x0, 0x1b, 0xff, 0xfd, 0xef, 0xff, 0xa0, 0x0,
    0x0, 0x6f, 0xc5, 0x0, 0x1, 0x6e, 0xfc, 0x0,
    0x0, 0x3, 0x0, 0x0, 0x0, 0x1, 0xdf, 0x80,
    0x0, 0x0, 0x0, 0x0, 0x0, 0x0, 0x3f, 0xf0,
    0x0, 0x0, 0x0, 0x0, 0x0, 0x0, 0xc, 0xf4,
    0x2f, 0xff, 0xff, 0xff, 0xff, 0xff, 0xff, 0xf6,
    0x2f, 0xf8, 0x88, 0x88, 0x88, 0x88, 0x8d, 0xf5,
    0xf, 0xf0, 0x0, 0x0, 0x0, 0x0, 0xd, 0xf3,
    0xb, 0xf7, 0x0, 0x0, 0x0, 0x0, 0x4f, 0xe0,
    0x4, 0xff, 0x30, 0x0, 0x0, 0x1, 0xef, 0x70,
    0x0, 0x8f, 0xf7, 0x10, 0x0, 0x6e, 0xfb, 0x0,
    0x0, 0x7, 0xff, 0xfd, 0xdf, 0xff, 0xa0, 0x0,
    0x0, 0x0, 0x28, 0xdf, 0xfd, 0x93, 0x0, 0x0,

    /* U+04D9 "ә" */
    0x0, 0x19, 0xdf, 0xeb, 0x50, 0x0, 0x2, 0xff,
    0xec, 0xdf, 0xfb, 0x0, 0x0, 0xb4, 0x0, 0x3,
    0xdf, 0x80, 0x0, 0x0, 0x0, 0x0, 0x1f, 0xf1,
    0x1, 0x11, 0x11, 0x11, 0x1a, 0xf4, 0x2f, 0xff,
    0xff, 0xff, 0xff, 0xf6, 0xf, 0xd4, 0x44, 0x44,
    0x4b, 0xf4, 0xc, 0xf1, 0x0, 0x0, 0xe, 0xf1,
    0x5, 0xfc, 0x10, 0x1, 0xbf, 0x90, 0x0, 0x8f,
    0xfc, 0xcf, 0xfb, 0x0, 0x0, 0x5, 0xbe, 0xfc,
    0x60, 0x0,

    /* U+04DA "Ӛ" */
    0x0, 0x0, 0x0, 0x10, 0x0, 0x0, 0x0, 0x0,
    0x0, 0x0, 0x7, 0xf4, 0xc, 0xe0, 0x0, 0x0,
    0x0, 0x0, 0x6, 0xf3, 0xa, 0xd0, 0x0, 0x0,
    0x0, 0x0, 0x0, 0x0, 0x0, 0x0, 0x0, 0x0,
    0x0, 0x0, 0x0, 0x0, 0x0, 0x0, 0x0, 0x0,
    0x0, 0x0, 0x39, 0xdf, 0xfd, 0x93, 0x0, 0x0,
    0x0, 0x1b, 0xff, 0xfd, 0xef, 0xff, 0xa0, 0x0,
    0x0, 0x6f, 0xc5, 0x0, 0x1, 0x6e, 0xfc, 0x0,
    0x0, 0x3, 0x0, 0x0, 0x0, 0x1, 0xdf, 0x80,
    0x0, 0x0, 0x0, 0x0, 0x0, 0x0, 0x3f, 0xf0,
    0x0, 0x0, 0x0, 0x0, 0x0, 0x0, 0xc, 0xf4,
    0x2f, 0xff, 0xff, 0xff, 0xff, 0xff, 0xff, 0xf6,
    0x2f, 0xf8, 0x88, 0x88, 0x88, 0x88, 0x8d, 0xf5,
    0xf, 0xf0, 0x0, 0x0, 0x0, 0x0, 0xd, 0xf3,
    0xb, 0xf7, 0x0, 0x0, 0x0, 0x0, 0x4f, 0xe0,
    0x4, 0xff, 0x30, 0x0, 0x0, 0x1, 0xef, 0x70,
    0x0, 0x8f, 0xf7, 0x10, 0x0, 0x6e, 0xfb, 0x0,
    0x0, 0x7, 0xff, 0xfd, 0xdf, 0xff, 0xa0, 0x0,
    0x0, 0x0, 0x28, 0xdf, 0xfd, 0x93, 0x0, 0x0,

    /* U+04DB "ӛ" */
    0x0, 0x8, 0xe1, 0xc, 0xc0, 0x0, 0x0, 0x9,
    0xf2, 0xe, 0xd0, 0x0, 0x0, 0x0, 0x0, 0x0,
    0x0, 0x0, 0x0, 0x19, 0xdf, 0xeb, 0x50, 0x0,
    0x2, 0xff, 0xec, 0xdf, 0xfb, 0x0, 0x0, 0xb4,
    0x0, 0x3, 0xdf, 0x80, 0x0, 0x0, 0x0, 0x0,
    0x1f, 0xf1, 0x1, 0x11, 0x11, 0x11, 0x1a, 0xf4,
    0x2f, 0xff, 0xff, 0xff, 0xff, 0xf6, 0xf, 0xd4,
    0x44, 0x44, 0x4b, 0xf4, 0xc, 0xf1, 0x0, 0x0,
    0xe, 0xf1, 0x5, 0xfc, 0x10, 0x1, 0xbf, 0x90,
    0x0, 0x8f, 0xfc, 0xcf, 0xfb, 0x0, 0x0, 0x5,
    0xbe, 0xfc, 0x60, 0x0,

    /* U+04DC "Ӝ" */
    0x0, 0x0, 0x0, 0x5, 0xf4, 0x9, 0xe1, 0x0,
    0x0, 0x0, 0x0, 0x0, 0x0, 0x0, 0x6f, 0x50,
    0xbf, 0x10, 0x0, 0x0, 0x0, 0x0, 0x0, 0x0,
    0x0, 0x10, 0x0, 0x0, 0x0, 0x0, 0x0, 0x0,
    0x0, 0x0, 0x0, 0x0, 0x0, 0x0, 0x0, 0x0,
    0x0, 0x0, 0xe, 0xf2, 0x0, 0x0, 0xb, 0xf4,
    0x0, 0x0, 0x9, 0xf8, 0x0, 0x5f, 0xc0, 0x0,
    0x0, 0xbf, 0x40, 0x0, 0x3, 0xfd, 0x0, 0x0,
    0xaf, 0x60, 0x0, 0xb, 0xf4, 0x0, 0x0, 0xdf,
    0x40, 0x0, 0x1, 0xef, 0x10, 0x0, 0xbf, 0x40,
    0x0, 0x7f, 0x90, 0x0, 0x0, 0x6, 0xfa, 0x0,
    0xb, 0xf4, 0x0, 0x2f, 0xe1, 0x0, 0x0, 0x0,
    0xb, 0xf4, 0x0, 0xbf, 0x40, 0xb, 0xf5, 0x0,
    0x0, 0x0, 0x0, 0x2f, 0xff, 0xff, 0xff, 0xff,
    0xfc, 0x0, 0x0, 0x0, 0x0, 0x8, 0xfe, 0xdd,
    0xff, 0xdd, 0xdf, 0xf2, 0x0, 0x0, 0x0, 0x2,
    0xff, 0x30, 0xb, 0xf4, 0x0, 0xaf, 0xb0, 0x0,
    0x0, 0x0, 0xcf, 0x90, 0x0, 0xbf, 0x40, 0x1,
    0xef, 0x50, 0x0, 0x0, 0x6f, 0xe0, 0x0, 0xb,
    0xf4, 0x0, 0x5, 0xfe, 0x10, 0x0, 0x1f, 0xf4,
    0x0, 0x0, 0xbf, 0x40, 0x0, 0xb, 0xf9, 0x0,
    0xa, 0xfa, 0x0, 0x0, 0xb, 0xf4, 0x0, 0x0,
    0x2f, 0xf4, 0x4, 0xff, 0x10, 0x0, 0x0, 0xbf,
    0x40, 0x0, 0x0, 0x7f, 0xd0,

    /* U+04DD "ӝ" */
    0x0, 0x0, 0x3, 0xe6, 0x7, 0xe2, 0x0, 0x0,
    0x0, 0x0, 0x0, 0x4f, 0x70, 0x8f, 0x30, 0x0,
    0x0, 0x0, 0x0, 0x0, 0x0, 0x0, 0x0, 0x0,
    0x0, 0x2, 0xfd, 0x0, 0x0, 0x7f, 0x70, 0x0,
    0xe, 0xf2, 0x9, 0xf6, 0x0, 0x7, 0xf7, 0x0,
    0x7, 0xf8, 0x0, 0xe, 0xe1, 0x0, 0x7f, 0x70,
    0x1, 0xfe, 0x0, 0x0, 0x6f, 0x90, 0x7, 0xf7,
    0x0, 0xaf, 0x50, 0x0, 0x0, 0xcf, 0x20, 0x7f,
    0x70, 0x3f, 0xc0, 0x0, 0x0, 0x4, 0xff, 0xff,
    0xff, 0xff, 0xf3, 0x0, 0x0, 0x0, 0xaf, 0xcb,
    0xdf, 0xdb, 0xcf, 0xa0, 0x0, 0x0, 0x5f, 0xd0,
    0x7, 0xf7, 0x0, 0xef, 0x50, 0x0, 0x1e, 0xf3,
    0x0, 0x7f, 0x70, 0x4, 0xfe, 0x10, 0xb, 0xf8,
    0x0, 0x7, 0xf7, 0x0, 0x9, 0xfb, 0x6, 0xfd,
    0x0, 0x0, 0x7f, 0x70, 0x0, 0xd, 0xf6,

    /* U+04DE "Ӟ" */
    0x0, 0x1, 0x0, 0x0, 0x0, 0x0, 0x0, 0x7f,
    0x40, 0xbf, 0x10, 0x0, 0x0, 0x5f, 0x30, 0xad,
    0x0, 0x0, 0x0, 0x0, 0x0, 0x0, 0x0, 0x0,
    0x0, 0x0, 0x0, 0x0, 0x0, 0x0, 0x2, 0x8c,
    0xef, 0xec, 0x81, 0x0, 0x2f, 0xff, 0xec, 0xef,
    0xfe, 0x30, 0x7, 0x40, 0x0, 0x1, 0xaf, 0xb0,
    0x0, 0x0, 0x0, 0x0, 0x2f, 0xe0, 0x0, 0x0,
    0x0, 0x0, 0x7f, 0xa0, 0x0, 0x1a, 0xaa, 0xbd,
    0xfd, 0x10, 0x0, 0x2f, 0xff, 0xff, 0xfa, 0x10,
    0x0, 0x0, 0x0, 0x3, 0xaf, 0xc0, 0x0, 0x0,
    0x0, 0x0, 0xc, 0xf5, 0x0, 0x0, 0x0, 0x0,
    0x8, 0xf7, 0x10, 0x0, 0x0, 0x0, 0xb, 0xf6,
    0xac, 0x50, 0x0, 0x0, 0x8f, 0xf1, 0xaf, 0xff,
    0xdc, 0xdf, 0xff, 0x40, 0x3, 0x9c, 0xef, 0xec,
    0x81, 0x0,

    /* U+04DF "ӟ" */
    0x0, 0x6f, 0x30, 0xad, 0x0, 0x0, 0x7f, 0x40,
    0xbe, 0x0, 0x0, 0x0, 0x0, 0x0, 0x0, 0x3,
    0x9d, 0xff, 0xc7, 0x0, 0xd, 0xfd, 0xbc, 0xff,
    0xd0, 0x4, 0x30, 0x0, 0x1c, 0xf6, 0x0, 0x0,
    0x0, 0x8, 0xf7, 0x0, 0x1, 0x12, 0x5e, 0xe1,
    0x0, 0xf, 0xff, 0xfe, 0x30, 0x0, 0x4, 0x45,
    0x7e, 0xf4, 0x0, 0x0, 0x0, 0x3, 0xfb, 0x7,
    0x10, 0x0, 0x9, 0xfa, 0x4f, 0xfd, 0xbb, 0xef,
    0xe2, 0x4, 0xad, 0xff, 0xd9, 0x10,

    /* U+04E0 "Ӡ" */
    0xd, 0xff, 0xff, 0xff, 0xff, 0xd0, 0xa, 0xcc,
    0xcc, 0xcc, 0xff, 0xb0, 0x0, 0x0, 0x0, 0x6,
    0xfc, 0x0, 0x0, 0x0, 0x0, 0x6f, 0xc0, 0x0,
    0x0, 0x0, 0x6, 0xfc, 0x0, 0x0, 0x0, 0x0,
    0x4f, 0xf8, 0x40, 0x0, 0x0, 0x0, 0x6f, 0xff,
    0xfe, 0x30, 0x0, 0x0, 0x0, 0x3, 0xaf, 0xe0,
    0x0, 0x0, 0x0, 0x0, 0xc, 0xf5, 0x0, 0x0,
    0x0, 0x0, 0x8, 0xf7, 0x2, 0x0, 0x0, 0x0,
    0xb, 0xf5, 0x1f, 0x93, 0x0, 0x0, 0x8f, 0xe0,
    0x2d, 0xff, 0xed, 0xdf, 0xff, 0x40, 0x0, 0x5a,
    0xef, 0xfd, 0x92, 0x0,

    /* U+04E1 "ӡ" */
    0xe, 0xff, 0xff, 0xff, 0xff, 0x40, 0xac, 0xcc,
    0xcc, 0xcf, 0xf2, 0x0, 0x0, 0x0, 0xa, 0xf7,
    0x0, 0x0, 0x0, 0x7, 0xfa, 0x0, 0x0, 0x0,
    0x4, 0xfd, 0x0, 0x0, 0x0, 0x1, 0xef, 0x30,
    0x0, 0x0, 0x0, 0xbf, 0xe8, 0x30, 0x0, 0x0,
    0xb, 0xef, 0xff, 0x90, 0x0, 0x0, 0x0, 0x4,
    0xef, 0x60, 0x0, 0x0, 0x0, 0x5, 0xfc, 0x0,
    0x0, 0x0, 0x0, 0x1f, 0xd0, 0x20, 0x0, 0x0,
    0x4, 0xfb, 0x1f, 0x81, 0x0, 0x2, 0xdf, 0x62,
    0xdf, 0xfd, 0xbd, 0xff, 0xa0, 0x0, 0x6b, 0xef,
    0xec, 0x60, 0x0,

    /* U+04E2 "Ӣ" */
    0x0, 0x0, 0x0, 0x0, 0x0, 0x0, 0x0, 0x1,
    0xff, 0xff, 0xff, 0x70, 0x0, 0x0, 0x3, 0x33,
    0x33, 0x31, 0x0, 0x0, 0x0, 0x0, 0x0, 0x0,
    0x0, 0x0, 0xdf, 0x20, 0x0, 0x0, 0x1, 0xef,
    0x4d, 0xf2, 0x0, 0x0, 0x0, 0xbf, 0xf4, 0xdf,
    0x20, 0x0, 0x0, 0x7f, 0xff, 0x4d, 0xf2, 0x0,
    0x0, 0x4f, 0xfd, 0xf4, 0xdf, 0x20, 0x0, 0x1e,
    0xf5, 0xbf, 0x4d, 0xf2, 0x0, 0xc, 0xf8, 0xb,
    0xf4, 0xdf, 0x20, 0x8, 0xfc, 0x0, 0xbf, 0x4d,
    0xf2, 0x5, 0xfe, 0x10, 0xb, 0xf4, 0xdf, 0x22,
    0xff, 0x40, 0x0, 0xbf, 0x4d, 0xf3, 0xdf, 0x70,
    0x0, 0xb, 0xf4, 0xdf, 0xcf, 0xb0, 0x0, 0x0,
    0xbf, 0x4d, 0xff, 0xd1, 0x0, 0x0, 0xb, 0xf4,
    0xdf, 0xf3, 0x0, 0x0, 0x0, 0xbf, 0x4d, 0xf6,
    0x0, 0x0, 0x0, 0xb, 0xf4,

    /* U+04E3 "ӣ" */
    0x0, 0x7f, 0xff, 0xff, 0xf1, 0x0, 0x0, 0x13,
    0x33, 0x33, 0x30, 0x0, 0x0, 0x0, 0x0, 0x0,
    0x0, 0x0, 0x2f, 0xc0, 0x0, 0x0, 0x2f, 0xf0,
    0x2f, 0xc0, 0x0, 0x1, 0xdf, 0xf0, 0x2f, 0xc0,
    0x0, 0xb, 0xff, 0xf0, 0x2f, 0xc0, 0x0, 0x8f,
    0xae, 0xf0, 0x2f, 0xc0, 0x5, 0xfd, 0xe, 0xf0,
    0x2f, 0xc0, 0x3f, 0xe2, 0xe, 0xf0, 0x2f, 0xc1,
    0xef, 0x40, 0xe, 0xf0, 0x2f, 0xcc, 0xf7, 0x0,
    0xe, 0xf0, 0x2f, 0xff, 0xa0, 0x0, 0xe, 0xf0,
    0x2f, 0xfc, 0x0, 0x0, 0xe, 0xf0, 0x2f, 0xe1,
    0x0, 0x0, 0xe, 0xf0,

    /* U+04E4 "Ӥ" */
    0x0, 0x7, 0xe2, 0xb, 0xd0, 0x0, 0x0, 0x0,
    0x8f, 0x30, 0xce, 0x0, 0x0, 0x0, 0x0, 0x10,
    0x0, 0x0, 0x0, 0x0, 0x0, 0x0, 0x0, 0x0,
    0x0, 0x0, 0xdf, 0x20, 0x0, 0x0, 0x1, 0xef,
    0x4d, 0xf2, 0x0, 0x0, 0x0, 0xbf, 0xf4, 0xdf,
    0x20, 0x0, 0x0, 0x7f, 0xff, 0x4d, 0xf2, 0x0,
    0x0, 0x4f, 0xfd, 0xf4, 0xdf, 0x20, 0x0, 0x1e,
    0xf5, 0xbf, 0x4d, 0xf2, 0x0, 0xc, 0xf8, 0xb,
    0xf4, 0xdf, 0x20, 0x8, 0xfc, 0x0, 0xbf, 0x4d,
    0xf2, 0x5, 0xfe, 0x10, 0xb, 0xf4, 0xdf, 0x22,
    0xff, 0x40, 0x0, 0xbf, 0x4d, 0xf3, 0xdf, 0x70,
    0x0, 0xb, 0xf4, 0xdf, 0xcf, 0xb0, 0x0, 0x0,
    0xbf, 0x4d, 0xff, 0xd1, 0x0, 0x0, 0xb, 0xf4,
    0xdf, 0xf3, 0x0, 0x0, 0x0, 0xbf, 0x4d, 0xf6,
    0x0, 0x0, 0x0, 0xb, 0xf4,

    /* U+04E5 "ӥ" */
    0x0, 0xc, 0xb0, 0x2e, 0x70, 0x0, 0x0, 0xe,
    0xd0, 0x3f, 0x80, 0x0, 0x0, 0x0, 0x0, 0x0,
    0x0, 0x0, 0x2f, 0xc0, 0x0, 0x0, 0x2f, 0xf0,
    0x2f, 0xc0, 0x0, 0x1, 0xdf, 0xf0, 0x2f, 0xc0,
    0x0, 0xb, 0xff, 0xf0, 0x2f, 0xc0, 0x0, 0x8f,
    0xae, 0xf0, 0x2f, 0xc0, 0x5, 0xfd, 0xe, 0xf0,
    0x2f, 0xc0, 0x3f, 0xe2, 0xe, 0xf0, 0x2f, 0xc1,
    0xef, 0x40, 0xe, 0xf0, 0x2f, 0xcc, 0xf7, 0x0,
    0xe, 0xf0, 0x2f, 0xff, 0xa0, 0x0, 0xe, 0xf0,
    0x2f, 0xfc, 0x0, 0x0, 0xe, 0xf0, 0x2f, 0xe1,
    0x0, 0x0, 0xe, 0xf0,

    /* U+04E6 "Ӧ" */
    0x0, 0x0, 0x1, 0x0, 0x1, 0x0, 0x0, 0x0,
    0x0, 0x4, 0xf7, 0x8, 0xf3, 0x0, 0x0, 0x0,
    0x0, 0x3f, 0x60, 0x7e, 0x20, 0x0, 0x0, 0x0,
    0x0, 0x0, 0x0, 0x0, 0x0, 0x0, 0x0, 0x0,
    0x0, 0x0, 0x0, 0x0, 0x0, 0x0, 0x0, 0x7,
    0xbe, 0xfe, 0xb6, 0x0, 0x0, 0x0, 0x4e, 0xff,
    0xfd, 0xff, 0xfe, 0x30, 0x0, 0x4f, 0xfa, 0x20,
    0x0, 0x3b, 0xff, 0x40, 0x1f, 0xf6, 0x0, 0x0,
    0x0, 0x8, 0xfe, 0x8, 0xfa, 0x0, 0x0, 0x0,
    0x0, 0xc, 0xf6, 0xcf, 0x40, 0x0, 0x0, 0x0,
    0x0, 0x5f, 0xbf, 0xf1, 0x0, 0x0, 0x0, 0x0,
    0x2, 0xfd, 0xff, 0x10, 0x0, 0x0, 0x0, 0x0,
    0x2f, 0xdc, 0xf4, 0x0, 0x0, 0x0, 0x0, 0x5,
    0xfb, 0x8f, 0xa0, 0x0, 0x0, 0x0, 0x0, 0xcf,
    0x61, 0xff, 0x70, 0x0, 0x0, 0x0, 0x8f, 0xe0,
    0x4, 0xff, 0xa3, 0x0, 0x3, 0xbf, 0xf4, 0x0,
    0x4, 0xef, 0xff, 0xdf, 0xff, 0xe3, 0x0, 0x0,
    0x0, 0x7b, 0xef, 0xeb, 0x60, 0x0, 0x0,

    /* U+04E7 "ӧ" */
    0x0, 0x4, 0xf5, 0x8, 0xe1, 0x0, 0x0, 0x5,
    0xf6, 0x9, 0xf2, 0x0, 0x0, 0x0, 0x0, 0x0,
    0x0, 0x0, 0x0, 0x3, 0xae, 0xfd, 0x92, 0x0,
    0x0, 0x7f, 0xfd, 0xce, 0xff, 0x40, 0x4, 0xfe,
    0x40, 0x0, 0x6f, 0xf1, 0xc, 0xf5, 0x0, 0x0,
    0x8, 0xf8, 0xf, 0xe0, 0x0, 0x0, 0x2, 0xfc,
    0x1f, 0xd0, 0x0, 0x0, 0x1, 0xfe, 0xf, 0xe0,
    0x0, 0x0, 0x2, 0xfc, 0xb, 0xf5, 0x0, 0x0,
    0x8, 0xf8, 0x4, 0xfe, 0x40, 0x0, 0x6f, 0xe1,
    0x0, 0x7f, 0xfd, 0xce, 0xff, 0x40, 0x0, 0x3,
    0xae, 0xfd, 0x92, 0x0,

    /* U+04E8 "Ө" */
    0x0, 0x0, 0x7b, 0xef, 0xeb, 0x60, 0x0, 0x0,
    0x4, 0xef, 0xfe, 0xde, 0xff, 0xe3, 0x0, 0x4,
    0xff, 0x82, 0x0, 0x2, 0x8f, 0xf4, 0x1, 0xff,
    0x30, 0x0, 0x0, 0x0, 0x3f, 0xe0, 0x8f, 0x70,
    0x0, 0x0, 0x0, 0x0, 0x8f, 0x6c, 0xfb, 0xaa,
    0xaa, 0xaa, 0xaa, 0xab, 0xfb, 0xff, 0xff, 0xff,
    0xff, 0xff, 0xff, 0xff, 0xdf, 0xf2, 0x0, 0x0,
    0x0, 0x0, 0x3, 0xfd, 0xcf, 0x60, 0x0, 0x0,
    0x0, 0x0, 0x7f, 0xb8, 0xfd, 0x0, 0x0, 0x0,
    0x0, 0xe, 0xf6, 0x1f, 0xf9, 0x0, 0x0, 0x0,
    0xa, 0xfe, 0x0, 0x4f, 0xfb, 0x30, 0x0, 0x4c,
    0xff, 0x40, 0x0, 0x4e, 0xff, 0xfd, 0xff, 0xfe,
    0x30, 0x0, 0x0, 0x7, 0xbe, 0xfe, 0xb6, 0x0,
    0x0,

    /* U+04E9 "ө" */
    0x0, 0x3, 0xae, 0xfd, 0x92, 0x0, 0x0, 0x7f,
    0xfe, 0xce, 0xff, 0x40, 0x4, 0xff, 0x50, 0x0,
    0x8f, 0xf1, 0xc, 0xf6, 0x0, 0x0, 0xa, 0xf8,
    0xf, 0xf2, 0x11, 0x11, 0x15, 0xfc, 0x1f, 0xff,
    0xff, 0xff, 0xff, 0xfe, 0xf, 0xf4, 0x44, 0x44,
    0x46, 0xfc, 0xb, 0xf4, 0x0, 0x0, 0x7, 0xf8,
    0x4, 0xfe, 0x40, 0x0, 0x6f, 0xe1, 0x0, 0x7f,
    0xfd, 0xce, 0xff, 0x40, 0x0, 0x3, 0xae, 0xfd,
    0x92, 0x0,

    /* U+04EA "Ӫ" */
    0x0, 0x0, 0x1, 0x0, 0x1, 0x0, 0x0, 0x0,
    0x0, 0x4, 0xf7, 0x8, 0xf3, 0x0, 0x0, 0x0,
    0x0, 0x3f, 0x60, 0x7e, 0x20, 0x0, 0x0, 0x0,
    0x0, 0x0, 0x0, 0x0, 0x0, 0x0, 0x0, 0x0,
    0x0, 0x0, 0x0, 0x0, 0x0, 0x0, 0x0, 0x7,
    0xbe, 0xfe, 0xb6, 0x0, 0x0, 0x0, 0x4e, 0xff,
    0xed, 0xef, 0xfe, 0x30, 0x0, 0x4f, 0xf8, 0x20,
    0x0, 0x28, 0xff, 0x40, 0x1f, 0xf3, 0x0, 0x0,
    0x0, 0x3, 0xfe, 0x8, 0xf7, 0x0, 0x0, 0x0,
    0x0, 0x8, 0xf6, 0xcf, 0xba, 0xaa, 0xaa, 0xaa,
    0xaa, 0xbf, 0xbf, 0xff, 0xff, 0xff, 0xff, 0xff,
    0xff, 0xfd, 0xff, 0x20, 0x0, 0x0, 0x0, 0x0,
    0x3f, 0xdc, 0xf6, 0x0, 0x0, 0x0, 0x0, 0x7,
    0xfb, 0x8f, 0xd0, 0x0, 0x0, 0x0, 0x0, 0xef,
    0x61, 0xff, 0x90, 0x0, 0x0, 0x0, 0xaf, 0xe0,
    0x4, 0xff, 0xb3, 0x0, 0x4, 0xcf, 0xf4, 0x0,
    0x4, 0xef, 0xff, 0xdf, 0xff, 0xe3, 0x0, 0x0,
    0x0, 0x7b, 0xef, 0xeb, 0x60, 0x0, 0x0,

    /* U+04EB "ӫ" */
    0x0, 0x4, 0xf5, 0x8, 0xe1, 0x0, 0x0, 0x5,
    0xf6, 0x9, 0xf2, 0x0, 0x0, 0x0, 0x0, 0x0,
    0x0, 0x0, 0x0, 0x3, 0xae, 0xfd, 0x92, 0x0,
    0x0, 0x7f, 0xfe, 0xce, 0xff, 0x40, 0x4, 0xff,
    0x50, 0x0, 0x8f, 0xf1, 0xc, 0xf6, 0x0, 0x0,
    0xa, 0xf8, 0xf, 0xf2, 0x11, 0x11, 0x15, 0xfc,
    0x1f, 0xff, 0xff, 0xff, 0xff, 0xfe, 0xf, 0xf4,
    0x44, 0x44, 0x46, 0xfc, 0xb, 0xf4, 0x0, 0x0,
    0x7, 0xf8, 0x4, 0xfe, 0x40, 0x0, 0x6f, 0xe1,
    0x0, 0x7f, 0xfd, 0xce, 0xff, 0x40, 0x0, 0x3,
    0xae, 0xfd, 0x92, 0x0,

    /* U+04EC "Ӭ" */
    0x0, 0x0, 0x10, 0x0, 0x10, 0x0, 0x0, 0x0,
    0x5, 0xf6, 0x9, 0xf2, 0x0, 0x0, 0x0, 0x4,
    0xf5, 0x8, 0xe1, 0x0, 0x0, 0x0, 0x0, 0x0,
    0x0, 0x0, 0x0, 0x0, 0x0, 0x0, 0x0, 0x0,
    0x0, 0x0, 0x0, 0x0, 0x39, 0xdf, 0xfd, 0x92,
    0x0, 0x0, 0x9, 0xff, 0xfe, 0xef, 0xff, 0x70,
    0x0, 0x2e, 0xd5, 0x0, 0x1, 0x8f, 0xf7, 0x0,
    0x2, 0x0, 0x0, 0x0, 0x4, 0xff, 0x20, 0x0,
    0x0, 0x0, 0x0, 0x0, 0x8f, 0xa0, 0x0, 0x0,
    0x0, 0x0, 0x0, 0x2f, 0xe0, 0x0, 0x0, 0xcf,
    0xff, 0xff, 0xff, 0xf0, 0x0, 0x0, 0x8b, 0xbb,
    0xbb, 0xbf, 0xf0, 0x0, 0x0, 0x0, 0x0, 0x0,
    0x2f, 0xe0, 0x0, 0x0, 0x0, 0x0, 0x0, 0x8f,
    0xa0, 0x2, 0x0, 0x0, 0x0, 0x4, 0xff, 0x20,
    0x2e, 0xd5, 0x0, 0x1, 0x8f, 0xf7, 0x0, 0x9,
    0xff, 0xfe, 0xef, 0xff, 0x70, 0x0, 0x0, 0x39,
    0xdf, 0xfd, 0x92, 0x0, 0x0,

    /* U+04ED "ӭ" */
    0x0, 0x6f, 0x30, 0xad, 0x0, 0x0, 0x7, 0xf4,
    0xb, 0xe0, 0x0, 0x0, 0x0, 0x0, 0x0, 0x0,
    0x0, 0x18, 0xdf, 0xec, 0x60, 0x0, 0x3f, 0xfc,
    0xab, 0xef, 0xc1, 0x0, 0xb4, 0x0, 0x0, 0x9f,
    0xb0, 0x0, 0x0, 0x0, 0x0, 0xcf, 0x30, 0x0,
    0x12, 0x22, 0x27, 0xf8, 0x0, 0x8, 0xff, 0xff,
    0xff, 0x90, 0x0, 0x25, 0x55, 0x58, 0xf8, 0x0,
    0x0, 0x0, 0x0, 0xaf, 0x30, 0x93, 0x0, 0x0,
    0x8f, 0xb0, 0x3f, 0xfc, 0xab, 0xef, 0xc1, 0x0,
    0x18, 0xdf, 0xec, 0x60, 0x0,

    /* U+04EE "Ӯ" */
    0x0, 0x0, 0x0, 0x0, 0x0, 0x0, 0x0, 0x0,
    0x7, 0xff, 0xff, 0xff, 0x10, 0x0, 0x0, 0x1,
    0x33, 0x33, 0x33, 0x0, 0x0, 0x0, 0x0, 0x0,
    0x0, 0x0, 0x0, 0x0, 0x6f, 0xb0, 0x0, 0x0,
    0x0, 0x9, 0xf6, 0xe, 0xf3, 0x0, 0x0, 0x0,
    0x2f, 0xd0, 0x6, 0xfb, 0x0, 0x0, 0x0, 0x9f,
    0x50, 0x0, 0xdf, 0x30, 0x0, 0x2, 0xfc, 0x0,
    0x0, 0x5f, 0xb0, 0x0, 0xa, 0xf4, 0x0, 0x0,
    0xd, 0xf3, 0x0, 0x2f, 0xc0, 0x0, 0x0, 0x5,
    0xfb, 0x0, 0xaf, 0x30, 0x0, 0x0, 0x0, 0xcf,
    0x32, 0xfb, 0x0, 0x0, 0x0, 0x0, 0x4f, 0xba,
    0xf2, 0x0, 0x0, 0x0, 0x0, 0xc, 0xff, 0xa0,
    0x0, 0x0, 0x0, 0x0, 0x4, 0xff, 0x20, 0x0,
    0x0, 0x0, 0x0, 0x7, 0xf9, 0x0, 0x0, 0x0,
    0x0, 0x43, 0x7f, 0xe1, 0x0, 0x0, 0x0, 0x2,
    0xff, 0xff, 0x40, 0x0, 0x0, 0x0, 0x1, 0x8a,
    0x71, 0x0, 0x0, 0x0, 0x0,

    /* U+04EF "ӯ" */
    0x0, 0xd, 0xff, 0xff, 0xfb, 0x0, 0x0, 0x0,
    0x23, 0x33, 0x33, 0x20, 0x0, 0x0, 0x0, 0x0,
    0x0, 0x0, 0x0, 0x0, 0xbf, 0x40, 0x0, 0x0,
    0xc, 0xf1, 0x4, 0xfb, 0x0, 0x0, 0x3, 0xfa,
    0x0, 0xd, 0xf2, 0x0, 0x0, 0x9f, 0x30, 0x0,
    0x6f, 0x80, 0x0, 0x1f, 0xd0, 0x0, 0x0, 0xff,
    0x0, 0x7, 0xf6, 0x0, 0x0, 0x8, 0xf6, 0x0,
    0xee, 0x0, 0x0, 0x0, 0x2f, 0xd0, 0x5f, 0x80,
    0x0, 0x0, 0x0, 0xbf, 0x4b, 0xf1, 0x0, 0x0,
    0x0, 0x4, 0xfc, 0xfa, 0x0, 0x0, 0x0, 0x0,
    0xd, 0xff, 0x30, 0x0, 0x0, 0x0, 0x0, 0x6f,
    0xd0, 0x0, 0x0, 0x0, 0x0, 0x8, 0xf6, 0x0,
    0x0, 0x0, 0x30, 0x2, 0xfe, 0x0, 0x0, 0x0,
    0x1f, 0xeb, 0xff, 0x50, 0x0, 0x0, 0x0, 0x7e,
    0xfd, 0x50, 0x0, 0x0, 0x0,

    /* U+04F0 "Ӱ" */
    0x0, 0x0, 0xdb, 0x2, 0xe7, 0x0, 0x0, 0x0,
    0x0, 0xec, 0x3, 0xf8, 0x0, 0x0, 0x0, 0x0,
    0x0, 0x0, 0x10, 0x0, 0x0, 0x0, 0x0, 0x0,
    0x0, 0x0, 0x0, 0x0, 0x6f, 0xb0, 0x0, 0x0,
    0x0, 0x9, 0xf6, 0xe, 0xf3, 0x0, 0x0, 0x0,
    0x2f, 0xd0, 0x6, 0xfb, 0x0, 0x0, 0x0, 0x9f,
    0x50, 0x0, 0xdf, 0x30, 0x0, 0x2, 0xfc, 0x0,
    0x0, 0x5f, 0xb0, 0x0, 0xa, 0xf4, 0x0, 0x0,
    0xd, 0xf3, 0x0, 0x2f, 0xc0, 0x0, 0x0, 0x5,
    0xfb, 0x0, 0xaf, 0x30, 0x0, 0x0, 0x0, 0xcf,
    0x32, 0xfb, 0x0, 0x0, 0x0, 0x0, 0x4f, 0xba,
    0xf2, 0x0, 0x0, 0x0, 0x0, 0xc, 0xff, 0xa0,
    0x0, 0x0, 0x0, 0x0, 0x4, 0xff, 0x20, 0x0,
    0x0, 0x0, 0x0, 0x7, 0xf9, 0x0, 0x0, 0x0,
    0x0, 0x43, 0x7f, 0xe1, 0x0, 0x0, 0x0, 0x2,
    0xff, 0xff, 0x40, 0x0, 0x0, 0x0, 0x1, 0x8a,
    0x71, 0x0, 0x0, 0x0, 0x0,

    /* U+04F1 "ӱ" */
    0x0, 0x3, 0xf5, 0x7, 0xe2, 0x0, 0x0, 0x0,
    0x4f, 0x60, 0x8f, 0x20, 0x0, 0x0, 0x0, 0x0,
    0x0, 0x0, 0x0, 0x0, 0xbf, 0x40, 0x0, 0x0,
    0xc, 0xf1, 0x4, 0xfb, 0x0, 0x0, 0x3, 0xfa,
    0x0, 0xd, 0xf2, 0x0, 0x0, 0x9f, 0x30, 0x0,
    0x6f, 0x80, 0x0, 0x1f, 0xd0, 0x0, 0x0, 0xff,
    0x0, 0x7, 0xf6, 0x0, 0x0, 0x8, 0xf6, 0x0,
    0xee, 0x0, 0x0, 0x0, 0x2f, 0xd0, 0x5f, 0x80,
    0x0, 0x0, 0x0, 0xbf, 0x4b, 0xf1, 0x0, 0x0,
    0x0, 0x4, 0xfc, 0xfa, 0x0, 0x0, 0x0, 0x0,
    0xd, 0xff, 0x30, 0x0, 0x0, 0x0, 0x0, 0x6f,
    0xd0, 0x0, 0x0, 0x0, 0x0, 0x8, 0xf6, 0x0,
    0x0, 0x0, 0x30, 0x2, 0xfe, 0x0, 0x0, 0x0,
    0x1f, 0xeb, 0xff, 0x50, 0x0, 0x0, 0x0, 0x7e,
    0xfd, 0x50, 0x0, 0x0, 0x0,

    /* U+04F2 "Ӳ" */
    0x0, 0x0, 0x4, 0xfa, 0xc, 0xf2, 0x0, 0x0,
    0x0, 0x1e, 0xc0, 0x7f, 0x50, 0x0, 0x0, 0x0,
    0x5a, 0x10, 0xa6, 0x0, 0x0, 0x0, 0x0, 0x0,
    0x0, 0x0, 0x0, 0x0, 0x6f, 0xb0, 0x0, 0x0,
    0x0, 0x9, 0xf6, 0xe, 0xf3, 0x0, 0x0, 0x0,
    0x2f, 0xd0, 0x6, 0xfb, 0x0, 0x0, 0x0, 0x9f,
    0x50, 0x0, 0xdf, 0x30, 0x0, 0x2, 0xfc, 0x0,
    0x0, 0x5f, 0xb0, 0x0, 0xa, 0xf4, 0x0, 0x0,
    0xd, 0xf3, 0x0, 0x2f, 0xc0, 0x0, 0x0, 0x5,
    0xfb, 0x0, 0xaf, 0x30, 0x0, 0x0, 0x0, 0xcf,
    0x32, 0xfb, 0x0, 0x0, 0x0, 0x0, 0x4f, 0xba,
    0xf2, 0x0, 0x0, 0x0, 0x0, 0xc, 0xff, 0xa0,
    0x0, 0x0, 0x0, 0x0, 0x4, 0xff, 0x20, 0x0,
    0x0, 0x0, 0x0, 0x7, 0xf9, 0x0, 0x0, 0x0,
    0x0, 0x43, 0x7f, 0xe1, 0x0, 0x0, 0x0, 0x2,
    0xff, 0xff, 0x40, 0x0, 0x0, 0x0, 0x1, 0x8a,
    0x71, 0x0, 0x0, 0x0, 0x0,

    /* U+04F3 "ӳ" */
    0x0, 0x0, 0xa, 0xf4, 0x3f, 0xc0, 0x0, 0x0,
    0x5, 0xf7, 0xd, 0xe1, 0x0, 0x0, 0x0, 0x98,
    0x4, 0xa2, 0x0, 0x0, 0x0, 0x0, 0x0, 0x0,
    0x0, 0x0, 0xb, 0xf4, 0x0, 0x0, 0x0, 0xcf,
    0x10, 0x4f, 0xb0, 0x0, 0x0, 0x3f, 0xa0, 0x0,
    0xdf, 0x20, 0x0, 0x9, 0xf3, 0x0, 0x6, 0xf8,
    0x0, 0x1, 0xfd, 0x0, 0x0, 0xf, 0xf0, 0x0,
    0x7f, 0x60, 0x0, 0x0, 0x8f, 0x60, 0xe, 0xe0,
    0x0, 0x0, 0x2, 0xfd, 0x5, 0xf8, 0x0, 0x0,
    0x0, 0xb, 0xf4, 0xbf, 0x10, 0x0, 0x0, 0x0,
    0x4f, 0xcf, 0xa0, 0x0, 0x0, 0x0, 0x0, 0xdf,
    0xf3, 0x0, 0x0, 0x0, 0x0, 0x6, 0xfd, 0x0,
    0x0, 0x0, 0x0, 0x0, 0x8f, 0x60, 0x0, 0x0,
    0x3, 0x0, 0x2f, 0xe0, 0x0, 0x0, 0x1, 0xfe,
    0xbf, 0xf5, 0x0, 0x0, 0x0, 0x7, 0xef, 0xd5,
    0x0, 0x0, 0x0, 0x0,

    /* U+04F4 "Ӵ" */
    0x0, 0x3, 0xf5, 0x7, 0xe2, 0x0, 0x0, 0x0,
    0x4f, 0x70, 0x9f, 0x20, 0x0, 0x0, 0x0, 0x10,
    0x0, 0x10, 0x0, 0x0, 0x0, 0x0, 0x0, 0x0,
    0x0, 0x0, 0x4f, 0xb0, 0x0, 0x0, 0x0, 0xcf,
    0x24, 0xfb, 0x0, 0x0, 0x0, 0xc, 0xf2, 0x4f,
    0xb0, 0x0, 0x0, 0x0, 0xcf, 0x24, 0xfb, 0x0,
    0x0, 0x0, 0xc, 0xf2, 0x4f, 0xc0, 0x0, 0x0,
    0x0, 0xcf, 0x22, 0xff, 0x10, 0x0, 0x0, 0xc,
    0xf2, 0xd, 0xfc, 0x20, 0x0, 0x16, 0xef, 0x20,
    0x3f, 0xff, 0xed, 0xef, 0xff, 0xf2, 0x0, 0x19,
    0xdf, 0xfd, 0xa5, 0xdf, 0x20, 0x0, 0x0, 0x0,
    0x0, 0xc, 0xf2, 0x0, 0x0, 0x0, 0x0, 0x0,
    0xcf, 0x20, 0x0, 0x0, 0x0, 0x0, 0xc, 0xf2,
    0x0, 0x0, 0x0, 0x0, 0x0, 0xcf, 0x20, 0x0,
    0x0, 0x0, 0x0, 0xc, 0xf2,

    /* U+04F5 "ӵ" */
    0x0, 0x2e, 0x70, 0x6e, 0x30, 0x0, 0x3, 0xf8,
    0x7, 0xf4, 0x0, 0x0, 0x0, 0x0, 0x0, 0x0,
    0x2, 0xfc, 0x0, 0x0, 0x9, 0xf5, 0x2f, 0xc0,
    0x0, 0x0, 0x9f, 0x52, 0xfc, 0x0, 0x0, 0x9,
    0xf5, 0x2f, 0xc0, 0x0, 0x0, 0x9f, 0x51, 0xfe,
    0x0, 0x0, 0x9, 0xf5, 0xd, 0xfa, 0x20, 0x26,
    0xdf, 0x50, 0x3e, 0xff, 0xff, 0xff, 0xf5, 0x0,
    0x6, 0x89, 0x62, 0x9f, 0x50, 0x0, 0x0, 0x0,
    0x9, 0xf5, 0x0, 0x0, 0x0, 0x0, 0x9f, 0x50,
    0x0, 0x0, 0x0, 0x9, 0xf5,

    /* U+04F6 "Ӷ" */
    0xdf, 0xff, 0xff, 0xff, 0xf5, 0xdf, 0xdc, 0xcc,
    0xcc, 0xc4, 0xdf, 0x20, 0x0, 0x0, 0x0, 0xdf,
    0x20, 0x0, 0x0, 0x0, 0xdf, 0x20, 0x0, 0x0,
    0x0, 0xdf, 0x20, 0x0, 0x0, 0x0, 0xdf, 0x20,
    0x0, 0x0, 0x0, 0xdf, 0x20, 0x0, 0x0, 0x0,
    0xdf, 0x20, 0x0, 0x0, 0x0, 0xdf, 0x20, 0x0,
    0x0, 0x0, 0xdf, 0x20, 0x0, 0x0, 0x0, 0xdf,
    0x20, 0x0, 0x0, 0x0, 0xff, 0xec, 0x30, 0x0,
    0x0, 0xff, 0xff, 0x40, 0x0, 0x0, 0x0, 0x9f,
    0x40, 0x0, 0x0, 0x0, 0x9f, 0x40, 0x0, 0x0,
    0x0, 0x9f, 0x40, 0x0, 0x0,

    /* U+04F7 "ӷ" */
    0x2f, 0xff, 0xff, 0xff, 0xa2, 0xff, 0xbb, 0xbb,
    0xb7, 0x2f, 0xc0, 0x0, 0x0, 0x2, 0xfc, 0x0,
    0x0, 0x0, 0x2f, 0xc0, 0x0, 0x0, 0x2, 0xfc,
    0x0, 0x0, 0x0, 0x2f, 0xc0, 0x0, 0x0, 0x2,
    0xfc, 0x0, 0x0, 0x0, 0x2f, 0xc0, 0x0, 0x0,
    0x3, 0xff, 0xb5, 0x0, 0x0, 0x4f, 0xff, 0x70,
    0x0, 0x0, 0x5, 0xf7, 0x0, 0x0, 0x0, 0x5f,
    0x70, 0x0, 0x0, 0x2, 0x83, 0x0, 0x0,

    /* U+04F8 "Ӹ" */
    0x0, 0x0, 0xa, 0xd0, 0x1e, 0x90, 0x0, 0x0,
    0x0, 0x0, 0xc, 0xe0, 0x1f, 0xa0, 0x0, 0x0,
    0x0, 0x0, 0x0, 0x0, 0x0, 0x0, 0x0, 0x0,
    0x0, 0x0, 0x0, 0x0, 0x0, 0x0, 0x0, 0x0,
    0xdf, 0x20, 0x0, 0x0, 0x0, 0x0, 0x4, 0xfb,
    0xdf, 0x20, 0x0, 0x0, 0x0, 0x0, 0x4, 0xfb,
    0xdf, 0x20, 0x0, 0x0, 0x0, 0x0, 0x4, 0xfb,
    0xdf, 0x20, 0x0, 0x0, 0x0, 0x0, 0x4, 0xfb,
    0xdf, 0xaa, 0xaa, 0x98, 0x40, 0x0, 0x4, 0xfb,
    0xdf, 0xff, 0xff, 0xff, 0xfd, 0x20, 0x4, 0xfb,
    0xdf, 0x20, 0x0, 0x14, 0xcf, 0xd0, 0x4, 0xfb,
    0xdf, 0x20, 0x0, 0x0, 0xd, 0xf4, 0x4, 0xfb,
    0xdf, 0x20, 0x0, 0x0, 0x9, 0xf7, 0x4, 0xfb,
    0xdf, 0x20, 0x0, 0x0, 0x9, 0xf7, 0x4, 0xfb,
    0xdf, 0x20, 0x0, 0x0, 0xc, 0xf4, 0x4, 0xfb,
    0xdf, 0x20, 0x0, 0x0, 0x8f, 0xe0, 0x4, 0xfb,
    0xdf, 0xaa, 0xaa, 0xbe, 0xff, 0x40, 0x4, 0xfb,
    0xdf, 0xff, 0xff, 0xfd, 0x92, 0x0, 0x4, 0xfb,

    /* U+04F9 "ӹ" */
    0x0, 0x0, 0x5f, 0x40, 0x9e, 0x10, 0x0, 0x0,
    0x0, 0x6f, 0x50, 0xaf, 0x10, 0x0, 0x0, 0x0,
    0x0, 0x0, 0x0, 0x0, 0x0, 0x2f, 0xc0, 0x0,
    0x0, 0x0, 0xa, 0xf4, 0x2f, 0xc0, 0x0, 0x0,
    0x0, 0xa, 0xf4, 0x2f, 0xc0, 0x0, 0x0, 0x0,
    0xa, 0xf4, 0x2f, 0xc2, 0x21, 0x0, 0x0, 0xa,
    0xf4, 0x2f, 0xff, 0xff, 0xfd, 0x40, 0xa, 0xf4,
    0x2f, 0xd5, 0x55, 0x8f, 0xf4, 0xa, 0xf4, 0x2f,
    0xc0, 0x0, 0x6, 0xfa, 0xa, 0xf4, 0x2f, 0xc0,
    0x0, 0x3, 0xfb, 0xa, 0xf4, 0x2f, 0xc0, 0x0,
    0x8, 0xf9, 0xa, 0xf4, 0x2f, 0xe7, 0x78, 0xbf,
    0xf2, 0xa, 0xf4, 0x2f, 0xff, 0xff, 0xd9, 0x20,
    0xa, 0xf4,

    /* U+04FA "Ӻ" */
    0x0, 0x4f, 0xff, 0xff, 0xff, 0xfe, 0x0, 0x4f,
    0xec, 0xcc, 0xcc, 0xcb, 0x0, 0x4f, 0xb0, 0x0,
    0x0, 0x0, 0x0, 0x4f, 0xb0, 0x0, 0x0, 0x0,
    0x0, 0x4f, 0xb0, 0x0, 0x0, 0x0, 0x0, 0x4f,
    0xb0, 0x0, 0x0, 0x0, 0x38, 0xaf, 0xd8, 0x88,
    0x88, 0x40, 0x6f, 0xff, 0xff, 0xff, 0xff, 0x80,
    0x0, 0x4f, 0xb0, 0x0, 0x0, 0x0, 0x0, 0x4f,
    0xb0, 0x0, 0x0, 0x0, 0x0, 0x4f, 0xb0, 0x0,
    0x0, 0x0, 0x0, 0x4f, 0xb0, 0x0, 0x0, 0x0,
    0x0, 0x4f, 0xec, 0x80, 0x0, 0x0, 0x0, 0x4f,
    0xff, 0xb0, 0x0, 0x0, 0x0, 0x0, 0x4f, 0xa0,
    0x0, 0x0, 0x0, 0x0, 0x8f, 0x90, 0x0, 0x0,
    0xa, 0xcb, 0xff, 0x30, 0x0, 0x0, 0x8, 0xdf,
    0xd4, 0x0, 0x0, 0x0,

    /* U+04FB "ӻ" */
    0x0, 0xaf, 0xff, 0xff, 0xf5, 0x0, 0xaf, 0xcb,
    0xbb, 0xb3, 0x0, 0xaf, 0x40, 0x0, 0x0, 0x0,
    0xaf, 0x40, 0x0, 0x0, 0x1, 0xbf, 0x51, 0x11,
    0x0, 0x5f, 0xff, 0xff, 0xff, 0x70, 0x14, 0xcf,
    0x74, 0x44, 0x20, 0x0, 0xaf, 0x40, 0x0, 0x0,
    0x0, 0xaf, 0x40, 0x0, 0x0, 0x0, 0xaf, 0xdc,
    0x0, 0x0, 0x0, 0xaf, 0xfe, 0x0, 0x0, 0x0,
    0x0, 0xfe, 0x0, 0x0, 0x0, 0x3, 0xfc, 0x0,
    0x0, 0x6c, 0xae, 0xf6, 0x0, 0x0, 0x5d, 0xfd,
    0x60, 0x0, 0x0,

    /* U+04FC "Ӽ" */
    0x1f, 0xf3, 0x0, 0x0, 0x0, 0xcf, 0x60, 0x5f,
    0xe1, 0x0, 0x0, 0x7f, 0xb0, 0x0, 0x9f, 0xa0,
    0x0, 0x3f, 0xe1, 0x0, 0x0, 0xdf, 0x60, 0xd,
    0xf4, 0x0, 0x0, 0x3, 0xff, 0x29, 0xf8, 0x0,
    0x0, 0x0, 0x7, 0xfe, 0xfc, 0x0, 0x0, 0x0,
    0x0, 0xb, 0xff, 0x20, 0x0, 0x0, 0x0, 0x1,
    0xef, 0xf8, 0x0, 0x0, 0x0, 0x0, 0xbf, 0x9e,
    0xf5, 0x0, 0x0, 0x0, 0x7f, 0xc0, 0x4f, 0xf2,
    0x0, 0x0, 0x3f, 0xf2, 0x0, 0x7f, 0xd0, 0x0,
    0xd, 0xf5, 0x0, 0x0, 0xbf, 0x80, 0xa, 0xfa,
    0x0, 0x0, 0x2, 0xff, 0x25, 0xfe, 0x0, 0x0,
    0x0, 0x9, 0xf9, 0x0, 0x0, 0x0, 0x0, 0x0,
    0x5f, 0xc0, 0x0, 0x0, 0x0, 0x0, 0x8, 0xfc,
    0x0, 0x0, 0x0, 0x7, 0xcb, 0xff, 0x50, 0x0,
    0x0, 0x0, 0x6d, 0xfd, 0x60,

    /* U+04FD "ӽ" */
    0x3f, 0xe1, 0x0, 0x1, 0xef, 0x20, 0x7f, 0xa0,
    0x0, 0xcf, 0x50, 0x0, 0xbf, 0x60, 0x8f, 0x90,
    0x0, 0x1, 0xef, 0x6f, 0xd0, 0x0, 0x0, 0x4,
    0xff, 0xf3, 0x0, 0x0, 0x0, 0xd, 0xfc, 0x0,
    0x0, 0x0, 0x7, 0xff, 0xf8, 0x0, 0x0, 0x3,
    0xfe, 0x2d, 0xf5, 0x0, 0x1, 0xef, 0x30, 0x2e,
    0xf2, 0x0, 0xaf, 0x80, 0x0, 0x5f, 0xc0, 0x6f,
    0xc0, 0x0, 0x0, 0xbf, 0x40, 0x0, 0x0, 0x0,
    0x5, 0xf8, 0x0, 0x0, 0x0, 0x0, 0x8f, 0x80,
    0x0, 0x0, 0x9b, 0xbf, 0xf3, 0x0, 0x0, 0x8,
    0xef, 0xd4, 0x0,

    /* U+04FE "Ӿ" */
    0xc, 0xf8, 0x0, 0x0, 0x0, 0xdf, 0x70, 0x2,
    0xff, 0x40, 0x0, 0x9, 0xfb, 0x0, 0x0, 0x5f,
    0xe1, 0x0, 0x5f, 0xe1, 0x0, 0x0, 0xa, 0xfb,
    0x2, 0xff, 0x40, 0x0, 0x0, 0x0, 0xdf, 0x7c,
    0xf9, 0x0, 0x0, 0x0, 0x0, 0x3f, 0xff, 0xd0,
    0x0, 0x0, 0x2, 0xff, 0xff, 0xff, 0xff, 0xfb,
    0x0, 0x1, 0x88, 0x9f, 0xff, 0xe8, 0x85, 0x0,
    0x0, 0x0, 0x9f, 0xcf, 0xf6, 0x0, 0x0, 0x0,
    0x5, 0xfe, 0x15, 0xff, 0x20, 0x0, 0x0, 0x1e,
    0xf4, 0x0, 0xaf, 0xc0, 0x0, 0x0, 0xbf, 0x90,
    0x0, 0xe, 0xf7, 0x0, 0x6, 0xfd, 0x0, 0x0,
    0x3, 0xff, 0x30, 0x2f, 0xf3, 0x0, 0x0, 0x0,
    0x8f, 0xd0,

    /* U+04FF "ӿ" */
    0x1e, 0xf3, 0x0, 0x0, 0xbf, 0x50, 0x4f, 0xd0,
    0x0, 0x7f, 0xa0, 0x0, 0x9f, 0x90, 0x2f, 0xd0,
    0x0, 0x0, 0xdf, 0x5d, 0xf3, 0x0, 0x0, 0x15,
    0xff, 0xf9, 0x11, 0x0, 0x4f, 0xff, 0xff, 0xff,
    0xa0, 0x1, 0x47, 0xff, 0xfc, 0x43, 0x0, 0x0,
    0xdf, 0x4d, 0xf5, 0x0, 0x0, 0xaf, 0x70, 0x2f,
    0xf2, 0x0, 0x6f, 0xb0, 0x0, 0x6f, 0xc0, 0x3f,
    0xe1, 0x0, 0x0, 0xaf, 0x80,

    /* U+0510 "Ԑ" */
    0x0, 0x0, 0x0, 0x0, 0x0, 0x0, 0x0, 0x17,
    0xce, 0xfd, 0xa5, 0x0, 0x3, 0xef, 0xfe, 0xdf,
    0xff, 0x90, 0xe, 0xfa, 0x10, 0x0, 0x3a, 0x40,
    0x3f, 0xe0, 0x0, 0x0, 0x0, 0x0, 0x3f, 0xd0,
    0x0, 0x0, 0x0, 0x0, 0xd, 0xf5, 0x0, 0x0,
    0x0, 0x0, 0x2, 0xdf, 0xdb, 0xaa, 0x60, 0x0,
    0x2, 0xbf, 0xff, 0xff, 0x90, 0x0, 0x2f, 0xf6,
    0x10, 0x0, 0x0, 0x0, 0xaf, 0x50, 0x0, 0x0,
    0x0, 0x0, 0xdf, 0x30, 0x0, 0x0, 0x0, 0x0,
    0xbf, 0x70, 0x0, 0x0, 0x0, 0x10, 0x6f, 0xf7,
    0x0, 0x0, 0x3a, 0xd0, 0x9, 0xff, 0xfd, 0xce,
    0xff, 0xa0, 0x0, 0x4b, 0xef, 0xec, 0x82, 0x0,

    /* U+0511 "ԑ" */
    0x1, 0x8d, 0xff, 0xd9, 0x20, 0x1e, 0xfe, 0xbc,
    0xef, 0xb0, 0x8f, 0xb0, 0x0, 0x3, 0x40, 0x9f,
    0x60, 0x0, 0x0, 0x0, 0x2f, 0xd4, 0x21, 0x10,
    0x0, 0x4, 0xff, 0xff, 0xc0, 0x0, 0x6f, 0xd6,
    0x44, 0x30, 0x0, 0xdf, 0x20, 0x0, 0x0, 0x0,
    0xcf, 0x70, 0x0, 0x2, 0x60, 0x4f, 0xfe, 0xbb,
    0xdf, 0xf2, 0x2, 0x9d, 0xff, 0xd9, 0x30,

    /* U+0512 "Ԓ" */
    0x0, 0x4, 0xff, 0xff, 0xff, 0xff, 0xfa, 0x0,
    0x4, 0xfe, 0xcc, 0xcc, 0xcd, 0xfa, 0x0, 0x5,
    0xf7, 0x0, 0x0, 0x5, 0xfa, 0x0, 0x5, 0xf6,
    0x0, 0x0, 0x5, 0xfa, 0x0, 0x6, 0xf5, 0x0,
    0x0, 0x5, 0xfa, 0x0, 0x7, 0xf5, 0x0, 0x0,
    0x5, 0xfa, 0x0, 0x8, 0xf4, 0x0, 0x0, 0x5,
    0xfa, 0x0, 0x9, 0xf3, 0x0, 0x0, 0x5, 0xfa,
    0x0, 0xb, 0xf1, 0x0, 0x0, 0x5, 0xfa, 0x0,
    0xd, 0xf0, 0x0, 0x0, 0x5, 0xfa, 0x0, 0x2f,
    0xc0, 0x0, 0x0, 0x5, 0xfa, 0x0, 0xbf, 0x80,
    0x0, 0x0, 0x5, 0xfa, 0x9f, 0xff, 0x10, 0x0,
    0x0, 0x5, 0xfa, 0xaf, 0xc3, 0x0, 0x0, 0x0,
    0x5, 0xfa, 0x0, 0x0, 0x0, 0x0, 0x0, 0x6,
    0xf9, 0x0, 0x0, 0x0, 0x0, 0x31, 0x1c, 0xf7,
    0x0, 0x0, 0x0, 0x0, 0xdf, 0xff, 0xe1, 0x0,
    0x0, 0x0, 0x0, 0x5a, 0xb8, 0x10,

    /* U+0513 "ԓ" */
    0x0, 0x3f, 0xff, 0xff, 0xff, 0xf0, 0x4, 0xfd,
    0xbb, 0xbb, 0xff, 0x0, 0x4f, 0x70, 0x0, 0xf,
    0xf0, 0x5, 0xf6, 0x0, 0x0, 0xff, 0x0, 0x6f,
    0x50, 0x0, 0xf, 0xf0, 0x7, 0xf3, 0x0, 0x0,
    0xff, 0x0, 0x9f, 0x20, 0x0, 0xf, 0xf0, 0xb,
    0xf0, 0x0, 0x0, 0xff, 0x2, 0xfc, 0x0, 0x0,
    0xf, 0xfa, 0xff, 0x60, 0x0, 0x0, 0xff, 0xcf,
    0x90, 0x0, 0x0, 0xf, 0xf0, 0x0, 0x0, 0x0,
    0x0, 0xfe, 0x0, 0x0, 0x0, 0x0, 0x3f, 0xc0,
    0x0, 0x0, 0x5d, 0xbf, 0xf6, 0x0, 0x0, 0x5,
    0xdf, 0xd7, 0x0,

    /* U+051A "Ԛ" */
    0x0, 0x0, 0x7b, 0xef, 0xeb, 0x60, 0x0, 0x0,
    0x0, 0x4e, 0xff, 0xfd, 0xff, 0xfe, 0x30, 0x0,
    0x4, 0xff, 0xa3, 0x0, 0x3, 0xbf, 0xf4, 0x0,
    0x1e, 0xf7, 0x0, 0x0, 0x0, 0x8, 0xfe, 0x0,
    0x7f, 0xa0, 0x0, 0x0, 0x0, 0x0, 0xcf, 0x60,
    0xcf, 0x40, 0x0, 0x0, 0x0, 0x0, 0x5f, 0xb0,
    0xef, 0x10, 0x0, 0x0, 0x0, 0x0, 0x2f, 0xd0,
    0xef, 0x10, 0x0, 0x0, 0x0, 0x0, 0x2f, 0xd0,
    0xcf, 0x30, 0x0, 0x0, 0x0, 0x0, 0x5f, 0xb0,
    0x8f, 0xa0, 0x0, 0x0, 0x0, 0x0, 0xbf, 0x60,
    0x1f, 0xf6, 0x0, 0x0, 0x0, 0x7, 0xfe, 0x0,
    0x5, 0xff, 0x92, 0x0, 0x2, 0xaf, 0xf4, 0x0,
    0x0, 0x5f, 0xff, 0xec, 0xef, 0xfe, 0x40, 0x0,
    0x0, 0x1, 0x8d, 0xff, 0xfd, 0x70, 0x0, 0x0,
    0x0, 0x0, 0x0, 0x8, 0xfe, 0x30, 0x1, 0xa1,
    0x0, 0x0, 0x0, 0x0, 0x8f, 0xfb, 0xaf, 0xf4,
    0x0, 0x0, 0x0, 0x0, 0x3, 0xbe, 0xfc, 0x40,

    /* U+051B "ԛ" */
    0x0, 0x4, 0xbe, 0xfd, 0x70, 0xfe, 0x0, 0x7f,
    0xfe, 0xce, 0xfb, 0xfe, 0x4, 0xff, 0x50, 0x0,
    0x6f, 0xfe, 0xb, 0xf6, 0x0, 0x0, 0x8, 0xfe,
    0xf, 0xf0, 0x0, 0x0, 0x2, 0xfe, 0xf, 0xe0,
    0x0, 0x0, 0x0, 0xfe, 0xf, 0xf0, 0x0, 0x0,
    0x2, 0xfe, 0xb, 0xf6, 0x0, 0x0, 0x8, 0xfe,
    0x4, 0xff, 0x50, 0x0, 0x6f, 0xfe, 0x0, 0x7f,
    0xfe, 0xce, 0xfb, 0xfe, 0x0, 0x4, 0xbe, 0xfd,
    0x70, 0xfe, 0x0, 0x0, 0x0, 0x0, 0x0, 0xfe,
    0x0, 0x0, 0x0, 0x0, 0x0, 0xfe, 0x0, 0x0,
    0x0, 0x0, 0x0, 0xfe, 0x0, 0x0, 0x0, 0x0,
    0x0, 0xfe,

    /* U+051C "Ԝ" */
    0x6f, 0xa0, 0x0, 0x0, 0x2, 0xff, 0x0, 0x0,
    0x0, 0xc, 0xf2, 0x1f, 0xf0, 0x0, 0x0, 0x8,
    0xff, 0x50, 0x0, 0x0, 0x2f, 0xc0, 0xc, 0xf5,
    0x0, 0x0, 0xd, 0xff, 0xa0, 0x0, 0x0, 0x7f,
    0x70, 0x6, 0xfa, 0x0, 0x0, 0x2f, 0xbe, 0xf0,
    0x0, 0x0, 0xcf, 0x20, 0x1, 0xff, 0x0, 0x0,
    0x8f, 0x58, 0xf5, 0x0, 0x2, 0xfd, 0x0, 0x0,
    0xcf, 0x40, 0x0, 0xdf, 0x3, 0xfa, 0x0, 0x7,
    0xf7, 0x0, 0x0, 0x6f, 0xa0, 0x3, 0xfa, 0x0,
    0xef, 0x0, 0xc, 0xf2, 0x0, 0x0, 0x1f, 0xe0,
    0x8, 0xf5, 0x0, 0x9f, 0x50, 0x2f, 0xd0, 0x0,
    0x0, 0xc, 0xf4, 0xd, 0xf0, 0x0, 0x3f, 0xa0,
    0x7f, 0x70, 0x0, 0x0, 0x6, 0xf9, 0x3f, 0xa0,
    0x0, 0xe, 0xf0, 0xcf, 0x20, 0x0, 0x0, 0x1,
    0xfe, 0x8f, 0x50, 0x0, 0x9, 0xf7, 0xfd, 0x0,
    0x0, 0x0, 0x0, 0xcf, 0xff, 0x0, 0x0, 0x3,
    0xff, 0xf8, 0x0, 0x0, 0x0, 0x0, 0x6f, 0xfa,
    0x0, 0x0, 0x0, 0xef, 0xf2, 0x0, 0x0, 0x0,
    0x0, 0x1f, 0xf4, 0x0, 0x0, 0x0, 0x9f, 0xd0,
    0x0, 0x0,

    /* U+051D "ԝ" */
    0xaf, 0x40, 0x0, 0x0, 0xbf, 0x70, 0x0, 0x0,
    0x8f, 0x54, 0xfa, 0x0, 0x0, 0x1f, 0xfd, 0x0,
    0x0, 0xe, 0xe0, 0xe, 0xf0, 0x0, 0x7, 0xff,
    0xf2, 0x0, 0x4, 0xf9, 0x0, 0x9f, 0x60, 0x0,
    0xdf, 0x6f, 0x80, 0x0, 0xaf, 0x30, 0x3, 0xfb,
    0x0, 0x3f, 0xa0, 0xee, 0x0, 0xf, 0xd0, 0x0,
    0xd, 0xf1, 0x9, 0xf4, 0x9, 0xf4, 0x6, 0xf7,
    0x0, 0x0, 0x7f, 0x70, 0xee, 0x0, 0x3f, 0xa0,
    0xcf, 0x10, 0x0, 0x1, 0xfd, 0x5f, 0x80, 0x0,
    0xdf, 0x2f, 0xb0, 0x0, 0x0, 0xb, 0xfd, 0xf2,
    0x0, 0x7, 0xfd, 0xf5, 0x0, 0x0, 0x0, 0x5f,
    0xfc, 0x0, 0x0, 0x1f, 0xff, 0x0, 0x0, 0x0,
    0x0, 0xef, 0x60, 0x0, 0x0, 0xbf, 0x90, 0x0,
    0x0,

    /* U+0524 "Ԥ" */
    0xdf, 0xff, 0xff, 0xff, 0xff, 0xff, 0x30, 0xd,
    0xfd, 0xcc, 0xcc, 0xcc, 0xcf, 0xf3, 0x0, 0xdf,
    0x20, 0x0, 0x0, 0x0, 0xbf, 0x30, 0xd, 0xf2,
    0x0, 0x0, 0x0, 0xb, 0xf3, 0x0, 0xdf, 0x20,
    0x0, 0x0, 0x0, 0xbf, 0x30, 0xd, 0xf2, 0x0,
    0x0, 0x0, 0xb, 0xf3, 0x0, 0xdf, 0x20, 0x0,
    0x0, 0x0, 0xbf, 0x30, 0xd, 0xf2, 0x0, 0x0,
    0x0, 0xb, 0xf3, 0x0, 0xdf, 0x20, 0x0, 0x0,
    0x0, 0xbf, 0x30, 0xd, 0xf2, 0x0, 0x0, 0x0,
    0xb, 0xf3, 0x0, 0xdf, 0x20, 0x0, 0x0, 0x0,
    0xbf, 0x30, 0xd, 0xf2, 0x0, 0x0, 0x0, 0xb,
    0xf3, 0x0, 0xdf, 0x20, 0x0, 0x0, 0x0, 0xff,
    0xfc, 0x4d, 0xf2, 0x0, 0x0, 0x0, 0xf, 0xff,
    0xf6, 0x0, 0x0, 0x0, 0x0, 0x0, 0x0, 0x7f,
    0x60, 0x0, 0x0, 0x0, 0x0, 0x0, 0x7, 0xf6,
    0x0, 0x0, 0x0, 0x0, 0x0, 0x0, 0x7f, 0x60,

    /* U+0525 "ԥ" */
    0x2f, 0xff, 0xff, 0xff, 0xff, 0xb0, 0x2, 0xff,
    0xbb, 0xbb, 0xbc, 0xfb, 0x0, 0x2f, 0xc0, 0x0,
    0x0, 0x3f, 0xb0, 0x2, 0xfc, 0x0, 0x0, 0x3,
    0xfb, 0x0, 0x2f, 0xc0, 0x0, 0x0, 0x3f, 0xb0,
    0x2, 0xfc, 0x0, 0x0, 0x3, 0xfb, 0x0, 0x2f,
    0xc0, 0x0, 0x0, 0x3f, 0xb0, 0x2, 0xfc, 0x0,
    0x0, 0x3, 0xfb, 0x0, 0x2f, 0xc0, 0x0, 0x0,
    0x3f, 0xb0, 0x2, 0xfc, 0x0, 0x0, 0x6, 0xff,
    0xb4, 0x2f, 0xc0, 0x0, 0x0, 0x7f, 0xff, 0x50,
    0x0, 0x0, 0x0, 0x0, 0x7, 0xf5, 0x0, 0x0,
    0x0, 0x0, 0x0, 0x7f, 0x50, 0x0, 0x0, 0x0,
    0x0, 0x3, 0x82,

    /* U+0526 "Ԧ" */
    0xdf, 0x20, 0x0, 0x0, 0x0, 0x0, 0x0, 0xdf,
    0x20, 0x0, 0x0, 0x0, 0x0, 0x0, 0xdf, 0x20,
    0x0, 0x0, 0x0, 0x0, 0x0, 0xdf, 0x20, 0x0,
    0x0, 0x0, 0x0, 0x0, 0xdf, 0x35, 0x9b, 0xcb,
    0x71, 0x0, 0x0, 0xdf, 0xff, 0xff, 0xff, 0xfe,
    0x30, 0x0, 0xdf, 0xd7, 0x31, 0x13, 0xcf, 0xe0,
    0x0, 0xdf, 0x20, 0x0, 0x0, 0xd, 0xf6, 0x0,
    0xdf, 0x20, 0x0, 0x0, 0x7, 0xf9, 0x0, 0xdf,
    0x20, 0x0, 0x0, 0x5, 0xfa, 0x0, 0xdf, 0x20,
    0x0, 0x0, 0x5, 0xfa, 0x0, 0xdf, 0x20, 0x0,
    0x0, 0x5, 0xfa, 0x0, 0xdf, 0x20, 0x0, 0x0,
    0x8, 0xff, 0xc9, 0xdf, 0x20, 0x0, 0x0, 0xa,
    0xff, 0xfc, 0x0, 0x0, 0x0, 0x0, 0x0, 0x1,
    0xfc, 0x0, 0x0, 0x0, 0x0, 0x0, 0x1, 0xfc,
    0x0, 0x0, 0x0, 0x0, 0x0, 0x1, 0xfc,

    /* U+0527 "ԧ" */
    0x4, 0x30, 0x0, 0x0, 0x0, 0x0, 0x2, 0xfc,
    0x0, 0x0, 0x0, 0x0, 0x0, 0x2f, 0xc0, 0x0,
    0x0, 0x0, 0x0, 0x2, 0xfc, 0x0, 0x0, 0x0,
    0x0, 0x0, 0x2f, 0xc0, 0x0, 0x0, 0x0, 0x0,
    0x2, 0xfc, 0x7, 0xdf, 0xea, 0x20, 0x0, 0x2f,
    0xdc, 0xff, 0xef, 0xfe, 0x10, 0x2, 0xff, 0xe4,
    0x0, 0x2d, 0xf9, 0x0, 0x2f, 0xf4, 0x0, 0x0,
    0x4f, 0xd0, 0x2, 0xfe, 0x0, 0x0, 0x1, 0xfe,
    0x0, 0x2f, 0xc0, 0x0, 0x0, 0xf, 0xe0, 0x2,
    0xfc, 0x0, 0x0, 0x0, 0xfe, 0x0, 0x2f, 0xc0,
    0x0, 0x0, 0xf, 0xe0, 0x2, 0xfc, 0x0, 0x0,
    0x0, 0xfe, 0x0, 0x2f, 0xc0, 0x0, 0x0, 0xf,
    0xff, 0x82, 0xfc, 0x0, 0x0, 0x0, 0xff, 0xf8,
    0x0, 0x0, 0x0, 0x0, 0x0, 0x4f, 0x80, 0x0,
    0x0, 0x0, 0x0, 0x4, 0xf8, 0x0, 0x0, 0x0,
    0x0, 0x0, 0x1, 0x0,

    /* U+0528 "Ԩ" */
    0x0, 0x0, 0xdf, 0x30, 0x0, 0x0, 0x0, 0xcf,
    0x30, 0x0, 0xd, 0xf3, 0x0, 0x0, 0x0, 0xc,
    0xf3, 0x0, 0x0, 0xdf, 0x30, 0x0, 0x0, 0x0,
    0xcf, 0x30, 0x0, 0xd, 0xf3, 0x0, 0x0, 0x0,
    0xc, 0xf3, 0x0, 0x0, 0xdf, 0x30, 0x0, 0x0,
    0x0, 0xcf, 0x30, 0x0, 0xd, 0xf3, 0x0, 0x0,
    0x0, 0xc, 0xf3, 0x0, 0x0, 0xdf, 0xff, 0xff,
    0xff, 0xff, 0xff, 0x30, 0x0, 0xd, 0xfd, 0xcc,
    0xcc, 0xcc, 0xcf, 0xf3, 0x0, 0x0, 0xdf, 0x30,
    0x0, 0x0, 0x0, 0xcf, 0x30, 0x0, 0xd, 0xf3,
    0x0, 0x0, 0x0, 0xc, 0xf3, 0x0, 0x0, 0xdf,
    0x30, 0x0, 0x0, 0x0, 0xcf, 0x30, 0x0, 0xd,
    0xf3, 0x0, 0x0, 0x0, 0xc, 0xf3, 0x0, 0x0,
    0xdf, 0x30, 0x0, 0x0, 0x0, 0xcf, 0x30, 0x0,
    0xd, 0xf3, 0x0, 0x0, 0x0, 0xc, 0xf3, 0x0,
    0x0, 0xdf, 0x20, 0x0, 0x0, 0x0, 0x0, 0x0,
    0x0, 0xe, 0xf1, 0x0, 0x0, 0x0, 0x0, 0x0,
    0x2c, 0x8c, 0xfc, 0x0, 0x0, 0x0, 0x0, 0x0,
    0x4, 0xef, 0xfc, 0x10, 0x0, 0x0, 0x0, 0x0,
    0x0, 0x0, 0x21, 0x0, 0x0, 0x0, 0x0, 0x0,
    0x0, 0x0,

    /* U+0529 "ԩ" */
    0x0, 0x2, 0xfc, 0x0, 0x0, 0x2, 0xfc, 0x0,
    0x2, 0xfc, 0x0, 0x0, 0x2, 0xfc, 0x0, 0x2,
    0xfc, 0x0, 0x0, 0x2, 0xfc, 0x0, 0x2, 0xfc,
    0x0, 0x0, 0x2, 0xfc, 0x0, 0x2, 0xff, 0xbb,
    0xbb, 0xbc, 0xfc, 0x0, 0x2, 0xff, 0xff, 0xff,
    0xff, 0xfc, 0x0, 0x2, 0xfc, 0x0, 0x0, 0x2,
    0xfc, 0x0, 0x2, 0xfc, 0x0, 0x0, 0x2, 0xfc,
    0x0, 0x2, 0xfc, 0x0, 0x0, 0x2, 0xfc, 0x0,
    0x2, 0xfc, 0x0, 0x0, 0x2, 0xfc, 0x0, 0x2,
    0xfc, 0x0, 0x0, 0x2, 0xfc, 0x0, 0x2, 0xfc,
    0x0, 0x0, 0x0, 0x0, 0x0, 0x6, 0xfa, 0x0,
    0x0, 0x0, 0x0, 0x7c, 0xbf, 0xf3, 0x0, 0x0,
    0x0, 0x0, 0x6d, 0xfd, 0x50, 0x0, 0x0, 0x0,
    0x0,

    /* U+052E "Ԯ" */
    0x0, 0x4, 0xff, 0xff, 0xff, 0xff, 0xfa, 0x0,
    0x0, 0x4, 0xfe, 0xcc, 0xcc, 0xcd, 0xfa, 0x0,
    0x0, 0x5, 0xf6, 0x0, 0x0, 0x5, 0xfa, 0x0,
    0x0, 0x5, 0xf6, 0x0, 0x0, 0x5, 0xfa, 0x0,
    0x0, 0x6, 0xf5, 0x0, 0x0, 0x5, 0xfa, 0x0,
    0x0, 0x7, 0xf5, 0x0, 0x0, 0x5, 0xfa, 0x0,
    0x0, 0x7, 0xf4, 0x0, 0x0, 0x5, 0xfa, 0x0,
    0x0, 0x9, 0xf3, 0x0, 0x0, 0x5, 0xfa, 0x0,
    0x0, 0xa, 0xf1, 0x0, 0x0, 0x5, 0xfa, 0x0,
    0x0, 0xd, 0xf0, 0x0, 0x0, 0x5, 0xfa, 0x0,
    0x0, 0x2f, 0xc0, 0x0, 0x0, 0x5, 0xfa, 0x0,
    0x0, 0xbf, 0x80, 0x0, 0x0, 0x5, 0xfa, 0x0,
    0x9f, 0xff, 0x10, 0x0, 0x0, 0x5, 0xff, 0xeb,
    0x9f, 0xc3, 0x0, 0x0, 0x0, 0x5, 0xff, 0xfc,
    0x0, 0x0, 0x0, 0x0, 0x0, 0x0, 0x1, 0xfc,
    0x0, 0x0, 0x0, 0x0, 0x0, 0x0, 0x1, 0xfc,
    0x0, 0x0, 0x0, 0x0, 0x0, 0x0, 0x1, 0xfc,

    /* U+052F "ԯ" */
    0x0, 0x3f, 0xff, 0xff, 0xff, 0xf0, 0x0, 0x4,
    0xfd, 0xbb, 0xbb, 0xff, 0x0, 0x0, 0x4f, 0x70,
    0x0, 0xf, 0xf0, 0x0, 0x5, 0xf6, 0x0, 0x0,
    0xff, 0x0, 0x0, 0x6f, 0x50, 0x0, 0xf, 0xf0,
    0x0, 0x7, 0xf3, 0x0, 0x0, 0xff, 0x0, 0x0,
    0x9f, 0x20, 0x0, 0xf, 0xf0, 0x0, 0xc, 0xf0,
    0x0, 0x0, 0xff, 0x0, 0x2, 0xfc, 0x0, 0x0,
    0xf, 0xf0, 0xa, 0xff, 0x60, 0x0, 0x0, 0xff,
    0xc7, 0xcf, 0x90, 0x0, 0x0, 0xf, 0xff, 0x90,
    0x0, 0x0, 0x0, 0x0, 0x3, 0xf9, 0x0, 0x0,
    0x0, 0x0, 0x0, 0x3f, 0x90,

    /* U+25A1 "□" */
    0xcc, 0xcc, 0xcc, 0xcc, 0xcc, 0xcc, 0xcc, 0xcc,
    0xc0, 0x0, 0x0, 0x0, 0x0, 0x0, 0x0, 0xc,
    0xc0, 0x0, 0x0, 0x0, 0x0, 0x0, 0x0, 0xc,
    0xc0, 0x0, 0x0, 0x0, 0x0, 0x0, 0x0, 0xc,
    0xc0, 0x0, 0x0, 0x0, 0x0, 0x0, 0x0, 0xc,
    0xc0, 0x0, 0x0, 0x0, 0x0, 0x0, 0x0, 0xc,
    0xc0, 0x0, 0x0, 0x0, 0x0, 0x0, 0x0, 0xc,
    0xc0, 0x0, 0x0, 0x0, 0x0, 0x0, 0x0, 0xc,
    0xc0, 0x0, 0x0, 0x0, 0x0, 0x0, 0x0, 0xc,
    0xc0, 0x0, 0x0, 0x0, 0x0, 0x0, 0x0, 0xc,
    0xc0, 0x0, 0x0, 0x0, 0x0, 0x0, 0x0, 0xc,
    0xc0, 0x0, 0x0, 0x0, 0x0, 0x0, 0x0, 0xc,
    0xc0, 0x0, 0x0, 0x0, 0x0, 0x0, 0x0, 0xc,
    0xc0, 0x0, 0x0, 0x0, 0x0, 0x0, 0x0, 0xc,
    0xc0, 0x0, 0x0, 0x0, 0x0, 0x0, 0x0, 0xc,
    0xea, 0xaa, 0xaa, 0xaa, 0xaa, 0xaa, 0xaa, 0xae,
    0x33, 0x33, 0x33, 0x33, 0x33, 0x33, 0x33, 0x33,

    /* U+3001 "、" */
    0x0, 0x60, 0x0, 0x0, 0xaf, 0xc1, 0x0, 0x4,
    0xff, 0xc1, 0x0, 0x4, 0xff, 0xc0, 0x0, 0x4,
    0xff, 0xb0, 0x0, 0x5, 0xe3, 0x0, 0x0, 0x0,
    0x0,

    /* U+3002 "。" */
    0x0, 0x8e, 0xd6, 0x0, 0xae, 0x57, 0xf5, 0x1f,
    0x30, 0x7, 0xd4, 0xf0, 0x0, 0x3f, 0x2f, 0x20,
    0x6, 0xd0, 0xad, 0x45, 0xe6, 0x0, 0x9f, 0xe7,
    0x0,

    /* U+3005 "々" */
    0x0, 0x0, 0x0, 0xa9, 0x20, 0x0, 0x0, 0x0,
    0x0, 0x0, 0x2, 0xff, 0x10, 0x0, 0x0, 0x0,
    0x0, 0x0, 0x8, 0xfb, 0x0, 0x0, 0x0, 0x0,
    0x0, 0x0, 0xe, 0xf4, 0x0, 0x0, 0x0, 0x0,
    0x0, 0x0, 0x6f, 0xfe, 0xee, 0xee, 0xef, 0xa1,
    0x0, 0x0, 0xdf, 0xff, 0xff, 0xff, 0xff, 0xf0,
    0x0, 0x6, 0xfd, 0x0, 0x0, 0x0, 0xcf, 0x80,
    0x0, 0x1f, 0xf5, 0x0, 0x0, 0x3, 0xff, 0x10,
    0x0, 0xbf, 0xb0, 0x0, 0x0, 0xc, 0xf9, 0x0,
    0x8, 0xfe, 0x10, 0x0, 0x0, 0x5f, 0xe1, 0x0,
    0x6f, 0xf4, 0x9, 0xe7, 0x1, 0xef, 0x60, 0x0,
    0x3c, 0x60, 0xb, 0xff, 0xec, 0xfc, 0x0, 0x0,
    0x0, 0x0, 0x0, 0x4d, 0xff, 0xf4, 0x0, 0x0,
    0x0, 0x0, 0x0, 0x0, 0x7f, 0xff, 0x50, 0x0,
    0x0, 0x0, 0x0, 0x0, 0x2, 0xcf, 0xf6, 0x0,
    0x0, 0x0, 0x0, 0x0, 0x0, 0xa, 0xe1, 0x0,
    0x0, 0x0, 0x0, 0x0, 0x0, 0x0, 0x20, 0x0,

    /* U+300C "「" */
    0x1f, 0xff, 0xff, 0xf5, 0x1f, 0xfc, 0xcc, 0xc4,
    0x1f, 0xc0, 0x0, 0x0, 0x1f, 0xc0, 0x0, 0x0,
    0x1f, 0xc0, 0x0, 0x0, 0x1f, 0xc0, 0x0, 0x0,
    0x1f, 0xc0, 0x0, 0x0, 0x1f, 0xc0, 0x0, 0x0,
    0x1f, 0xc0, 0x0, 0x0, 0x1f, 0xc0, 0x0, 0x0,
    0x1f, 0xc0, 0x0, 0x0, 0x1f, 0xc0, 0x0, 0x0,
    0x1e, 0xb0, 0x0, 0x0,

    /* U+300D "」" */
    0x0, 0x0, 0xa, 0xd1, 0x0, 0x0, 0xc, 0xf1,
    0x0, 0x0, 0xc, 0xf1, 0x0, 0x0, 0xc, 0xf1,
    0x0, 0x0, 0xc, 0xf1, 0x0, 0x0, 0xc, 0xf1,
    0x0, 0x0, 0xc, 0xf1, 0x0, 0x0, 0xc, 0xf1,
    0x0, 0x0, 0xc, 0xf1, 0x0, 0x0, 0xc, 0xf1,
    0x0, 0x0, 0xc, 0xf1, 0x4b, 0xbb, 0xbf, 0xf1,
    0x5f, 0xff, 0xff, 0xf1,

    /* U+3041 "ぁ" */
    0x0, 0x0, 0x5, 0x50, 0x0, 0x0, 0x0, 0x0,
    0x0, 0x0, 0xfc, 0x0, 0x0, 0x0, 0x0, 0x7,
    0x75, 0x6f, 0xd7, 0x9a, 0xcf, 0x40, 0x0, 0xef,
    0xff, 0xff, 0xff, 0xdc, 0xa2, 0x0, 0x1, 0x23,
    0x7f, 0x60, 0x4, 0x40, 0x0, 0x0, 0x0, 0x6,
    0xf7, 0x78, 0xdf, 0x10, 0x0, 0x0, 0x1, 0xbf,
    0xff, 0xff, 0xff, 0x70, 0x0, 0x4, 0xef, 0xf5,
    0x8, 0xf5, 0xcf, 0x60, 0x3, 0xfc, 0x9f, 0x31,
    0xfb, 0x1, 0xee, 0x0, 0xdd, 0x16, 0xf4, 0xbf,
    0x20, 0xb, 0xf1, 0x5f, 0x50, 0x4f, 0xef, 0x70,
    0x0, 0xcf, 0x18, 0xf2, 0x3, 0xff, 0x90, 0x0,
    0x4f, 0xc0, 0x7f, 0xca, 0xff, 0xe0, 0x0, 0x6f,
    0xf4, 0x1, 0xcf, 0xfa, 0xcc, 0x2a, 0xef, 0xf5,
    0x0, 0x0, 0x0, 0x0, 0x0, 0xac, 0x71, 0x0,
    0x0,

    /* U+3042 "あ" */
    0x0, 0x0, 0x0, 0x0, 0x0, 0x0, 0x0, 0x0,
    0x0, 0x0, 0x0, 0x7f, 0x80, 0x0, 0x0, 0x0,
    0x0, 0x0, 0x0, 0x8, 0xf4, 0x0, 0x1, 0x37,
    0x0, 0x2, 0xcb, 0xaa, 0xdf, 0xcc, 0xdf, 0xff,
    0xf0, 0x0, 0x2f, 0xff, 0xff, 0xff, 0xed, 0xca,
    0x86, 0x0, 0x0, 0x0, 0x11, 0xde, 0x0, 0x1,
    0x41, 0x0, 0x0, 0x0, 0x0, 0xe, 0xd0, 0x1,
    0x7f, 0x80, 0x0, 0x0, 0x0, 0x0, 0xff, 0xdf,
    0xff, 0xfc, 0x50, 0x0, 0x0, 0x3, 0xdf, 0xfc,
    0x98, 0xfe, 0xff, 0xa0, 0x0, 0x6, 0xff, 0xfb,
    0x0, 0x7f, 0x61, 0xcf, 0x80, 0x5, 0xfd, 0x2f,
    0xb0, 0x1f, 0xe0, 0x1, 0xff, 0x1, 0xfe, 0x10,
    0xfd, 0xc, 0xf5, 0x0, 0xc, 0xf3, 0x9f, 0x50,
    0xe, 0xf9, 0xfb, 0x0, 0x0, 0xcf, 0x3e, 0xf0,
    0x0, 0xbf, 0xfd, 0x10, 0x0, 0x2f, 0xf0, 0xff,
    0x0, 0x3d, 0xfd, 0x10, 0x0, 0xc, 0xfa, 0xc,
    0xfe, 0xef, 0xff, 0x90, 0x0, 0x4d, 0xfe, 0x10,
    0x3d, 0xff, 0xb5, 0xf9, 0x1a, 0xef, 0xfc, 0x20,
    0x0, 0x1, 0x0, 0x0, 0x0, 0xbf, 0xb5, 0x0,
    0x0, 0x0, 0x0, 0x0, 0x0, 0x0, 0x0, 0x0,
    0x0, 0x0,

    /* U+3043 "ぃ" */
    0x14, 0x30, 0x0, 0x0, 0x0, 0x0, 0x0, 0x4,
    0xfb, 0x0, 0x0, 0x0, 0x29, 0x70, 0x0, 0x4f,
    0xa0, 0x0, 0x0, 0x1, 0xff, 0x20, 0x3, 0xfa,
    0x0, 0x0, 0x0, 0x7, 0xfa, 0x0, 0x3f, 0xa0,
    0x0, 0x0, 0x0, 0xf, 0xf1, 0x2, 0xfb, 0x0,
    0x0, 0x0, 0x0, 0xaf, 0x60, 0x1f, 0xc0, 0x0,
    0x0, 0x0, 0x5, 0xfb, 0x0, 0xfe, 0x0, 0x5,
    0x0, 0x0, 0x1f, 0xf0, 0xd, 0xf1, 0x0, 0xcb,
    0x0, 0x0, 0xef, 0x20, 0x9f, 0x70, 0x3f, 0xd0,
    0x0, 0xb, 0xf3, 0x3, 0xff, 0x6d, 0xf6, 0x0,
    0x0, 0x31, 0x0, 0xa, 0xff, 0xfd, 0x0, 0x0,
    0x0, 0x0, 0x0, 0x8, 0xda, 0x10, 0x0, 0x0,
    0x0, 0x0,

    /* U+3044 "い" */
    0x11, 0x10, 0x0, 0x0, 0x0, 0x0, 0x0, 0x0,
    0x6, 0xfd, 0x0, 0x0, 0x0, 0x0, 0x5, 0x30,
    0x0, 0x5f, 0xc0, 0x0, 0x0, 0x0, 0x7, 0xfe,
    0x0, 0x5, 0xfc, 0x0, 0x0, 0x0, 0x0, 0xc,
    0xf7, 0x0, 0x5f, 0xc0, 0x0, 0x0, 0x0, 0x0,
    0x4f, 0xe0, 0x4, 0xfc, 0x0, 0x0, 0x0, 0x0,
    0x0, 0xdf, 0x50, 0x3f, 0xd0, 0x0, 0x0, 0x0,
    0x0, 0x8, 0xfa, 0x2, 0xfe, 0x0, 0x0, 0x0,
    0x0, 0x0, 0x3f, 0xf0, 0x1f, 0xf0, 0x0, 0x0,
    0x0, 0x0, 0x0, 0xef, 0x40, 0xef, 0x20, 0x0,
    0x74, 0x0, 0x0, 0xb, 0xf7, 0xb, 0xf6, 0x0,
    0xd, 0xf1, 0x0, 0x0, 0x8f, 0xa0, 0x7f, 0xc0,
    0x4, 0xfe, 0x0, 0x0, 0x6, 0xf8, 0x1, 0xff,
    0x94, 0xef, 0x70, 0x0, 0x0, 0x11, 0x0, 0x8,
    0xff, 0xff, 0xe0, 0x0, 0x0, 0x0, 0x0, 0x0,
    0xa, 0xff, 0xe3, 0x0, 0x0, 0x0, 0x0, 0x0,
    0x0, 0x2, 0x40, 0x0, 0x0, 0x0, 0x0, 0x0,

    /* U+3045 "ぅ" */
    0x0, 0x1c, 0x97, 0x54, 0x21, 0x0, 0x0, 0x3f,
    0xff, 0xff, 0xff, 0x40, 0x0, 0x0, 0x13, 0x57,
    0x9a, 0x10, 0x0, 0x0, 0x0, 0x0, 0x0, 0x0,
    0x1, 0x47, 0xad, 0xff, 0xe9, 0x10, 0x3f, 0xff,
    0xfd, 0xcc, 0xff, 0xd1, 0xd, 0x95, 0x10, 0x0,
    0x1c, 0xf7, 0x0, 0x0, 0x0, 0x0, 0x4, 0xfb,
    0x0, 0x0, 0x0, 0x0, 0x4, 0xfa, 0x0, 0x0,
    0x0, 0x0, 0xa, 0xf7, 0x0, 0x0, 0x0, 0x0,
    0x6f, 0xf1, 0x0, 0x0, 0x0, 0x4b, 0xff, 0x50,
    0x0, 0x7, 0xbe, 0xff, 0xd3, 0x0, 0x0, 0x8,
    0xff, 0xb5, 0x0, 0x0, 0x0, 0x0, 0x30, 0x0,
    0x0, 0x0,

    /* U+3046 "う" */
    0x0, 0x1b, 0x86, 0x43, 0x10, 0x0, 0x0, 0x0,
    0x4f, 0xff, 0xff, 0xff, 0xf8, 0x0, 0x0, 0x3,
    0x57, 0x9b, 0xce, 0xf6, 0x0, 0x0, 0x0, 0x0,
    0x0, 0x0, 0x0, 0x0, 0x0, 0x0, 0x0, 0x1,
    0x20, 0x0, 0x0, 0x1, 0x48, 0xbe, 0xff, 0xff,
    0xb3, 0x0, 0xbf, 0xff, 0xff, 0xdc, 0xdf, 0xff,
    0x40, 0x7f, 0xc7, 0x30, 0x0, 0x1, 0xcf, 0xd0,
    0x12, 0x0, 0x0, 0x0, 0x0, 0x1f, 0xf2, 0x0,
    0x0, 0x0, 0x0, 0x0, 0xe, 0xf4, 0x0, 0x0,
    0x0, 0x0, 0x0, 0xf, 0xf3, 0x0, 0x0, 0x0,
    0x0, 0x0, 0x6f, 0xf0, 0x0, 0x0, 0x0, 0x0,
    0x3, 0xff, 0x80, 0x0, 0x0, 0x0, 0x0, 0x7f,
    0xfc, 0x0, 0x0, 0x0, 0x14, 0x9e, 0xff, 0xb1,
    0x0, 0x0, 0xc, 0xff, 0xff, 0xe6, 0x0, 0x0,
    0x0, 0x6, 0xfd, 0x94, 0x0, 0x0, 0x0, 0x0,
    0x0, 0x0, 0x0, 0x0, 0x0, 0x0,

    /* U+3047 "ぇ" */
    0x0, 0x0, 0xc9, 0x75, 0x31, 0x0, 0x0, 0x0,
    0x0, 0x2f, 0xff, 0xff, 0xfb, 0x0, 0x0, 0x0,
    0x0, 0x1, 0x35, 0x79, 0x60, 0x0, 0x0, 0x0,
    0x0, 0x0, 0x0, 0x0, 0x0, 0x0, 0x1, 0x77,
    0x88, 0x9b, 0xce, 0xa0, 0x0, 0x0, 0x2f, 0xff,
    0xff, 0xff, 0xfb, 0x0, 0x0, 0x0, 0x64, 0x32,
    0x1b, 0xf8, 0x0, 0x0, 0x0, 0x0, 0x0, 0xb,
    0xf7, 0x0, 0x0, 0x0, 0x0, 0x0, 0xb, 0xfc,
    0x10, 0x0, 0x0, 0x0, 0x0, 0xb, 0xff, 0xfe,
    0x0, 0x0, 0x0, 0x0, 0xb, 0xfa, 0x1b, 0xf4,
    0x0, 0x0, 0x0, 0xb, 0xfa, 0x0, 0x4f, 0xa0,
    0x0, 0x0, 0x1c, 0xfc, 0x0, 0x0, 0xff, 0xcb,
    0xce, 0x0, 0x9d, 0x10, 0x0, 0x6, 0xff, 0xff,
    0xd0, 0x0, 0x0, 0x0, 0x0, 0x0, 0x11, 0x0,
    0x0,

    /* U+3048 "え" */
    0x0, 0x0, 0xcb, 0x97, 0x53, 0x10, 0x0, 0x0,
    0x0, 0x0, 0xe, 0xff, 0xff, 0xff, 0xf3, 0x0,
    0x0, 0x0, 0x0, 0x1, 0x46, 0x8a, 0xcd, 0x0,
    0x0, 0x0, 0x0, 0x0, 0x0, 0x0, 0x0, 0x0,
    0x0, 0x0, 0x0, 0x0, 0x0, 0x0, 0x0, 0x12,
    0x0, 0x0, 0x0, 0x49, 0x9a, 0xbc, 0xde, 0xff,
    0xf5, 0x0, 0x0, 0x5, 0xff, 0xff, 0xff, 0xef,
    0xfe, 0x40, 0x0, 0x0, 0x26, 0x53, 0x21, 0x8,
    0xfe, 0x20, 0x0, 0x0, 0x0, 0x0, 0x0, 0x8,
    0xfd, 0x10, 0x0, 0x0, 0x0, 0x0, 0x0, 0x8,
    0xfc, 0x10, 0x0, 0x0, 0x0, 0x0, 0x0, 0x8,
    0xff, 0xb4, 0x0, 0x0, 0x0, 0x0, 0x0, 0x8,
    0xff, 0xff, 0xf1, 0x0, 0x0, 0x0, 0x0, 0x8,
    0xfe, 0x30, 0xcf, 0x60, 0x0, 0x0, 0x0, 0x8,
    0xfe, 0x30, 0x5, 0xfb, 0x0, 0x0, 0x0, 0x8,
    0xff, 0x30, 0x0, 0x1f, 0xf5, 0x22, 0x36, 0x27,
    0xff, 0x50, 0x0, 0x0, 0xbf, 0xff, 0xff, 0xf3,
    0x9, 0x70, 0x0, 0x0, 0x1, 0x9d, 0xdd, 0xca,
    0x10,

    /* U+3049 "ぉ" */
    0x0, 0x1, 0xdb, 0x0, 0x0, 0x1, 0x0, 0x0,
    0x0, 0x0, 0xfc, 0x24, 0x60, 0x8f, 0x70, 0x0,
    0x6f, 0xff, 0xff, 0xff, 0xf0, 0x5e, 0xfd, 0x40,
    0x5c, 0xdd, 0xfe, 0x85, 0x20, 0x0, 0x8f, 0xc0,
    0x0, 0x1, 0xfa, 0x0, 0x0, 0x0, 0x4, 0x20,
    0x0, 0x1, 0xfb, 0x58, 0x9a, 0x72, 0x0, 0x0,
    0x0, 0x4, 0xff, 0xff, 0xff, 0xff, 0x70, 0x0,
    0x0, 0x9f, 0xfd, 0x40, 0x0, 0x3e, 0xf3, 0x0,
    0xb, 0xfb, 0xfa, 0x0, 0x0, 0x5, 0xf8, 0x0,
    0x6f, 0x90, 0xfa, 0x0, 0x0, 0x4, 0xf9, 0x0,
    0xbf, 0x0, 0xfb, 0x0, 0x0, 0x9, 0xf7, 0x0,
    0xaf, 0x60, 0xfb, 0x0, 0x2, 0xaf, 0xf1, 0x0,
    0x1e, 0xff, 0xfa, 0xc, 0xff, 0xfe, 0x40, 0x0,
    0x1, 0x9e, 0xe3, 0x8, 0xdb, 0x71, 0x0, 0x0,

    /* U+304A "お" */
    0x0, 0x0, 0x0, 0x0, 0x0, 0x0, 0x0, 0x0,
    0x0, 0x0, 0x0, 0xd, 0xf3, 0x0, 0x0, 0x0,
    0x0, 0x0, 0x0, 0x0, 0xc, 0xf2, 0x0, 0x0,
    0x0, 0x0, 0x0, 0x0, 0x0, 0xc, 0xf1, 0x14,
    0x80, 0x2e, 0x70, 0x0, 0xa, 0xbb, 0xbf, 0xff,
    0xff, 0xf0, 0x4f, 0xfd, 0x30, 0xc, 0xff, 0xff,
    0xfd, 0xb8, 0x60, 0x1, 0xaf, 0xf8, 0x1, 0x22,
    0x2d, 0xf0, 0x0, 0x0, 0x0, 0x5, 0xe7, 0x0,
    0x0, 0xd, 0xf0, 0x0, 0x0, 0x0, 0x0, 0x10,
    0x0, 0x0, 0xd, 0xf1, 0x47, 0x99, 0x73, 0x0,
    0x0, 0x0, 0x0, 0xe, 0xff, 0xff, 0xff, 0xff,
    0xa0, 0x0, 0x0, 0x5, 0xef, 0xfb, 0x74, 0x22,
    0x5d, 0xfa, 0x0, 0x0, 0x9f, 0xfe, 0xf0, 0x0,
    0x0, 0x1, 0xff, 0x10, 0x7, 0xfd, 0x1c, 0xf1,
    0x0, 0x0, 0x0, 0xcf, 0x40, 0xf, 0xf1, 0xb,
    0xf1, 0x0, 0x0, 0x0, 0xef, 0x30, 0x1f, 0xe0,
    0xb, 0xf1, 0x0, 0x0, 0x8, 0xfe, 0x0, 0xc,
    0xfb, 0x5e, 0xf1, 0x4, 0x47, 0xdf, 0xf5, 0x0,
    0x1, 0xdf, 0xff, 0xe0, 0xe, 0xff, 0xfe, 0x50,
    0x0, 0x0, 0x6, 0xcd, 0x50, 0x7, 0xb9, 0x50,
    0x0, 0x0,

    /* U+304B "か" */
    0x0, 0x0, 0x4, 0xdb, 0x0, 0x0, 0x0, 0x0,
    0x0, 0x0, 0x0, 0x0, 0x5f, 0xd0, 0x0, 0x0,
    0x0, 0x0, 0x0, 0x0, 0x0, 0x6, 0xfa, 0x0,
    0x0, 0x1, 0x72, 0x0, 0x0, 0x0, 0x0, 0x9f,
    0x70, 0x0, 0x0, 0x9f, 0xb0, 0x0, 0x36, 0x67,
    0x9e, 0xfe, 0xee, 0xc5, 0x1, 0xef, 0x40, 0x7,
    0xff, 0xff, 0xff, 0xfe, 0xff, 0xf3, 0x6, 0xfc,
    0x0, 0x49, 0x76, 0x7f, 0xc0, 0x0, 0x9f, 0x90,
    0xe, 0xf3, 0x0, 0x0, 0x8, 0xf8, 0x0, 0x4,
    0xfb, 0x0, 0x8f, 0xb0, 0x0, 0x0, 0xdf, 0x30,
    0x0, 0x3f, 0xb0, 0x1, 0xff, 0x10, 0x0, 0x2f,
    0xe0, 0x0, 0x4, 0xfa, 0x0, 0xc, 0xf5, 0x0,
    0x8, 0xf9, 0x0, 0x0, 0x6f, 0x90, 0x0, 0x42,
    0x0, 0x0, 0xef, 0x30, 0x0, 0x8, 0xf7, 0x0,
    0x0, 0x0, 0x0, 0x4f, 0xd0, 0x0, 0x0, 0xbf,
    0x50, 0x0, 0x0, 0x0, 0xc, 0xf7, 0x0, 0x0,
    0xf, 0xf2, 0x0, 0x0, 0x0, 0x4, 0xff, 0x1,
    0x63, 0x29, 0xfc, 0x0, 0x0, 0x0, 0x0, 0xef,
    0x80, 0xf, 0xff, 0xff, 0x40, 0x0, 0x0, 0x0,
    0x6, 0xb0, 0x0, 0x9c, 0xdb, 0x50, 0x0, 0x0,
    0x0, 0x0,

    /* U+304C "が" */
    0x0, 0x0, 0x0, 0x0, 0x0, 0x0, 0x0, 0x0,
    0x0, 0x0, 0x0, 0x0, 0x0, 0x0, 0x0, 0x0,
    0x0, 0x1, 0x4e, 0x20, 0x0, 0x0, 0x0, 0x9b,
    0x50, 0x0, 0x0, 0x9e, 0x1d, 0xb0, 0x0, 0x0,
    0x0, 0xdf, 0x50, 0x0, 0x0, 0x2f, 0x84, 0xf2,
    0x0, 0x0, 0x0, 0xef, 0x20, 0x0, 0x0, 0xb,
    0xb0, 0x0, 0x0, 0x0, 0x1, 0xff, 0x0, 0x0,
    0x2, 0xef, 0x10, 0x0, 0x4, 0x45, 0x69, 0xff,
    0xbc, 0xb7, 0x0, 0xaf, 0xa0, 0x0, 0xf, 0xff,
    0xff, 0xff, 0xff, 0xff, 0xb0, 0x1f, 0xf2, 0x0,
    0xa, 0xa8, 0x6d, 0xf5, 0x0, 0x4f, 0xf1, 0x8,
    0xfa, 0x0, 0x0, 0x0, 0xf, 0xf0, 0x0, 0xc,
    0xf3, 0x1, 0xff, 0x20, 0x0, 0x0, 0x4f, 0xc0,
    0x0, 0xb, 0xf3, 0x0, 0xaf, 0x80, 0x0, 0x0,
    0x9f, 0x70, 0x0, 0xc, 0xf2, 0x0, 0x4f, 0xe0,
    0x0, 0x0, 0xff, 0x10, 0x0, 0xe, 0xf1, 0x0,
    0x8, 0x10, 0x0, 0x5, 0xfc, 0x0, 0x0, 0xf,
    0xf0, 0x0, 0x0, 0x0, 0x0, 0xc, 0xf6, 0x0,
    0x0, 0x2f, 0xd0, 0x0, 0x0, 0x0, 0x0, 0x4f,
    0xe0, 0x0, 0x0, 0x7f, 0xa0, 0x0, 0x0, 0x0,
    0x0, 0xcf, 0x80, 0x44, 0x24, 0xef, 0x50, 0x0,
    0x0, 0x0, 0x6, 0xff, 0x10, 0x8f, 0xff, 0xfd,
    0x0, 0x0, 0x0, 0x0, 0x3, 0x97, 0x0, 0x3b,
    0xdd, 0x91, 0x0, 0x0, 0x0, 0x0,

    /* U+304D "き" */
    0x0, 0x0, 0x0, 0x0, 0x0, 0x0, 0x0, 0x0,
    0x0, 0x0, 0x5, 0xfa, 0x0, 0x0, 0x0, 0x0,
    0x0, 0x0, 0x1f, 0xd0, 0x15, 0x91, 0x4, 0xec,
    0xbb, 0xbb, 0xff, 0xff, 0xff, 0x30, 0x3e, 0xff,
    0xff, 0xff, 0xfe, 0xa7, 0x40, 0x0, 0x0, 0x0,
    0x0, 0x3f, 0xb0, 0x0, 0x0, 0x0, 0x0, 0x0,
    0x0, 0xef, 0x11, 0x48, 0x28, 0xcb, 0xa9, 0x99,
    0xae, 0xff, 0xff, 0xf6, 0xaf, 0xff, 0xff, 0xff,
    0xff, 0xfc, 0x95, 0x10, 0x12, 0x22, 0x22, 0x21,
    0x9f, 0x60, 0x0, 0x0, 0x0, 0x0, 0x0, 0x1,
    0xfe, 0x10, 0x0, 0x69, 0x30, 0x0, 0x3a, 0x9d,
    0xfb, 0x0, 0xe, 0xf1, 0x0, 0x4, 0xef, 0xff,
    0xb0, 0x2, 0xfc, 0x0, 0x0, 0x0, 0x2, 0x41,
    0x0, 0x2f, 0xe0, 0x0, 0x0, 0x0, 0x0, 0x0,
    0x0, 0xef, 0xa2, 0x0, 0x0, 0x0, 0x30, 0x0,
    0x5, 0xff, 0xff, 0xdd, 0xef, 0xff, 0x0, 0x0,
    0x2, 0x9d, 0xff, 0xff, 0xfe, 0xb0, 0x0, 0x0,
    0x0, 0x0, 0x11, 0x10, 0x0, 0x0, 0x0,

    /* U+304E "ぎ" */
    0x0, 0x0, 0x0, 0x0, 0x0, 0x0, 0x0, 0x6b,
    0x0, 0x0, 0x0, 0x0, 0x5e, 0xa0, 0x0, 0xab,
    0x2f, 0x70, 0x0, 0x0, 0x0, 0x2f, 0xd0, 0x4,
    0x6f, 0x58, 0xe0, 0x4d, 0xba, 0xa9, 0xaf, 0xfd,
    0xff, 0x9a, 0xa0, 0x10, 0x3f, 0xff, 0xff, 0xff,
    0xfe, 0xb8, 0x40, 0x0, 0x0, 0x0, 0x1, 0x12,
    0x15, 0xf9, 0x0, 0x0, 0x0, 0x0, 0x0, 0x0,
    0x0, 0x0, 0xee, 0x0, 0x48, 0x20, 0x0, 0x8b,
    0xa9, 0x99, 0x9a, 0xef, 0xef, 0xff, 0x60, 0x0,
    0x9f, 0xff, 0xff, 0xff, 0xff, 0xfc, 0x96, 0x10,
    0x0, 0x1, 0x22, 0x33, 0x22, 0x1b, 0xf3, 0x0,
    0x0, 0x0, 0x0, 0x0, 0x0, 0x0, 0x3, 0xfb,
    0x0, 0x0, 0x0, 0x3, 0x41, 0x0, 0x2, 0x53,
    0xcf, 0x50, 0x0, 0x0, 0xb, 0xf5, 0x0, 0x5,
    0xff, 0xff, 0xe0, 0x0, 0x0, 0xf, 0xe0, 0x0,
    0x1, 0x68, 0xad, 0x60, 0x0, 0x0, 0x2f, 0xc0,
    0x0, 0x0, 0x0, 0x0, 0x0, 0x0, 0x0, 0x1f,
    0xf1, 0x0, 0x0, 0x0, 0x0, 0x0, 0x0, 0x0,
    0xc, 0xfc, 0x40, 0x0, 0x0, 0x25, 0x0, 0x0,
    0x0, 0x2, 0xef, 0xff, 0xfe, 0xff, 0xff, 0x0,
    0x0, 0x0, 0x0, 0x17, 0xbe, 0xff, 0xfe, 0xda,
    0x0, 0x0, 0x0,

    /* U+304F "く" */
    0x0, 0x0, 0x0, 0x0, 0x1, 0x0, 0x0, 0x0,
    0x0, 0x0, 0x2e, 0x50, 0x0, 0x0, 0x0, 0x2,
    0xef, 0xe1, 0x0, 0x0, 0x0, 0x4f, 0xfd, 0x20,
    0x0, 0x0, 0x6, 0xff, 0xb0, 0x0, 0x0, 0x0,
    0x8f, 0xf8, 0x0, 0x0, 0x0, 0x1b, 0xff, 0x50,
    0x0, 0x0, 0x2, 0xdf, 0xd2, 0x0, 0x0, 0x0,
    0xd, 0xfd, 0x10, 0x0, 0x0, 0x0, 0x1f, 0xf8,
    0x0, 0x0, 0x0, 0x0, 0x9, 0xff, 0x70, 0x0,
    0x0, 0x0, 0x0, 0x9f, 0xfa, 0x0, 0x0, 0x0,
    0x0, 0x6, 0xff, 0xc1, 0x0, 0x0, 0x0, 0x0,
    0x4f, 0xfe, 0x30, 0x0, 0x0, 0x0, 0x3, 0xef,
    0xf4, 0x0, 0x0, 0x0, 0x0, 0x2d, 0xff, 0x60,
    0x0, 0x0, 0x0, 0x1, 0xdf, 0xf6, 0x0, 0x0,
    0x0, 0x0, 0x1d, 0xd1, 0x0, 0x0, 0x0, 0x0,
    0x1, 0x10,

    /* U+3050 "ぐ" */
    0x0, 0x0, 0x0, 0x0, 0x1, 0x0, 0x0, 0x0,
    0x0, 0x0, 0x0, 0x6, 0xe2, 0x0, 0x0, 0x0,
    0x0, 0x0, 0x6, 0xff, 0xb0, 0x0, 0x0, 0x0,
    0x0, 0x8, 0xff, 0xa0, 0x0, 0x0, 0x0, 0x0,
    0xa, 0xff, 0x70, 0x1, 0x20, 0x0, 0x0, 0x1c,
    0xff, 0x40, 0x40, 0xcd, 0x0, 0x0, 0x3e, 0xfd,
    0x20, 0x2f, 0x83, 0xf7, 0x0, 0x4f, 0xfb, 0x0,
    0x0, 0x8f, 0x19, 0xb0, 0x2f, 0xf9, 0x0, 0x0,
    0x1, 0xd5, 0x0, 0x6, 0xff, 0x40, 0x0, 0x0,
    0x0, 0x0, 0x0, 0xd, 0xfe, 0x30, 0x0, 0x0,
    0x0, 0x0, 0x0, 0x1c, 0xff, 0x60, 0x0, 0x0,
    0x0, 0x0, 0x0, 0xa, 0xff, 0x90, 0x0, 0x0,
    0x0, 0x0, 0x0, 0x8, 0xff, 0xb1, 0x0, 0x0,
    0x0, 0x0, 0x0, 0x6, 0xff, 0xd1, 0x0, 0x0,
    0x0, 0x0, 0x0, 0x4, 0xff, 0xe2, 0x0, 0x0,
    0x0, 0x0, 0x0, 0x4, 0xff, 0xe2, 0x0, 0x0,
    0x0, 0x0, 0x0, 0x4, 0xfa, 0x0, 0x0, 0x0,
    0x0, 0x0, 0x0, 0x3, 0x0, 0x0, 0x0,

    /* U+3051 "け" */
    0x2c, 0xb2, 0x0, 0x0, 0x0, 0xe, 0xf2, 0x0,
    0x3, 0xff, 0x0, 0x0, 0x0, 0x0, 0xef, 0x20,
    0x0, 0x5f, 0xc0, 0x0, 0x0, 0x0, 0xd, 0xf2,
    0x0, 0x7, 0xf9, 0x0, 0x0, 0x0, 0x0, 0xdf,
    0x20, 0x21, 0x9f, 0x60, 0x4, 0xdb, 0xbb, 0xbf,
    0xfe, 0xff, 0x4a, 0xf4, 0x0, 0x5f, 0xff, 0xff,
    0xff, 0xff, 0xd3, 0xbf, 0x20, 0x0, 0x22, 0x33,
    0x2c, 0xf3, 0x0, 0xc, 0xf1, 0x0, 0x0, 0x0,
    0x0, 0xbf, 0x20, 0x0, 0xdf, 0x0, 0x0, 0x0,
    0x0, 0xc, 0xf2, 0x0, 0xd, 0xf1, 0xc2, 0x0,
    0x0, 0x0, 0xdf, 0x10, 0x0, 0xdf, 0x6f, 0x0,
    0x0, 0x0, 0xf, 0xf0, 0x0, 0xb, 0xfe, 0xb0,
    0x0, 0x0, 0x2, 0xfe, 0x0, 0x0, 0x9f, 0xf6,
    0x0, 0x0, 0x0, 0x8f, 0xa0, 0x0, 0x7, 0xff,
    0x20, 0x0, 0x0, 0x2f, 0xf4, 0x0, 0x0, 0x3f,
    0xf0, 0x0, 0x0, 0x3e, 0xfb, 0x0, 0x0, 0x0,
    0xfd, 0x0, 0x0, 0x7f, 0xfd, 0x10, 0x0, 0x0,
    0x0, 0x0, 0x0, 0x1, 0xca, 0x10, 0x0, 0x0,
    0x0, 0x0, 0x0, 0x0, 0x0, 0x0, 0x0, 0x0,
    0x0,

    /* U+3052 "げ" */
    0x0, 0x0, 0x0, 0x0, 0x0, 0x0, 0x0, 0x0,
    0x24, 0x0, 0x1, 0x0, 0x0, 0x0, 0x0, 0x13,
    0x35, 0x85, 0xe0, 0x5, 0xfe, 0x0, 0x0, 0x0,
    0x4, 0xfd, 0x3f, 0x1e, 0x50, 0x6f, 0xa0, 0x0,
    0x0, 0x0, 0x3f, 0xc0, 0xd7, 0x63, 0x8, 0xf7,
    0x0, 0x0, 0x0, 0x2, 0xfd, 0x2, 0x0, 0x0,
    0xaf, 0x40, 0x1, 0x10, 0x0, 0x2f, 0xd3, 0x47,
    0x10, 0xc, 0xf1, 0x0, 0x7f, 0xff, 0xff, 0xff,
    0xff, 0xf3, 0x0, 0xef, 0x0, 0x5, 0xde, 0xee,
    0xef, 0xfb, 0xa8, 0x10, 0xf, 0xe0, 0x0, 0x0,
    0x0, 0x1, 0xfd, 0x0, 0x0, 0x0, 0xfc, 0x0,
    0x0, 0x0, 0x0, 0x1f, 0xd0, 0x0, 0x0, 0x1f,
    0xc0, 0x20, 0x0, 0x0, 0x1, 0xfd, 0x0, 0x0,
    0x1, 0xfd, 0x4f, 0x0, 0x0, 0x0, 0x3f, 0xc0,
    0x0, 0x0, 0xf, 0xea, 0xb0, 0x0, 0x0, 0x5,
    0xfa, 0x0, 0x0, 0x0, 0xff, 0xf6, 0x0, 0x0,
    0x0, 0x9f, 0x80, 0x0, 0x0, 0xc, 0xff, 0x20,
    0x0, 0x0, 0x1f, 0xf3, 0x0, 0x0, 0x0, 0x9f,
    0xe0, 0x0, 0x0, 0xb, 0xfd, 0x0, 0x0, 0x0,
    0x6, 0xfb, 0x0, 0x0, 0x1b, 0xff, 0x30, 0x0,
    0x0, 0x0, 0x1a, 0x60, 0x0, 0xd, 0xff, 0x50,
    0x0, 0x0, 0x0, 0x0, 0x0, 0x0, 0x0, 0x19,
    0x30, 0x0, 0x0, 0x0, 0x0,

    /* U+3053 "こ" */
    0x1, 0x21, 0x0, 0x0, 0x0, 0x13, 0x10, 0x8,
    0xff, 0xff, 0xff, 0xff, 0xff, 0x60, 0x6, 0xef,
    0xff, 0xff, 0xff, 0xfe, 0x50, 0x0, 0x0, 0x0,
    0x0, 0x0, 0x0, 0x0, 0x0, 0x0, 0x0, 0x0,
    0x0, 0x0, 0x0, 0x0, 0x0, 0x0, 0x0, 0x0,
    0x0, 0x0, 0x0, 0x0, 0x0, 0x0, 0x0, 0x0,
    0x0, 0x0, 0x0, 0x0, 0x0, 0x0, 0x0, 0x0,
    0x0, 0x0, 0x0, 0x0, 0x0, 0x0, 0x0, 0x7f,
    0x80, 0x0, 0x0, 0x0, 0x0, 0x0, 0xaf, 0x60,
    0x0, 0x0, 0x0, 0x0, 0x0, 0xcf, 0x50, 0x0,
    0x0, 0x0, 0x0, 0x0, 0xaf, 0xb0, 0x0, 0x0,
    0x0, 0x0, 0x0, 0x5f, 0xfd, 0x74, 0x33, 0x45,
    0x69, 0xba, 0x7, 0xff, 0xff, 0xff, 0xff, 0xff,
    0xfb, 0x0, 0x17, 0xbd, 0xdd, 0xdc, 0xb9, 0x63,

    /* U+3054 "ご" */
    0x0, 0x0, 0x0, 0x0, 0x0, 0x0, 0x0, 0x0,
    0x0, 0x0, 0x0, 0x0, 0x0, 0x0, 0x0, 0x1,
    0x2d, 0x40, 0x0, 0x0, 0x0, 0x0, 0x0, 0x0,
    0x6f, 0x2b, 0xd0, 0x0, 0x0, 0x0, 0x0, 0x0,
    0x0, 0x1e, 0xa2, 0xf5, 0x0, 0xde, 0xdd, 0xcc,
    0xdd, 0xef, 0xf7, 0xd1, 0x10, 0x0, 0xdf, 0xff,
    0xff, 0xff, 0xff, 0xf1, 0x0, 0x0, 0x0, 0x1,
    0x23, 0x33, 0x33, 0x21, 0x0, 0x0, 0x0, 0x0,
    0x0, 0x0, 0x0, 0x0, 0x0, 0x0, 0x0, 0x0,
    0x0, 0x0, 0x0, 0x0, 0x0, 0x0, 0x0, 0x0,
    0x0, 0x0, 0x0, 0x0, 0x0, 0x0, 0x0, 0x0,
    0x0, 0x0, 0x0, 0x0, 0x0, 0x0, 0x0, 0x0,
    0x0, 0x0, 0x0, 0x0, 0x0, 0x0, 0x0, 0x0,
    0x0, 0x0, 0x0, 0x0, 0xc, 0xd2, 0x0, 0x0,
    0x0, 0x0, 0x0, 0x0, 0x0, 0xf, 0xf0, 0x0,
    0x0, 0x0, 0x0, 0x0, 0x0, 0x0, 0x1f, 0xf0,
    0x0, 0x0, 0x0, 0x0, 0x0, 0x0, 0x0, 0x1f,
    0xf5, 0x0, 0x0, 0x0, 0x0, 0x0, 0x0, 0x0,
    0xb, 0xff, 0xa5, 0x32, 0x33, 0x46, 0x8b, 0x50,
    0x0, 0x1, 0xcf, 0xff, 0xff, 0xff, 0xff, 0xff,
    0x50, 0x0, 0x0, 0x5, 0xac, 0xee, 0xee, 0xdb,
    0x96, 0x10, 0x0,

    /* U+3055 "さ" */
    0x0, 0x0, 0x0, 0x1, 0x30, 0x0, 0x0, 0x0,
    0x0, 0x0, 0x0, 0xdf, 0x40, 0x0, 0x0, 0x0,
    0x0, 0x0, 0x8, 0xf8, 0x0, 0x0, 0x0, 0x0,
    0x0, 0x0, 0x3f, 0xd1, 0x47, 0xb5, 0xcf, 0xdc,
    0xcc, 0xcc, 0xff, 0xff, 0xff, 0x7b, 0xff, 0xff,
    0xff, 0xff, 0xfe, 0xa7, 0x40, 0x0, 0x12, 0x22,
    0x21, 0x1f, 0xe0, 0x0, 0x0, 0x0, 0x0, 0x0,
    0x0, 0x9f, 0x60, 0x0, 0x0, 0x0, 0x0, 0x0,
    0x1, 0xfe, 0x10, 0x0, 0x0, 0x0, 0x0, 0x0,
    0x8, 0xfa, 0x0, 0x6, 0xb5, 0x0, 0x4, 0xfe,
    0xdf, 0xf6, 0x0, 0xdf, 0x30, 0x0, 0x3b, 0xce,
    0xff, 0x30, 0x2f, 0xe0, 0x0, 0x0, 0x0, 0x0,
    0x20, 0x3, 0xfc, 0x0, 0x0, 0x0, 0x0, 0x0,
    0x0, 0x2f, 0xf1, 0x0, 0x0, 0x0, 0x0, 0x0,
    0x0, 0xcf, 0xe6, 0x20, 0x0, 0x2, 0x43, 0x0,
    0x1, 0xdf, 0xff, 0xff, 0xff, 0xff, 0x70, 0x0,
    0x0, 0x5a, 0xdf, 0xff, 0xec, 0xa3, 0x0,

    /* U+3056 "ざ" */
    0x0, 0x0, 0x0, 0x0, 0x0, 0x0, 0x0, 0x5,
    0x0, 0x0, 0x0, 0x0, 0x0, 0x11, 0x0, 0x47,
    0x3f, 0x70, 0x0, 0x0, 0x0, 0x6, 0xfb, 0x0,
    0x5f, 0x48, 0xf1, 0x0, 0x0, 0x0, 0x1, 0xff,
    0x0, 0xc, 0xd1, 0x91, 0x0, 0x0, 0x0, 0x0,
    0xbf, 0x41, 0x4a, 0xd0, 0x0, 0x4e, 0xcb, 0xba,
    0xaa, 0xdf, 0xff, 0xff, 0xf0, 0x0, 0x4f, 0xff,
    0xff, 0xff, 0xff, 0xfd, 0xa7, 0x30, 0x0, 0x1,
    0x23, 0x33, 0x33, 0x2a, 0xf6, 0x0, 0x0, 0x0,
    0x0, 0x0, 0x0, 0x0, 0x2, 0xfd, 0x0, 0x0,
    0x0, 0x0, 0x0, 0x0, 0x0, 0x0, 0xaf, 0x60,
    0x0, 0x0, 0x0, 0x0, 0x0, 0x0, 0x0, 0x1f,
    0xe1, 0x0, 0x0, 0x0, 0xb8, 0x0, 0x0, 0xce,
    0xde, 0xfc, 0x0, 0x0, 0x4, 0xfc, 0x0, 0x0,
    0x9c, 0xef, 0xfb, 0x0, 0x0, 0x9, 0xf7, 0x0,
    0x0, 0x0, 0x1, 0x31, 0x0, 0x0, 0xb, 0xf4,
    0x0, 0x0, 0x0, 0x0, 0x0, 0x0, 0x0, 0xb,
    0xf4, 0x0, 0x0, 0x0, 0x0, 0x0, 0x0, 0x0,
    0x9, 0xfa, 0x0, 0x0, 0x0, 0x0, 0x0, 0x0,
    0x0, 0x2, 0xff, 0xb4, 0x10, 0x0, 0x14, 0x70,
    0x0, 0x0, 0x0, 0x5f, 0xff, 0xff, 0xff, 0xff,
    0xf0, 0x0, 0x0, 0x0, 0x1, 0x8c, 0xef, 0xff,
    0xdc, 0x80, 0x0, 0x0,

    /* U+3057 "し" */
    0x3d, 0xd2, 0x0, 0x0, 0x0, 0x0, 0x0, 0x1,
    0xff, 0x10, 0x0, 0x0, 0x0, 0x0, 0x0, 0x1f,
    0xf0, 0x0, 0x0, 0x0, 0x0, 0x0, 0x1, 0xff,
    0x0, 0x0, 0x0, 0x0, 0x0, 0x0, 0x1f, 0xf0,
    0x0, 0x0, 0x0, 0x0, 0x0, 0x2, 0xfe, 0x0,
    0x0, 0x0, 0x0, 0x0, 0x0, 0x2f, 0xe0, 0x0,
    0x0, 0x0, 0x0, 0x0, 0x2, 0xfd, 0x0, 0x0,
    0x0, 0x0, 0x0, 0x0, 0x3f, 0xd0, 0x0, 0x0,
    0x0, 0x0, 0x0, 0x3, 0xfd, 0x0, 0x0, 0x0,
    0x0, 0x0, 0x0, 0x4f, 0xd0, 0x0, 0x0, 0x0,
    0x0, 0x0, 0x4, 0xfd, 0x0, 0x0, 0x0, 0x0,
    0xa, 0x70, 0x4f, 0xd0, 0x0, 0x0, 0x0, 0x8,
    0xff, 0x22, 0xff, 0x10, 0x0, 0x0, 0x1a, 0xff,
    0x80, 0xe, 0xfd, 0x51, 0x24, 0x8e, 0xff, 0x80,
    0x0, 0x4f, 0xff, 0xff, 0xff, 0xfd, 0x40, 0x0,
    0x0, 0x3a, 0xef, 0xfd, 0xa5, 0x0, 0x0, 0x0,

    /* U+3058 "じ" */
    0xcd, 0x70, 0x0, 0x0, 0x0, 0x10, 0x0, 0xcf,
    0x60, 0x0, 0x1, 0x8, 0xf2, 0x0, 0xcf, 0x50,
    0x0, 0x3f, 0x61, 0xfb, 0x0, 0xcf, 0x50, 0x0,
    0xb, 0xf1, 0x6f, 0x50, 0xcf, 0x40, 0x0, 0x2,
    0xf9, 0x5, 0x0, 0xdf, 0x30, 0x0, 0x0, 0x62,
    0x0, 0x0, 0xdf, 0x30, 0x0, 0x0, 0x0, 0x0,
    0x0, 0xdf, 0x20, 0x0, 0x0, 0x0, 0x0, 0x0,
    0xef, 0x20, 0x0, 0x0, 0x0, 0x0, 0x0, 0xef,
    0x20, 0x0, 0x0, 0x0, 0x0, 0x0, 0xff, 0x10,
    0x0, 0x0, 0x0, 0x0, 0x0, 0xff, 0x10, 0x0,
    0x0, 0x0, 0x5, 0xc0, 0xff, 0x20, 0x0, 0x0,
    0x0, 0x4f, 0xf6, 0xdf, 0x60, 0x0, 0x0, 0x7,
    0xff, 0xc0, 0x9f, 0xf7, 0x22, 0x37, 0xdf, 0xfb,
    0x0, 0x1d, 0xff, 0xff, 0xff, 0xff, 0x70, 0x0,
    0x1, 0x8d, 0xff, 0xeb, 0x71, 0x0, 0x0,

    /* U+3059 "す" */
    0x0, 0x0, 0x0, 0x0, 0x3b, 0xb0, 0x0, 0x0,
    0x0, 0x0, 0x0, 0x0, 0x2, 0xfe, 0x0, 0x0,
    0x0, 0x11, 0x22, 0x23, 0x34, 0x5f, 0xe4, 0x44,
    0x44, 0x3e, 0xff, 0xff, 0xff, 0xff, 0xff, 0xff,
    0xff, 0xfd, 0xbc, 0xba, 0x99, 0x88, 0x8f, 0xe8,
    0x88, 0x88, 0x70, 0x0, 0x0, 0x0, 0x12, 0xfd,
    0x0, 0x0, 0x0, 0x0, 0x0, 0x7, 0xef, 0xff,
    0xd0, 0x0, 0x0, 0x0, 0x0, 0x8, 0xfe, 0x9b,
    0xff, 0x0, 0x0, 0x0, 0x0, 0x0, 0xff, 0x10,
    0xb, 0xf5, 0x0, 0x0, 0x0, 0x0, 0x1f, 0xc0,
    0x0, 0x9f, 0x80, 0x0, 0x0, 0x0, 0x0, 0xff,
    0x30, 0x1e, 0xf8, 0x0, 0x0, 0x0, 0x0, 0x7,
    0xff, 0xdf, 0xff, 0x60, 0x0, 0x0, 0x0, 0x0,
    0x6, 0xde, 0xdf, 0xf1, 0x0, 0x0, 0x0, 0x0,
    0x0, 0x0, 0x1d, 0xfa, 0x0, 0x0, 0x0, 0x0,
    0x0, 0x0, 0x6e, 0xfd, 0x10, 0x0, 0x0, 0x0,
    0x0, 0x2a, 0xff, 0xfb, 0x10, 0x0, 0x0, 0x0,
    0x0, 0x0, 0x9f, 0xc5, 0x0, 0x0, 0x0, 0x0,
    0x0, 0x0, 0x0, 0x20, 0x0, 0x0, 0x0, 0x0,
    0x0,

    /* U+305A "ず" */
    0x0, 0x0, 0x0, 0x0, 0x0, 0x0, 0x0, 0x3,
    0x50, 0x0, 0x0, 0x0, 0x0, 0x9, 0x91, 0x3e,
    0x48, 0xf2, 0x0, 0x0, 0x0, 0x0, 0xf, 0xf1,
    0xc, 0xd1, 0xea, 0x0, 0x0, 0x1, 0x11, 0x1f,
    0xf2, 0x26, 0xd4, 0x40, 0xaf, 0xff, 0xff, 0xff,
    0xff, 0xff, 0xff, 0xff, 0xf0, 0xae, 0xdd, 0xcb,
    0xba, 0xaf, 0xfa, 0xaa, 0xab, 0xb0, 0x0, 0x0,
    0x0, 0x0, 0xd, 0xf0, 0x0, 0x0, 0x0, 0x0,
    0x0, 0x1, 0x9d, 0xdf, 0xf1, 0x0, 0x0, 0x0,
    0x0, 0x0, 0x1d, 0xfe, 0xef, 0xf2, 0x0, 0x0,
    0x0, 0x0, 0x0, 0x7f, 0x90, 0xa, 0xf7, 0x0,
    0x0, 0x0, 0x0, 0x0, 0xaf, 0x30, 0x6, 0xfb,
    0x0, 0x0, 0x0, 0x0, 0x0, 0x9f, 0x70, 0xa,
    0xfc, 0x0, 0x0, 0x0, 0x0, 0x0, 0x3f, 0xfb,
    0xbf, 0xfa, 0x0, 0x0, 0x0, 0x0, 0x0, 0x5,
    0xef, 0xff, 0xf6, 0x0, 0x0, 0x0, 0x0, 0x0,
    0x0, 0x1, 0x7f, 0xe0, 0x0, 0x0, 0x0, 0x0,
    0x0, 0x0, 0x19, 0xff, 0x50, 0x0, 0x0, 0x0,
    0x0, 0x0, 0x5a, 0xff, 0xf6, 0x0, 0x0, 0x0,
    0x0, 0x0, 0x0, 0x5f, 0xfb, 0x20, 0x0, 0x0,
    0x0, 0x0, 0x0, 0x0, 0x3, 0x20, 0x0, 0x0,
    0x0, 0x0, 0x0,

    /* U+305B "せ" */
    0x0, 0x0, 0x0, 0x0, 0x0, 0x0, 0xa, 0xa0,
    0x0, 0x0, 0x0, 0x0, 0xff, 0x10, 0x0, 0x0,
    0xfe, 0x0, 0x0, 0x0, 0x0, 0xf, 0xf0, 0x0,
    0x0, 0xf, 0xe0, 0x0, 0x0, 0x0, 0x0, 0xff,
    0x0, 0x0, 0x0, 0xfe, 0x0, 0x0, 0x0, 0x0,
    0xf, 0xf0, 0x1, 0x34, 0x6f, 0xf9, 0xab, 0x60,
    0x67, 0x8a, 0xff, 0xef, 0xff, 0xff, 0xff, 0xff,
    0xf8, 0xf, 0xff, 0xff, 0xfe, 0xca, 0x98, 0x7f,
    0xd3, 0x22, 0x10, 0x86, 0x43, 0xff, 0x0, 0x0,
    0x1, 0xfc, 0x0, 0x0, 0x0, 0x0, 0xf, 0xf0,
    0x0, 0x0, 0x2f, 0xb0, 0x0, 0x0, 0x0, 0x0,
    0xff, 0x0, 0x6, 0x58, 0xfa, 0x0, 0x0, 0x0,
    0x0, 0xf, 0xf0, 0x0, 0xdf, 0xff, 0x70, 0x0,
    0x0, 0x0, 0x0, 0xff, 0x0, 0x4, 0x78, 0x81,
    0x0, 0x0, 0x0, 0x0, 0xe, 0xf0, 0x0, 0x0,
    0x0, 0x0, 0x0, 0x0, 0x0, 0x0, 0xcf, 0x60,
    0x0, 0x0, 0x0, 0x0, 0x0, 0x0, 0x0, 0x8,
    0xff, 0xdb, 0xbb, 0xcd, 0xef, 0x50, 0x0, 0x0,
    0x0, 0xa, 0xff, 0xff, 0xff, 0xff, 0xf4, 0x0,
    0x0, 0x0, 0x0, 0x0, 0x24, 0x44, 0x32, 0x10,
    0x0, 0x0,

    /* U+305C "ぜ" */
    0x0, 0x0, 0x0, 0x0, 0x0, 0x0, 0x2, 0x20,
    0x2, 0x90, 0x0, 0x0, 0x18, 0x70, 0x0, 0x0,
    0x1f, 0xf4, 0xe1, 0xf4, 0x0, 0x0, 0x2f, 0xe0,
    0x0, 0x0, 0xf, 0xe0, 0xe5, 0xaa, 0x0, 0x0,
    0x2f, 0xd0, 0x0, 0x0, 0xf, 0xe0, 0x98, 0x11,
    0x0, 0x0, 0x2f, 0xd0, 0x0, 0x0, 0xf, 0xe1,
    0x23, 0x20, 0x0, 0x0, 0x4f, 0xe6, 0x89, 0xbc,
    0xdf, 0xff, 0xff, 0x70, 0x3e, 0xff, 0xff, 0xff,
    0xff, 0xff, 0xff, 0xfb, 0xaa, 0x50, 0x3f, 0xfd,
    0xcf, 0xe6, 0x43, 0x10, 0xf, 0xc0, 0x0, 0x0,
    0x1, 0x0, 0x2f, 0xd0, 0x0, 0x0, 0x1f, 0xb0,
    0x0, 0x0, 0x0, 0x0, 0x2f, 0xd0, 0x0, 0x0,
    0x3f, 0xa0, 0x0, 0x0, 0x0, 0x0, 0x1f, 0xd0,
    0x0, 0xcb, 0xcf, 0x90, 0x0, 0x0, 0x0, 0x0,
    0x1f, 0xd0, 0x0, 0xcf, 0xff, 0x40, 0x0, 0x0,
    0x0, 0x0, 0x1f, 0xd0, 0x0, 0x0, 0x10, 0x0,
    0x0, 0x0, 0x0, 0x0, 0xf, 0xf0, 0x0, 0x0,
    0x0, 0x0, 0x0, 0x0, 0x0, 0x0, 0xe, 0xf9,
    0x31, 0x11, 0x23, 0x57, 0x20, 0x0, 0x0, 0x0,
    0x7, 0xff, 0xff, 0xff, 0xff, 0xff, 0x50, 0x0,
    0x0, 0x0, 0x0, 0x5a, 0xde, 0xee, 0xdc, 0xba,
    0x20, 0x0,

    /* U+305D "そ" */
    0x0, 0x0, 0x10, 0x1, 0x12, 0x34, 0x72, 0x0,
    0x0, 0x0, 0xe, 0xff, 0xff, 0xff, 0xff, 0xd1,
    0x0, 0x0, 0x0, 0xcd, 0xba, 0xa9, 0xdf, 0xf7,
    0x0, 0x0, 0x0, 0x0, 0x0, 0x0, 0x8f, 0xe4,
    0x0, 0x0, 0x0, 0x0, 0x0, 0x0, 0xaf, 0xd2,
    0x0, 0x0, 0x0, 0x0, 0x0, 0x1, 0xcf, 0xb1,
    0x0, 0x0, 0x0, 0x0, 0x0, 0x3, 0xef, 0x90,
    0x0, 0x12, 0x23, 0x20, 0x2, 0x48, 0xff, 0xec,
    0xdf, 0xff, 0xff, 0xf9, 0xf, 0xff, 0xff, 0xff,
    0xff, 0xfb, 0xa9, 0x99, 0x60, 0xcb, 0x86, 0x43,
    0xbf, 0x80, 0x0, 0x0, 0x0, 0x0, 0x0, 0x0,
    0x7f, 0x70, 0x0, 0x0, 0x0, 0x0, 0x0, 0x0,
    0xe, 0xf0, 0x0, 0x0, 0x0, 0x0, 0x0, 0x0,
    0x1, 0xfe, 0x0, 0x0, 0x0, 0x0, 0x0, 0x0,
    0x0, 0xf, 0xf3, 0x0, 0x0, 0x0, 0x0, 0x0,
    0x0, 0x0, 0xaf, 0xf8, 0x31, 0x0, 0x0, 0x0,
    0x0, 0x0, 0x1, 0xbf, 0xff, 0xff, 0xf0, 0x0,
    0x0, 0x0, 0x0, 0x0, 0x4a, 0xdf, 0xfc, 0x0,
    0x0, 0x0, 0x0, 0x0, 0x0, 0x0, 0x0, 0x0,
    0x0,

    /* U+305E "ぞ" */
    0x0, 0x0, 0x0, 0x0, 0x1, 0x24, 0x40, 0x0,
    0x0, 0x0, 0x8, 0xff, 0xff, 0xff, 0xff, 0xf4,
    0x0, 0x0, 0x0, 0x7, 0xfd, 0xcc, 0xbb, 0xff,
    0xc2, 0x6, 0x0, 0x0, 0x0, 0x0, 0x0, 0x2e,
    0xf9, 0x39, 0x1e, 0x80, 0x0, 0x0, 0x0, 0x4,
    0xff, 0x60, 0x1f, 0x66, 0xf1, 0x0, 0x0, 0x0,
    0x7f, 0xe4, 0x0, 0x8, 0xd0, 0x30, 0x0, 0x0,
    0xa, 0xfd, 0x20, 0x0, 0x13, 0x33, 0x0, 0x2,
    0x35, 0xdf, 0xfc, 0xde, 0xff, 0xff, 0xff, 0x0,
    0xaf, 0xff, 0xff, 0xff, 0xff, 0xca, 0x99, 0x99,
    0x0, 0x7b, 0x96, 0x53, 0x7f, 0xc2, 0x0, 0x0,
    0x0, 0x0, 0x0, 0x0, 0x2, 0xfc, 0x0, 0x0,
    0x0, 0x0, 0x0, 0x0, 0x0, 0x9, 0xf5, 0x0,
    0x0, 0x0, 0x0, 0x0, 0x0, 0x0, 0xb, 0xf4,
    0x0, 0x0, 0x0, 0x0, 0x0, 0x0, 0x0, 0xa,
    0xf9, 0x0, 0x0, 0x0, 0x0, 0x0, 0x0, 0x0,
    0x4, 0xff, 0xb5, 0x20, 0x0, 0x0, 0x0, 0x0,
    0x0, 0x0, 0x7f, 0xff, 0xff, 0xf5, 0x0, 0x0,
    0x0, 0x0, 0x0, 0x2, 0x8c, 0xef, 0xf2, 0x0,
    0x0, 0x0, 0x0, 0x0, 0x0, 0x0, 0x0, 0x0,
    0x0, 0x0,

    /* U+305F "た" */
    0x0, 0x0, 0x0, 0x0, 0x0, 0x0, 0x0, 0x0,
    0x0, 0x0, 0x0, 0x4, 0xfe, 0x0, 0x0, 0x0,
    0x0, 0x0, 0x0, 0x0, 0x5, 0xfd, 0x0, 0x0,
    0x0, 0x0, 0x0, 0x0, 0x0, 0x7, 0xf9, 0x14,
    0x71, 0x0, 0x0, 0x0, 0xb, 0xaa, 0xae, 0xff,
    0xff, 0xf2, 0x0, 0x0, 0x0, 0xf, 0xff, 0xff,
    0xff, 0xca, 0x70, 0x0, 0x0, 0x0, 0x2, 0x33,
    0x4f, 0xf0, 0x0, 0x0, 0x0, 0x0, 0x0, 0x0,
    0x0, 0x4f, 0xc0, 0x3, 0xde, 0xee, 0xee, 0xc0,
    0x0, 0x0, 0x8f, 0x80, 0x4, 0xff, 0xee, 0xef,
    0xe0, 0x0, 0x0, 0xdf, 0x40, 0x0, 0x0, 0x0,
    0x0, 0x10, 0x0, 0x2, 0xff, 0x0, 0x0, 0x0,
    0x0, 0x0, 0x0, 0x0, 0x7, 0xfa, 0x0, 0x0,
    0x0, 0x0, 0x0, 0x0, 0x0, 0xd, 0xf5, 0x0,
    0x7c, 0x40, 0x0, 0x0, 0x0, 0x0, 0x2f, 0xf1,
    0x0, 0xbf, 0x30, 0x0, 0x0, 0x0, 0x0, 0x9f,
    0xb0, 0x0, 0xcf, 0x30, 0x0, 0x0, 0x0, 0x0,
    0xff, 0x50, 0x0, 0xaf, 0xd5, 0x22, 0x34, 0x61,
    0x7, 0xfe, 0x0, 0x0, 0x2e, 0xff, 0xff, 0xff,
    0xf3, 0x6, 0xc8, 0x0, 0x0, 0x0, 0x6a, 0xbc,
    0xba, 0x81, 0x0, 0x0, 0x0, 0x0, 0x0, 0x0,
    0x0, 0x0, 0x0,

    /* U+3060 "だ" */
    0x0, 0x0, 0x1c, 0xb2, 0x0, 0x0, 0x0, 0x6,
    0xa0, 0x0, 0x0, 0x2, 0xff, 0x0, 0x0, 0x1,
    0xd7, 0x4f, 0x50, 0x0, 0x0, 0x4f, 0xd0, 0x14,
    0x10, 0x9, 0xf2, 0xae, 0x7, 0x77, 0x7b, 0xff,
    0xef, 0xf4, 0x0, 0x1e, 0x81, 0x10, 0xdf, 0xff,
    0xff, 0xff, 0xeb, 0x20, 0x0, 0x10, 0x0, 0x4,
    0x66, 0x6f, 0xf4, 0x0, 0x0, 0x0, 0x0, 0x0,
    0x0, 0x0, 0x1, 0xff, 0x0, 0x1a, 0xbb, 0xcc,
    0xba, 0x30, 0x0, 0x0, 0x5f, 0xb0, 0x2, 0xff,
    0xff, 0xff, 0xf4, 0x0, 0x0, 0xa, 0xf7, 0x0,
    0x3, 0x21, 0x11, 0x23, 0x10, 0x0, 0x0, 0xff,
    0x20, 0x0, 0x0, 0x0, 0x0, 0x0, 0x0, 0x0,
    0x4f, 0xd0, 0x0, 0x0, 0x0, 0x0, 0x0, 0x0,
    0x0, 0xa, 0xf8, 0x0, 0x4b, 0x50, 0x0, 0x0,
    0x0, 0x0, 0x0, 0xff, 0x30, 0x8, 0xf5, 0x0,
    0x0, 0x0, 0x0, 0x0, 0x5f, 0xe0, 0x0, 0x9f,
    0x60, 0x0, 0x0, 0x0, 0x0, 0xc, 0xf8, 0x0,
    0x8, 0xfe, 0x52, 0x11, 0x35, 0x40, 0x4, 0xff,
    0x20, 0x0, 0x1d, 0xff, 0xff, 0xff, 0xf9, 0x0,
    0x4c, 0xb0, 0x0, 0x0, 0x5, 0xac, 0xcc, 0xba,
    0x50, 0x0, 0x0, 0x0, 0x0, 0x0, 0x0, 0x0,
    0x0, 0x0, 0x0,

    /* U+3061 "ち" */
    0x0, 0x0, 0x8d, 0x60, 0x0, 0x0, 0x0, 0x0,
    0x0, 0x0, 0xbf, 0x40, 0x0, 0x0, 0x0, 0x0,
    0x32, 0x0, 0xdf, 0x22, 0x35, 0x79, 0xc9, 0x0,
    0xef, 0xff, 0xff, 0xff, 0xff, 0xff, 0xfa, 0x0,
    0xab, 0xcd, 0xfe, 0xba, 0x97, 0x54, 0x10, 0x0,
    0x0, 0x6, 0xf7, 0x0, 0x0, 0x0, 0x0, 0x0,
    0x0, 0xa, 0xf3, 0x0, 0x0, 0x0, 0x0, 0x0,
    0x0, 0xf, 0xf0, 0x4, 0x78, 0x86, 0x10, 0x0,
    0x0, 0x4f, 0xc9, 0xff, 0xff, 0xff, 0xf8, 0x0,
    0x0, 0x9f, 0xff, 0xb6, 0x32, 0x38, 0xff, 0x70,
    0x0, 0xff, 0xd3, 0x0, 0x0, 0x0, 0x5f, 0xe0,
    0x5, 0xfd, 0x10, 0x0, 0x0, 0x0, 0xf, 0xf1,
    0x0, 0x22, 0x0, 0x0, 0x0, 0x0, 0x3f, 0xf0,
    0x0, 0x0, 0x0, 0x0, 0x0, 0x1, 0xcf, 0xb0,
    0x0, 0x0, 0x21, 0x0, 0x14, 0x8e, 0xff, 0x20,
    0x0, 0x0, 0xdf, 0xff, 0xff, 0xff, 0xc3, 0x0,
    0x0, 0x0, 0x7d, 0xee, 0xdb, 0x84, 0x0, 0x0,

    /* U+3062 "ぢ" */
    0x0, 0x0, 0x0, 0x0, 0x0, 0x0, 0x0, 0x0,
    0x0, 0x0, 0x0, 0x0, 0x0, 0x0, 0x0, 0x0,
    0x1, 0x3e, 0x30, 0x0, 0x0, 0x1a, 0x90, 0x0,
    0x0, 0x7, 0xe1, 0xcc, 0x0, 0x0, 0x2, 0xfd,
    0x0, 0x0, 0x0, 0x1e, 0x93, 0xf3, 0x0, 0x0,
    0x4f, 0xa0, 0x0, 0x24, 0x79, 0x7c, 0x1, 0x7,
    0xfd, 0xcd, 0xfe, 0xde, 0xff, 0xff, 0xe0, 0x0,
    0x0, 0x6e, 0xff, 0xff, 0xff, 0xdc, 0xa8, 0x64,
    0x0, 0x0, 0x0, 0x0, 0xd, 0xf1, 0x0, 0x0,
    0x0, 0x0, 0x0, 0x0, 0x0, 0x1, 0xfd, 0x0,
    0x0, 0x0, 0x0, 0x0, 0x0, 0x0, 0x0, 0x5f,
    0x90, 0x0, 0x12, 0x10, 0x0, 0x0, 0x0, 0x0,
    0xa, 0xf5, 0x6c, 0xff, 0xff, 0xd6, 0x0, 0x0,
    0x0, 0x0, 0xff, 0xef, 0xeb, 0x99, 0xbf, 0xfa,
    0x0, 0x0, 0x0, 0x5f, 0xfd, 0x50, 0x0, 0x0,
    0x3f, 0xf4, 0x0, 0x0, 0xc, 0xfc, 0x0, 0x0,
    0x0, 0x0, 0x9f, 0x80, 0x0, 0x0, 0x6a, 0x10,
    0x0, 0x0, 0x0, 0x9, 0xf8, 0x0, 0x0, 0x0,
    0x0, 0x0, 0x0, 0x0, 0x1, 0xef, 0x50, 0x0,
    0x0, 0x0, 0x0, 0x0, 0x0, 0x4, 0xdf, 0xd0,
    0x0, 0x0, 0x0, 0x5, 0xba, 0xaa, 0xcf, 0xff,
    0xe2, 0x0, 0x0, 0x0, 0x0, 0x2f, 0xff, 0xff,
    0xfd, 0x70, 0x0, 0x0, 0x0, 0x0, 0x0, 0x34,
    0x44, 0x31, 0x0, 0x0, 0x0, 0x0,

    /* U+3063 "っ" */
    0x0, 0x0, 0x0, 0x0, 0x11, 0x0, 0x0, 0x0,
    0x0, 0x5, 0x9d, 0xff, 0xff, 0xb2, 0x0, 0x26,
    0xbf, 0xff, 0xfd, 0xbb, 0xff, 0xf3, 0xb, 0xff,
    0xfa, 0x51, 0x0, 0x0, 0xbf, 0xc0, 0x5c, 0x60,
    0x0, 0x0, 0x0, 0x1, 0xff, 0x10, 0x0, 0x0,
    0x0, 0x0, 0x0, 0xe, 0xf3, 0x0, 0x0, 0x0,
    0x0, 0x0, 0x0, 0xff, 0x10, 0x0, 0x0, 0x0,
    0x0, 0x0, 0x9f, 0xc0, 0x0, 0x0, 0x0, 0x0,
    0x2, 0xaf, 0xf4, 0x0, 0x0, 0x2, 0x35, 0x8c,
    0xff, 0xf5, 0x0, 0x0, 0x0, 0xaf, 0xff, 0xff,
    0x91, 0x0, 0x0, 0x0, 0x3, 0xca, 0x84, 0x0,
    0x0, 0x0,

    /* U+3064 "つ" */
    0x0, 0x0, 0x0, 0x0, 0x0, 0x12, 0x0, 0x0,
    0x0, 0x0, 0x0, 0x1, 0x6a, 0xdf, 0xff, 0xfc,
    0x50, 0x0, 0x0, 0x27, 0xcf, 0xff, 0xfe, 0xcc,
    0xef, 0xfb, 0x0, 0x6e, 0xff, 0xfe, 0xa5, 0x10,
    0x0, 0x6, 0xff, 0x80, 0x3f, 0xfa, 0x40, 0x0,
    0x0, 0x0, 0x0, 0x6f, 0xf0, 0x6, 0x10, 0x0,
    0x0, 0x0, 0x0, 0x0, 0xf, 0xf3, 0x0, 0x0,
    0x0, 0x0, 0x0, 0x0, 0x0, 0xe, 0xf4, 0x0,
    0x0, 0x0, 0x0, 0x0, 0x0, 0x0, 0x1f, 0xf3,
    0x0, 0x0, 0x0, 0x0, 0x0, 0x0, 0x0, 0x8f,
    0xe0, 0x0, 0x0, 0x0, 0x0, 0x0, 0x0, 0x6,
    0xff, 0x70, 0x0, 0x0, 0x0, 0x0, 0x0, 0x4,
    0xcf, 0xfa, 0x0, 0x0, 0x0, 0x2, 0x45, 0x7a,
    0xef, 0xff, 0x80, 0x0, 0x0, 0x0, 0x6, 0xff,
    0xff, 0xff, 0x92, 0x0, 0x0, 0x0, 0x0, 0x0,
    0xdc, 0xa8, 0x40, 0x0, 0x0, 0x0,

    /* U+3065 "づ" */
    0x0, 0x0, 0x0, 0x0, 0x0, 0x0, 0x0, 0x0,
    0x37, 0x0, 0x0, 0x0, 0x0, 0x0, 0x0, 0x0,
    0x0, 0x87, 0x5f, 0x50, 0x0, 0x0, 0x0, 0x0,
    0x0, 0x0, 0x0, 0x8f, 0x1b, 0xd0, 0x0, 0x0,
    0x0, 0x0, 0x0, 0x0, 0x0, 0xe, 0xa2, 0x50,
    0x0, 0x0, 0x0, 0x3, 0x7a, 0xcd, 0xdb, 0x64,
    0x10, 0x0, 0x0, 0x0, 0x5a, 0xef, 0xff, 0xff,
    0xff, 0xfe, 0x30, 0x0, 0x6, 0xbf, 0xff, 0xfc,
    0x84, 0x10, 0x14, 0xdf, 0xf2, 0x0, 0xa, 0xff,
    0xd7, 0x10, 0x0, 0x0, 0x0, 0xd, 0xf9, 0x0,
    0x3, 0x93, 0x0, 0x0, 0x0, 0x0, 0x0, 0x6,
    0xfe, 0x0, 0x0, 0x0, 0x0, 0x0, 0x0, 0x0,
    0x0, 0x3, 0xff, 0x0, 0x0, 0x0, 0x0, 0x0,
    0x0, 0x0, 0x0, 0x5, 0xfe, 0x0, 0x0, 0x0,
    0x0, 0x0, 0x0, 0x0, 0x0, 0xb, 0xfb, 0x0,
    0x0, 0x0, 0x0, 0x0, 0x0, 0x0, 0x0, 0x6f,
    0xf4, 0x0, 0x0, 0x0, 0x0, 0x0, 0x0, 0x0,
    0x1a, 0xff, 0x90, 0x0, 0x0, 0x0, 0x0, 0x0,
    0x13, 0x6b, 0xff, 0xf9, 0x0, 0x0, 0x0, 0x0,
    0x0, 0xbf, 0xff, 0xff, 0xfc, 0x40, 0x0, 0x0,
    0x0, 0x0, 0x0, 0x6f, 0xfe, 0xb7, 0x20, 0x0,
    0x0, 0x0, 0x0, 0x0, 0x0, 0x2, 0x10, 0x0,
    0x0, 0x0, 0x0, 0x0,

    /* U+3066 "て" */
    0x0, 0x0, 0x0, 0x23, 0x56, 0x79, 0xab, 0xcd,
    0x84, 0xab, 0xde, 0xff, 0xff, 0xff, 0xff, 0xff,
    0xf9, 0x5f, 0xff, 0xfd, 0xb9, 0x8d, 0xfe, 0x84,
    0x32, 0x12, 0x63, 0x10, 0x0, 0x9, 0xfb, 0x10,
    0x0, 0x0, 0x0, 0x0, 0x0, 0x6, 0xfc, 0x0,
    0x0, 0x0, 0x0, 0x0, 0x0, 0x0, 0xef, 0x20,
    0x0, 0x0, 0x0, 0x0, 0x0, 0x0, 0x5f, 0xb0,
    0x0, 0x0, 0x0, 0x0, 0x0, 0x0, 0xa, 0xf6,
    0x0, 0x0, 0x0, 0x0, 0x0, 0x0, 0x0, 0xbf,
    0x40, 0x0, 0x0, 0x0, 0x0, 0x0, 0x0, 0xb,
    0xf5, 0x0, 0x0, 0x0, 0x0, 0x0, 0x0, 0x0,
    0x9f, 0xa0, 0x0, 0x0, 0x0, 0x0, 0x0, 0x0,
    0x4, 0xff, 0x40, 0x0, 0x0, 0x0, 0x0, 0x0,
    0x0, 0xb, 0xff, 0x70, 0x0, 0x0, 0x0, 0x0,
    0x0, 0x0, 0x1c, 0xff, 0xe9, 0x64, 0x0, 0x0,
    0x0, 0x0, 0x0, 0x8, 0xff, 0xff, 0xb0, 0x0,
    0x0, 0x0, 0x0, 0x0, 0x1, 0x6a, 0xd5, 0x0,

    /* U+3067 "で" */
    0x0, 0x0, 0x0, 0x13, 0x46, 0x78, 0x9b, 0xcd,
    0x70, 0x4a, 0xbd, 0xef, 0xff, 0xff, 0xff, 0xff,
    0xff, 0x90, 0x6f, 0xff, 0xfd, 0xb9, 0x8e, 0xfe,
    0x84, 0x32, 0x10, 0x27, 0x42, 0x0, 0x0, 0xaf,
    0xb1, 0x0, 0x3, 0x0, 0x0, 0x0, 0x0, 0x6,
    0xfc, 0x0, 0x16, 0x1e, 0x80, 0x0, 0x0, 0x0,
    0xe, 0xf2, 0x0, 0x3f, 0x56, 0xf2, 0x0, 0x0,
    0x0, 0x6f, 0xa0, 0x0, 0x9, 0xe0, 0xb4, 0x0,
    0x0, 0x0, 0xaf, 0x60, 0x0, 0x1, 0xa1, 0x0,
    0x0, 0x0, 0x0, 0xcf, 0x40, 0x0, 0x0, 0x0,
    0x0, 0x0, 0x0, 0x0, 0xcf, 0x50, 0x0, 0x0,
    0x0, 0x0, 0x0, 0x0, 0x0, 0x9f, 0x90, 0x0,
    0x0, 0x0, 0x0, 0x0, 0x0, 0x0, 0x4f, 0xf3,
    0x0, 0x0, 0x0, 0x0, 0x0, 0x0, 0x0, 0xb,
    0xff, 0x60, 0x0, 0x0, 0x0, 0x0, 0x0, 0x0,
    0x1, 0xdf, 0xfe, 0x96, 0x40, 0x0, 0x0, 0x0,
    0x0, 0x0, 0x9, 0xff, 0xff, 0xb0, 0x0, 0x0,
    0x0, 0x0, 0x0, 0x0, 0x16, 0xac, 0x50, 0x0,

    /* U+3068 "と" */
    0x0, 0x23, 0x0, 0x0, 0x0, 0x0, 0x0, 0x6,
    0xfb, 0x0, 0x0, 0x0, 0x0, 0x0, 0x2, 0xff,
    0x20, 0x0, 0x0, 0x0, 0x20, 0x0, 0xaf, 0x90,
    0x0, 0x0, 0x3d, 0xd0, 0x0, 0x3f, 0xf1, 0x0,
    0x2b, 0xff, 0xe2, 0x0, 0xb, 0xf9, 0x19, 0xff,
    0xe7, 0x0, 0x0, 0x4, 0xff, 0xff, 0xe7, 0x0,
    0x0, 0x0, 0x1, 0xff, 0xf8, 0x0, 0x0, 0x0,
    0x0, 0x3e, 0xfb, 0x20, 0x0, 0x0, 0x0, 0x1,
    0xef, 0x80, 0x0, 0x0, 0x0, 0x0, 0xa, 0xf9,
    0x0, 0x0, 0x0, 0x0, 0x0, 0xf, 0xf1, 0x0,
    0x0, 0x0, 0x0, 0x0, 0x2f, 0xf0, 0x0, 0x0,
    0x0, 0x0, 0x0, 0x1f, 0xf5, 0x0, 0x0, 0x0,
    0x0, 0x0, 0xb, 0xff, 0x94, 0x22, 0x23, 0x56,
    0x9a, 0x1, 0xcf, 0xff, 0xff, 0xff, 0xff, 0xfe,
    0x0, 0x4, 0x9c, 0xde, 0xed, 0xcb, 0x96,

    /* U+3069 "ど" */
    0x0, 0x0, 0x0, 0x0, 0x0, 0x0, 0x0, 0x60,
    0x0, 0x4, 0x0, 0x0, 0x0, 0x0, 0x37, 0x2f,
    0x80, 0x1e, 0xf2, 0x0, 0x0, 0x0, 0x4, 0xf5,
    0x7f, 0x20, 0xbf, 0x80, 0x0, 0x0, 0x0, 0xb,
    0xd0, 0x92, 0x4, 0xfe, 0x0, 0x0, 0x0, 0x89,
    0x25, 0x0, 0x0, 0xd, 0xf7, 0x0, 0x6, 0xef,
    0xf1, 0x0, 0x0, 0x0, 0x5f, 0xe0, 0x5d, 0xff,
    0xb3, 0x0, 0x0, 0x0, 0x0, 0xdf, 0xef, 0xfb,
    0x30, 0x0, 0x0, 0x0, 0x0, 0xa, 0xff, 0xc3,
    0x0, 0x0, 0x0, 0x0, 0x0, 0xa, 0xff, 0x60,
    0x0, 0x0, 0x0, 0x0, 0x0, 0x9, 0xfd, 0x20,
    0x0, 0x0, 0x0, 0x0, 0x0, 0x3, 0xff, 0x20,
    0x0, 0x0, 0x0, 0x0, 0x0, 0x0, 0x9f, 0x80,
    0x0, 0x0, 0x0, 0x0, 0x0, 0x0, 0xc, 0xf6,
    0x0, 0x0, 0x0, 0x0, 0x0, 0x0, 0x0, 0xaf,
    0xb0, 0x0, 0x0, 0x0, 0x0, 0x0, 0x0, 0x5,
    0xff, 0xc5, 0x21, 0x12, 0x35, 0x79, 0x30, 0x0,
    0x8, 0xff, 0xff, 0xff, 0xff, 0xff, 0xf4, 0x0,
    0x0, 0x3, 0x9c, 0xef, 0xff, 0xed, 0xb9, 0x20,
    0x0,

    /* U+306A "な" */
    0x0, 0x0, 0x0, 0x21, 0x0, 0x0, 0x0, 0x0,
    0x0, 0x0, 0x0, 0x1, 0xff, 0x10, 0x0, 0x0,
    0x0, 0x0, 0x0, 0x0, 0x3, 0xfd, 0x0, 0x0,
    0x0, 0x0, 0x0, 0x0, 0x0, 0x6, 0xfa, 0x47,
    0x40, 0x2, 0x0, 0x0, 0x2c, 0xcb, 0xce, 0xff,
    0xff, 0x70, 0x9f, 0xa2, 0x0, 0x1f, 0xff, 0xff,
    0xfb, 0x85, 0x10, 0x6e, 0xff, 0x90, 0x0, 0x0,
    0x6f, 0xa0, 0x0, 0x0, 0x0, 0x8f, 0xf9, 0x0,
    0x0, 0xdf, 0x40, 0x0, 0xd, 0xb0, 0x2, 0xb1,
    0x0, 0x5, 0xfd, 0x0, 0x0, 0xf, 0xe0, 0x0,
    0x0, 0x0, 0xd, 0xf6, 0x0, 0x0, 0xf, 0xe0,
    0x0, 0x0, 0x0, 0x6f, 0xe0, 0x0, 0x0, 0xe,
    0xe0, 0x0, 0x0, 0x1, 0xef, 0x60, 0x0, 0x2,
    0x1e, 0xf0, 0x0, 0x0, 0xb, 0xfd, 0x0, 0x3c,
    0xff, 0xff, 0xf3, 0x0, 0x0, 0x2e, 0xf4, 0x2,
    0xff, 0x97, 0x9f, 0xff, 0xa1, 0x0, 0x0, 0x50,
    0x9, 0xf5, 0x0, 0xc, 0xff, 0xfe, 0x30, 0x0,
    0x0, 0xb, 0xf2, 0x0, 0xd, 0xf3, 0xdf, 0xf0,
    0x0, 0x0, 0x9, 0xf9, 0x0, 0x3f, 0xf0, 0x1d,
    0xa0, 0x0, 0x0, 0x2, 0xff, 0xed, 0xff, 0xa0,
    0x1, 0x20, 0x0, 0x0, 0x0, 0x2a, 0xef, 0xe9,
    0x0, 0x0, 0x0,

    /* U+306B "に" */
    0x5, 0x73, 0x0, 0x0, 0x0, 0x0, 0x0, 0x0,
    0x0, 0xcf, 0x40, 0x0, 0x0, 0x0, 0x0, 0x0,
    0x0, 0xe, 0xf1, 0x0, 0xd, 0xcb, 0xbb, 0xbc,
    0xd6, 0x0, 0xfe, 0x0, 0x0, 0xff, 0xff, 0xff,
    0xff, 0x70, 0x3f, 0xb0, 0x0, 0x2, 0x33, 0x44,
    0x43, 0x20, 0x5, 0xf9, 0x0, 0x0, 0x0, 0x0,
    0x0, 0x0, 0x0, 0x7f, 0x60, 0x0, 0x0, 0x0,
    0x0, 0x0, 0x0, 0x9, 0xf5, 0x0, 0x0, 0x0,
    0x0, 0x0, 0x0, 0x0, 0xaf, 0x30, 0x0, 0x0,
    0x0, 0x0, 0x0, 0x0, 0xb, 0xf2, 0x40, 0x0,
    0x0, 0x0, 0x0, 0x0, 0x0, 0xbf, 0x5f, 0x30,
    0x68, 0x10, 0x0, 0x0, 0x0, 0xa, 0xfc, 0xe0,
    0xd, 0xf0, 0x0, 0x0, 0x0, 0x0, 0x9f, 0xf9,
    0x0, 0xff, 0x0, 0x0, 0x0, 0x0, 0x8, 0xff,
    0x40, 0xd, 0xf9, 0x20, 0x0, 0x13, 0x60, 0x6f,
    0xf0, 0x0, 0x6f, 0xff, 0xff, 0xff, 0xff, 0x3,
    0xfd, 0x0, 0x0, 0x5b, 0xef, 0xff, 0xed, 0xb0,
    0xb, 0x80, 0x0, 0x0, 0x0, 0x0, 0x0, 0x0,
    0x0,

    /* U+306C "ぬ" */
    0x0, 0x0, 0x0, 0x0, 0xc, 0xb0, 0x0, 0x0,
    0x0, 0x0, 0x0, 0x0, 0x0, 0x0, 0xfe, 0x0,
    0x0, 0x0, 0x0, 0x3, 0xb6, 0x0, 0x0, 0x1f,
    0xd0, 0x0, 0x0, 0x0, 0x0, 0x4f, 0xb0, 0x3,
    0x9e, 0xff, 0xfd, 0x70, 0x0, 0x0, 0x0, 0xef,
    0x2b, 0xff, 0xff, 0xcb, 0xff, 0xd1, 0x0, 0x0,
    0x9, 0xff, 0xfa, 0x28, 0xf5, 0x0, 0xaf, 0xc0,
    0x0, 0x0, 0x5f, 0xf5, 0x0, 0xbf, 0x20, 0x0,
    0xcf, 0x50, 0x0, 0x1e, 0xff, 0x20, 0xf, 0xe0,
    0x0, 0x5, 0xfa, 0x0, 0x9, 0xfd, 0xf9, 0x5,
    0xfa, 0x0, 0x0, 0x2f, 0xd0, 0x1, 0xfe, 0x1f,
    0xf2, 0xbf, 0x40, 0x0, 0x1, 0xfd, 0x0, 0x6f,
    0x80, 0x8f, 0xdf, 0xe0, 0x1, 0x10, 0x3f, 0xc0,
    0x9, 0xf3, 0x1, 0xef, 0xf6, 0x2d, 0xff, 0xfc,
    0xfa, 0x0, 0xbf, 0x20, 0xa, 0xfd, 0xd, 0xf7,
    0x6a, 0xff, 0xa0, 0xa, 0xf6, 0x8, 0xff, 0x23,
    0xf8, 0x0, 0x1f, 0xff, 0x80, 0x5f, 0xff, 0xff,
    0x40, 0x2f, 0xd3, 0x3d, 0xfb, 0xef, 0x40, 0x9f,
    0xfd, 0x30, 0x0, 0xaf, 0xff, 0xfc, 0x3, 0xa0,
    0x0, 0x11, 0x0, 0x0, 0x0, 0x59, 0x95, 0x0,
    0x0, 0x0,

    /* U+306D "ね" */
    0x0, 0x0, 0x0, 0x0, 0x0, 0x0, 0x0, 0x0,
    0x0, 0x0, 0x0, 0x0, 0x6, 0xfb, 0x0, 0x0,
    0x0, 0x0, 0x0, 0x0, 0x0, 0x0, 0x6, 0xfa,
    0x0, 0x0, 0x0, 0x0, 0x0, 0x0, 0x0, 0x0,
    0x6, 0xf8, 0x0, 0x0, 0x23, 0x10, 0x0, 0x0,
    0x3, 0x56, 0x8c, 0xfe, 0x0, 0x7e, 0xff, 0xfa,
    0x0, 0x0, 0x8, 0xff, 0xff, 0xfb, 0x3d, 0xfd,
    0x99, 0xef, 0xa0, 0x0, 0x4, 0x96, 0x4b, 0xf9,
    0xfe, 0x50, 0x0, 0x2f, 0xf2, 0x0, 0x0, 0x0,
    0xb, 0xff, 0xc1, 0x0, 0x0, 0x8, 0xf7, 0x0,
    0x0, 0x0, 0x2f, 0xfb, 0x0, 0x0, 0x0, 0x4,
    0xf9, 0x0, 0x0, 0x0, 0xcf, 0xf0, 0x0, 0x0,
    0x0, 0x3, 0xfa, 0x0, 0x0, 0x8, 0xff, 0xf0,
    0x0, 0x0, 0x0, 0x4, 0xfa, 0x0, 0x0, 0x4f,
    0xef, 0xf0, 0x0, 0x5, 0x88, 0x67, 0xf9, 0x0,
    0x1, 0xef, 0x4e, 0xf0, 0x1, 0xdf, 0xff, 0xff,
    0xf8, 0x0, 0xc, 0xf9, 0xe, 0xf0, 0xa, 0xf6,
    0x1, 0x5e, 0xfe, 0x40, 0x9, 0xd0, 0xf, 0xf0,
    0xc, 0xf0, 0x0, 0x3f, 0xff, 0xf4, 0x0, 0x20,
    0xf, 0xf0, 0x9, 0xfc, 0x78, 0xff, 0x85, 0xf2,
    0x0, 0x0, 0xf, 0xf0, 0x1, 0xbf, 0xff, 0xfa,
    0x0, 0x20, 0x0, 0x0, 0xd, 0xe1, 0x0, 0x2,
    0x55, 0x20, 0x0, 0x0,

    /* U+306E "の" */
    0x0, 0x0, 0x0, 0x38, 0xbc, 0xb9, 0x40, 0x0,
    0x0, 0x0, 0x0, 0x3c, 0xff, 0xff, 0xff, 0xfd,
    0x30, 0x0, 0x0, 0x6, 0xff, 0xc5, 0xbf, 0x85,
    0xcf, 0xf4, 0x0, 0x0, 0x5f, 0xf6, 0x0, 0xdf,
    0x40, 0x7, 0xff, 0x20, 0x1, 0xff, 0x50, 0x0,
    0xff, 0x10, 0x0, 0xaf, 0xa0, 0x9, 0xfa, 0x0,
    0x3, 0xfe, 0x0, 0x0, 0x2f, 0xf0, 0xe, 0xf2,
    0x0, 0x7, 0xfa, 0x0, 0x0, 0xe, 0xf3, 0x2f,
    0xe0, 0x0, 0xb, 0xf6, 0x0, 0x0, 0xc, 0xf5,
    0x3f, 0xc0, 0x0, 0xf, 0xf1, 0x0, 0x0, 0xc,
    0xf4, 0x3f, 0xd0, 0x0, 0x6f, 0xb0, 0x0, 0x0,
    0xf, 0xf2, 0x1f, 0xf1, 0x0, 0xdf, 0x50, 0x0,
    0x0, 0x6f, 0xe0, 0xc, 0xfb, 0x29, 0xfd, 0x0,
    0x0, 0x2, 0xef, 0x80, 0x4, 0xff, 0xff, 0xf4,
    0x0, 0x0, 0x4e, 0xfd, 0x0, 0x0, 0x6f, 0xff,
    0x50, 0x3, 0x6c, 0xff, 0xe2, 0x0, 0x0, 0x1,
    0x41, 0x0, 0xd, 0xff, 0xf9, 0x10, 0x0, 0x0,
    0x0, 0x0, 0x0, 0x4, 0xa6, 0x10, 0x0, 0x0,

    /* U+306F "は" */
    0x6, 0x51, 0x0, 0x0, 0x0, 0x7, 0x70, 0x0,
    0x0, 0xe, 0xf2, 0x0, 0x0, 0x0, 0xf, 0xf0,
    0x0, 0x0, 0xf, 0xe0, 0x0, 0x0, 0x0, 0xf,
    0xf0, 0x0, 0x0, 0x3f, 0xb0, 0x0, 0x0, 0x0,
    0xf, 0xf0, 0x13, 0x10, 0x5f, 0x80, 0x2, 0xed,
    0xcc, 0xcf, 0xff, 0xff, 0x40, 0x7f, 0x60, 0x1,
    0xff, 0xff, 0xff, 0xfe, 0xca, 0x20, 0x9f, 0x40,
    0x0, 0x0, 0x1, 0x1f, 0xf0, 0x0, 0x0, 0xbf,
    0x20, 0x0, 0x0, 0x0, 0xf, 0xf0, 0x0, 0x0,
    0xcf, 0x0, 0x0, 0x0, 0x0, 0xf, 0xf0, 0x0,
    0x0, 0xdf, 0x1, 0x0, 0x0, 0x0, 0xe, 0xf1,
    0x0, 0x0, 0xef, 0x3e, 0x0, 0x2, 0x67, 0x7e,
    0xf2, 0x0, 0x0, 0xdf, 0xac, 0x0, 0x9f, 0xff,
    0xff, 0xfb, 0x20, 0x0, 0xdf, 0xf7, 0x5, 0xfb,
    0x21, 0x2d, 0xff, 0xf8, 0x0, 0xbf, 0xf2, 0xa,
    0xf3, 0x0, 0xd, 0xf9, 0xff, 0xb0, 0x9f, 0xd0,
    0x8, 0xfb, 0x31, 0x6f, 0xf1, 0x2e, 0xa0, 0x6f,
    0xa0, 0x1, 0xef, 0xff, 0xff, 0x90, 0x1, 0x10,
    0x2d, 0x70, 0x0, 0x17, 0xbc, 0xb6, 0x0, 0x0,
    0x0,

    /* U+3070 "ば" */
    0x0, 0x0, 0x0, 0x0, 0x0, 0x0, 0x0, 0x0,
    0x28, 0x0, 0x14, 0x30, 0x0, 0x0, 0x0, 0x15,
    0x54, 0xd2, 0xf3, 0x4, 0xfd, 0x0, 0x0, 0x0,
    0x3, 0xfd, 0xf, 0x4b, 0x90, 0x6f, 0x90, 0x0,
    0x0, 0x0, 0x3f, 0xc0, 0xa8, 0x22, 0x8, 0xf6,
    0x0, 0x0, 0x0, 0x3, 0xfc, 0x0, 0x20, 0x0,
    0xaf, 0x30, 0x4, 0xcb, 0xba, 0xcf, 0xfe, 0xff,
    0x10, 0xd, 0xf1, 0x0, 0x5f, 0xff, 0xff, 0xff,
    0xfd, 0xb0, 0x0, 0xef, 0x0, 0x0, 0x12, 0x22,
    0x4f, 0xc0, 0x0, 0x0, 0xf, 0xd0, 0x0, 0x0,
    0x0, 0x2, 0xfc, 0x0, 0x0, 0x2, 0xfb, 0x0,
    0x0, 0x0, 0x0, 0x1f, 0xd0, 0x0, 0x0, 0x3f,
    0xa0, 0x0, 0x0, 0x0, 0x1, 0xfe, 0x0, 0x0,
    0x3, 0xfa, 0x56, 0x0, 0x0, 0x12, 0x1f, 0xf0,
    0x0, 0x0, 0x3f, 0xac, 0x90, 0x7, 0xef, 0xff,
    0xff, 0x30, 0x0, 0x2, 0xfe, 0xf3, 0x8, 0xfc,
    0x76, 0x8f, 0xff, 0xb1, 0x0, 0x1f, 0xfe, 0x0,
    0xfe, 0x0, 0x0, 0xff, 0xdf, 0xe4, 0x0, 0xff,
    0x90, 0xf, 0xf3, 0x0, 0x6f, 0xf0, 0x9f, 0x90,
    0xc, 0xf5, 0x0, 0x8f, 0xfe, 0xef, 0xf8, 0x0,
    0x50, 0x0, 0x9f, 0x40, 0x0, 0x6b, 0xef, 0xd8,
    0x0, 0x0, 0x0, 0x0, 0x0, 0x0, 0x0, 0x0,
    0x0, 0x0, 0x0, 0x0, 0x0,

    /* U+3071 "ぱ" */
    0x0, 0x0, 0x0, 0x0, 0x0, 0x0, 0x0, 0x8,
    0xfc, 0x20, 0x24, 0x30, 0x0, 0x0, 0x0, 0x15,
    0x54, 0xd1, 0x8a, 0x6, 0xfd, 0x0, 0x0, 0x0,
    0x3, 0xfd, 0x4c, 0x6, 0xb0, 0x8f, 0x90, 0x0,
    0x0, 0x0, 0x3f, 0xc0, 0xbe, 0xe3, 0xa, 0xf6,
    0x0, 0x0, 0x0, 0x3, 0xfc, 0x0, 0x51, 0x0,
    0xcf, 0x30, 0x4, 0xcb, 0xba, 0xcf, 0xfe, 0xff,
    0x10, 0xe, 0xf1, 0x0, 0x5f, 0xff, 0xff, 0xff,
    0xfd, 0xb0, 0x0, 0xff, 0x0, 0x0, 0x12, 0x22,
    0x4f, 0xc0, 0x0, 0x0, 0x1f, 0xd0, 0x0, 0x0,
    0x0, 0x2, 0xfc, 0x0, 0x0, 0x2, 0xfb, 0x0,
    0x0, 0x0, 0x0, 0x1f, 0xd0, 0x0, 0x0, 0x3f,
    0xa0, 0x0, 0x0, 0x0, 0x1, 0xfe, 0x0, 0x0,
    0x3, 0xfa, 0x56, 0x0, 0x0, 0x12, 0x1f, 0xf0,
    0x0, 0x0, 0x3f, 0xac, 0x90, 0x7, 0xef, 0xff,
    0xff, 0x20, 0x0, 0x3, 0xfe, 0xf3, 0x8, 0xfc,
    0x76, 0x8f, 0xff, 0xa1, 0x0, 0x1f, 0xfe, 0x0,
    0xfe, 0x0, 0x0, 0xff, 0xdf, 0xe3, 0x0, 0xff,
    0x90, 0xf, 0xf3, 0x0, 0x6f, 0xf0, 0x9f, 0x80,
    0xd, 0xf5, 0x0, 0x8f, 0xfe, 0xef, 0xf8, 0x0,
    0x50, 0x0, 0xbf, 0x40, 0x0, 0x6b, 0xef, 0xd8,
    0x0, 0x0, 0x0, 0x0, 0x0, 0x0, 0x0, 0x0,
    0x0, 0x0, 0x0, 0x0, 0x0,

    /* U+3072 "ひ" */
    0x0, 0x0, 0x0, 0x0, 0x0, 0x0, 0x0, 0x0,
    0x0, 0x11, 0x35, 0x7a, 0xdb, 0x0, 0x1c, 0xe0,
    0x0, 0x0, 0xff, 0xff, 0xff, 0xfd, 0x0, 0xe,
    0xf2, 0x0, 0x0, 0xdc, 0xa8, 0xef, 0x90, 0x0,
    0xa, 0xf6, 0x0, 0x0, 0x0, 0x7, 0xf9, 0x0,
    0x0, 0x7, 0xfc, 0x0, 0x0, 0x0, 0x3f, 0xd0,
    0x0, 0x0, 0x5, 0xff, 0x30, 0x0, 0x0, 0xcf,
    0x30, 0x0, 0x0, 0x4, 0xff, 0xb0, 0x0, 0x3,
    0xfb, 0x0, 0x0, 0x0, 0x4, 0xff, 0xf6, 0x0,
    0x9, 0xf5, 0x0, 0x0, 0x0, 0x4, 0xf8, 0xff,
    0x30, 0xe, 0xf1, 0x0, 0x0, 0x0, 0x6, 0xf4,
    0x8f, 0xd0, 0xf, 0xe0, 0x0, 0x0, 0x0, 0x9,
    0xf3, 0xb, 0x40, 0x2f, 0xd0, 0x0, 0x0, 0x0,
    0xd, 0xf0, 0x0, 0x0, 0x1f, 0xf0, 0x0, 0x0,
    0x0, 0x4f, 0xc0, 0x0, 0x0, 0xe, 0xf7, 0x0,
    0x0, 0x1, 0xef, 0x60, 0x0, 0x0, 0x7, 0xff,
    0x93, 0x23, 0x7e, 0xfd, 0x0, 0x0, 0x0, 0x0,
    0xaf, 0xff, 0xff, 0xff, 0xd1, 0x0, 0x0, 0x0,
    0x0, 0x5, 0xbe, 0xff, 0xc7, 0x0, 0x0, 0x0,
    0x0,

    /* U+3073 "び" */
    0x0, 0x0, 0x0, 0x0, 0x0, 0x0, 0x0, 0x0,
    0x0, 0x0, 0x0, 0x0, 0x0, 0x0, 0x0, 0x0,
    0x1, 0xc, 0x40, 0x0, 0x0, 0x0, 0x0, 0x0,
    0x0, 0x1, 0xf4, 0x9c, 0x0, 0x12, 0x46, 0x8b,
    0xf1, 0x0, 0x8f, 0x4a, 0xc2, 0xf2, 0x9f, 0xff,
    0xff, 0xff, 0x40, 0x8, 0xf7, 0x3d, 0x11, 0x7,
    0xdb, 0x9b, 0xfd, 0x10, 0x0, 0x4f, 0xc0, 0x0,
    0x0, 0x0, 0x2, 0xfe, 0x10, 0x0, 0x1, 0xff,
    0x20, 0x0, 0x0, 0x0, 0xcf, 0x40, 0x0, 0x0,
    0xf, 0xf8, 0x0, 0x0, 0x0, 0x6f, 0x90, 0x0,
    0x0, 0x0, 0xef, 0xf2, 0x0, 0x0, 0xd, 0xf2,
    0x0, 0x0, 0x0, 0xe, 0xff, 0xb0, 0x0, 0x3,
    0xfb, 0x0, 0x0, 0x0, 0x0, 0xeb, 0xdf, 0x90,
    0x0, 0x8f, 0x70, 0x0, 0x0, 0x0, 0xf, 0xa3,
    0xff, 0x30, 0xa, 0xf4, 0x0, 0x0, 0x0, 0x3,
    0xf9, 0x6, 0x90, 0x0, 0xcf, 0x30, 0x0, 0x0,
    0x0, 0x7f, 0x60, 0x0, 0x0, 0xb, 0xf6, 0x0,
    0x0, 0x0, 0xe, 0xf2, 0x0, 0x0, 0x0, 0x8f,
    0xc0, 0x0, 0x0, 0xa, 0xfc, 0x0, 0x0, 0x0,
    0x2, 0xff, 0xc5, 0x12, 0x5c, 0xff, 0x30, 0x0,
    0x0, 0x0, 0x5, 0xff, 0xff, 0xff, 0xff, 0x50,
    0x0, 0x0, 0x0, 0x0, 0x2, 0x9d, 0xff, 0xd9,
    0x20, 0x0, 0x0, 0x0, 0x0,

    /* U+3074 "ぴ" */
    0x0, 0x0, 0x0, 0x0, 0x0, 0x0, 0x0, 0x1a,
    0xb3, 0x0, 0x0, 0x0, 0x0, 0x0, 0x0, 0x0,
    0xc, 0x96, 0xe1, 0x0, 0x0, 0x3, 0x6a, 0x0,
    0x4, 0x92, 0xf0, 0xc, 0x46, 0xbc, 0xef, 0xff,
    0xf5, 0x0, 0x9f, 0x5d, 0x63, 0xf1, 0x8f, 0xff,
    0xff, 0xf8, 0x10, 0x5, 0xf9, 0x3d, 0xe6, 0x3,
    0x42, 0xb, 0xf6, 0x0, 0x0, 0x2f, 0xd0, 0x0,
    0x0, 0x0, 0x7, 0xf9, 0x0, 0x0, 0x0, 0xff,
    0x30, 0x0, 0x0, 0x1, 0xfe, 0x0, 0x0, 0x0,
    0xf, 0xfa, 0x0, 0x0, 0x0, 0x9f, 0x60, 0x0,
    0x0, 0x0, 0xef, 0xf3, 0x0, 0x0, 0xf, 0xe0,
    0x0, 0x0, 0x0, 0xe, 0xef, 0xd0, 0x0, 0x5,
    0xfa, 0x0, 0x0, 0x0, 0x0, 0xeb, 0xbf, 0xa0,
    0x0, 0x9f, 0x60, 0x0, 0x0, 0x0, 0xf, 0xa1,
    0xfe, 0x10, 0xb, 0xf4, 0x0, 0x0, 0x0, 0x3,
    0xf9, 0x5, 0x50, 0x0, 0xcf, 0x40, 0x0, 0x0,
    0x0, 0x8f, 0x60, 0x0, 0x0, 0xb, 0xf6, 0x0,
    0x0, 0x0, 0xe, 0xf2, 0x0, 0x0, 0x0, 0x7f,
    0xd0, 0x0, 0x0, 0xa, 0xfb, 0x0, 0x0, 0x0,
    0x1, 0xff, 0xd5, 0x22, 0x5c, 0xff, 0x30, 0x0,
    0x0, 0x0, 0x4, 0xff, 0xff, 0xff, 0xff, 0x50,
    0x0, 0x0, 0x0, 0x0, 0x1, 0x9d, 0xff, 0xd9,
    0x20, 0x0, 0x0, 0x0, 0x0,

    /* U+3075 "ふ" */
    0x0, 0x0, 0x0, 0x1, 0x61, 0x0, 0x0, 0x0,
    0x0, 0x0, 0x0, 0x0, 0x0, 0xb, 0xff, 0x81,
    0x0, 0x0, 0x0, 0x0, 0x0, 0x0, 0x0, 0x1,
    0x8f, 0xff, 0x70, 0x0, 0x0, 0x0, 0x0, 0x0,
    0x0, 0x0, 0x1, 0x9f, 0xf5, 0x0, 0x0, 0x0,
    0x0, 0x0, 0x0, 0x0, 0x0, 0x8f, 0xf4, 0x0,
    0x0, 0x0, 0x0, 0x0, 0x0, 0x0, 0x0, 0xac,
    0x20, 0x0, 0x0, 0x0, 0x0, 0x0, 0x0, 0x0,
    0x60, 0x0, 0x0, 0x0, 0x0, 0x0, 0x0, 0x0,
    0x0, 0xa, 0xfa, 0x0, 0x0, 0x0, 0x0, 0x0,
    0x0, 0x0, 0x0, 0x2, 0xdf, 0x90, 0x0, 0x2a,
    0x20, 0x0, 0x0, 0x0, 0x0, 0x0, 0x1e, 0xf7,
    0x0, 0x7f, 0xd0, 0x0, 0x0, 0x0, 0x8, 0x20,
    0x3, 0xff, 0x30, 0xc, 0xf7, 0x0, 0x0, 0x0,
    0xaf, 0xc0, 0x0, 0x8f, 0xc0, 0x3, 0xff, 0x10,
    0x0, 0x2c, 0xfe, 0x30, 0x0, 0xf, 0xf2, 0x0,
    0xbf, 0x80, 0x6, 0xff, 0xd2, 0x0, 0x0, 0xe,
    0xf4, 0x0, 0x4f, 0xe0, 0x1e, 0xfa, 0x0, 0x64,
    0x22, 0x7f, 0xf3, 0x0, 0xe, 0xe2, 0x3, 0x50,
    0x0, 0xbf, 0xff, 0xff, 0xb0, 0x0, 0x3, 0x0,
    0x0, 0x0, 0x0, 0x5a, 0xcc, 0xb7, 0x0, 0x0,
    0x0, 0x0,

    /* U+3076 "ぶ" */
    0x0, 0x0, 0x0, 0x3, 0x30, 0x0, 0x0, 0x0,
    0x0, 0x0, 0x0, 0x0, 0x0, 0x2f, 0xfc, 0x40,
    0x0, 0x0, 0x1, 0x0, 0x0, 0x0, 0x0, 0x5,
    0xcf, 0xfc, 0x30, 0x13, 0x4f, 0x30, 0x0, 0x0,
    0x0, 0x0, 0x5, 0xef, 0xe0, 0x9f, 0x1c, 0xd0,
    0x0, 0x0, 0x0, 0x0, 0x1, 0xbf, 0xd1, 0x1e,
    0x93, 0xd2, 0x0, 0x0, 0x0, 0x0, 0x3, 0xfa,
    0x0, 0x6, 0x80, 0x0, 0x0, 0x0, 0x0, 0x1,
    0x30, 0x10, 0x0, 0x0, 0x0, 0x0, 0x0, 0x0,
    0x0, 0x1e, 0xf3, 0x0, 0x0, 0x0, 0x0, 0x0,
    0x0, 0x0, 0x0, 0x7, 0xff, 0x30, 0x0, 0x38,
    0x0, 0x0, 0x0, 0x0, 0x0, 0x0, 0x7f, 0xe1,
    0x0, 0xdf, 0x60, 0x0, 0x0, 0x0, 0x7, 0x0,
    0xa, 0xfc, 0x0, 0x3f, 0xf1, 0x0, 0x0, 0x1,
    0xdf, 0x60, 0x0, 0xef, 0x50, 0xa, 0xf9, 0x0,
    0x0, 0x4e, 0xfc, 0x10, 0x0, 0x7f, 0xc0, 0x2,
    0xff, 0x10, 0x9, 0xff, 0xb0, 0x0, 0x0, 0x4f,
    0xe0, 0x0, 0xaf, 0x80, 0x5f, 0xf7, 0x1, 0x52,
    0x12, 0xaf, 0xd0, 0x0, 0x4f, 0xb0, 0x8, 0x30,
    0x2, 0xff, 0xff, 0xff, 0x60, 0x0, 0x5, 0x0,
    0x0, 0x0, 0x0, 0xac, 0xdd, 0xb5, 0x0, 0x0,
    0x0, 0x0,

    /* U+3077 "ぷ" */
    0x0, 0x0, 0x0, 0x1, 0x0, 0x0, 0x0, 0x0,
    0x0, 0x0, 0x0, 0x0, 0x0, 0xd, 0xf9, 0x10,
    0x0, 0x0, 0x33, 0x0, 0x0, 0x0, 0x0, 0x18,
    0xef, 0xf9, 0x10, 0xb, 0xee, 0xb0, 0x0, 0x0,
    0x0, 0x0, 0x7, 0xff, 0xe0, 0x3e, 0x0, 0xd4,
    0x0, 0x0, 0x0, 0x0, 0x1, 0xbf, 0xd1, 0x3e,
    0x11, 0xe3, 0x0, 0x0, 0x0, 0x0, 0x3, 0xfa,
    0x0, 0x9, 0xff, 0x90, 0x0, 0x0, 0x0, 0x1,
    0x30, 0x10, 0x0, 0x0, 0x11, 0x0, 0x0, 0x0,
    0x0, 0x1e, 0xf3, 0x0, 0x0, 0x0, 0x0, 0x0,
    0x0, 0x0, 0x0, 0x7, 0xff, 0x30, 0x0, 0x38,
    0x0, 0x0, 0x0, 0x0, 0x0, 0x0, 0x7f, 0xe1,
    0x0, 0xdf, 0x60, 0x0, 0x0, 0x0, 0x18, 0x0,
    0xa, 0xfc, 0x0, 0x3f, 0xe1, 0x0, 0x0, 0x1,
    0xdf, 0x60, 0x0, 0xef, 0x50, 0xa, 0xf8, 0x0,
    0x0, 0x4e, 0xfc, 0x0, 0x0, 0x7f, 0xc0, 0x2,
    0xff, 0x10, 0x9, 0xff, 0xa0, 0x0, 0x0, 0x4f,
    0xe0, 0x0, 0xbf, 0x70, 0x5f, 0xf7, 0x1, 0x52,
    0x12, 0xaf, 0xd0, 0x0, 0x5f, 0xa0, 0x8, 0x30,
    0x2, 0xff, 0xff, 0xff, 0x60, 0x0, 0x4, 0x0,
    0x0, 0x0, 0x0, 0xac, 0xdd, 0xb5, 0x0, 0x0,
    0x0, 0x0,

    /* U+3078 "へ" */
    0x0, 0x0, 0x0, 0x0, 0x0, 0x0, 0x0, 0x0,
    0x0, 0x0, 0x0, 0x0, 0x0, 0x1b, 0xe8, 0x0,
    0x0, 0x0, 0x0, 0x0, 0x0, 0x0, 0x0, 0xdf,
    0xff, 0x90, 0x0, 0x0, 0x0, 0x0, 0x0, 0x0,
    0xb, 0xfe, 0x9f, 0xf8, 0x0, 0x0, 0x0, 0x0,
    0x0, 0x0, 0x7f, 0xf3, 0x6, 0xff, 0x50, 0x0,
    0x0, 0x0, 0x0, 0x5, 0xff, 0x60, 0x0, 0x9f,
    0xf3, 0x0, 0x0, 0x0, 0x0, 0x3f, 0xfa, 0x0,
    0x0, 0xb, 0xff, 0x20, 0x0, 0x0, 0x3, 0xef,
    0xd0, 0x0, 0x0, 0x1, 0xdf, 0xe1, 0x0, 0x0,
    0xb, 0xff, 0x20, 0x0, 0x0, 0x0, 0x2e, 0xfd,
    0x10, 0x0, 0x1, 0xc6, 0x0, 0x0, 0x0, 0x0,
    0x3, 0xff, 0xd1, 0x0, 0x0, 0x0, 0x0, 0x0,
    0x0, 0x0, 0x0, 0x4f, 0xfd, 0x20, 0x0, 0x0,
    0x0, 0x0, 0x0, 0x0, 0x0, 0x5, 0xff, 0xd0,
    0x0, 0x0, 0x0, 0x0, 0x0, 0x0, 0x0, 0x0,
    0x6f, 0x50, 0x0, 0x0, 0x0, 0x0, 0x0, 0x0,
    0x0, 0x0, 0x3, 0x0,

    /* U+3079 "べ" */
    0x0, 0x0, 0x0, 0x0, 0x0, 0x0, 0x0, 0x2,
    0x70, 0x0, 0x0, 0x0, 0x0, 0x0, 0x0, 0x0,
    0x62, 0x6f, 0x60, 0x0, 0x0, 0x0, 0x6, 0x81,
    0x0, 0x2f, 0xb0, 0xbf, 0x10, 0x0, 0x0, 0xa,
    0xff, 0xe2, 0x0, 0x7f, 0x43, 0xe4, 0x0, 0x0,
    0x8, 0xff, 0xef, 0xe2, 0x0, 0xe9, 0x0, 0x0,
    0x0, 0x5, 0xff, 0x40, 0xcf, 0xd1, 0x1, 0x0,
    0x0, 0x0, 0x3, 0xff, 0x70, 0x1, 0xef, 0xb0,
    0x0, 0x0, 0x0, 0x1, 0xef, 0xa0, 0x0, 0x3,
    0xff, 0x90, 0x0, 0x0, 0x1, 0xdf, 0xd0, 0x0,
    0x0, 0x5, 0xff, 0x80, 0x0, 0x0, 0xdf, 0xf3,
    0x0, 0x0, 0x0, 0x7, 0xff, 0x70, 0x0, 0x6,
    0xf6, 0x0, 0x0, 0x0, 0x0, 0x9, 0xff, 0x70,
    0x0, 0x5, 0x0, 0x0, 0x0, 0x0, 0x0, 0xb,
    0xff, 0x70, 0x0, 0x0, 0x0, 0x0, 0x0, 0x0,
    0x0, 0xc, 0xff, 0x80, 0x0, 0x0, 0x0, 0x0,
    0x0, 0x0, 0x0, 0x1d, 0xf8, 0x0, 0x0, 0x0,
    0x0, 0x0, 0x0, 0x0, 0x0, 0x18, 0x0,

    /* U+307A "ぺ" */
    0x0, 0x0, 0x0, 0x0, 0x0, 0x0, 0x0, 0x13,
    0x10, 0x0, 0x0, 0x0, 0x0, 0x0, 0x0, 0x0,
    0x3f, 0xef, 0x50, 0x0, 0x0, 0x0, 0x3, 0x50,
    0x0, 0xd, 0x70, 0x5e, 0x0, 0x0, 0x0, 0x7,
    0xff, 0xc1, 0x0, 0xe3, 0x1, 0xf0, 0x0, 0x0,
    0x6, 0xff, 0xff, 0xc0, 0x9, 0xc5, 0xbb, 0x0,
    0x0, 0x3, 0xff, 0x72, 0xef, 0xb0, 0x8, 0xc9,
    0x10, 0x0, 0x1, 0xef, 0x90, 0x3, 0xff, 0x80,
    0x0, 0x0, 0x0, 0x0, 0xcf, 0xd0, 0x0, 0x5,
    0xff, 0x60, 0x0, 0x0, 0x0, 0xbf, 0xf2, 0x0,
    0x0, 0x8, 0xff, 0x50, 0x0, 0x0, 0xbf, 0xf5,
    0x0, 0x0, 0x0, 0xa, 0xff, 0x40, 0x0, 0xa,
    0xf9, 0x0, 0x0, 0x0, 0x0, 0xc, 0xff, 0x40,
    0x0, 0x8, 0x0, 0x0, 0x0, 0x0, 0x0, 0x1d,
    0xff, 0x40, 0x0, 0x0, 0x0, 0x0, 0x0, 0x0,
    0x0, 0x2e, 0xff, 0x40, 0x0, 0x0, 0x0, 0x0,
    0x0, 0x0, 0x0, 0x3f, 0xfa, 0x0, 0x0, 0x0,
    0x0, 0x0, 0x0, 0x0, 0x0, 0x3b, 0x0, 0x0,
    0x0, 0x0, 0x0, 0x0, 0x0, 0x0, 0x0, 0x0,

    /* U+307B "ほ" */
    0x9, 0x92, 0x0, 0x0, 0x0, 0x0, 0x0, 0x0,
    0x0, 0xf, 0xf0, 0x0, 0x6b, 0xaa, 0xaa, 0xbc,
    0xec, 0x0, 0x2f, 0xd0, 0x0, 0x8f, 0xff, 0xff,
    0xfe, 0xd9, 0x0, 0x4f, 0xa0, 0x0, 0x0, 0x0,
    0x2f, 0xb0, 0x0, 0x0, 0x6f, 0x80, 0x0, 0x0,
    0x0, 0x2f, 0xb0, 0x0, 0x0, 0x8f, 0x50, 0x0,
    0x0, 0x0, 0x2f, 0xb0, 0x2, 0x0, 0xaf, 0x30,
    0x0, 0xcd, 0xcc, 0xdf, 0xfe, 0xff, 0x40, 0xbf,
    0x20, 0x0, 0xcf, 0xff, 0xff, 0xfd, 0xcb, 0x20,
    0xdf, 0x0, 0x0, 0x0, 0x0, 0x1f, 0xb0, 0x0,
    0x0, 0xef, 0x1, 0x0, 0x0, 0x0, 0x1f, 0xc0,
    0x0, 0x0, 0xef, 0x3e, 0x0, 0x0, 0x23, 0x3f,
    0xc0, 0x0, 0x0, 0xef, 0xac, 0x0, 0x6e, 0xff,
    0xff, 0xf6, 0x0, 0x0, 0xdf, 0xf7, 0x4, 0xfd,
    0x54, 0x5f, 0xff, 0xe5, 0x0, 0xbf, 0xf2, 0x8,
    0xf4, 0x0, 0xf, 0xf9, 0xff, 0x90, 0x9f, 0xd0,
    0x6, 0xfb, 0x32, 0x8f, 0xd0, 0x5f, 0xa0, 0x7f,
    0xa0, 0x0, 0xcf, 0xff, 0xff, 0x60, 0x3, 0x10,
    0x3d, 0x70, 0x0, 0x5, 0x9a, 0x83, 0x0, 0x0,
    0x0,

    /* U+307C "ぼ" */
    0x0, 0x0, 0x0, 0x0, 0x0, 0x0, 0x0, 0x0,
    0x11, 0x0, 0x0, 0x0, 0x0, 0x0, 0x0, 0x0,
    0x6, 0x49, 0xb0, 0xa, 0xe5, 0x0, 0x0, 0x0,
    0x0, 0x0, 0x9d, 0x2f, 0x20, 0xcf, 0x30, 0x4,
    0xff, 0xee, 0xff, 0xff, 0xf3, 0x93, 0xe, 0xf0,
    0x0, 0x3b, 0xcc, 0xcf, 0xfa, 0x96, 0x0, 0x1,
    0xfd, 0x0, 0x0, 0x0, 0x0, 0xee, 0x0, 0x0,
    0x0, 0x3f, 0xa0, 0x0, 0x0, 0x0, 0xe, 0xe0,
    0x0, 0x0, 0x5, 0xf8, 0x0, 0x6, 0x99, 0x99,
    0xff, 0xac, 0xd7, 0x0, 0x7f, 0x60, 0x0, 0x9f,
    0xff, 0xff, 0xff, 0xff, 0x70, 0x8, 0xf5, 0x0,
    0x1, 0x33, 0x33, 0xef, 0x10, 0x0, 0x0, 0x9f,
    0x40, 0x0, 0x0, 0x0, 0xd, 0xf0, 0x0, 0x0,
    0xa, 0xf3, 0xb2, 0x0, 0x0, 0x0, 0xdf, 0x0,
    0x0, 0x0, 0xaf, 0x7f, 0x20, 0x8, 0xdf, 0xef,
    0xf4, 0x0, 0x0, 0x9, 0xfe, 0xd0, 0xc, 0xfc,
    0x99, 0xef, 0xfc, 0x30, 0x0, 0x8f, 0xf8, 0x2,
    0xfa, 0x0, 0xb, 0xfc, 0xff, 0x70, 0x6, 0xff,
    0x30, 0x2f, 0xc0, 0x1, 0xef, 0x26, 0xff, 0x10,
    0x3f, 0xf0, 0x0, 0xcf, 0xfd, 0xff, 0xd0, 0x4,
    0x60, 0x0, 0xfe, 0x0, 0x0, 0x8d, 0xee, 0xa1,
    0x0, 0x0, 0x0, 0x1, 0x0, 0x0, 0x0, 0x0,
    0x0, 0x0, 0x0, 0x0, 0x0,

    /* U+307D "ぽ" */
    0x0, 0x0, 0x0, 0x0, 0x0, 0x0, 0x0, 0x0,
    0x20, 0x0, 0x0, 0x0, 0x0, 0x0, 0x0, 0x0,
    0x2, 0xde, 0xe2, 0x0, 0x0, 0x0, 0x0, 0x0,
    0x0, 0x0, 0x98, 0x7, 0xa0, 0xcf, 0x60, 0x0,
    0x0, 0x0, 0x0, 0x1b, 0x80, 0x7a, 0xd, 0xf3,
    0x0, 0x4f, 0xff, 0xff, 0xff, 0xff, 0xee, 0x30,
    0xff, 0x0, 0x3, 0xcc, 0xcc, 0xff, 0xa9, 0x22,
    0x0, 0x2f, 0xd0, 0x0, 0x0, 0x0, 0xe, 0xe0,
    0x0, 0x0, 0x4, 0xfa, 0x0, 0x0, 0x0, 0x0,
    0xee, 0x0, 0x0, 0x0, 0x6f, 0x80, 0x0, 0x69,
    0x99, 0x9f, 0xfa, 0xcd, 0x70, 0x7, 0xf6, 0x0,
    0x9, 0xff, 0xff, 0xff, 0xff, 0xf7, 0x0, 0x9f,
    0x50, 0x0, 0x13, 0x33, 0x3e, 0xf1, 0x0, 0x0,
    0x9, 0xf4, 0x0, 0x0, 0x0, 0x0, 0xdf, 0x0,
    0x0, 0x0, 0xaf, 0x3b, 0x20, 0x0, 0x0, 0xd,
    0xf0, 0x0, 0x0, 0xa, 0xf7, 0xf2, 0x0, 0x8d,
    0xfe, 0xff, 0x40, 0x0, 0x0, 0x9f, 0xed, 0x0,
    0xcf, 0xc9, 0x9e, 0xff, 0xc3, 0x0, 0x8, 0xff,
    0x80, 0x2f, 0xa0, 0x0, 0xbf, 0xdf, 0xf8, 0x0,
    0x6f, 0xf3, 0x2, 0xfc, 0x0, 0x1e, 0xf2, 0x6f,
    0xf2, 0x4, 0xff, 0x0, 0xc, 0xff, 0xdf, 0xfd,
    0x0, 0x47, 0x0, 0x1f, 0xe0, 0x0, 0x8, 0xde,
    0xea, 0x10, 0x0, 0x0, 0x0, 0x10, 0x0, 0x0,
    0x0, 0x0, 0x0, 0x0, 0x0, 0x0,

    /* U+307E "ま" */
    0x0, 0x0, 0x0, 0x5f, 0xb0, 0x0, 0x0, 0x0,
    0x0, 0x0, 0x4, 0xfa, 0x0, 0x0, 0x10, 0x2d,
    0xba, 0x88, 0xaf, 0xda, 0xbd, 0xfe, 0x2, 0xef,
    0xff, 0xff, 0xff, 0xff, 0xfd, 0xa0, 0x0, 0x1,
    0x23, 0x7f, 0xa1, 0x0, 0x0, 0x0, 0x0, 0x0,
    0x4, 0xf9, 0x0, 0x0, 0x0, 0x3c, 0xb9, 0x98,
    0xaf, 0xda, 0xbc, 0xef, 0x14, 0xff, 0xff, 0xff,
    0xff, 0xff, 0xff, 0xd0, 0x0, 0x22, 0x33, 0x6f,
    0xb2, 0x10, 0x0, 0x0, 0x0, 0x0, 0x3, 0xfa,
    0x0, 0x0, 0x0, 0x0, 0x0, 0x12, 0x4f, 0xb0,
    0x0, 0x0, 0x0, 0x2a, 0xff, 0xff, 0xfe, 0x61,
    0x0, 0x0, 0x2f, 0xfa, 0x88, 0xaf, 0xff, 0xf9,
    0x10, 0x9, 0xf6, 0x0, 0x1, 0xfe, 0x8f, 0xff,
    0x60, 0x9f, 0x80, 0x0, 0x5f, 0xd0, 0x1a, 0xff,
    0x43, 0xff, 0xeb, 0xcf, 0xf8, 0x0, 0x5, 0xb0,
    0x3, 0xbf, 0xff, 0xe8, 0x0, 0x0, 0x0, 0x0,
    0x0, 0x0, 0x0, 0x0, 0x0, 0x0, 0x0,

    /* U+307F "み" */
    0x0, 0x0, 0x0, 0x0, 0x0, 0x10, 0x0, 0x0,
    0x0, 0x0, 0x0, 0x8c, 0xcd, 0xee, 0xff, 0x60,
    0x0, 0x0, 0x0, 0x0, 0x9, 0xff, 0xfe, 0xef,
    0xf3, 0x0, 0x0, 0x0, 0x0, 0x0, 0x10, 0x0,
    0x7, 0xfa, 0x0, 0x0, 0x0, 0x0, 0x0, 0x0,
    0x0, 0x0, 0xef, 0x20, 0x0, 0x0, 0x0, 0x0,
    0x0, 0x0, 0x0, 0x5f, 0xa0, 0x0, 0x7, 0x61,
    0x0, 0x0, 0x0, 0x0, 0xd, 0xf3, 0x0, 0x0,
    0xdf, 0x20, 0x0, 0x0, 0x39, 0xdf, 0xff, 0xda,
    0x61, 0xe, 0xf0, 0x0, 0x0, 0xaf, 0xfe, 0xff,
    0xdf, 0xff, 0xfa, 0xfe, 0x0, 0x0, 0xbf, 0xb2,
    0x2f, 0xe0, 0x4, 0x9f, 0xff, 0xe3, 0x0, 0x5f,
    0xa0, 0xa, 0xf7, 0x0, 0x0, 0xb, 0xff, 0xf8,
    0xa, 0xf2, 0x2, 0xfe, 0x0, 0x0, 0x0, 0xdf,
    0xbf, 0xc0, 0xbf, 0x30, 0xcf, 0x70, 0x0, 0x0,
    0x7f, 0xc0, 0x64, 0x8, 0xff, 0xef, 0xe0, 0x0,
    0x0, 0x4f, 0xf3, 0x0, 0x0, 0xb, 0xff, 0xd3,
    0x0, 0x0, 0x7f, 0xf7, 0x0, 0x0, 0x0, 0x1,
    0x20, 0x0, 0x3, 0xdf, 0xf7, 0x0, 0x0, 0x0,
    0x0, 0x0, 0x0, 0x0, 0xa, 0xd3, 0x0, 0x0,
    0x0, 0x0, 0x0, 0x0, 0x0, 0x0, 0x0, 0x0,
    0x0, 0x0, 0x0,

    /* U+3080 "む" */
    0x0, 0x0, 0x6f, 0x90, 0x0, 0x0, 0x0, 0x0,
    0x0, 0x0, 0x0, 0x6f, 0x80, 0x0, 0x0, 0x0,
    0x0, 0x0, 0x15, 0x32, 0x7f, 0xa7, 0x9d, 0x40,
    0xc, 0x60, 0x0, 0x3f, 0xff, 0xff, 0xff, 0xff,
    0x40, 0x4f, 0xf9, 0x0, 0x18, 0x9a, 0xcf, 0xc6,
    0x41, 0x0, 0x3, 0xef, 0xa0, 0x0, 0x0, 0x5f,
    0x80, 0x0, 0x0, 0x0, 0x3e, 0xf9, 0x0, 0x29,
    0xdf, 0x80, 0x0, 0x0, 0x0, 0x3, 0xd2, 0x3,
    0xff, 0xef, 0xa0, 0x0, 0x0, 0x0, 0x0, 0x0,
    0xc, 0xf2, 0xe, 0xf0, 0x0, 0x0, 0x0, 0x0,
    0x0, 0x1f, 0x90, 0xc, 0xf0, 0x0, 0x0, 0x0,
    0x0, 0x0, 0x2f, 0x80, 0xe, 0xe0, 0x0, 0x0,
    0x2, 0x72, 0x0, 0xf, 0xe3, 0x7f, 0xa0, 0x0,
    0x0, 0x2, 0xff, 0x0, 0x9, 0xff, 0xff, 0x20,
    0x0, 0x0, 0x1, 0xff, 0x0, 0x0, 0x7b, 0xff,
    0x0, 0x0, 0x0, 0x4, 0xfe, 0x0, 0x0, 0x0,
    0xef, 0x50, 0x0, 0x2, 0x5e, 0xfb, 0x0, 0x0,
    0x0, 0xbf, 0xff, 0xef, 0xff, 0xff, 0xe2, 0x0,
    0x0, 0x0, 0x18, 0xce, 0xff, 0xed, 0xb6, 0x10,
    0x0,

    /* U+3081 "め" */
    0x0, 0x0, 0x0, 0x0, 0x0, 0x8a, 0x40, 0x0,
    0x0, 0x0, 0x38, 0x30, 0x0, 0x0, 0xcf, 0x40,
    0x0, 0x0, 0x0, 0xaf, 0x70, 0x0, 0x0, 0xef,
    0x0, 0x0, 0x0, 0x0, 0x4f, 0xb0, 0x27, 0xbd,
    0xff, 0x82, 0x0, 0x0, 0x0, 0xf, 0xfb, 0xff,
    0xff, 0xff, 0xff, 0x80, 0x0, 0x0, 0xc, 0xff,
    0xc5, 0x1b, 0xf5, 0x6e, 0xfa, 0x0, 0x0, 0x7f,
    0xfc, 0x0, 0x1f, 0xe0, 0x2, 0xef, 0x50, 0x3,
    0xfe, 0xef, 0x10, 0x6f, 0x90, 0x0, 0x6f, 0xc0,
    0xc, 0xf4, 0x8f, 0x80, 0xdf, 0x30, 0x0, 0xf,
    0xf0, 0x2f, 0xc0, 0x1f, 0xf6, 0xfc, 0x0, 0x0,
    0xd, 0xf2, 0x7f, 0x60, 0x9, 0xff, 0xf4, 0x0,
    0x0, 0xe, 0xf2, 0x9f, 0x40, 0x1, 0xff, 0xc0,
    0x0, 0x0, 0x1f, 0xf0, 0x9f, 0x50, 0x5, 0xff,
    0xf2, 0x0, 0x0, 0x8f, 0xb0, 0x6f, 0xc4, 0x8f,
    0xfb, 0xf5, 0x0, 0x5, 0xff, 0x40, 0xd, 0xff,
    0xff, 0x40, 0x20, 0x2, 0xaf, 0xf9, 0x0, 0x2,
    0xac, 0x92, 0x0, 0xa, 0xdf, 0xff, 0x70, 0x0,
    0x0, 0x0, 0x0, 0x0, 0x7, 0xfe, 0x92, 0x0,
    0x0, 0x0, 0x0, 0x0, 0x0, 0x0, 0x20, 0x0,
    0x0, 0x0,

    /* U+3082 "も" */
    0x0, 0x0, 0x0, 0x10, 0x0, 0x0, 0x0, 0x0,
    0x0, 0x0, 0x0, 0x2f, 0xf0, 0x0, 0x0, 0x0,
    0x0, 0x0, 0x0, 0x3, 0xfc, 0x0, 0x0, 0x0,
    0x0, 0x0, 0x32, 0x0, 0x4f, 0xa0, 0x0, 0x0,
    0x0, 0x0, 0xb, 0xff, 0xcd, 0xfd, 0xaa, 0xc5,
    0x0, 0x0, 0x0, 0x5a, 0xdf, 0xff, 0xff, 0xff,
    0x60, 0x0, 0x0, 0x0, 0x0, 0xa, 0xf6, 0x32,
    0x10, 0x0, 0x0, 0x0, 0x0, 0x0, 0xcf, 0x20,
    0x0, 0x0, 0x0, 0x0, 0x5, 0x10, 0xe, 0xf0,
    0x0, 0x0, 0x28, 0xb1, 0x2, 0xff, 0xec, 0xff,
    0xaa, 0xbc, 0x30, 0xbf, 0xb0, 0x18, 0xce, 0xff,
    0xff, 0xff, 0xf3, 0x1, 0xef, 0x30, 0x0, 0x4,
    0xfc, 0x32, 0x20, 0x0, 0x8, 0xf9, 0x0, 0x0,
    0x4f, 0xa0, 0x0, 0x0, 0x0, 0x5f, 0xb0, 0x0,
    0x5, 0xfa, 0x0, 0x0, 0x0, 0x7, 0xfb, 0x0,
    0x0, 0x4f, 0xe0, 0x0, 0x0, 0x1, 0xef, 0x70,
    0x0, 0x0, 0xef, 0xb2, 0x0, 0x16, 0xef, 0xe1,
    0x0, 0x0, 0x5, 0xff, 0xff, 0xff, 0xff, 0xd2,
    0x0, 0x0, 0x0, 0x3, 0xbe, 0xff, 0xeb, 0x60,
    0x0, 0x0, 0x0, 0x0, 0x0, 0x0, 0x0, 0x0,
    0x0, 0x0,

    /* U+3083 "ゃ" */
    0x0, 0x0, 0x0, 0x29, 0x10, 0x0, 0x0, 0x0,
    0x0, 0x10, 0x8, 0xfd, 0x20, 0x0, 0x0, 0x0,
    0xcf, 0x20, 0x7, 0xe3, 0x11, 0x0, 0x0, 0x9,
    0xfa, 0x1, 0x6b, 0xff, 0xfe, 0x70, 0x0, 0xe,
    0xfa, 0xff, 0xfc, 0x9a, 0xff, 0x80, 0x6, 0xef,
    0xfc, 0x61, 0x0, 0x2, 0xfe, 0x9f, 0xff, 0xff,
    0x10, 0x0, 0x0, 0xf, 0xf5, 0xf9, 0x28, 0xf8,
    0x4, 0x30, 0x29, 0xfc, 0x1, 0x0, 0x1f, 0xe0,
    0xaf, 0xff, 0xff, 0x30, 0x0, 0x0, 0xbf, 0x53,
    0x9b, 0xb8, 0x20, 0x0, 0x0, 0x5, 0xfb, 0x0,
    0x0, 0x0, 0x0, 0x0, 0x0, 0xf, 0xf1, 0x0,
    0x0, 0x0, 0x0, 0x0, 0x0, 0xaf, 0x60, 0x0,
    0x0, 0x0, 0x0, 0x0, 0x5, 0xfb, 0x0, 0x0,
    0x0, 0x0, 0x0, 0x0, 0x18, 0x30, 0x0, 0x0,
    0x0,

    /* U+3084 "や" */
    0x0, 0x0, 0x0, 0x0, 0x2, 0x0, 0x0, 0x0,
    0x0, 0x0, 0x0, 0x0, 0x0, 0xc, 0xf5, 0x0,
    0x0, 0x0, 0x0, 0x0, 0x2, 0x70, 0x0, 0x3f,
    0xf7, 0x0, 0x0, 0x0, 0x0, 0x1, 0xff, 0x50,
    0x0, 0x2e, 0xb1, 0x21, 0x0, 0x0, 0x0, 0x6,
    0xfd, 0x0, 0x3, 0xad, 0xff, 0xfd, 0x60, 0x0,
    0x0, 0xd, 0xf6, 0x7d, 0xff, 0xfc, 0xac, 0xff,
    0x70, 0x0, 0x0, 0x6f, 0xff, 0xfa, 0x40, 0x0,
    0x4, 0xff, 0x10, 0x4, 0xbf, 0xff, 0xa1, 0x0,
    0x0, 0x0, 0xc, 0xf4, 0xd, 0xff, 0xeb, 0xfb,
    0x0, 0x0, 0x0, 0x0, 0xef, 0x30, 0x8e, 0x70,
    0xe, 0xf2, 0x2, 0x20, 0x0, 0x8f, 0xf0, 0x0,
    0x0, 0x0, 0x8f, 0x90, 0x7f, 0xdc, 0xef, 0xf6,
    0x0, 0x0, 0x0, 0x2, 0xff, 0x4, 0xdf, 0xff,
    0xc5, 0x0, 0x0, 0x0, 0x0, 0xc, 0xf5, 0x0,
    0x1, 0x0, 0x0, 0x0, 0x0, 0x0, 0x0, 0x7f,
    0xb0, 0x0, 0x0, 0x0, 0x0, 0x0, 0x0, 0x0,
    0x2, 0xff, 0x10, 0x0, 0x0, 0x0, 0x0, 0x0,
    0x0, 0x0, 0xd, 0xf6, 0x0, 0x0, 0x0, 0x0,
    0x0, 0x0, 0x0, 0x0, 0x8f, 0xb0, 0x0, 0x0,
    0x0, 0x0, 0x0, 0x0, 0x0, 0x4, 0xfb, 0x0,
    0x0, 0x0, 0x0, 0x0, 0x0, 0x0, 0x0, 0x0,
    0x0, 0x0, 0x0, 0x0, 0x0,

    /* U+3085 "ゅ" */
    0x0, 0x0, 0x0, 0x5, 0x70, 0x0, 0x0, 0x0,
    0x77, 0x10, 0x0, 0xaf, 0x30, 0x0, 0x0, 0xe,
    0xf0, 0x0, 0x1a, 0xfa, 0x61, 0x0, 0x0, 0xfc,
    0x1, 0x9f, 0xff, 0xff, 0xf8, 0x0, 0x1f, 0xa2,
    0xdf, 0xa8, 0xf9, 0x5d, 0xf7, 0x2, 0xf8, 0xde,
    0x30, 0x3f, 0x80, 0x1e, 0xf0, 0x3f, 0xef, 0x20,
    0x3, 0xf9, 0x0, 0xaf, 0x34, 0xff, 0x70, 0x10,
    0x4f, 0x80, 0xa, 0xf3, 0x3f, 0xf0, 0x6b, 0x5,
    0xf7, 0x0, 0xef, 0x2, 0xfd, 0x9, 0xf9, 0x9f,
    0x50, 0x9f, 0xa0, 0xf, 0xd0, 0xc, 0xff, 0xfd,
    0xff, 0xe1, 0x0, 0xaa, 0x0, 0xb, 0xff, 0xff,
    0xa1, 0x0, 0x0, 0x0, 0x2, 0xef, 0x51, 0x0,
    0x0, 0x0, 0x0, 0x3, 0xef, 0x80, 0x0, 0x0,
    0x0, 0x0, 0x0, 0x5, 0x70, 0x0, 0x0, 0x0,
    0x0,

    /* U+3086 "ゆ" */
    0x0, 0x0, 0x0, 0x0, 0xbc, 0x20, 0x0, 0x0,
    0x0, 0x43, 0x0, 0x0, 0xb, 0xf4, 0x0, 0x0,
    0x0, 0x1f, 0xe0, 0x0, 0x0, 0x8f, 0x80, 0x0,
    0x0, 0x3, 0xfa, 0x0, 0x5, 0xbf, 0xff, 0xfc,
    0x50, 0x0, 0x5f, 0x70, 0x1c, 0xff, 0xdf, 0xdb,
    0xff, 0xa0, 0x7, 0xf5, 0x2e, 0xf8, 0x3, 0xfb,
    0x2, 0xdf, 0x70, 0x8f, 0x4d, 0xf3, 0x0, 0x2f,
    0xb0, 0x2, 0xfe, 0x9, 0xfb, 0xf4, 0x0, 0x2,
    0xfb, 0x0, 0xc, 0xf2, 0x9f, 0xf9, 0x0, 0x0,
    0x3f, 0xb0, 0x0, 0xbf, 0x39, 0xff, 0x10, 0x70,
    0x4, 0xfa, 0x0, 0xe, 0xf1, 0x8f, 0xb0, 0x7f,
    0x60, 0x6f, 0x90, 0x5, 0xfd, 0x6, 0xf9, 0x2,
    0xef, 0x8a, 0xf6, 0x7, 0xff, 0x50, 0x4f, 0xa0,
    0x3, 0xef, 0xff, 0xef, 0xff, 0x80, 0x0, 0xd8,
    0x0, 0x1, 0xbf, 0xff, 0xfb, 0x40, 0x0, 0x0,
    0x0, 0x0, 0x2e, 0xf6, 0x0, 0x0, 0x0, 0x0,
    0x0, 0x0, 0x3e, 0xfb, 0x0, 0x0, 0x0, 0x0,
    0x0, 0x0, 0xa, 0xfc, 0x0, 0x0, 0x0, 0x0,
    0x0, 0x0, 0x0, 0x3, 0x0, 0x0, 0x0, 0x0,
    0x0,

    /* U+3087 "ょ" */
    0x0, 0x0, 0x0, 0x88, 0x0, 0x0, 0x0, 0x0,
    0x0, 0x0, 0xff, 0x0, 0x0, 0x0, 0x0, 0x0,
    0x0, 0xfe, 0x0, 0x0, 0x0, 0x0, 0x0, 0x0,
    0xff, 0x99, 0xab, 0x90, 0x0, 0x0, 0x0, 0xff,
    0xff, 0xff, 0xb0, 0x0, 0x0, 0x0, 0xff, 0x21,
    0x10, 0x0, 0x0, 0x0, 0x0, 0xff, 0x0, 0x0,
    0x0, 0x0, 0x0, 0x0, 0xef, 0x0, 0x0, 0x0,
    0x0, 0x4, 0x67, 0xff, 0x0, 0x0, 0x0, 0x3,
    0xef, 0xff, 0xff, 0xc5, 0x0, 0x0, 0xe, 0xf6,
    0x22, 0xdf, 0xff, 0xc2, 0x0, 0x3f, 0x90, 0x0,
    0xcf, 0x6d, 0xfe, 0x30, 0x2f, 0xd1, 0x0, 0xef,
    0x20, 0xbf, 0xd0, 0xb, 0xff, 0xce, 0xfe, 0x0,
    0xa, 0x60, 0x0, 0x7d, 0xff, 0xc3, 0x0, 0x0,
    0x0,

    /* U+3088 "よ" */
    0x0, 0x0, 0x0, 0x4d, 0xc0, 0x0, 0x0, 0x0,
    0x0, 0x0, 0x0, 0x4f, 0xd0, 0x0, 0x0, 0x0,
    0x0, 0x0, 0x0, 0x3f, 0xc0, 0x0, 0x0, 0x0,
    0x0, 0x0, 0x0, 0x3f, 0xc0, 0x0, 0x12, 0x20,
    0x0, 0x0, 0x0, 0x3f, 0xff, 0xff, 0xff, 0x90,
    0x0, 0x0, 0x0, 0x3f, 0xfe, 0xed, 0xcb, 0x60,
    0x0, 0x0, 0x0, 0x3f, 0xd0, 0x0, 0x0, 0x0,
    0x0, 0x0, 0x0, 0x2f, 0xd0, 0x0, 0x0, 0x0,
    0x0, 0x0, 0x0, 0x2f, 0xe0, 0x0, 0x0, 0x0,
    0x0, 0x0, 0x0, 0x1f, 0xf0, 0x0, 0x0, 0x0,
    0x0, 0x49, 0xcc, 0xcf, 0xf2, 0x0, 0x0, 0x0,
    0xb, 0xff, 0xff, 0xff, 0xff, 0xc5, 0x0, 0x0,
    0x8f, 0xc3, 0x0, 0xf, 0xfe, 0xff, 0xc3, 0x0,
    0xbf, 0x40, 0x0, 0xf, 0xf2, 0x6e, 0xff, 0x70,
    0xaf, 0xa1, 0x0, 0x6f, 0xf0, 0x1, 0xbf, 0xe0,
    0x3f, 0xff, 0xee, 0xff, 0xb0, 0x0, 0x9, 0x40,
    0x2, 0xae, 0xff, 0xe9, 0x0, 0x0, 0x0, 0x0,
    0x0, 0x0, 0x0, 0x0, 0x0, 0x0, 0x0, 0x0,

    /* U+3089 "ら" */
    0x0, 0x5, 0xa6, 0x30, 0x0, 0x0, 0x0, 0x0,
    0x0, 0xbf, 0xff, 0xfc, 0x97, 0x20, 0x0, 0x0,
    0x1, 0x59, 0xcf, 0xff, 0xf5, 0x0, 0x0, 0x33,
    0x0, 0x0, 0x2, 0x58, 0x10, 0x0, 0xa, 0xf6,
    0x0, 0x0, 0x0, 0x0, 0x0, 0x0, 0xcf, 0x30,
    0x0, 0x0, 0x0, 0x0, 0x0, 0xd, 0xf1, 0x0,
    0x0, 0x0, 0x0, 0x0, 0x0, 0xfe, 0x1, 0x7c,
    0xff, 0xfe, 0x91, 0x0, 0x1f, 0xc6, 0xff, 0xfd,
    0xbc, 0xff, 0xe2, 0x3, 0xff, 0xfd, 0x50, 0x0,
    0x1, 0xbf, 0xc0, 0x6f, 0xfa, 0x0, 0x0, 0x0,
    0x1, 0xff, 0x28, 0xfb, 0x0, 0x0, 0x0, 0x0,
    0xf, 0xf3, 0x2, 0x10, 0x0, 0x0, 0x0, 0x3,
    0xff, 0x10, 0x0, 0x0, 0x0, 0x0, 0x2, 0xdf,
    0xc0, 0x0, 0x2, 0x10, 0x2, 0x59, 0xff, 0xf2,
    0x0, 0x0, 0xff, 0xff, 0xff, 0xff, 0xc2, 0x0,
    0x0, 0xa, 0xef, 0xed, 0xb8, 0x30, 0x0, 0x0,
    0x0, 0x0, 0x0, 0x0, 0x0, 0x0, 0x0,

    /* U+308A "り" */
    0x3f, 0xc0, 0x0, 0x0, 0x0, 0x0, 0x5, 0xfa,
    0x0, 0x7d, 0xeb, 0x30, 0x0, 0x7f, 0x71, 0xdf,
    0xff, 0xff, 0x50, 0x9, 0xf5, 0xdf, 0x50, 0x8,
    0xff, 0x10, 0xbf, 0xcf, 0x30, 0x0, 0xb, 0xf7,
    0xc, 0xff, 0x70, 0x0, 0x0, 0x5f, 0xc0, 0xef,
    0xe0, 0x0, 0x0, 0x2, 0xff, 0xe, 0xf8, 0x0,
    0x0, 0x0, 0x1f, 0xf0, 0xff, 0x30, 0x0, 0x0,
    0x1, 0xff, 0xe, 0xf2, 0x0, 0x0, 0x0, 0x2f,
    0xf0, 0xdf, 0x20, 0x0, 0x0, 0x6, 0xfc, 0x6,
    0x71, 0x0, 0x0, 0x0, 0xcf, 0x80, 0x0, 0x0,
    0x0, 0x0, 0x7f, 0xf1, 0x0, 0x0, 0x0, 0x0,
    0x8f, 0xf6, 0x0, 0x0, 0x0, 0x27, 0xef, 0xf7,
    0x0, 0x0, 0x6, 0xef, 0xff, 0xd4, 0x0, 0x0,
    0x0, 0xe, 0xea, 0x40, 0x0, 0x0, 0x0, 0x0,
    0x0, 0x0, 0x0, 0x0, 0x0,

    /* U+308B "る" */
    0x0, 0x0, 0x0, 0x0, 0x0, 0x12, 0x10, 0x0,
    0x0, 0x4e, 0xee, 0xef, 0xff, 0xff, 0xb0, 0x0,
    0x0, 0x4f, 0xfe, 0xdd, 0xcd, 0xff, 0xa0, 0x0,
    0x0, 0x0, 0x0, 0x0, 0x3e, 0xf5, 0x0, 0x0,
    0x0, 0x0, 0x0, 0x5, 0xfe, 0x30, 0x0, 0x0,
    0x0, 0x0, 0x0, 0x8f, 0xc1, 0x0, 0x0, 0x0,
    0x0, 0x0, 0xb, 0xfd, 0x66, 0x52, 0x0, 0x0,
    0x0, 0x1, 0xdf, 0xff, 0xff, 0xff, 0xc2, 0x0,
    0x0, 0x3e, 0xfe, 0x84, 0x22, 0x5b, 0xff, 0x30,
    0x5, 0xff, 0x70, 0x0, 0x0, 0x0, 0x8f, 0xd0,
    0x8f, 0xf4, 0x0, 0x0, 0x0, 0x0, 0xe, 0xf2,
    0x3f, 0x40, 0x8, 0xcd, 0xa3, 0x0, 0xc, 0xf4,
    0x1, 0x0, 0xcf, 0xcb, 0xff, 0x40, 0xe, 0xf2,
    0x0, 0x2, 0xfb, 0x0, 0x3f, 0xe0, 0x7f, 0xd0,
    0x0, 0x2, 0xfd, 0x10, 0xb, 0xfa, 0xff, 0x40,
    0x0, 0x0, 0xaf, 0xfd, 0xdf, 0xff, 0xf5, 0x0,
    0x0, 0x0, 0x6, 0xcf, 0xfe, 0xc7, 0x10, 0x0,

    /* U+308C "れ" */
    0x0, 0x0, 0x0, 0x0, 0x0, 0x0, 0x0, 0x0,
    0x0, 0x0, 0x0, 0x0, 0x5, 0xfc, 0x0, 0x0,
    0x0, 0x0, 0x0, 0x0, 0x0, 0x0, 0x5, 0xfa,
    0x0, 0x0, 0x0, 0x0, 0x0, 0x0, 0x0, 0x0,
    0x5, 0xf8, 0x0, 0x0, 0x11, 0x0, 0x0, 0x0,
    0x2, 0x56, 0x8c, 0xfe, 0x0, 0x5c, 0xff, 0xd2,
    0x0, 0x0, 0x7, 0xff, 0xff, 0xfb, 0x1c, 0xfe,
    0xcf, 0xfb, 0x0, 0x0, 0x4, 0x96, 0x4a, 0xf8,
    0xef, 0x70, 0x3, 0xff, 0x0, 0x0, 0x0, 0x0,
    0xa, 0xff, 0xe3, 0x0, 0x0, 0xfe, 0x0, 0x0,
    0x0, 0x0, 0x1f, 0xfe, 0x20, 0x0, 0x1, 0xfd,
    0x0, 0x0, 0x0, 0x0, 0xcf, 0xf2, 0x0, 0x0,
    0x3, 0xfb, 0x0, 0x0, 0x0, 0x7, 0xff, 0xf0,
    0x0, 0x0, 0x6, 0xf9, 0x0, 0x0, 0x0, 0x3f,
    0xfe, 0xf0, 0x0, 0x0, 0x8, 0xf7, 0x0, 0x0,
    0x1, 0xef, 0x5d, 0xf0, 0x0, 0x0, 0xa, 0xf5,
    0x0, 0x0, 0xb, 0xfa, 0xd, 0xf0, 0x0, 0x0,
    0xb, 0xf4, 0x0, 0x20, 0x8, 0xe1, 0xe, 0xf0,
    0x0, 0x0, 0xc, 0xf6, 0x5, 0xe2, 0x0, 0x30,
    0xe, 0xf0, 0x0, 0x0, 0xa, 0xff, 0xff, 0xf3,
    0x0, 0x0, 0xe, 0xf1, 0x0, 0x0, 0x3, 0xff,
    0xfe, 0x50, 0x0, 0x0, 0xc, 0xe2, 0x0, 0x0,
    0x0, 0x14, 0x30, 0x0,

    /* U+308D "ろ" */
    0x0, 0x0, 0x0, 0x0, 0x0, 0x0, 0x0, 0x0,
    0x0, 0x0, 0x6c, 0xbc, 0xcc, 0xdd, 0xef, 0x90,
    0x0, 0x0, 0x7, 0xff, 0xff, 0xfe, 0xff, 0xfc,
    0x0, 0x0, 0x0, 0x12, 0x10, 0x0, 0x3e, 0xf9,
    0x0, 0x0, 0x0, 0x0, 0x0, 0x0, 0x4f, 0xf6,
    0x0, 0x0, 0x0, 0x0, 0x0, 0x0, 0x5f, 0xe4,
    0x0, 0x0, 0x0, 0x0, 0x0, 0x0, 0x7f, 0xd3,
    0x21, 0x0, 0x0, 0x0, 0x0, 0x0, 0xaf, 0xfe,
    0xff, 0xfe, 0x80, 0x0, 0x0, 0x1, 0xcf, 0xff,
    0xa8, 0x8b, 0xff, 0xd1, 0x0, 0x2, 0xef, 0xe6,
    0x0, 0x0, 0x1, 0xcf, 0xb0, 0x5, 0xff, 0xc1,
    0x0, 0x0, 0x0, 0x2, 0xff, 0x10, 0xaf, 0xa0,
    0x0, 0x0, 0x0, 0x0, 0xe, 0xf3, 0x0, 0x60,
    0x0, 0x0, 0x0, 0x0, 0x1, 0xff, 0x20, 0x0,
    0x0, 0x0, 0x0, 0x0, 0x0, 0xaf, 0xd0, 0x0,
    0x0, 0x0, 0x0, 0x0, 0x15, 0xcf, 0xf4, 0x0,
    0x0, 0x0, 0xbd, 0xcd, 0xef, 0xff, 0xe5, 0x0,
    0x0, 0x0, 0x8, 0xff, 0xff, 0xfc, 0x71, 0x0,
    0x0, 0x0, 0x0, 0x2, 0x22, 0x10, 0x0, 0x0,
    0x0,

    /* U+308E "ゎ" */
    0x0, 0x0, 0x4f, 0xa0, 0x0, 0x0, 0x0, 0x0,
    0x0, 0x0, 0x4f, 0x80, 0x0, 0x0, 0x0, 0x0,
    0x0, 0x0, 0x6f, 0x70, 0x0, 0x0, 0x0, 0x0,
    0xa, 0xce, 0xff, 0xb0, 0x5a, 0xdd, 0xa3, 0x0,
    0xa, 0xb9, 0xbf, 0x8d, 0xff, 0xde, 0xff, 0x60,
    0x0, 0x0, 0xaf, 0xfc, 0x40, 0x0, 0x4f, 0xf2,
    0x0, 0x3, 0xff, 0x80, 0x0, 0x0, 0x7, 0xf7,
    0x0, 0xd, 0xff, 0x0, 0x0, 0x0, 0x4, 0xf9,
    0x0, 0xaf, 0xef, 0x0, 0x0, 0x0, 0x6, 0xf7,
    0x6, 0xf9, 0xbf, 0x0, 0x0, 0x0, 0xc, 0xf4,
    0x1f, 0xd0, 0xbf, 0x0, 0x0, 0x1, 0xbf, 0xc0,
    0x8, 0x40, 0xbf, 0x0, 0x15, 0x9f, 0xfd, 0x20,
    0x0, 0x0, 0xbf, 0x10, 0x2f, 0xff, 0x81, 0x0,
    0x0, 0x0, 0xad, 0x10, 0x6, 0x40, 0x0, 0x0,

    /* U+308F "わ" */
    0x0, 0x0, 0x0, 0x0, 0x0, 0x0, 0x0, 0x0,
    0x0, 0x0, 0x0, 0x0, 0x6f, 0xc0, 0x0, 0x0,
    0x0, 0x0, 0x0, 0x0, 0x0, 0x6, 0xfa, 0x0,
    0x0, 0x0, 0x0, 0x0, 0x0, 0x0, 0x0, 0x6f,
    0x80, 0x0, 0x0, 0x0, 0x0, 0x0, 0x3, 0x56,
    0x8c, 0xfd, 0x0, 0x0, 0x1, 0x0, 0x0, 0x0,
    0x8f, 0xff, 0xff, 0xa0, 0x39, 0xef, 0xff, 0xb3,
    0x0, 0x4, 0x96, 0x4b, 0xf5, 0xbf, 0xfe, 0xcc,
    0xff, 0xf5, 0x0, 0x0, 0x0, 0xbf, 0xff, 0xa3,
    0x0, 0x0, 0x9f, 0xf2, 0x0, 0x0, 0x2f, 0xfe,
    0x40, 0x0, 0x0, 0x0, 0xbf, 0x80, 0x0, 0xc,
    0xff, 0x10, 0x0, 0x0, 0x0, 0x6, 0xfb, 0x0,
    0x8, 0xff, 0xf0, 0x0, 0x0, 0x0, 0x0, 0x5f,
    0xc0, 0x4, 0xfe, 0xff, 0x0, 0x0, 0x0, 0x0,
    0x8, 0xfa, 0x1, 0xef, 0x4e, 0xf0, 0x0, 0x0,
    0x0, 0x1, 0xef, 0x50, 0xcf, 0x90, 0xef, 0x0,
    0x0, 0x0, 0x1, 0xcf, 0xd0, 0x9, 0xd0, 0xf,
    0xf0, 0x0, 0x0, 0x17, 0xef, 0xf3, 0x0, 0x3,
    0x0, 0xff, 0x0, 0x5, 0xdf, 0xff, 0xc2, 0x0,
    0x0, 0x0, 0xf, 0xf0, 0x0, 0x1f, 0xfb, 0x40,
    0x0, 0x0, 0x0, 0x0, 0xde, 0x10, 0x0, 0x20,
    0x0, 0x0, 0x0,

    /* U+3090 "ゐ" */
    0x0, 0x0, 0x0, 0x0, 0x13, 0x10, 0x0, 0x0,
    0x0, 0x0, 0xb, 0xff, 0xff, 0xff, 0xe1, 0x0,
    0x0, 0x0, 0x0, 0x9, 0xdc, 0xb9, 0xaf, 0xd0,
    0x0, 0x0, 0x0, 0x0, 0x0, 0x0, 0x0, 0x6f,
    0x70, 0x0, 0x0, 0x0, 0x0, 0x0, 0x0, 0x1,
    0xcf, 0xa7, 0x40, 0x0, 0x0, 0x0, 0x0, 0x2,
    0xaf, 0xff, 0xff, 0xfe, 0x60, 0x0, 0x0, 0x0,
    0x7f, 0xfe, 0xf9, 0x23, 0x8f, 0xf8, 0x0, 0x0,
    0xa, 0xfd, 0x3b, 0xf2, 0x0, 0x2, 0xef, 0x40,
    0x0, 0x7f, 0xc0, 0x1f, 0xc0, 0x0, 0x0, 0x6f,
    0xb0, 0x2, 0xfd, 0x10, 0x7f, 0x70, 0x0, 0x0,
    0xf, 0xf0, 0xa, 0xf4, 0x0, 0xef, 0x10, 0x0,
    0x0, 0xe, 0xf1, 0xf, 0xd0, 0x5, 0xfa, 0x4,
    0x87, 0x20, 0xe, 0xf0, 0x2f, 0x90, 0xd, 0xf3,
    0x9f, 0xff, 0xf6, 0x2f, 0xe0, 0x3f, 0xb0, 0xaf,
    0xb2, 0xf9, 0x1, 0xdf, 0xaf, 0x90, 0x1f, 0xff,
    0xff, 0x23, 0xf9, 0x0, 0x4f, 0xff, 0x20, 0x6,
    0xff, 0xe3, 0x0, 0xdf, 0xdc, 0xef, 0xf4, 0x0,
    0x0, 0x12, 0x0, 0x0, 0x1a, 0xef, 0xd9, 0x20,
    0x0,

    /* U+3091 "ゑ" */
    0x0, 0x2, 0x77, 0x77, 0x88, 0x9a, 0x80, 0x0,
    0x0, 0x0, 0x3, 0xff, 0xff, 0xff, 0xff, 0xe2,
    0x0, 0x0, 0x0, 0x0, 0x21, 0x0, 0x8f, 0xf7,
    0x0, 0x0, 0x0, 0x0, 0x0, 0x0, 0x5e, 0xfa,
    0x31, 0x0, 0x0, 0x0, 0x0, 0x0, 0x2b, 0xff,
    0xff, 0xff, 0xe7, 0x0, 0x0, 0x0, 0x7, 0xff,
    0xc6, 0x31, 0x25, 0xdf, 0x90, 0x0, 0x2, 0xcf,
    0xd4, 0x14, 0x40, 0x0, 0x1e, 0xf1, 0x0, 0x5,
    0xfa, 0x7, 0xfe, 0xff, 0x50, 0xc, 0xf3, 0x0,
    0x0, 0x30, 0x2f, 0x80, 0xf, 0xc0, 0x3f, 0xf0,
    0x0, 0x0, 0x0, 0x1f, 0xd5, 0x8f, 0xc9, 0xff,
    0x70, 0x0, 0x0, 0x0, 0x7, 0xff, 0xff, 0xff,
    0xd4, 0x0, 0x0, 0x0, 0x0, 0x4f, 0xf8, 0x56,
    0x41, 0x0, 0x0, 0x0, 0x0, 0x5, 0xff, 0x80,
    0x0, 0x29, 0xcb, 0x50, 0x0, 0x0, 0x6f, 0xfe,
    0xfe, 0x36, 0xff, 0xef, 0xfa, 0x0, 0x7, 0xfd,
    0x20, 0x4f, 0xef, 0xd2, 0x2, 0xdf, 0x80, 0x7f,
    0xd1, 0x0, 0x9, 0xff, 0x30, 0x0, 0x2f, 0xf2,
    0x4d, 0x30, 0x0, 0x4, 0xec, 0x0, 0x0, 0xa,
    0xb3, 0x0, 0x0, 0x0, 0x0, 0x0, 0x0, 0x0,
    0x0, 0x0,

    /* U+3092 "を" */
    0x0, 0x0, 0x0, 0x0, 0x0, 0x0, 0x0, 0x0,
    0x0, 0x0, 0x0, 0x9, 0xf7, 0x0, 0x0, 0x0,
    0x0, 0x0, 0x0, 0x0, 0xcf, 0x30, 0x0, 0x14,
    0x0, 0x0, 0x8c, 0xbb, 0xbf, 0xfc, 0xde, 0xff,
    0xe0, 0x0, 0x9, 0xff, 0xff, 0xff, 0xff, 0xec,
    0xb8, 0x0, 0x0, 0x0, 0x11, 0xef, 0x20, 0x0,
    0x0, 0x0, 0x0, 0x0, 0x0, 0x6f, 0x80, 0x0,
    0x0, 0x0, 0x4, 0x10, 0x0, 0x2f, 0xfa, 0xde,
    0xb2, 0x0, 0x5d, 0xf7, 0x0, 0xd, 0xff, 0xda,
    0xdf, 0xe7, 0xef, 0xfc, 0x50, 0xb, 0xfe, 0x40,
    0x0, 0xef, 0xff, 0x92, 0x0, 0xb, 0xfd, 0x10,
    0x5, 0xef, 0xf8, 0x0, 0x0, 0x0, 0x7e, 0x20,
    0x9, 0xfe, 0xdf, 0x30, 0x0, 0x0, 0x0, 0x0,
    0x9, 0xfc, 0x19, 0xf3, 0x0, 0x0, 0x0, 0x0,
    0x2, 0xfe, 0x0, 0x9f, 0x40, 0x0, 0x0, 0x0,
    0x0, 0x5f, 0xa0, 0x3, 0x41, 0x0, 0x0, 0x0,
    0x0, 0x4, 0xfe, 0x30, 0x0, 0x0, 0x13, 0x20,
    0x0, 0x0, 0xd, 0xff, 0xfd, 0xde, 0xff, 0xf5,
    0x0, 0x0, 0x0, 0x7, 0xce, 0xff, 0xfe, 0xdb,
    0x30,

    /* U+3093 "ん" */
    0x0, 0x0, 0x0, 0x3, 0xa4, 0x0, 0x0, 0x0,
    0x0, 0x0, 0x0, 0x0, 0x0, 0xaf, 0xd0, 0x0,
    0x0, 0x0, 0x0, 0x0, 0x0, 0x0, 0x3f, 0xf3,
    0x0, 0x0, 0x0, 0x0, 0x0, 0x0, 0x0, 0xb,
    0xfa, 0x0, 0x0, 0x0, 0x0, 0x0, 0x0, 0x0,
    0x4, 0xff, 0x10, 0x0, 0x0, 0x0, 0x0, 0x0,
    0x0, 0x0, 0xcf, 0x70, 0x0, 0x0, 0x0, 0x0,
    0x0, 0x0, 0x0, 0x4f, 0xe0, 0x0, 0x0, 0x0,
    0x0, 0x0, 0x0, 0x0, 0xc, 0xf8, 0x8b, 0x81,
    0x0, 0x0, 0x0, 0x0, 0x0, 0x4, 0xff, 0xff,
    0xff, 0xb0, 0x0, 0x0, 0x0, 0x0, 0x0, 0xbf,
    0xf8, 0x26, 0xff, 0x0, 0x0, 0x0, 0x0, 0x0,
    0x3f, 0xf5, 0x0, 0xe, 0xf1, 0x0, 0x0, 0xc4,
    0x0, 0xb, 0xf9, 0x0, 0x0, 0xdf, 0x10, 0x0,
    0x2f, 0xe0, 0x2, 0xff, 0x10, 0x0, 0xd, 0xf1,
    0x0, 0x9, 0xf9, 0x0, 0x9f, 0xa0, 0x0, 0x0,
    0xdf, 0x20, 0x4, 0xff, 0x20, 0x1f, 0xf4, 0x0,
    0x0, 0xb, 0xfb, 0x47, 0xff, 0x80, 0x7, 0xfe,
    0x0, 0x0, 0x0, 0x6f, 0xff, 0xff, 0xa0, 0x0,
    0x28, 0x80, 0x0, 0x0, 0x0, 0x6c, 0xdb, 0x50,
    0x0, 0x0,

    /* U+3094 "ゔ" */
    0x0, 0x8, 0xa8, 0x64, 0x21, 0x0, 0x0, 0x0,
    0x0, 0x0, 0xc, 0xff, 0xff, 0xff, 0xff, 0x10,
    0x29, 0x0, 0x0, 0x1, 0x46, 0x8a, 0xbd, 0xee,
    0x69, 0x2f, 0x80, 0x0, 0x0, 0x0, 0x0, 0x0,
    0x0, 0x5f, 0x48, 0xf1, 0x0, 0x0, 0x0, 0x1,
    0x21, 0x0, 0xc, 0xd0, 0x50, 0x0, 0x36, 0xad,
    0xff, 0xff, 0xe7, 0x2, 0x10, 0x0, 0x3f, 0xff,
    0xff, 0xec, 0xce, 0xff, 0xb0, 0x0, 0x0, 0xf,
    0xe9, 0x51, 0x0, 0x0, 0x6f, 0xf5, 0x0, 0x0,
    0x3, 0x0, 0x0, 0x0, 0x0, 0x9, 0xfa, 0x0,
    0x0, 0x0, 0x0, 0x0, 0x0, 0x0, 0x7, 0xfc,
    0x0, 0x0, 0x0, 0x0, 0x0, 0x0, 0x0, 0x8,
    0xfa, 0x0, 0x0, 0x0, 0x0, 0x0, 0x0, 0x0,
    0xe, 0xf7, 0x0, 0x0, 0x0, 0x0, 0x0, 0x0,
    0x0, 0xaf, 0xe1, 0x0, 0x0, 0x0, 0x0, 0x0,
    0x0, 0x3c, 0xff, 0x50, 0x0, 0x0, 0x0, 0x0,
    0x2, 0x6c, 0xff, 0xf5, 0x0, 0x0, 0x0, 0x0,
    0x5, 0xff, 0xff, 0xfa, 0x20, 0x0, 0x0, 0x0,
    0x0, 0x0, 0xdf, 0xb7, 0x10, 0x0, 0x0, 0x0,
    0x0, 0x0, 0x0, 0x0, 0x0, 0x0, 0x0, 0x0,
    0x0, 0x0,

    /* U+3095 "ゕ" */
    0x0, 0x0, 0x33, 0x0, 0x0, 0x0, 0x0, 0x0,
    0x0, 0x0, 0xbf, 0x40, 0x0, 0x0, 0x0, 0x0,
    0x0, 0x0, 0xdf, 0x10, 0x0, 0x29, 0x30, 0x0,
    0x0, 0x0, 0xff, 0x12, 0x0, 0x4f, 0xd0, 0x0,
    0xab, 0xcd, 0xff, 0xff, 0xe5, 0xa, 0xf5, 0x0,
    0xdf, 0xfe, 0xfc, 0x8a, 0xff, 0x2, 0xfd, 0x0,
    0x21, 0x9, 0xf4, 0x0, 0xaf, 0x30, 0xbf, 0x50,
    0x0, 0xd, 0xf0, 0x0, 0x9f, 0x30, 0x4f, 0xb0,
    0x0, 0x3f, 0xb0, 0x0, 0xaf, 0x20, 0xe, 0xf0,
    0x0, 0x8f, 0x60, 0x0, 0xbf, 0x10, 0x5, 0x10,
    0x0, 0xef, 0x0, 0x0, 0xdf, 0x0, 0x0, 0x0,
    0x6, 0xfa, 0x0, 0x0, 0xfd, 0x0, 0x0, 0x0,
    0xd, 0xf4, 0x0, 0x6, 0xf9, 0x0, 0x0, 0x0,
    0x7f, 0xc0, 0x8e, 0xdf, 0xf3, 0x0, 0x0, 0x0,
    0x7e, 0x40, 0x4e, 0xfe, 0x60, 0x0, 0x0, 0x0,
    0x0, 0x0, 0x0, 0x0, 0x0, 0x0, 0x0, 0x0,

    /* U+3096 "ゖ" */
    0x8, 0xd4, 0x0, 0x0, 0x1, 0xfd, 0x0, 0x0,
    0xbf, 0x20, 0x0, 0x0, 0xf, 0xd0, 0x0, 0xd,
    0xf0, 0x0, 0x0, 0x0, 0xfd, 0x1, 0x10, 0xfc,
    0x0, 0x7c, 0xbb, 0xbf, 0xff, 0xf7, 0x1f, 0xa0,
    0x7, 0xff, 0xff, 0xff, 0xdb, 0x42, 0xf8, 0x0,
    0x0, 0x0, 0xf, 0xc0, 0x0, 0x3f, 0x70, 0x0,
    0x0, 0x0, 0xfc, 0x0, 0x3, 0xf7, 0xa2, 0x0,
    0x0, 0xf, 0xb0, 0x0, 0x3f, 0xaf, 0x10, 0x0,
    0x2, 0xfa, 0x0, 0x2, 0xff, 0xd0, 0x0, 0x0,
    0x6f, 0x70, 0x0, 0xf, 0xf8, 0x0, 0x0, 0xd,
    0xf3, 0x0, 0x0, 0xcf, 0x40, 0x0, 0xa, 0xfb,
    0x0, 0x0, 0x8, 0xf3, 0x0, 0x2c, 0xfe, 0x10,
    0x0, 0x0, 0x1, 0x0, 0x0, 0x7c, 0x10, 0x0,
    0x0,

    /* U+3099 "゙" */
    0x0, 0x6, 0x30, 0x1a, 0x2a, 0xd0, 0xb, 0xc1,
    0xf7, 0x2, 0xf5, 0x52, 0x0, 0x40, 0x0,

    /* U+309A "゚" */
    0x9, 0xda, 0x7, 0xc3, 0xa9, 0xb5, 0x3, 0xd8,
    0xb2, 0x9a, 0xa, 0xeb, 0x10,

    /* U+309B "゛" */
    0x0, 0x9, 0x70, 0x5, 0xb0, 0xaf, 0x10, 0x3f,
    0x81, 0xfa, 0x0, 0xaf, 0x27, 0x90, 0x1, 0xc3,
    0x0, 0x0,

    /* U+309C "゜" */
    0x0, 0x23, 0x0, 0xa, 0xee, 0xa0, 0x2e, 0x0,
    0xe3, 0x2e, 0x11, 0xe2, 0x8, 0xff, 0x80, 0x0,
    0x11, 0x0,

    /* U+309D "ゝ" */
    0x0, 0x0, 0x0, 0x0, 0x0, 0xa, 0x80, 0x0,
    0x0, 0x0, 0x6f, 0xf8, 0x0, 0x0, 0x0, 0x6,
    0xff, 0x80, 0x0, 0x0, 0x0, 0x7f, 0xf7, 0x0,
    0x0, 0x0, 0x7, 0xff, 0x60, 0x0, 0x0, 0x0,
    0x8f, 0xf4, 0x0, 0x0, 0x0, 0xa, 0xff, 0x20,
    0x0, 0x0, 0x0, 0xdf, 0xd1, 0x0, 0x0, 0x28,
    0xef, 0xf1, 0x0, 0x5b, 0xff, 0xff, 0x80, 0x3,
    0xff, 0xfb, 0x50, 0x0, 0x0, 0xa8, 0x20, 0x0,
    0x0,

    /* U+309E "ゞ" */
    0x0, 0x0, 0x0, 0x0, 0x0, 0x0, 0x0, 0x0,
    0x0, 0x0, 0x8b, 0x0, 0x0, 0x0, 0x5, 0xf3,
    0x5f, 0x60, 0x2, 0x50, 0x0, 0xdd, 0xc, 0xe1,
    0x3f, 0xf6, 0x0, 0x5f, 0x52, 0x50, 0xa, 0xff,
    0x50, 0x4, 0x0, 0x0, 0x0, 0x9f, 0xf5, 0x0,
    0x0, 0x0, 0x0, 0xa, 0xff, 0x40, 0x0, 0x0,
    0x0, 0x0, 0xbf, 0xf3, 0x0, 0x0, 0x0, 0x0,
    0xc, 0xfe, 0x10, 0x0, 0x0, 0x0, 0x1, 0xef,
    0xc0, 0x0, 0x0, 0x0, 0x1, 0x9f, 0xf5, 0x0,
    0x0, 0x4, 0xaf, 0xff, 0xf1, 0x0, 0x1, 0xdf,
    0xff, 0xd7, 0x10, 0x0, 0x0, 0xbf, 0xa3, 0x0,
    0x0, 0x0, 0x0, 0x11, 0x0, 0x0, 0x0, 0x0,

    /* U+309F "ゟ" */
    0x0, 0x0, 0x0, 0x0, 0x5, 0x83, 0x0, 0x0,
    0x0, 0x0, 0x0, 0x0, 0x0, 0xaf, 0x90, 0x0,
    0x0, 0x0, 0x0, 0x0, 0x0, 0xf, 0xf2, 0x0,
    0x0, 0x0, 0x0, 0x0, 0x0, 0x6, 0xfc, 0x0,
    0x0, 0x0, 0x0, 0x0, 0x0, 0x0, 0xcf, 0xff,
    0xb7, 0x30, 0x0, 0x0, 0x0, 0x0, 0x3f, 0xeb,
    0xff, 0xff, 0xe2, 0x0, 0x0, 0x0, 0xb, 0xf6,
    0x0, 0x37, 0xcd, 0x0, 0x0, 0x0, 0x3, 0xfd,
    0x0, 0x0, 0x0, 0x10, 0x0, 0x0, 0x0, 0xbf,
    0x50, 0x20, 0x0, 0x0, 0x0, 0x0, 0x0, 0x4f,
    0xea, 0xff, 0xf9, 0x0, 0x0, 0x0, 0x0, 0xd,
    0xff, 0xd9, 0xbf, 0xf7, 0x0, 0x0, 0x0, 0x7,
    0xff, 0x60, 0x0, 0x5f, 0xd0, 0x0, 0x0, 0x2,
    0xff, 0x50, 0x0, 0x0, 0xff, 0x0, 0x0, 0x0,
    0xbf, 0x90, 0x0, 0x0, 0xf, 0xf0, 0x0, 0x0,
    0x7f, 0xe1, 0x0, 0x0, 0x4, 0xfc, 0x0, 0x0,
    0x3f, 0xf5, 0x0, 0x0, 0x0, 0xcf, 0x60, 0x0,
    0x1d, 0xfb, 0x7, 0xa1, 0x3, 0xcf, 0xc0, 0x0,
    0x3, 0xde, 0x10, 0xbf, 0xff, 0xff, 0xd1, 0x0,
    0x0, 0x0, 0x10, 0x1, 0x9e, 0xfd, 0x80, 0x0,
    0x0, 0x0,

    /* U+30A0 "゠" */
    0x1c, 0xcc, 0xcc, 0xcc, 0xc7, 0x0, 0x0, 0x0,
    0x0, 0x0, 0x0, 0x0, 0x0, 0x0, 0x0, 0x1a,
    0xaa, 0xaa, 0xaa, 0xa5, 0x2, 0x22, 0x22, 0x22,
    0x21,

    /* U+30A1 "ァ" */
    0x0, 0x0, 0x0, 0x0, 0x0, 0x0, 0x0, 0x7,
    0xff, 0xff, 0xff, 0xff, 0xff, 0xff, 0xe3, 0x7d,
    0xdd, 0xdd, 0xdd, 0xdd, 0xde, 0xff, 0x30, 0x0,
    0x0, 0x0, 0x0, 0x0, 0xcf, 0x70, 0x0, 0x0,
    0x4, 0xfc, 0x0, 0x9f, 0xc0, 0x0, 0x0, 0x0,
    0x4f, 0xc0, 0x9f, 0xd1, 0x0, 0x0, 0x0, 0x4,
    0xfb, 0x2d, 0xe2, 0x0, 0x0, 0x0, 0x0, 0x6f,
    0x90, 0x1, 0x0, 0x0, 0x0, 0x0, 0xa, 0xf5,
    0x0, 0x0, 0x0, 0x0, 0x0, 0x2, 0xff, 0x10,
    0x0, 0x0, 0x0, 0x0, 0x1, 0xcf, 0x90, 0x0,
    0x0, 0x0, 0x0, 0x3, 0xdf, 0xd0, 0x0, 0x0,
    0x0, 0x0, 0x4, 0xff, 0xc1, 0x0, 0x0, 0x0,
    0x0, 0x0, 0x4, 0x70, 0x0, 0x0, 0x0, 0x0,
    0x0,

    /* U+30A2 "ア" */
    0x8d, 0xcc, 0xcc, 0xcc, 0xcc, 0xcc, 0xcc, 0xcd,
    0x38, 0xff, 0xff, 0xff, 0xff, 0xff, 0xff, 0xff,
    0xfa, 0x22, 0x22, 0x22, 0x22, 0x22, 0x22, 0x28,
    0xfe, 0x10, 0x0, 0x0, 0x0, 0x11, 0x0, 0x3,
    0xff, 0x50, 0x0, 0x0, 0x0, 0x6f, 0xd0, 0x2,
    0xef, 0x90, 0x0, 0x0, 0x0, 0x5, 0xfd, 0x4,
    0xef, 0xb0, 0x0, 0x0, 0x0, 0x0, 0x5f, 0xc1,
    0xdf, 0xb0, 0x0, 0x0, 0x0, 0x0, 0x6, 0xfb,
    0x1, 0x60, 0x0, 0x0, 0x0, 0x0, 0x0, 0x8f,
    0x90, 0x0, 0x0, 0x0, 0x0, 0x0, 0x0, 0xc,
    0xf6, 0x0, 0x0, 0x0, 0x0, 0x0, 0x0, 0x2,
    0xff, 0x10, 0x0, 0x0, 0x0, 0x0, 0x0, 0x0,
    0xcf, 0xa0, 0x0, 0x0, 0x0, 0x0, 0x0, 0x0,
    0xaf, 0xf2, 0x0, 0x0, 0x0, 0x0, 0x0, 0x4,
    0xdf, 0xf4, 0x0, 0x0, 0x0, 0x0, 0x0, 0x2,
    0xef, 0xe4, 0x0, 0x0, 0x0, 0x0, 0x0, 0x0,
    0x2, 0x81, 0x0, 0x0, 0x0, 0x0, 0x0, 0x0,

    /* U+30A3 "ィ" */
    0x0, 0x0, 0x0, 0x0, 0x0, 0x0, 0x0, 0x0,
    0x0, 0x0, 0x0, 0x0, 0x5, 0xc1, 0x0, 0x0,
    0x0, 0x0, 0x0, 0x6f, 0xf8, 0x0, 0x0, 0x0,
    0x0, 0x8, 0xff, 0x90, 0x0, 0x0, 0x0, 0x2,
    0xcf, 0xf6, 0x0, 0x0, 0x0, 0x1, 0x8f, 0xfd,
    0x30, 0x0, 0x0, 0x2, 0x8f, 0xff, 0xf4, 0x0,
    0x0, 0x26, 0xbf, 0xff, 0xae, 0xf4, 0x0, 0x0,
    0x9f, 0xfe, 0x82, 0xe, 0xf4, 0x0, 0x0, 0x1b,
    0x50, 0x0, 0xe, 0xf4, 0x0, 0x0, 0x0, 0x0,
    0x0, 0xe, 0xf4, 0x0, 0x0, 0x0, 0x0, 0x0,
    0xe, 0xf4, 0x0, 0x0, 0x0, 0x0, 0x0, 0xe,
    0xf4, 0x0, 0x0, 0x0, 0x0, 0x0, 0xe, 0xf4,
    0x0, 0x0, 0x0, 0x0, 0x0, 0xe, 0xf4, 0x0,
    0x0,

    /* U+30A4 "イ" */
    0x0, 0x0, 0x0, 0x0, 0x0, 0x0, 0x0, 0x84,
    0x0, 0x0, 0x0, 0x0, 0x0, 0x0, 0x0, 0x8f,
    0xf3, 0x0, 0x0, 0x0, 0x0, 0x0, 0x0, 0x9f,
    0xfa, 0x0, 0x0, 0x0, 0x0, 0x0, 0x1, 0xbf,
    0xf8, 0x0, 0x0, 0x0, 0x0, 0x0, 0x5, 0xef,
    0xf5, 0x0, 0x0, 0x0, 0x0, 0x0, 0x2b, 0xff,
    0xc2, 0x0, 0x0, 0x0, 0x0, 0x3, 0xaf, 0xff,
    0xf1, 0x0, 0x0, 0x0, 0x1, 0x6c, 0xff, 0xfb,
    0xff, 0x10, 0x0, 0x0, 0x3b, 0xff, 0xff, 0x92,
    0x2f, 0xf1, 0x0, 0x0, 0x1, 0xff, 0xd7, 0x10,
    0x2, 0xff, 0x10, 0x0, 0x0, 0x4, 0x20, 0x0,
    0x0, 0x2f, 0xf1, 0x0, 0x0, 0x0, 0x0, 0x0,
    0x0, 0x2, 0xff, 0x10, 0x0, 0x0, 0x0, 0x0,
    0x0, 0x0, 0x2f, 0xf1, 0x0, 0x0, 0x0, 0x0,
    0x0, 0x0, 0x2, 0xff, 0x10, 0x0, 0x0, 0x0,
    0x0, 0x0, 0x0, 0x2f, 0xf1, 0x0, 0x0, 0x0,
    0x0, 0x0, 0x0, 0x2, 0xff, 0x10, 0x0, 0x0,
    0x0, 0x0, 0x0, 0x0, 0x2b, 0xb2, 0x0, 0x0,
    0x0,

    /* U+30A5 "ゥ" */
    0x0, 0x0, 0x0, 0x99, 0x10, 0x0, 0x0, 0x0,
    0x0, 0x0, 0xe, 0xf1, 0x0, 0x0, 0x0, 0x0,
    0x0, 0x0, 0xef, 0x10, 0x0, 0x0, 0x2, 0xff,
    0xff, 0xff, 0xff, 0xff, 0xff, 0xa0, 0x2f, 0xfd,
    0xdd, 0xdd, 0xdd, 0xde, 0xfd, 0x2, 0xfc, 0x0,
    0x0, 0x0, 0x0, 0x9f, 0xa0, 0x2f, 0xc0, 0x0,
    0x0, 0x0, 0xc, 0xf6, 0x2, 0xfc, 0x0, 0x0,
    0x0, 0x2, 0xff, 0x10, 0x18, 0x60, 0x0, 0x0,
    0x0, 0x9f, 0xb0, 0x0, 0x0, 0x0, 0x0, 0x0,
    0x3f, 0xf4, 0x0, 0x0, 0x0, 0x0, 0x0, 0x3e,
    0xfb, 0x0, 0x0, 0x0, 0x0, 0x1, 0x8f, 0xfc,
    0x0, 0x0, 0x0, 0x0, 0x59, 0xff, 0xfa, 0x0,
    0x0, 0x0, 0x0, 0xc, 0xff, 0xd4, 0x0, 0x0,
    0x0, 0x0, 0x0, 0x18, 0x30, 0x0, 0x0, 0x0,
    0x0,

    /* U+30A6 "ウ" */
    0x0, 0x0, 0x0, 0x5, 0x51, 0x0, 0x0, 0x0,
    0x0, 0x0, 0x0, 0x0, 0xff, 0x30, 0x0, 0x0,
    0x0, 0x0, 0x0, 0x0, 0xf, 0xf2, 0x0, 0x0,
    0x0, 0x0, 0x0, 0x0, 0x0, 0xff, 0x20, 0x0,
    0x0, 0x0, 0x3f, 0xff, 0xff, 0xff, 0xff, 0xff,
    0xff, 0xfa, 0x3, 0xff, 0xee, 0xee, 0xee, 0xee,
    0xee, 0xff, 0xe0, 0x3f, 0xd0, 0x0, 0x0, 0x0,
    0x0, 0xa, 0xfa, 0x3, 0xfd, 0x0, 0x0, 0x0,
    0x0, 0x0, 0xdf, 0x70, 0x3f, 0xd0, 0x0, 0x0,
    0x0, 0x0, 0x1f, 0xf3, 0x3, 0xfd, 0x0, 0x0,
    0x0, 0x0, 0x6, 0xfe, 0x0, 0x28, 0x70, 0x0,
    0x0, 0x0, 0x0, 0xdf, 0x80, 0x0, 0x0, 0x0,
    0x0, 0x0, 0x0, 0x7f, 0xf1, 0x0, 0x0, 0x0,
    0x0, 0x0, 0x0, 0x4f, 0xf7, 0x0, 0x0, 0x0,
    0x0, 0x0, 0x0, 0x6f, 0xfb, 0x0, 0x0, 0x0,
    0x0, 0x0, 0x2, 0xbf, 0xfc, 0x0, 0x0, 0x0,
    0x0, 0x2, 0x7c, 0xff, 0xf9, 0x0, 0x0, 0x0,
    0x0, 0x0, 0x4f, 0xff, 0xc3, 0x0, 0x0, 0x0,
    0x0, 0x0, 0x0, 0x68, 0x30, 0x0, 0x0, 0x0,
    0x0,

    /* U+30A7 "ェ" */
    0xb, 0xaa, 0xaa, 0xaa, 0xaa, 0xaa, 0xb1, 0x0,
    0xff, 0xff, 0xff, 0xff, 0xff, 0xff, 0x20, 0x3,
    0x22, 0x23, 0xff, 0x22, 0x22, 0x30, 0x0, 0x0,
    0x0, 0x1f, 0xf0, 0x0, 0x0, 0x0, 0x0, 0x0,
    0x1, 0xff, 0x0, 0x0, 0x0, 0x0, 0x0, 0x0,
    0x1f, 0xf0, 0x0, 0x0, 0x0, 0x0, 0x0, 0x1,
    0xff, 0x0, 0x0, 0x0, 0x0, 0x0, 0x0, 0x1f,
    0xf0, 0x0, 0x0, 0x0, 0x0, 0x0, 0x1, 0xff,
    0x0, 0x0, 0x0, 0xf, 0xee, 0xee, 0xef, 0xfe,
    0xee, 0xee, 0xf0, 0xff, 0xff, 0xff, 0xff, 0xff,
    0xff, 0xff, 0x0, 0x0, 0x0, 0x0, 0x0, 0x0,
    0x0, 0x0,

    /* U+30A8 "エ" */
    0x1, 0x54, 0x44, 0x44, 0x44, 0x44, 0x44, 0x45,
    0x20, 0x2, 0xff, 0xff, 0xff, 0xff, 0xff, 0xff,
    0xff, 0x50, 0x1, 0xbb, 0xbb, 0xbc, 0xff, 0xbb,
    0xbb, 0xbb, 0x40, 0x0, 0x0, 0x0, 0x2, 0xff,
    0x0, 0x0, 0x0, 0x0, 0x0, 0x0, 0x0, 0x2,
    0xff, 0x0, 0x0, 0x0, 0x0, 0x0, 0x0, 0x0,
    0x2, 0xff, 0x0, 0x0, 0x0, 0x0, 0x0, 0x0,
    0x0, 0x2, 0xff, 0x0, 0x0, 0x0, 0x0, 0x0,
    0x0, 0x0, 0x2, 0xff, 0x0, 0x0, 0x0, 0x0,
    0x0, 0x0, 0x0, 0x2, 0xff, 0x0, 0x0, 0x0,
    0x0, 0x0, 0x0, 0x0, 0x2, 0xff, 0x0, 0x0,
    0x0, 0x0, 0x0, 0x0, 0x0, 0x2, 0xff, 0x0,
    0x0, 0x0, 0x0, 0x6f, 0xff, 0xff, 0xff, 0xff,
    0xff, 0xff, 0xff, 0xf6, 0x6f, 0xff, 0xff, 0xff,
    0xff, 0xff, 0xff, 0xff, 0xf6, 0x12, 0x11, 0x11,
    0x11, 0x11, 0x11, 0x11, 0x11, 0x21,

    /* U+30A9 "ォ" */
    0x0, 0x0, 0x0, 0x0, 0x22, 0x0, 0x0, 0x0,
    0x0, 0x0, 0x0, 0xc, 0xf2, 0x0, 0x0, 0x0,
    0x0, 0x0, 0x0, 0xbf, 0x20, 0x0, 0x0, 0x43,
    0x33, 0x33, 0x3c, 0xf5, 0x33, 0x41, 0x1f, 0xff,
    0xff, 0xff, 0xff, 0xff, 0xff, 0x40, 0x99, 0x99,
    0x99, 0xdf, 0xfa, 0x99, 0x92, 0x0, 0x0, 0x0,
    0x3f, 0xff, 0x30, 0x0, 0x0, 0x0, 0x0, 0x2e,
    0xfe, 0xf3, 0x0, 0x0, 0x0, 0x0, 0x3e, 0xf8,
    0x9f, 0x40, 0x0, 0x0, 0x0, 0x5f, 0xf9, 0x9,
    0xf4, 0x0, 0x0, 0x0, 0x9f, 0xf9, 0x0, 0x9f,
    0x40, 0x0, 0x4, 0xef, 0xf7, 0x0, 0x9, 0xf5,
    0x0, 0x0, 0x2f, 0xd3, 0x0, 0x0, 0x9f, 0x50,
    0x0, 0x0, 0x30, 0x0, 0x5c, 0xbe, 0xf5, 0x0,
    0x0, 0x0, 0x0, 0x5, 0xff, 0xfd, 0x10, 0x0,
    0x0, 0x0, 0x0, 0x0, 0x0, 0x0, 0x0, 0x0,

    /* U+30AA "オ" */
    0x0, 0x0, 0x0, 0x0, 0x0, 0xad, 0x40, 0x0,
    0x0, 0x0, 0x0, 0x0, 0x0, 0x0, 0xbf, 0x40,
    0x0, 0x0, 0x0, 0x0, 0x0, 0x0, 0x0, 0xaf,
    0x40, 0x0, 0x0, 0x3, 0x44, 0x44, 0x44, 0x44,
    0xbf, 0x74, 0x44, 0x50, 0xa, 0xff, 0xff, 0xff,
    0xff, 0xff, 0xff, 0xff, 0xf0, 0x7, 0xaa, 0xaa,
    0xaa, 0xad, 0xff, 0xca, 0xaa, 0xb0, 0x0, 0x0,
    0x0, 0x0, 0x2f, 0xff, 0x50, 0x0, 0x0, 0x0,
    0x0, 0x0, 0x1, 0xdf, 0xef, 0x60, 0x0, 0x0,
    0x0, 0x0, 0x0, 0x1d, 0xfb, 0x8f, 0x60, 0x0,
    0x0, 0x0, 0x0, 0x2, 0xdf, 0xc0, 0x8f, 0x60,
    0x0, 0x0, 0x0, 0x0, 0x4e, 0xfc, 0x0, 0x8f,
    0x70, 0x0, 0x0, 0x0, 0x8, 0xff, 0xb0, 0x0,
    0x8f, 0x70, 0x0, 0x0, 0x5, 0xdf, 0xf8, 0x0,
    0x0, 0x8f, 0x70, 0x0, 0x0, 0x3f, 0xfe, 0x40,
    0x0, 0x0, 0x8f, 0x80, 0x0, 0x0, 0x6, 0x80,
    0x0, 0x3, 0x10, 0x9f, 0x80, 0x0, 0x0, 0x0,
    0x0, 0x0, 0xe, 0xff, 0xff, 0x70, 0x0, 0x0,
    0x0, 0x0, 0x0, 0xb, 0xde, 0xeb, 0x10, 0x0,
    0x0,

    /* U+30AB "カ" */
    0x0, 0x0, 0x0, 0xa, 0xa2, 0x0, 0x0, 0x0,
    0x0, 0x0, 0x0, 0x0, 0xef, 0x30, 0x0, 0x0,
    0x0, 0x0, 0x0, 0x0, 0xe, 0xf2, 0x0, 0x0,
    0x0, 0x0, 0x10, 0x0, 0x0, 0xff, 0x10, 0x0,
    0x1, 0x0, 0xa, 0xff, 0xff, 0xff, 0xff, 0xff,
    0xff, 0xfc, 0x10, 0x9e, 0xee, 0xee, 0xff, 0xee,
    0xee, 0xef, 0xf1, 0x0, 0x0, 0x0, 0x4f, 0xc0,
    0x0, 0x0, 0xff, 0x0, 0x0, 0x0, 0x7, 0xf9,
    0x0, 0x0, 0xf, 0xf0, 0x0, 0x0, 0x0, 0xcf,
    0x50, 0x0, 0x1, 0xfe, 0x0, 0x0, 0x0, 0x2f,
    0xf1, 0x0, 0x0, 0x2f, 0xd0, 0x0, 0x0, 0x9,
    0xfb, 0x0, 0x0, 0x4, 0xfb, 0x0, 0x0, 0x3,
    0xff, 0x30, 0x0, 0x0, 0x6f, 0x90, 0x0, 0x1,
    0xef, 0xa0, 0x0, 0x0, 0x9, 0xf7, 0x0, 0x2,
    0xdf, 0xe1, 0x0, 0x0, 0x0, 0xef, 0x40, 0x5,
    0xef, 0xe2, 0x0, 0xd, 0xed, 0xef, 0xf0, 0x0,
    0x7f, 0xd2, 0x0, 0x0, 0xcf, 0xff, 0xf7, 0x0,
    0x0, 0x30, 0x0, 0x0, 0x1, 0x23, 0x31, 0x0,
    0x0,

    /* U+30AC "ガ" */
    0x0, 0x0, 0x0, 0x0, 0x0, 0x0, 0x0, 0x3,
    0x70, 0x0, 0x0, 0x0, 0x3, 0xaa, 0x0, 0x0,
    0x77, 0x4f, 0x50, 0x0, 0x0, 0x0, 0x3f, 0xf0,
    0x0, 0x8, 0xf2, 0xae, 0x0, 0x0, 0x0, 0x2,
    0xfe, 0x0, 0x0, 0xe, 0xb2, 0x50, 0x1, 0x0,
    0x0, 0x3f, 0xd0, 0x0, 0x0, 0x41, 0x0, 0x0,
    0xef, 0xff, 0xff, 0xff, 0xff, 0xff, 0xff, 0xa0,
    0x0, 0xd, 0xee, 0xee, 0xff, 0xfe, 0xee, 0xee,
    0xfd, 0x0, 0x0, 0x0, 0x0, 0x8, 0xf8, 0x0,
    0x0, 0x3f, 0xc0, 0x0, 0x0, 0x0, 0x0, 0xbf,
    0x50, 0x0, 0x3, 0xfc, 0x0, 0x0, 0x0, 0x0,
    0xe, 0xf2, 0x0, 0x0, 0x4f, 0xb0, 0x0, 0x0,
    0x0, 0x4, 0xfe, 0x0, 0x0, 0x5, 0xfa, 0x0,
    0x0, 0x0, 0x0, 0xaf, 0x90, 0x0, 0x0, 0x7f,
    0x80, 0x0, 0x0, 0x0, 0x2f, 0xf2, 0x0, 0x0,
    0x8, 0xf6, 0x0, 0x0, 0x0, 0xd, 0xfa, 0x0,
    0x0, 0x0, 0xbf, 0x40, 0x0, 0x0, 0xa, 0xff,
    0x10, 0x0, 0x0, 0xe, 0xf2, 0x0, 0x0, 0xa,
    0xff, 0x50, 0x1, 0x43, 0x27, 0xff, 0x0, 0x0,
    0x1d, 0xff, 0x60, 0x0, 0x2f, 0xff, 0xff, 0x90,
    0x0, 0x0, 0x5e, 0x50, 0x0, 0x0, 0xbc, 0xdd,
    0xa0, 0x0, 0x0, 0x0, 0x0, 0x0, 0x0, 0x0,
    0x0, 0x0, 0x0, 0x0, 0x0,

    /* U+30AD "キ" */
    0x0, 0x0, 0x8, 0xd7, 0x0, 0x0, 0x0, 0x0,
    0x0, 0x0, 0x0, 0x7f, 0xa0, 0x0, 0x0, 0x0,
    0x0, 0x0, 0x0, 0x4, 0xfd, 0x0, 0x2, 0x48,
    0x0, 0x0, 0x0, 0x0, 0x3f, 0xf9, 0xcf, 0xff,
    0xf3, 0x0, 0x79, 0xbd, 0xff, 0xff, 0xff, 0xfd,
    0xb9, 0x20, 0xc, 0xff, 0xff, 0xde, 0xfa, 0x20,
    0x0, 0x0, 0x0, 0x68, 0x52, 0x0, 0x7f, 0x90,
    0x0, 0x0, 0x0, 0x0, 0x0, 0x0, 0x4, 0xfc,
    0x0, 0x0, 0x0, 0x10, 0x0, 0x0, 0x0, 0x1f,
    0xf1, 0x36, 0x9b, 0xec, 0x0, 0x0, 0x13, 0x68,
    0xff, 0xff, 0xff, 0xff, 0xe0, 0xac, 0xef, 0xff,
    0xff, 0xfe, 0xc9, 0x64, 0x10, 0xc, 0xff, 0xeb,
    0x96, 0x9f, 0x90, 0x0, 0x0, 0x0, 0x44, 0x10,
    0x0, 0x4, 0xfc, 0x0, 0x0, 0x0, 0x0, 0x0,
    0x0, 0x0, 0x1f, 0xf0, 0x0, 0x0, 0x0, 0x0,
    0x0, 0x0, 0x0, 0xef, 0x30, 0x0, 0x0, 0x0,
    0x0, 0x0, 0x0, 0xc, 0xf6, 0x0, 0x0, 0x0,
    0x0, 0x0, 0x0, 0x0, 0x9d, 0x70, 0x0, 0x0,
    0x0, 0x0, 0x0, 0x0, 0x0, 0x0, 0x0, 0x0,
    0x0,

    /* U+30AE "ギ" */
    0x0, 0x0, 0x0, 0x0, 0x0, 0x0, 0x0, 0x0,
    0x0, 0x0, 0x0, 0x0, 0x0, 0x0, 0x0, 0x0,
    0x11, 0x9d, 0x0, 0x0, 0x0, 0x0, 0x68, 0x10,
    0x0, 0xe, 0xa2, 0xf7, 0x0, 0x0, 0x0, 0xe,
    0xf4, 0x0, 0x0, 0x5f, 0x39, 0xb0, 0x0, 0x0,
    0x0, 0xaf, 0x70, 0x0, 0x0, 0xd5, 0x0, 0x0,
    0x0, 0x0, 0x7, 0xfb, 0x57, 0xad, 0xfc, 0x0,
    0x0, 0x2, 0x46, 0x8b, 0xef, 0xff, 0xff, 0xff,
    0xd0, 0x0, 0x2, 0xff, 0xff, 0xff, 0xff, 0xa7,
    0x52, 0x0, 0x0, 0x0, 0xf, 0xca, 0x74, 0x2e,
    0xf3, 0x0, 0x0, 0x0, 0x0, 0x0, 0x0, 0x0,
    0x0, 0xaf, 0x60, 0x0, 0x0, 0x0, 0x0, 0x0,
    0x0, 0x0, 0x7, 0xf9, 0x0, 0x14, 0x7a, 0x50,
    0x0, 0x0, 0x0, 0x1, 0x7f, 0xeb, 0xef, 0xff,
    0xf9, 0x0, 0x15, 0x7a, 0xcf, 0xff, 0xff, 0xff,
    0xeb, 0x96, 0x30, 0x2, 0xff, 0xff, 0xfd, 0xbf,
    0xf6, 0x0, 0x0, 0x0, 0x0, 0xb, 0x96, 0x30,
    0x0, 0xbf, 0x60, 0x0, 0x0, 0x0, 0x0, 0x0,
    0x0, 0x0, 0x8, 0xf9, 0x0, 0x0, 0x0, 0x0,
    0x0, 0x0, 0x0, 0x0, 0x5f, 0xc0, 0x0, 0x0,
    0x0, 0x0, 0x0, 0x0, 0x0, 0x2, 0xff, 0x0,
    0x0, 0x0, 0x0, 0x0, 0x0, 0x0, 0x0, 0xf,
    0xf4, 0x0, 0x0, 0x0, 0x0, 0x0, 0x0, 0x0,
    0x0, 0x42, 0x0, 0x0, 0x0, 0x0,

    /* U+30AF "ク" */
    0x0, 0x0, 0x0, 0x0, 0x0, 0x0, 0x0, 0x0,
    0x0, 0x0, 0x0, 0x0, 0x7d, 0x80, 0x0, 0x0,
    0x0, 0x0, 0x0, 0x0, 0xd, 0xf8, 0x0, 0x0,
    0x0, 0x0, 0x0, 0x0, 0x7, 0xff, 0x11, 0x11,
    0x12, 0x10, 0x0, 0x0, 0x2, 0xff, 0xff, 0xff,
    0xff, 0xfe, 0x40, 0x0, 0x0, 0xdf, 0xdb, 0xbb,
    0xbb, 0xcf, 0xf4, 0x0, 0x0, 0xbf, 0xd1, 0x0,
    0x0, 0x6, 0xfe, 0x0, 0x1, 0xbf, 0xe2, 0x0,
    0x0, 0x0, 0xcf, 0x90, 0x3, 0xdf, 0xe3, 0x0,
    0x0, 0x0, 0x3f, 0xf3, 0x0, 0xdf, 0xd2, 0x0,
    0x0, 0x0, 0xc, 0xfb, 0x0, 0x0, 0x70, 0x0,
    0x0, 0x0, 0x6, 0xff, 0x20, 0x0, 0x0, 0x0,
    0x0, 0x0, 0x2, 0xff, 0x80, 0x0, 0x0, 0x0,
    0x0, 0x0, 0x2, 0xef, 0xc0, 0x0, 0x0, 0x0,
    0x0, 0x0, 0x3, 0xef, 0xd1, 0x0, 0x0, 0x0,
    0x0, 0x0, 0x8, 0xff, 0xd1, 0x0, 0x0, 0x0,
    0x0, 0x0, 0x6e, 0xff, 0xa1, 0x0, 0x0, 0x0,
    0x0, 0x9, 0xef, 0xfe, 0x50, 0x0, 0x0, 0x0,
    0x0, 0x0, 0x5f, 0xe7, 0x0, 0x0, 0x0, 0x0,
    0x0, 0x0, 0x0, 0x20, 0x0, 0x0, 0x0, 0x0,
    0x0, 0x0,

    /* U+30B0 "グ" */
    0x0, 0x0, 0x0, 0x0, 0x0, 0x0, 0x0, 0x0,
    0x0, 0x0, 0x0, 0x0, 0x0, 0x0, 0x0, 0x0,
    0x0, 0x4d, 0x10, 0x0, 0x0, 0x0, 0x1a, 0x50,
    0x0, 0x8, 0xd1, 0xea, 0x0, 0x0, 0x0, 0x7,
    0xfe, 0x10, 0x0, 0x2f, 0x75, 0xf2, 0x0, 0x0,
    0x1, 0xff, 0x60, 0x0, 0x0, 0x9b, 0x1, 0x0,
    0x0, 0x0, 0xaf, 0xfc, 0xcc, 0xcc, 0xdd, 0x40,
    0x0, 0x0, 0x0, 0x6f, 0xff, 0xff, 0xff, 0xff,
    0xfb, 0x0, 0x0, 0x0, 0x3f, 0xf7, 0x0, 0x0,
    0x0, 0xff, 0x50, 0x0, 0x0, 0x4f, 0xf9, 0x0,
    0x0, 0x0, 0x6f, 0xf0, 0x0, 0x0, 0x6f, 0xfa,
    0x0, 0x0, 0x0, 0xd, 0xf9, 0x0, 0x0, 0x9f,
    0xf9, 0x0, 0x0, 0x0, 0x5, 0xff, 0x20, 0x0,
    0x1, 0xa5, 0x0, 0x0, 0x0, 0x0, 0xef, 0x90,
    0x0, 0x0, 0x0, 0x0, 0x0, 0x0, 0x0, 0xaf,
    0xe1, 0x0, 0x0, 0x0, 0x0, 0x0, 0x0, 0x0,
    0x8f, 0xf4, 0x0, 0x0, 0x0, 0x0, 0x0, 0x0,
    0x0, 0x9f, 0xf7, 0x0, 0x0, 0x0, 0x0, 0x0,
    0x0, 0x1, 0xbf, 0xf7, 0x0, 0x0, 0x0, 0x0,
    0x0, 0x0, 0x18, 0xff, 0xf6, 0x0, 0x0, 0x0,
    0x0, 0x0, 0x4, 0x9f, 0xff, 0xc3, 0x0, 0x0,
    0x0, 0x0, 0x0, 0x0, 0x5f, 0xfd, 0x60, 0x0,
    0x0, 0x0, 0x0, 0x0, 0x0, 0x0, 0x34, 0x0,
    0x0, 0x0, 0x0, 0x0, 0x0, 0x0,

    /* U+30B1 "ケ" */
    0x0, 0x0, 0xb, 0x93, 0x0, 0x0, 0x0, 0x0,
    0x0, 0x0, 0x0, 0x1f, 0xf3, 0x0, 0x0, 0x0,
    0x0, 0x0, 0x0, 0x0, 0x6f, 0xd0, 0x0, 0x0,
    0x0, 0x0, 0x0, 0x0, 0x0, 0xcf, 0x92, 0x22,
    0x22, 0x22, 0x22, 0x21, 0x0, 0x4, 0xff, 0xff,
    0xff, 0xff, 0xff, 0xff, 0xf5, 0x0, 0xd, 0xfe,
    0xdd, 0xdd, 0xff, 0xed, 0xdd, 0xe5, 0x0, 0x9f,
    0xe1, 0x0, 0x0, 0xef, 0x30, 0x0, 0x0, 0x6,
    0xff, 0x50, 0x0, 0x1, 0xff, 0x10, 0x0, 0x0,
    0x6f, 0xf9, 0x0, 0x0, 0x4, 0xff, 0x0, 0x0,
    0x0, 0x2b, 0xb0, 0x0, 0x0, 0x8, 0xfb, 0x0,
    0x0, 0x0, 0x0, 0x0, 0x0, 0x0, 0xe, 0xf6,
    0x0, 0x0, 0x0, 0x0, 0x0, 0x0, 0x0, 0x6f,
    0xf1, 0x0, 0x0, 0x0, 0x0, 0x0, 0x0, 0x2,
    0xff, 0x80, 0x0, 0x0, 0x0, 0x0, 0x0, 0x0,
    0x1d, 0xfe, 0x10, 0x0, 0x0, 0x0, 0x0, 0x0,
    0x2, 0xdf, 0xf3, 0x0, 0x0, 0x0, 0x0, 0x0,
    0x0, 0x6f, 0xff, 0x40, 0x0, 0x0, 0x0, 0x0,
    0x0, 0x0, 0x9, 0xd3, 0x0, 0x0, 0x0, 0x0,
    0x0, 0x0, 0x0, 0x0, 0x0, 0x0, 0x0, 0x0,
    0x0, 0x0,

    /* U+30B2 "ゲ" */
    0x0, 0x0, 0x0, 0x0, 0x0, 0x0, 0x0, 0x0,
    0x5c, 0x0, 0x0, 0x0, 0x1, 0xa7, 0x10, 0x0,
    0x0, 0xab, 0x2f, 0x80, 0x0, 0x0, 0x5, 0xff,
    0x0, 0x0, 0x0, 0x4f, 0x48, 0xf0, 0x0, 0x0,
    0x9, 0xfa, 0x0, 0x0, 0x0, 0xb, 0xa0, 0x10,
    0x0, 0x0, 0xf, 0xf4, 0x0, 0x0, 0x0, 0x0,
    0x0, 0x0, 0x0, 0x0, 0x7f, 0xff, 0xff, 0xff,
    0xff, 0xff, 0xff, 0x20, 0x0, 0x1, 0xff, 0xff,
    0xff, 0xff, 0xff, 0xff, 0xff, 0x20, 0x0, 0xb,
    0xfd, 0x0, 0x0, 0x2f, 0xf0, 0x0, 0x0, 0x0,
    0x0, 0x8f, 0xf3, 0x0, 0x0, 0x4f, 0xe0, 0x0,
    0x0, 0x0, 0x7, 0xff, 0x70, 0x0, 0x0, 0x7f,
    0xb0, 0x0, 0x0, 0x0, 0x6, 0xe9, 0x0, 0x0,
    0x0, 0xcf, 0x80, 0x0, 0x0, 0x0, 0x0, 0x10,
    0x0, 0x0, 0x2, 0xff, 0x30, 0x0, 0x0, 0x0,
    0x0, 0x0, 0x0, 0x0, 0x9, 0xfd, 0x0, 0x0,
    0x0, 0x0, 0x0, 0x0, 0x0, 0x0, 0x3f, 0xf5,
    0x0, 0x0, 0x0, 0x0, 0x0, 0x0, 0x0, 0x2,
    0xef, 0xc0, 0x0, 0x0, 0x0, 0x0, 0x0, 0x0,
    0x0, 0x3e, 0xfe, 0x20, 0x0, 0x0, 0x0, 0x0,
    0x0, 0x0, 0x8, 0xff, 0xe3, 0x0, 0x0, 0x0,
    0x0, 0x0, 0x0, 0x0, 0x3, 0xdd, 0x20, 0x0,
    0x0, 0x0, 0x0, 0x0, 0x0, 0x0, 0x0, 0x0,
    0x0, 0x0, 0x0, 0x0, 0x0, 0x0,

    /* U+30B3 "コ" */
    0x0, 0x0, 0x0, 0x0, 0x0, 0x0, 0x0, 0xb,
    0xfe, 0xee, 0xee, 0xee, 0xee, 0xee, 0xe2, 0xbf,
    0xff, 0xff, 0xff, 0xff, 0xff, 0xff, 0x21, 0x21,
    0x11, 0x11, 0x11, 0x11, 0x2f, 0xf2, 0x0, 0x0,
    0x0, 0x0, 0x0, 0x0, 0xff, 0x20, 0x0, 0x0,
    0x0, 0x0, 0x0, 0xf, 0xf2, 0x0, 0x0, 0x0,
    0x0, 0x0, 0x0, 0xff, 0x20, 0x0, 0x0, 0x0,
    0x0, 0x0, 0xf, 0xf2, 0x0, 0x0, 0x0, 0x0,
    0x0, 0x0, 0xff, 0x20, 0x0, 0x0, 0x0, 0x0,
    0x0, 0xf, 0xf2, 0x0, 0x0, 0x0, 0x0, 0x0,
    0x0, 0xff, 0x20, 0x0, 0x0, 0x0, 0x0, 0x0,
    0xf, 0xf2, 0xee, 0xee, 0xee, 0xee, 0xee, 0xee,
    0xff, 0x2f, 0xff, 0xff, 0xff, 0xff, 0xff, 0xff,
    0xf2, 0x33, 0x22, 0x22, 0x22, 0x22, 0x23, 0xff,
    0x20, 0x0, 0x0, 0x0, 0x0, 0x0, 0x4, 0x40,

    /* U+30B4 "ゴ" */
    0x0, 0x0, 0x0, 0x0, 0x0, 0x0, 0x0, 0x0,
    0x0, 0x0, 0x0, 0x0, 0x0, 0x0, 0x0, 0x51,
    0x6e, 0x10, 0x0, 0x0, 0x0, 0x0, 0x0, 0x1,
    0xfa, 0x1f, 0xa0, 0x0, 0x0, 0x0, 0x0, 0x0,
    0x0, 0x6f, 0x37, 0xd0, 0x2, 0x21, 0x11, 0x11,
    0x11, 0x11, 0x2a, 0x40, 0x0, 0xe, 0xff, 0xff,
    0xff, 0xff, 0xff, 0xff, 0xe0, 0x0, 0xe, 0xee,
    0xee, 0xee, 0xee, 0xee, 0xff, 0xe0, 0x0, 0x0,
    0x0, 0x0, 0x0, 0x0, 0x0, 0x4f, 0xe0, 0x0,
    0x0, 0x0, 0x0, 0x0, 0x0, 0x0, 0x4f, 0xe0,
    0x0, 0x0, 0x0, 0x0, 0x0, 0x0, 0x0, 0x4f,
    0xe0, 0x0, 0x0, 0x0, 0x0, 0x0, 0x0, 0x0,
    0x4f, 0xe0, 0x0, 0x0, 0x0, 0x0, 0x0, 0x0,
    0x0, 0x4f, 0xe0, 0x0, 0x0, 0x0, 0x0, 0x0,
    0x0, 0x0, 0x4f, 0xe0, 0x0, 0x0, 0x0, 0x0,
    0x0, 0x0, 0x0, 0x4f, 0xe0, 0x0, 0x0, 0x0,
    0x0, 0x0, 0x0, 0x0, 0x4f, 0xe0, 0x0, 0x3,
    0x22, 0x22, 0x22, 0x22, 0x22, 0x5f, 0xe0, 0x0,
    0x2f, 0xff, 0xff, 0xff, 0xff, 0xff, 0xff, 0xe0,
    0x0, 0x2f, 0xee, 0xee, 0xee, 0xee, 0xee, 0xef,
    0xe0, 0x0, 0x0, 0x0, 0x0, 0x0, 0x0, 0x0,
    0x4f, 0xf0, 0x0,

    /* U+30B5 "サ" */
    0x0, 0x0, 0xcc, 0x20, 0x0, 0xd, 0xf4, 0x0,
    0x0, 0x0, 0x0, 0xef, 0x10, 0x0, 0xd, 0xf3,
    0x0, 0x0, 0x0, 0x0, 0xef, 0x10, 0x0, 0xd,
    0xf3, 0x0, 0x0, 0x0, 0x0, 0xef, 0x10, 0x0,
    0xd, 0xf3, 0x0, 0x0, 0xee, 0xee, 0xff, 0xee,
    0xee, 0xef, 0xfe, 0xee, 0xe1, 0xff, 0xff, 0xff,
    0xff, 0xff, 0xff, 0xff, 0xff, 0xf1, 0x11, 0x11,
    0xef, 0x21, 0x11, 0x1d, 0xf4, 0x11, 0x10, 0x0,
    0x0, 0xef, 0x10, 0x0, 0xd, 0xf3, 0x0, 0x0,
    0x0, 0x0, 0xef, 0x10, 0x0, 0xe, 0xf2, 0x0,
    0x0, 0x0, 0x0, 0xef, 0x20, 0x0, 0xf, 0xf1,
    0x0, 0x0, 0x0, 0x0, 0xff, 0x20, 0x0, 0x3f,
    0xe0, 0x0, 0x0, 0x0, 0x0, 0x0, 0x0, 0x0,
    0x8f, 0xa0, 0x0, 0x0, 0x0, 0x0, 0x0, 0x0,
    0x2, 0xff, 0x40, 0x0, 0x0, 0x0, 0x0, 0x0,
    0x0, 0x2d, 0xfc, 0x0, 0x0, 0x0, 0x0, 0x0,
    0x0, 0x7, 0xff, 0xd1, 0x0, 0x0, 0x0, 0x0,
    0x0, 0x0, 0xbf, 0xfb, 0x10, 0x0, 0x0, 0x0,
    0x0, 0x0, 0x0, 0xa, 0x50, 0x0, 0x0, 0x0,
    0x0,

    /* U+30B6 "ザ" */
    0x0, 0x0, 0x0, 0x0, 0x0, 0x0, 0x22, 0x0,
    0xa, 0x20, 0x0, 0x0, 0x1f, 0xf0, 0x0, 0x0,
    0xef, 0x3e, 0x4b, 0x90, 0x0, 0x0, 0x1f, 0xf0,
    0x0, 0x0, 0xef, 0x29, 0xb5, 0xf0, 0x0, 0x0,
    0x1f, 0xf0, 0x0, 0x0, 0xef, 0x23, 0xc0, 0x20,
    0x2, 0x11, 0x2f, 0xf1, 0x11, 0x11, 0xef, 0x41,
    0x12, 0x0, 0x1f, 0xff, 0xff, 0xff, 0xff, 0xff,
    0xff, 0xff, 0xff, 0x0, 0x1e, 0xdd, 0xdf, 0xfd,
    0xdd, 0xdd, 0xff, 0xed, 0xdd, 0x0, 0x0, 0x0,
    0x1f, 0xf0, 0x0, 0x0, 0xef, 0x20, 0x0, 0x0,
    0x0, 0x0, 0x1f, 0xf0, 0x0, 0x0, 0xef, 0x20,
    0x0, 0x0, 0x0, 0x0, 0x1f, 0xf0, 0x0, 0x0,
    0xff, 0x10, 0x0, 0x0, 0x0, 0x0, 0x1f, 0xf0,
    0x0, 0x1, 0xff, 0x0, 0x0, 0x0, 0x0, 0x0,
    0x1c, 0xc0, 0x0, 0x5, 0xfc, 0x0, 0x0, 0x0,
    0x0, 0x0, 0x0, 0x0, 0x0, 0xb, 0xf8, 0x0,
    0x0, 0x0, 0x0, 0x0, 0x0, 0x0, 0x0, 0x5f,
    0xf2, 0x0, 0x0, 0x0, 0x0, 0x0, 0x0, 0x0,
    0x6, 0xff, 0x80, 0x0, 0x0, 0x0, 0x0, 0x0,
    0x0, 0x4, 0xcf, 0xfa, 0x0, 0x0, 0x0, 0x0,
    0x0, 0x0, 0x0, 0xb, 0xff, 0x70, 0x0, 0x0,
    0x0, 0x0, 0x0, 0x0, 0x0, 0x0, 0x71, 0x0,
    0x0, 0x0, 0x0, 0x0,

    /* U+30B7 "シ" */
    0x0, 0x0, 0x15, 0x0, 0x0, 0x0, 0x0, 0x0,
    0x0, 0x0, 0x0, 0xaf, 0xb1, 0x0, 0x0, 0x0,
    0x0, 0x0, 0x0, 0x0, 0x7f, 0xff, 0x60, 0x0,
    0x0, 0x0, 0x0, 0x0, 0x0, 0x2, 0xbf, 0xf4,
    0x0, 0x0, 0x0, 0x0, 0x0, 0x0, 0x0, 0x6,
    0xa0, 0x0, 0x0, 0x0, 0x0, 0x5, 0xc3, 0x0,
    0x0, 0x0, 0x0, 0x0, 0x2, 0x70, 0xd, 0xff,
    0x91, 0x0, 0x0, 0x0, 0x0, 0xc, 0xf1, 0x1,
    0x9f, 0xfe, 0x30, 0x0, 0x0, 0x0, 0x8f, 0xf2,
    0x0, 0x3, 0xde, 0x10, 0x0, 0x0, 0x7, 0xff,
    0x60, 0x0, 0x0, 0x3, 0x0, 0x0, 0x0, 0x7f,
    0xf8, 0x0, 0x0, 0x0, 0x0, 0x0, 0x0, 0xa,
    0xff, 0x90, 0x0, 0x0, 0x0, 0x0, 0x0, 0x3,
    0xdf, 0xf7, 0x0, 0x0, 0x0, 0x0, 0x0, 0x1,
    0x9f, 0xff, 0x50, 0x0, 0x0, 0x0, 0x0, 0x4,
    0xaf, 0xff, 0xb1, 0x0, 0x0, 0x0, 0x0, 0x7b,
    0xff, 0xff, 0xd4, 0x0, 0x0, 0x0, 0x0, 0x0,
    0xcf, 0xff, 0xb4, 0x0, 0x0, 0x0, 0x0, 0x0,
    0x0, 0x39, 0x51, 0x0, 0x0, 0x0, 0x0, 0x0,
    0x0,

    /* U+30B8 "ジ" */
    0x0, 0x0, 0x0, 0x0, 0x0, 0x0, 0x0, 0x0,
    0x0, 0x0, 0x0, 0x2, 0x10, 0x0, 0x0, 0x0,
    0x1, 0xd8, 0x0, 0x0, 0x0, 0xcf, 0x60, 0x0,
    0x0, 0x9d, 0x9, 0xf3, 0x0, 0x0, 0x1c, 0xff,
    0xc2, 0x0, 0x3, 0xf7, 0xe, 0xc0, 0x0, 0x0,
    0x6, 0xef, 0xf1, 0x0, 0xa, 0xf1, 0x43, 0x0,
    0x0, 0x0, 0x1, 0xb8, 0x0, 0x0, 0x25, 0x0,
    0x0, 0x7, 0x80, 0x0, 0x0, 0x0, 0x0, 0x0,
    0x4, 0x20, 0x2, 0xff, 0xe5, 0x0, 0x0, 0x0,
    0x0, 0x1, 0xeb, 0x0, 0x4, 0xdf, 0xfa, 0x0,
    0x0, 0x0, 0x0, 0xbf, 0xe0, 0x0, 0x0, 0x8f,
    0xc0, 0x0, 0x0, 0x0, 0x9f, 0xf3, 0x0, 0x0,
    0x0, 0x32, 0x0, 0x0, 0x0, 0x9f, 0xf6, 0x0,
    0x0, 0x0, 0x0, 0x0, 0x0, 0x1, 0xbf, 0xf7,
    0x0, 0x0, 0x0, 0x0, 0x0, 0x0, 0x4, 0xef,
    0xf6, 0x0, 0x0, 0x0, 0x0, 0x0, 0x0, 0x1a,
    0xff, 0xe3, 0x0, 0x0, 0x0, 0x0, 0x0, 0x4,
    0xaf, 0xff, 0xa1, 0x0, 0x0, 0x0, 0x0, 0x16,
    0xae, 0xff, 0xfd, 0x40, 0x0, 0x0, 0x0, 0x0,
    0x1, 0xff, 0xff, 0xb4, 0x0, 0x0, 0x0, 0x0,
    0x0, 0x0, 0x7, 0xa6, 0x10, 0x0, 0x0, 0x0,
    0x0, 0x0, 0x0,

    /* U+30B9 "ス" */
    0x0, 0x12, 0x11, 0x11, 0x11, 0x11, 0x13, 0x0,
    0x0, 0x0, 0x5f, 0xff, 0xff, 0xff, 0xff, 0xff,
    0xd1, 0x0, 0x0, 0x5f, 0xfe, 0xee, 0xee, 0xee,
    0xff, 0xd0, 0x0, 0x0, 0x0, 0x0, 0x0, 0x0,
    0x0, 0xff, 0x50, 0x0, 0x0, 0x0, 0x0, 0x0,
    0x0, 0x7, 0xfd, 0x0, 0x0, 0x0, 0x0, 0x0,
    0x0, 0x0, 0x1f, 0xf5, 0x0, 0x0, 0x0, 0x0,
    0x0, 0x0, 0x0, 0xaf, 0xb0, 0x0, 0x0, 0x0,
    0x0, 0x0, 0x0, 0x6, 0xff, 0x20, 0x0, 0x0,
    0x0, 0x0, 0x0, 0x0, 0x4f, 0xfb, 0x0, 0x0,
    0x0, 0x0, 0x0, 0x0, 0x4, 0xff, 0xff, 0x90,
    0x0, 0x0, 0x0, 0x0, 0x0, 0x6f, 0xf9, 0x6f,
    0xfa, 0x0, 0x0, 0x0, 0x0, 0x9, 0xff, 0x90,
    0x6, 0xff, 0xa0, 0x0, 0x0, 0x4, 0xdf, 0xf7,
    0x0, 0x0, 0x6f, 0xf9, 0x0, 0x3, 0xbf, 0xfe,
    0x40, 0x0, 0x0, 0x8, 0xff, 0x70, 0xc, 0xff,
    0xa1, 0x0, 0x0, 0x0, 0x0, 0xaf, 0xc0, 0x0,
    0x93, 0x0, 0x0, 0x0, 0x0, 0x0, 0x9, 0x0,

    /* U+30BA "ズ" */
    0x0, 0x0, 0x0, 0x0, 0x0, 0x0, 0x0, 0x0,
    0x10, 0x0, 0x0, 0x0, 0x0, 0x0, 0x0, 0x0,
    0x33, 0x6f, 0x20, 0x0, 0x0, 0x0, 0x0, 0x0,
    0x0, 0xb, 0xd0, 0xdb, 0x0, 0x0, 0x0, 0x0,
    0x0, 0x0, 0x0, 0x3f, 0x75, 0xc1, 0x0, 0xbf,
    0xee, 0xee, 0xee, 0xee, 0xff, 0xd4, 0x0, 0x0,
    0xb, 0xff, 0xff, 0xff, 0xff, 0xff, 0xf8, 0x0,
    0x0, 0x0, 0x22, 0x11, 0x11, 0x11, 0x16, 0xff,
    0x10, 0x0, 0x0, 0x0, 0x0, 0x0, 0x0, 0x0,
    0xcf, 0x90, 0x0, 0x0, 0x0, 0x0, 0x0, 0x0,
    0x0, 0x5f, 0xf1, 0x0, 0x0, 0x0, 0x0, 0x0,
    0x0, 0x0, 0x1e, 0xf7, 0x0, 0x0, 0x0, 0x0,
    0x0, 0x0, 0x0, 0xb, 0xfc, 0x0, 0x0, 0x0,
    0x0, 0x0, 0x0, 0x0, 0x8, 0xff, 0x40, 0x0,
    0x0, 0x0, 0x0, 0x0, 0x0, 0x7, 0xff, 0xfe,
    0x20, 0x0, 0x0, 0x0, 0x0, 0x0, 0x9, 0xff,
    0x7d, 0xfe, 0x20, 0x0, 0x0, 0x0, 0x0, 0x1c,
    0xff, 0x50, 0x1d, 0xfe, 0x20, 0x0, 0x0, 0x0,
    0x5e, 0xff, 0x40, 0x0, 0x1d, 0xfe, 0x20, 0x0,
    0x4, 0xcf, 0xfd, 0x20, 0x0, 0x0, 0x2e, 0xfd,
    0x10, 0x4, 0xff, 0xf8, 0x0, 0x0, 0x0, 0x0,
    0x3f, 0xf8, 0x0, 0x6, 0xa2, 0x0, 0x0, 0x0,
    0x0, 0x0, 0x68, 0x0, 0x0,

    /* U+30BB "セ" */
    0x0, 0x0, 0x16, 0x60, 0x0, 0x0, 0x0, 0x0,
    0x0, 0x0, 0x2, 0xff, 0x0, 0x0, 0x0, 0x0,
    0x0, 0x0, 0x0, 0x1f, 0xf0, 0x0, 0x0, 0x0,
    0x0, 0x0, 0x0, 0x1, 0xff, 0x0, 0x0, 0x0,
    0x1, 0x40, 0x0, 0x0, 0x1f, 0xf0, 0x0, 0x37,
    0xad, 0xff, 0x80, 0x0, 0x2, 0xff, 0xad, 0xff,
    0xff, 0xff, 0xf7, 0x58, 0xbe, 0xff, 0xff, 0xfe,
    0xb7, 0x47, 0xfd, 0xb, 0xff, 0xff, 0xff, 0x41,
    0x0, 0x1, 0xef, 0x40, 0x68, 0x51, 0x1f, 0xf0,
    0x0, 0x0, 0xbf, 0x90, 0x0, 0x0, 0x1, 0xff,
    0x0, 0x0, 0x8f, 0xd0, 0x0, 0x0, 0x0, 0x1f,
    0xf0, 0x0, 0x2f, 0xf2, 0x0, 0x0, 0x0, 0x1,
    0xff, 0x0, 0x0, 0x13, 0x0, 0x0, 0x0, 0x0,
    0x1f, 0xf0, 0x0, 0x0, 0x0, 0x0, 0x0, 0x0,
    0x1, 0xff, 0x0, 0x0, 0x0, 0x0, 0x0, 0x0,
    0x0, 0xf, 0xf9, 0x43, 0x33, 0x56, 0x8b, 0x0,
    0x0, 0x0, 0xaf, 0xff, 0xff, 0xff, 0xff, 0xf0,
    0x0, 0x0, 0x0, 0x5a, 0xbc, 0xcb, 0xba, 0x86,
    0x0,

    /* U+30BC "ゼ" */
    0x0, 0x0, 0x0, 0x0, 0x0, 0x0, 0x0, 0x2,
    0xc2, 0x0, 0x0, 0x1, 0x33, 0x0, 0x0, 0x0,
    0x6d, 0x1d, 0xb0, 0x0, 0x0, 0x3f, 0xf0, 0x0,
    0x0, 0x2, 0xf8, 0x4f, 0x30, 0x0, 0x2, 0xfe,
    0x0, 0x0, 0x0, 0x8, 0xd0, 0x20, 0x0, 0x0,
    0x2f, 0xe0, 0x0, 0x0, 0x0, 0x2, 0x0, 0x0,
    0x0, 0x2, 0xfe, 0x0, 0x1, 0x48, 0xbf, 0xf6,
    0x0, 0x0, 0x0, 0x2f, 0xf8, 0xbe, 0xff, 0xff,
    0xff, 0x80, 0x4, 0x69, 0xcf, 0xff, 0xff, 0xfd,
    0x96, 0x8f, 0xe0, 0x0, 0xdf, 0xff, 0xff, 0xf6,
    0x30, 0x0, 0x1e, 0xf5, 0x0, 0x9, 0xa7, 0x43,
    0xfe, 0x0, 0x0, 0xb, 0xfa, 0x0, 0x0, 0x0,
    0x0, 0x2f, 0xe0, 0x0, 0x8, 0xfd, 0x10, 0x0,
    0x0, 0x0, 0x2, 0xfe, 0x0, 0x4, 0xff, 0x30,
    0x0, 0x0, 0x0, 0x0, 0x2f, 0xe0, 0x0, 0x3,
    0x40, 0x0, 0x0, 0x0, 0x0, 0x2, 0xfe, 0x0,
    0x0, 0x0, 0x0, 0x0, 0x0, 0x0, 0x0, 0x2f,
    0xe0, 0x0, 0x0, 0x0, 0x0, 0x0, 0x0, 0x0,
    0x1, 0xff, 0x61, 0x1, 0x12, 0x46, 0x80, 0x0,
    0x0, 0x0, 0xd, 0xff, 0xff, 0xff, 0xff, 0xfd,
    0x0, 0x0, 0x0, 0x0, 0x18, 0xce, 0xee, 0xed,
    0xca, 0x70, 0x0,

    /* U+30BD "ソ" */
    0x4, 0x40, 0x0, 0x0, 0x0, 0x0, 0x3b, 0x81,
    0x7f, 0xe0, 0x0, 0x0, 0x0, 0x0, 0x6f, 0xf0,
    0x1f, 0xf9, 0x0, 0x0, 0x0, 0x0, 0x8f, 0xc0,
    0x6, 0xff, 0x20, 0x0, 0x0, 0x0, 0xcf, 0x80,
    0x0, 0xdf, 0xb0, 0x0, 0x0, 0x1, 0xff, 0x40,
    0x0, 0x5f, 0xf4, 0x0, 0x0, 0x6, 0xfe, 0x0,
    0x0, 0xc, 0xc3, 0x0, 0x0, 0xc, 0xf9, 0x0,
    0x0, 0x1, 0x0, 0x0, 0x0, 0x5f, 0xf2, 0x0,
    0x0, 0x0, 0x0, 0x0, 0x1, 0xef, 0xa0, 0x0,
    0x0, 0x0, 0x0, 0x0, 0xb, 0xff, 0x10, 0x0,
    0x0, 0x0, 0x0, 0x0, 0x9f, 0xf5, 0x0, 0x0,
    0x0, 0x0, 0x0, 0xa, 0xff, 0x80, 0x0, 0x0,
    0x0, 0x0, 0x2, 0xcf, 0xf9, 0x0, 0x0, 0x0,
    0x0, 0x1, 0x9f, 0xff, 0x70, 0x0, 0x0, 0x0,
    0x0, 0x6, 0xff, 0xd4, 0x0, 0x0, 0x0, 0x0,
    0x0, 0x0, 0x47, 0x0, 0x0, 0x0, 0x0, 0x0,

    /* U+30BE "ゾ" */
    0x0, 0x0, 0x0, 0x0, 0x0, 0x0, 0x0, 0x0,
    0x0, 0x0, 0x0, 0x0, 0x0, 0x0, 0x0, 0x0,
    0x61, 0x8e, 0x10, 0x0, 0x0, 0x0, 0x0, 0x0,
    0x0, 0x1f, 0x91, 0xf9, 0x0, 0x0, 0x0, 0x0,
    0x0, 0x0, 0x0, 0x7f, 0x38, 0xb0, 0x6, 0xe5,
    0x0, 0x0, 0x0, 0x0, 0x4, 0xa1, 0x0, 0x0,
    0xaf, 0xe0, 0x0, 0x0, 0x0, 0x0, 0xdf, 0x80,
    0x0, 0x1, 0xff, 0x90, 0x0, 0x0, 0x0, 0xf,
    0xf4, 0x0, 0x0, 0x7, 0xff, 0x20, 0x0, 0x0,
    0x4, 0xff, 0x0, 0x0, 0x0, 0xe, 0xfb, 0x0,
    0x0, 0x0, 0x9f, 0xb0, 0x0, 0x0, 0x0, 0x6f,
    0xf1, 0x0, 0x0, 0xe, 0xf6, 0x0, 0x0, 0x0,
    0x0, 0x81, 0x0, 0x0, 0x6, 0xff, 0x0, 0x0,
    0x0, 0x0, 0x0, 0x0, 0x0, 0x0, 0xef, 0x80,
    0x0, 0x0, 0x0, 0x0, 0x0, 0x0, 0x0, 0x9f,
    0xe1, 0x0, 0x0, 0x0, 0x0, 0x0, 0x0, 0x0,
    0x6f, 0xf6, 0x0, 0x0, 0x0, 0x0, 0x0, 0x0,
    0x0, 0x6f, 0xfa, 0x0, 0x0, 0x0, 0x0, 0x0,
    0x0, 0x0, 0x8f, 0xfb, 0x0, 0x0, 0x0, 0x0,
    0x0, 0x0, 0x4, 0xdf, 0xfb, 0x0, 0x0, 0x0,
    0x0, 0x0, 0x0, 0xb, 0xff, 0xf7, 0x0, 0x0,
    0x0, 0x0, 0x0, 0x0, 0x0, 0x3e, 0xb2, 0x0,
    0x0, 0x0, 0x0, 0x0, 0x0, 0x0, 0x0, 0x0,
    0x0, 0x0, 0x0, 0x0, 0x0, 0x0,

    /* U+30BF "タ" */
    0x0, 0x0, 0x0, 0x3, 0x61, 0x0, 0x0, 0x0,
    0x0, 0x0, 0x0, 0x0, 0xbf, 0xb0, 0x0, 0x0,
    0x0, 0x0, 0x0, 0x0, 0x3f, 0xf2, 0x0, 0x0,
    0x0, 0x0, 0x0, 0x0, 0xd, 0xff, 0xcc, 0xcc,
    0xcd, 0xb1, 0x0, 0x0, 0x9, 0xff, 0xff, 0xff,
    0xff, 0xff, 0x70, 0x0, 0x6, 0xff, 0x30, 0x0,
    0x0, 0x5f, 0xf1, 0x0, 0x5, 0xff, 0x60, 0x0,
    0x0, 0xa, 0xfb, 0x0, 0x6, 0xff, 0x70, 0x30,
    0x0, 0x1, 0xff, 0x40, 0x1a, 0xff, 0x70, 0x7f,
    0xc2, 0x0, 0xaf, 0xc0, 0x1, 0xbf, 0x50, 0x4,
    0xef, 0xf7, 0x4f, 0xf3, 0x0, 0x0, 0x10, 0x0,
    0x1, 0xaf, 0xff, 0xf9, 0x0, 0x0, 0x0, 0x0,
    0x0, 0x0, 0x6f, 0xff, 0x70, 0x0, 0x0, 0x0,
    0x0, 0x0, 0xb, 0xff, 0xff, 0xa0, 0x0, 0x0,
    0x0, 0x0, 0x2d, 0xff, 0x49, 0xfd, 0x10, 0x0,
    0x0, 0x0, 0x7f, 0xfe, 0x30, 0x7, 0x20, 0x0,
    0x0, 0x17, 0xef, 0xfb, 0x10, 0x0, 0x0, 0x0,
    0x0, 0x2f, 0xff, 0xe5, 0x0, 0x0, 0x0, 0x0,
    0x0, 0x0, 0x4c, 0x60, 0x0, 0x0, 0x0, 0x0,
    0x0,

    /* U+30C0 "ダ" */
    0x0, 0x0, 0x0, 0x0, 0x0, 0x0, 0x0, 0x0,
    0x0, 0x0, 0x0, 0x0, 0x0, 0x0, 0x0, 0x0,
    0x0, 0x4d, 0x10, 0x0, 0x0, 0x0, 0xc, 0x81,
    0x0, 0x9, 0xd1, 0xea, 0x0, 0x0, 0x0, 0x6,
    0xfe, 0x10, 0x0, 0x2f, 0x75, 0xf2, 0x0, 0x0,
    0x1, 0xef, 0x70, 0x0, 0x1, 0xbb, 0x1, 0x0,
    0x0, 0x0, 0x9f, 0xff, 0xff, 0xff, 0xff, 0x90,
    0x0, 0x0, 0x0, 0x5f, 0xfc, 0xcc, 0xcc, 0xcf,
    0xfc, 0x0, 0x0, 0x0, 0x3f, 0xf6, 0x0, 0x0,
    0x0, 0xef, 0x60, 0x0, 0x0, 0x3f, 0xf9, 0x0,
    0x0, 0x0, 0x5f, 0xf0, 0x0, 0x0, 0x5f, 0xfa,
    0x5, 0x50, 0x0, 0xc, 0xf9, 0x0, 0x0, 0x9f,
    0xf9, 0x3, 0xff, 0xb1, 0x5, 0xff, 0x10, 0x0,
    0x2, 0xc6, 0x0, 0x6, 0xff, 0xf6, 0xef, 0x80,
    0x0, 0x0, 0x0, 0x0, 0x0, 0x2, 0xcf, 0xff,
    0xd0, 0x0, 0x0, 0x0, 0x0, 0x0, 0x0, 0x0,
    0xdf, 0xfe, 0x40, 0x0, 0x0, 0x0, 0x0, 0x0,
    0x0, 0xaf, 0xfe, 0xff, 0x60, 0x0, 0x0, 0x0,
    0x0, 0x2, 0xcf, 0xf5, 0x1c, 0xf2, 0x0, 0x0,
    0x0, 0x0, 0x7, 0xff, 0xe4, 0x0, 0x3, 0x0,
    0x0, 0x0, 0x2, 0x8e, 0xff, 0xb1, 0x0, 0x0,
    0x0, 0x0, 0x0, 0x0, 0x8f, 0xfd, 0x50, 0x0,
    0x0, 0x0, 0x0, 0x0, 0x0, 0x0, 0x64, 0x0,
    0x0, 0x0, 0x0, 0x0, 0x0, 0x0,

    /* U+30C1 "チ" */
    0x0, 0x0, 0x0, 0x0, 0x0, 0x0, 0x16, 0x0,
    0x0, 0x0, 0x11, 0x12, 0x34, 0x68, 0xbe, 0xff,
    0xa0, 0x0, 0x0, 0xdf, 0xff, 0xff, 0xff, 0xff,
    0xc9, 0x50, 0x0, 0x0, 0x7b, 0xba, 0x98, 0xff,
    0x40, 0x0, 0x0, 0x0, 0x0, 0x0, 0x0, 0x0,
    0xef, 0x20, 0x0, 0x0, 0x0, 0x0, 0x0, 0x0,
    0x0, 0xef, 0x20, 0x0, 0x0, 0x0, 0x0, 0x0,
    0x0, 0x0, 0xef, 0x20, 0x0, 0x0, 0x0, 0x8f,
    0xff, 0xff, 0xff, 0xff, 0xff, 0xff, 0xff, 0xf2,
    0x7e, 0xee, 0xee, 0xee, 0xff, 0xee, 0xee, 0xee,
    0xe2, 0x0, 0x0, 0x0, 0x1, 0xff, 0x0, 0x0,
    0x0, 0x0, 0x0, 0x0, 0x0, 0x4, 0xfd, 0x0,
    0x0, 0x0, 0x0, 0x0, 0x0, 0x0, 0xa, 0xf9,
    0x0, 0x0, 0x0, 0x0, 0x0, 0x0, 0x0, 0x2f,
    0xf4, 0x0, 0x0, 0x0, 0x0, 0x0, 0x0, 0x0,
    0xdf, 0xc0, 0x0, 0x0, 0x0, 0x0, 0x0, 0x0,
    0x1c, 0xff, 0x20, 0x0, 0x0, 0x0, 0x0, 0x0,
    0x7, 0xff, 0xf4, 0x0, 0x0, 0x0, 0x0, 0x0,
    0x0, 0x2, 0xdd, 0x20, 0x0, 0x0, 0x0, 0x0,
    0x0, 0x0, 0x0, 0x0, 0x0, 0x0, 0x0, 0x0,
    0x0, 0x0,

    /* U+30C2 "ヂ" */
    0x0, 0x0, 0x0, 0x0, 0x0, 0x0, 0x2, 0x0,
    0x0, 0x0, 0x0, 0x0, 0x0, 0x2, 0x57, 0xbf,
    0xf4, 0x0, 0x0, 0x1, 0xdd, 0xde, 0xff, 0xff,
    0xff, 0xfc, 0x60, 0x50, 0x0, 0xd, 0xff, 0xed,
    0xcf, 0xf5, 0x20, 0x37, 0x3f, 0x40, 0x0, 0x0,
    0x0, 0x2, 0xfe, 0x0, 0x4, 0xf3, 0x9e, 0x0,
    0x0, 0x0, 0x0, 0x2f, 0xe0, 0x0, 0xb, 0xb1,
    0x40, 0x0, 0x0, 0x0, 0x2, 0xfe, 0x0, 0x0,
    0x21, 0x0, 0xc, 0xff, 0xff, 0xff, 0xff, 0xff,
    0xff, 0xff, 0xfe, 0x0, 0xce, 0xee, 0xee, 0xef,
    0xff, 0xee, 0xee, 0xee, 0xe0, 0x0, 0x0, 0x0,
    0x0, 0x4f, 0xc0, 0x0, 0x0, 0x0, 0x0, 0x0,
    0x0, 0x0, 0x7, 0xfa, 0x0, 0x0, 0x0, 0x0,
    0x0, 0x0, 0x0, 0x0, 0xcf, 0x60, 0x0, 0x0,
    0x0, 0x0, 0x0, 0x0, 0x0, 0x4f, 0xf1, 0x0,
    0x0, 0x0, 0x0, 0x0, 0x0, 0x0, 0x1e, 0xf9,
    0x0, 0x0, 0x0, 0x0, 0x0, 0x0, 0x0, 0x2d,
    0xfd, 0x0, 0x0, 0x0, 0x0, 0x0, 0x0, 0x0,
    0x8f, 0xfe, 0x20, 0x0, 0x0, 0x0, 0x0, 0x0,
    0x0, 0x5, 0xfb, 0x10, 0x0, 0x0, 0x0, 0x0,
    0x0, 0x0, 0x0, 0x1, 0x0, 0x0, 0x0, 0x0,
    0x0, 0x0, 0x0,

    /* U+30C3 "ッ" */
    0x0, 0x0, 0x3, 0x80, 0x0, 0x0, 0x0, 0x0,
    0x63, 0x0, 0xcf, 0x50, 0x0, 0x2e, 0x90, 0x7f,
    0xb0, 0x6, 0xfb, 0x0, 0x5, 0xfd, 0x0, 0xff,
    0x20, 0xf, 0xf1, 0x0, 0x9f, 0x90, 0x9, 0xf8,
    0x0, 0xaf, 0x40, 0xe, 0xf4, 0x0, 0x4f, 0xe0,
    0x2, 0x0, 0x5, 0xfd, 0x0, 0x0, 0x61, 0x0,
    0x0, 0x0, 0xdf, 0x60, 0x0, 0x0, 0x0, 0x0,
    0x0, 0x8f, 0xd0, 0x0, 0x0, 0x0, 0x0, 0x0,
    0x6f, 0xf3, 0x0, 0x0, 0x0, 0x0, 0x0, 0x8f,
    0xf6, 0x0, 0x0, 0x0, 0x0, 0x3, 0xcf, 0xf6,
    0x0, 0x0, 0x0, 0x0, 0x4b, 0xff, 0xe4, 0x0,
    0x0, 0x0, 0x0, 0xb, 0xff, 0xa1, 0x0, 0x0,
    0x0, 0x0, 0x0, 0x7, 0x20, 0x0, 0x0, 0x0,
    0x0,

    /* U+30C4 "ツ" */
    0x0, 0x0, 0x0, 0x0, 0x10, 0x0, 0x0, 0x0,
    0x0, 0x0, 0x0, 0x0, 0x6f, 0x90, 0x0, 0x0,
    0x15, 0x10, 0x1a, 0xe0, 0x0, 0x3f, 0xf0, 0x0,
    0x0, 0x4f, 0xf1, 0xe, 0xf6, 0x0, 0xc, 0xf6,
    0x0, 0x0, 0x7f, 0xd0, 0x7, 0xfd, 0x0, 0x6,
    0xfc, 0x0, 0x0, 0xbf, 0x80, 0x1, 0xff, 0x30,
    0x1, 0xff, 0x20, 0x1, 0xff, 0x30, 0x0, 0xaf,
    0x90, 0x0, 0x74, 0x0, 0x6, 0xfd, 0x0, 0x0,
    0x4f, 0x90, 0x0, 0x0, 0x0, 0xd, 0xf7, 0x0,
    0x0, 0x0, 0x0, 0x0, 0x0, 0x0, 0x6f, 0xe0,
    0x0, 0x0, 0x0, 0x0, 0x0, 0x0, 0x1, 0xef,
    0x70, 0x0, 0x0, 0x0, 0x0, 0x0, 0x0, 0xc,
    0xfc, 0x0, 0x0, 0x0, 0x0, 0x0, 0x0, 0x1,
    0xcf, 0xe2, 0x0, 0x0, 0x0, 0x0, 0x0, 0x0,
    0x3d, 0xff, 0x30, 0x0, 0x0, 0x0, 0x0, 0x0,
    0x19, 0xff, 0xe3, 0x0, 0x0, 0x0, 0x0, 0x0,
    0x29, 0xff, 0xfb, 0x10, 0x0, 0x0, 0x0, 0x0,
    0x0, 0x9f, 0xfe, 0x60, 0x0, 0x0, 0x0, 0x0,
    0x0, 0x0, 0x8, 0x70, 0x0, 0x0, 0x0, 0x0,
    0x0,

    /* U+30C5 "ヅ" */
    0x0, 0x0, 0x0, 0x0, 0x0, 0x0, 0x0, 0x0,
    0x10, 0x0, 0x0, 0x0, 0x0, 0x0, 0x0, 0x0,
    0x52, 0x6f, 0x20, 0x0, 0x0, 0x0, 0x0, 0x0,
    0x0, 0xd, 0xc0, 0xdc, 0x0, 0x0, 0x0, 0x4,
    0x91, 0x0, 0x0, 0x4f, 0x55, 0xc1, 0x3, 0x30,
    0x0, 0xbf, 0x70, 0x0, 0x0, 0x72, 0x0, 0x7,
    0xfd, 0x0, 0x5, 0xfd, 0x0, 0x0, 0x9, 0x93,
    0x0, 0x1f, 0xf4, 0x0, 0xf, 0xf3, 0x0, 0x0,
    0xef, 0x60, 0x0, 0xaf, 0xa0, 0x0, 0x9f, 0x90,
    0x0, 0x3f, 0xf1, 0x0, 0x3, 0xff, 0x10, 0x4,
    0xfa, 0x0, 0x8, 0xfc, 0x0, 0x0, 0xd, 0xf7,
    0x0, 0x1, 0x0, 0x0, 0xef, 0x60, 0x0, 0x0,
    0x56, 0x10, 0x0, 0x0, 0x0, 0x6f, 0xe0, 0x0,
    0x0, 0x0, 0x0, 0x0, 0x0, 0x0, 0x1e, 0xf7,
    0x0, 0x0, 0x0, 0x0, 0x0, 0x0, 0x0, 0xb,
    0xfd, 0x0, 0x0, 0x0, 0x0, 0x0, 0x0, 0x0,
    0xa, 0xff, 0x20, 0x0, 0x0, 0x0, 0x0, 0x0,
    0x0, 0xb, 0xff, 0x50, 0x0, 0x0, 0x0, 0x0,
    0x0, 0x0, 0x4d, 0xff, 0x60, 0x0, 0x0, 0x0,
    0x0, 0x0, 0x2, 0xaf, 0xfe, 0x40, 0x0, 0x0,
    0x0, 0x0, 0x0, 0x2c, 0xff, 0xfb, 0x20, 0x0,
    0x0, 0x0, 0x0, 0x0, 0x0, 0x8f, 0xc5, 0x0,
    0x0, 0x0, 0x0, 0x0, 0x0, 0x0, 0x0, 0x20,
    0x0, 0x0, 0x0, 0x0, 0x0, 0x0,

    /* U+30C6 "テ" */
    0x0, 0x0, 0x0, 0x0, 0x0, 0x0, 0x0, 0x0,
    0x0, 0x0, 0xe, 0xee, 0xee, 0xee, 0xee, 0xee,
    0xf1, 0x0, 0x0, 0xe, 0xff, 0xff, 0xff, 0xff,
    0xff, 0xf1, 0x0, 0x0, 0x0, 0x0, 0x0, 0x0,
    0x0, 0x0, 0x0, 0x0, 0x0, 0x0, 0x0, 0x0,
    0x0, 0x0, 0x0, 0x0, 0x0, 0x0, 0x0, 0x0,
    0x0, 0x0, 0x0, 0x0, 0x0, 0x0, 0x2e, 0xee,
    0xee, 0xee, 0xee, 0xee, 0xee, 0xee, 0xe6, 0x3f,
    0xff, 0xff, 0xff, 0xff, 0xff, 0xff, 0xff, 0xf6,
    0x0, 0x0, 0x0, 0x0, 0xcf, 0x70, 0x0, 0x0,
    0x0, 0x0, 0x0, 0x0, 0x0, 0xdf, 0x50, 0x0,
    0x0, 0x0, 0x0, 0x0, 0x0, 0x0, 0xff, 0x30,
    0x0, 0x0, 0x0, 0x0, 0x0, 0x0, 0x4, 0xff,
    0x0, 0x0, 0x0, 0x0, 0x0, 0x0, 0x0, 0xb,
    0xfa, 0x0, 0x0, 0x0, 0x0, 0x0, 0x0, 0x0,
    0x7f, 0xf2, 0x0, 0x0, 0x0, 0x0, 0x0, 0x0,
    0x8, 0xff, 0x70, 0x0, 0x0, 0x0, 0x0, 0x0,
    0x2, 0xcf, 0xf7, 0x0, 0x0, 0x0, 0x0, 0x0,
    0x0, 0x0, 0x8e, 0x40, 0x0, 0x0, 0x0, 0x0,
    0x0, 0x0, 0x0, 0x0, 0x0, 0x0, 0x0, 0x0,
    0x0, 0x0,

    /* U+30C7 "デ" */
    0x0, 0x0, 0x0, 0x0, 0x0, 0x0, 0x0, 0x0,
    0x20, 0x0, 0x0, 0x0, 0x0, 0x0, 0x0, 0x0,
    0x5, 0x1f, 0x90, 0x0, 0x0, 0x0, 0x0, 0x0,
    0x0, 0x4, 0xf6, 0x7f, 0x20, 0x0, 0xed, 0xdd,
    0xdd, 0xdd, 0xdd, 0x9a, 0xe1, 0xb4, 0x0, 0x1f,
    0xff, 0xff, 0xff, 0xff, 0xfa, 0x2a, 0x10, 0x0,
    0x0, 0x10, 0x0, 0x0, 0x0, 0x0, 0x0, 0x0,
    0x0, 0x0, 0x0, 0x0, 0x0, 0x0, 0x0, 0x0,
    0x0, 0x0, 0x0, 0x0, 0x0, 0x0, 0x0, 0x0,
    0x0, 0x0, 0x0, 0x0, 0x6e, 0xee, 0xee, 0xee,
    0xee, 0xee, 0xee, 0xee, 0xe2, 0x6, 0xff, 0xff,
    0xff, 0xff, 0xff, 0xff, 0xff, 0xff, 0x30, 0x0,
    0x0, 0x0, 0x0, 0xef, 0x50, 0x0, 0x0, 0x0,
    0x0, 0x0, 0x0, 0x0, 0xf, 0xf3, 0x0, 0x0,
    0x0, 0x0, 0x0, 0x0, 0x0, 0x2, 0xff, 0x10,
    0x0, 0x0, 0x0, 0x0, 0x0, 0x0, 0x0, 0x6f,
    0xd0, 0x0, 0x0, 0x0, 0x0, 0x0, 0x0, 0x0,
    0xd, 0xf7, 0x0, 0x0, 0x0, 0x0, 0x0, 0x0,
    0x0, 0x9, 0xfe, 0x10, 0x0, 0x0, 0x0, 0x0,
    0x0, 0x0, 0xa, 0xff, 0x50, 0x0, 0x0, 0x0,
    0x0, 0x0, 0x0, 0x4d, 0xff, 0x60, 0x0, 0x0,
    0x0, 0x0, 0x0, 0x0, 0x0, 0xad, 0x30, 0x0,
    0x0, 0x0, 0x0, 0x0, 0x0, 0x0, 0x0, 0x0,
    0x0, 0x0, 0x0, 0x0, 0x0, 0x0,

    /* U+30C8 "ト" */
    0x46, 0x50, 0x0, 0x0, 0x0, 0x0, 0x8f, 0xb0,
    0x0, 0x0, 0x0, 0x0, 0x7f, 0xb0, 0x0, 0x0,
    0x0, 0x0, 0x7f, 0xb0, 0x0, 0x0, 0x0, 0x0,
    0x7f, 0xb0, 0x0, 0x0, 0x0, 0x0, 0x7f, 0xb0,
    0x0, 0x0, 0x0, 0x0, 0x7f, 0xfc, 0x72, 0x0,
    0x0, 0x0, 0x7f, 0xff, 0xff, 0xc6, 0x0, 0x0,
    0x7f, 0xc7, 0xdf, 0xff, 0xf9, 0x20, 0x7f, 0xb0,
    0x3, 0x9f, 0xff, 0xe0, 0x7f, 0xb0, 0x0, 0x1,
    0x7e, 0x90, 0x7f, 0xb0, 0x0, 0x0, 0x0, 0x10,
    0x7f, 0xb0, 0x0, 0x0, 0x0, 0x0, 0x7f, 0xb0,
    0x0, 0x0, 0x0, 0x0, 0x7f, 0xb0, 0x0, 0x0,
    0x0, 0x0, 0x7f, 0xb0, 0x0, 0x0, 0x0, 0x0,
    0x8f, 0xb0, 0x0, 0x0, 0x0, 0x0,

    /* U+30C9 "ド" */
    0x15, 0x50, 0x0, 0x0, 0x1, 0x70, 0x3, 0xff,
    0x10, 0x0, 0x44, 0x3f, 0x90, 0x2f, 0xf0, 0x0,
    0xb, 0xe1, 0x8f, 0x32, 0xff, 0x0, 0x0, 0x2f,
    0x90, 0xc4, 0x2f, 0xf0, 0x0, 0x0, 0x8a, 0x0,
    0x2, 0xff, 0x0, 0x0, 0x0, 0x0, 0x0, 0x2f,
    0xfd, 0x82, 0x0, 0x0, 0x0, 0x2, 0xff, 0xff,
    0xfd, 0x71, 0x0, 0x0, 0x2f, 0xf6, 0xcf, 0xff,
    0xfa, 0x30, 0x2, 0xff, 0x0, 0x28, 0xef, 0xff,
    0x40, 0x2f, 0xf0, 0x0, 0x0, 0x6d, 0xe0, 0x2,
    0xff, 0x0, 0x0, 0x0, 0x2, 0x0, 0x2f, 0xf0,
    0x0, 0x0, 0x0, 0x0, 0x2, 0xff, 0x0, 0x0,
    0x0, 0x0, 0x0, 0x2f, 0xf0, 0x0, 0x0, 0x0,
    0x0, 0x2, 0xff, 0x0, 0x0, 0x0, 0x0, 0x0,
    0x4f, 0xf1, 0x0, 0x0, 0x0, 0x0, 0x0,

    /* U+30CA "ナ" */
    0x0, 0x0, 0x0, 0x4, 0xa9, 0x0, 0x0, 0x0,
    0x0, 0x0, 0x0, 0x0, 0x5f, 0xe0, 0x0, 0x0,
    0x0, 0x0, 0x0, 0x0, 0x5, 0xfd, 0x0, 0x0,
    0x0, 0x0, 0x0, 0x0, 0x0, 0x5f, 0xd0, 0x0,
    0x0, 0x0, 0x10, 0x0, 0x0, 0x5, 0xfd, 0x0,
    0x0, 0x0, 0xe, 0xff, 0xff, 0xff, 0xff, 0xff,
    0xff, 0xff, 0xfb, 0xef, 0xff, 0xff, 0xff, 0xff,
    0xff, 0xff, 0xff, 0xb0, 0x0, 0x0, 0x0, 0x5f,
    0xd0, 0x0, 0x0, 0x0, 0x0, 0x0, 0x0, 0x7,
    0xfb, 0x0, 0x0, 0x0, 0x0, 0x0, 0x0, 0x0,
    0xaf, 0x90, 0x0, 0x0, 0x0, 0x0, 0x0, 0x0,
    0xe, 0xf5, 0x0, 0x0, 0x0, 0x0, 0x0, 0x0,
    0x6, 0xff, 0x10, 0x0, 0x0, 0x0, 0x0, 0x0,
    0x1, 0xef, 0x90, 0x0, 0x0, 0x0, 0x0, 0x0,
    0x1, 0xcf, 0xe1, 0x0, 0x0, 0x0, 0x0, 0x0,
    0x3, 0xdf, 0xf4, 0x0, 0x0, 0x0, 0x0, 0x0,
    0x5, 0xff, 0xe4, 0x0, 0x0, 0x0, 0x0, 0x0,
    0x0, 0x6, 0xb1, 0x0, 0x0, 0x0, 0x0, 0x0,
    0x0,

    /* U+30CB "ニ" */
    0x0, 0x13, 0x22, 0x22, 0x22, 0x22, 0x22, 0x31,
    0x0, 0x6, 0xff, 0xff, 0xff, 0xff, 0xff, 0xff,
    0x40, 0x0, 0x6f, 0xff, 0xff, 0xff, 0xff, 0xff,
    0xf4, 0x0, 0x0, 0x0, 0x0, 0x0, 0x0, 0x0,
    0x0, 0x0, 0x0, 0x0, 0x0, 0x0, 0x0, 0x0,
    0x0, 0x0, 0x0, 0x0, 0x0, 0x0, 0x0, 0x0,
    0x0, 0x0, 0x0, 0x0, 0x0, 0x0, 0x0, 0x0,
    0x0, 0x0, 0x0, 0x0, 0x0, 0x0, 0x0, 0x0,
    0x0, 0x0, 0x0, 0x0, 0x0, 0x0, 0x0, 0x0,
    0x0, 0x0, 0x0, 0x0, 0x0, 0x0, 0x0, 0x0,
    0x0, 0x0, 0x0, 0x0, 0x0, 0x5, 0x44, 0x44,
    0x44, 0x44, 0x44, 0x44, 0x44, 0x51, 0xff, 0xff,
    0xff, 0xff, 0xff, 0xff, 0xff, 0xfe, 0x1f, 0xee,
    0xee, 0xee, 0xee, 0xee, 0xee, 0xee, 0xe0, 0x0,
    0x0, 0x0, 0x0, 0x0, 0x0, 0x0, 0x0,

    /* U+30CC "ヌ" */
    0x0, 0x11, 0x0, 0x0, 0x0, 0x0, 0x11, 0x0,
    0x6f, 0xff, 0xff, 0xff, 0xff, 0xff, 0xe3, 0x6,
    0xfe, 0xee, 0xee, 0xee, 0xef, 0xff, 0x50, 0x0,
    0x0, 0x0, 0x0, 0x0, 0x6f, 0xe0, 0x0, 0x0,
    0x0, 0x0, 0x0, 0xc, 0xf9, 0x0, 0x0, 0x66,
    0x0, 0x0, 0x2, 0xff, 0x20, 0x0, 0x3f, 0xfd,
    0x30, 0x0, 0xaf, 0xb0, 0x0, 0x0, 0x5e, 0xff,
    0x90, 0x3f, 0xf3, 0x0, 0x0, 0x0, 0x8, 0xff,
    0xee, 0xfa, 0x0, 0x0, 0x0, 0x0, 0x3, 0xdf,
    0xff, 0x10, 0x0, 0x0, 0x0, 0x0, 0xb, 0xff,
    0xfc, 0x10, 0x0, 0x0, 0x0, 0x2c, 0xff, 0xaf,
    0xfe, 0x40, 0x0, 0x0, 0x6f, 0xff, 0x50, 0x3e,
    0xff, 0x50, 0x5, 0xdf, 0xfd, 0x30, 0x0, 0x1d,
    0xf2, 0x4e, 0xff, 0xf9, 0x0, 0x0, 0x0, 0x3,
    0x0, 0x9f, 0xa2, 0x0, 0x0, 0x0, 0x0, 0x0,
    0x0, 0x10, 0x0, 0x0, 0x0, 0x0, 0x0, 0x0,

    /* U+30CD "ネ" */
    0x0, 0x0, 0x0, 0x0, 0xef, 0x30, 0x0, 0x0,
    0x0, 0x0, 0x0, 0x0, 0x0, 0xef, 0x20, 0x0,
    0x0, 0x0, 0x0, 0x0, 0x0, 0x0, 0xef, 0x20,
    0x0, 0x0, 0x0, 0x1, 0xff, 0xff, 0xff, 0xff,
    0xff, 0xff, 0xe3, 0x0, 0x1, 0xfe, 0xee, 0xee,
    0xee, 0xee, 0xff, 0xf6, 0x0, 0x0, 0x0, 0x0,
    0x0, 0x0, 0x4, 0xff, 0x80, 0x0, 0x0, 0x0,
    0x0, 0x0, 0x0, 0x4f, 0xf9, 0x0, 0x0, 0x0,
    0x0, 0x0, 0x0, 0x7, 0xff, 0x90, 0x0, 0x0,
    0x0, 0x0, 0x0, 0x2, 0xbf, 0xf7, 0x0, 0x0,
    0x0, 0x0, 0x0, 0x1, 0x9f, 0xff, 0x50, 0x59,
    0x10, 0x0, 0x0, 0x4, 0xaf, 0xff, 0xff, 0x11,
    0xff, 0xf7, 0x0, 0x3a, 0xef, 0xff, 0xa2, 0xff,
    0x10, 0x2b, 0xff, 0xd3, 0x2f, 0xfd, 0x81, 0x0,
    0xff, 0x10, 0x0, 0x5e, 0xf6, 0x4, 0x30, 0x0,
    0x0, 0xff, 0x10, 0x0, 0x1, 0x70, 0x0, 0x0,
    0x0, 0x0, 0xff, 0x10, 0x0, 0x0, 0x0, 0x0,
    0x0, 0x0, 0x0, 0xff, 0x10, 0x0, 0x0, 0x0,
    0x0, 0x0, 0x0, 0x0, 0xff, 0x20, 0x0, 0x0,
    0x0, 0x0, 0x0, 0x0, 0x0, 0x33, 0x0, 0x0,
    0x0, 0x0,

    /* U+30CE "ノ" */
    0x0, 0x0, 0x0, 0x0, 0x0, 0x0, 0x0, 0x0,
    0x0, 0x0, 0x0, 0x0, 0x0, 0x4f, 0xb1, 0x0,
    0x0, 0x0, 0x0, 0x0, 0x8, 0xfe, 0x0, 0x0,
    0x0, 0x0, 0x0, 0x0, 0xcf, 0x80, 0x0, 0x0,
    0x0, 0x0, 0x0, 0x2f, 0xf3, 0x0, 0x0, 0x0,
    0x0, 0x0, 0x9, 0xfc, 0x0, 0x0, 0x0, 0x0,
    0x0, 0x1, 0xff, 0x50, 0x0, 0x0, 0x0, 0x0,
    0x0, 0x9f, 0xd0, 0x0, 0x0, 0x0, 0x0, 0x0,
    0x3f, 0xf5, 0x0, 0x0, 0x0, 0x0, 0x0, 0x1e,
    0xfb, 0x0, 0x0, 0x0, 0x0, 0x0, 0x1c, 0xfe,
    0x10, 0x0, 0x0, 0x0, 0x0, 0x2d, 0xff, 0x40,
    0x0, 0x0, 0x0, 0x0, 0x5f, 0xff, 0x40, 0x0,
    0x0, 0x0, 0x2, 0xbf, 0xfe, 0x30, 0x0, 0x0,
    0x0, 0x2b, 0xff, 0xfb, 0x10, 0x0, 0x0, 0x0,
    0x0, 0xaf, 0xe6, 0x0, 0x0, 0x0, 0x0, 0x0,
    0x0, 0x50, 0x0, 0x0, 0x0, 0x0, 0x0, 0x0,

    /* U+30CF "ハ" */
    0x0, 0x0, 0x0, 0x0, 0x0, 0x0, 0x0, 0x0,
    0x0, 0x0, 0x0, 0xa, 0xb4, 0x0, 0x5e, 0xc0,
    0x0, 0x0, 0x0, 0x0, 0xe, 0xf5, 0x0, 0x2f,
    0xf4, 0x0, 0x0, 0x0, 0x0, 0x1f, 0xf1, 0x0,
    0xa, 0xfb, 0x0, 0x0, 0x0, 0x0, 0x5f, 0xe0,
    0x0, 0x3, 0xff, 0x20, 0x0, 0x0, 0x0, 0x9f,
    0xa0, 0x0, 0x0, 0xcf, 0x90, 0x0, 0x0, 0x0,
    0xef, 0x50, 0x0, 0x0, 0x5f, 0xf1, 0x0, 0x0,
    0x3, 0xff, 0x10, 0x0, 0x0, 0xe, 0xf7, 0x0,
    0x0, 0x9, 0xfb, 0x0, 0x0, 0x0, 0x8, 0xfd,
    0x0, 0x0, 0x1f, 0xf5, 0x0, 0x0, 0x0, 0x3,
    0xff, 0x20, 0x0, 0x8f, 0xe0, 0x0, 0x0, 0x0,
    0x0, 0xdf, 0x80, 0x1, 0xff, 0x70, 0x0, 0x0,
    0x0, 0x0, 0x8f, 0xd0, 0xa, 0xfe, 0x0, 0x0,
    0x0, 0x0, 0x0, 0x3f, 0xf3, 0x5f, 0xf6, 0x0,
    0x0, 0x0, 0x0, 0x0, 0xe, 0xf8, 0x28, 0xb0,
    0x0, 0x0, 0x0, 0x0, 0x0, 0x9, 0x83,

    /* U+30D0 "バ" */
    0x0, 0x0, 0x0, 0x0, 0x0, 0x0, 0x0, 0x1,
    0x60, 0x0, 0x0, 0x0, 0x0, 0x0, 0x0, 0x0,
    0x57, 0x3f, 0x60, 0x0, 0x0, 0x0, 0x0, 0x0,
    0x0, 0x6, 0xf3, 0x9e, 0x10, 0x0, 0x0, 0x74,
    0x0, 0x4, 0xa5, 0xd, 0xc1, 0x81, 0x0, 0x0,
    0x1f, 0xf3, 0x0, 0x8f, 0xd0, 0x33, 0x0, 0x0,
    0x0, 0x4, 0xfe, 0x0, 0x1, 0xff, 0x50, 0x0,
    0x0, 0x0, 0x0, 0x7f, 0xb0, 0x0, 0x9, 0xfc,
    0x0, 0x0, 0x0, 0x0, 0xb, 0xf7, 0x0, 0x0,
    0x2f, 0xf3, 0x0, 0x0, 0x0, 0x1, 0xff, 0x30,
    0x0, 0x0, 0xbf, 0xa0, 0x0, 0x0, 0x0, 0x5f,
    0xe0, 0x0, 0x0, 0x4, 0xff, 0x10, 0x0, 0x0,
    0xb, 0xf9, 0x0, 0x0, 0x0, 0xe, 0xf7, 0x0,
    0x0, 0x2, 0xff, 0x30, 0x0, 0x0, 0x0, 0x8f,
    0xd0, 0x0, 0x0, 0x9f, 0xd0, 0x0, 0x0, 0x0,
    0x3, 0xff, 0x20, 0x0, 0x2f, 0xf6, 0x0, 0x0,
    0x0, 0x0, 0xe, 0xf8, 0x0, 0xb, 0xfd, 0x0,
    0x0, 0x0, 0x0, 0x0, 0x9f, 0xd0, 0x5, 0xff,
    0x50, 0x0, 0x0, 0x0, 0x0, 0x4, 0xff, 0x20,
    0x7f, 0xb0, 0x0, 0x0, 0x0, 0x0, 0x0, 0xf,
    0xc3, 0x0, 0x1, 0x0, 0x0, 0x0, 0x0, 0x0,
    0x0, 0x10, 0x0,

    /* U+30D1 "パ" */
    0x0, 0x0, 0x0, 0x0, 0x0, 0x0, 0x0, 0x2,
    0x20, 0x0, 0x0, 0x0, 0x0, 0x0, 0x0, 0x0,
    0x9, 0xee, 0xa0, 0x0, 0x0, 0x0, 0x0, 0x0,
    0x0, 0x2, 0xe0, 0xe, 0x30, 0x0, 0x0, 0x74,
    0x0, 0x3, 0x94, 0x2e, 0x11, 0xe3, 0x0, 0x0,
    0x1f, 0xf3, 0x0, 0x8f, 0xc0, 0x8f, 0xf9, 0x0,
    0x0, 0x4, 0xfe, 0x0, 0x1, 0xff, 0x40, 0x11,
    0x0, 0x0, 0x0, 0x7f, 0xb0, 0x0, 0x9, 0xfb,
    0x0, 0x0, 0x0, 0x0, 0xb, 0xf7, 0x0, 0x0,
    0x2f, 0xf2, 0x0, 0x0, 0x0, 0x0, 0xff, 0x30,
    0x0, 0x0, 0xbf, 0x90, 0x0, 0x0, 0x0, 0x5f,
    0xe0, 0x0, 0x0, 0x5, 0xff, 0x0, 0x0, 0x0,
    0xb, 0xf9, 0x0, 0x0, 0x0, 0xe, 0xf6, 0x0,
    0x0, 0x2, 0xff, 0x30, 0x0, 0x0, 0x0, 0x9f,
    0xc0, 0x0, 0x0, 0x9f, 0xd0, 0x0, 0x0, 0x0,
    0x3, 0xff, 0x10, 0x0, 0x2f, 0xf6, 0x0, 0x0,
    0x0, 0x0, 0xe, 0xf7, 0x0, 0xb, 0xfd, 0x0,
    0x0, 0x0, 0x0, 0x0, 0x9f, 0xc0, 0x5, 0xff,
    0x50, 0x0, 0x0, 0x0, 0x0, 0x5, 0xff, 0x10,
    0x7f, 0xb0, 0x0, 0x0, 0x0, 0x0, 0x0, 0xf,
    0xc2, 0x0, 0x1, 0x0, 0x0, 0x0, 0x0, 0x0,
    0x0, 0x10, 0x0,

    /* U+30D2 "ヒ" */
    0x48, 0x70, 0x0, 0x0, 0x0, 0x0, 0x0, 0x6f,
    0xb0, 0x0, 0x0, 0x0, 0x0, 0x0, 0x6f, 0xb0,
    0x0, 0x0, 0x0, 0x0, 0x0, 0x6f, 0xb0, 0x0,
    0x0, 0x0, 0x19, 0x40, 0x6f, 0xb0, 0x0, 0x0,
    0x4a, 0xff, 0xb0, 0x6f, 0xb0, 0x5, 0x9e, 0xff,
    0xfb, 0x40, 0x6f, 0xec, 0xff, 0xff, 0xc7, 0x10,
    0x0, 0x6f, 0xff, 0xfc, 0x72, 0x0, 0x0, 0x0,
    0x6f, 0xd5, 0x10, 0x0, 0x0, 0x0, 0x0, 0x6f,
    0xb0, 0x0, 0x0, 0x0, 0x0, 0x0, 0x6f, 0xb0,
    0x0, 0x0, 0x0, 0x0, 0x0, 0x6f, 0xb0, 0x0,
    0x0, 0x0, 0x0, 0x0, 0x6f, 0xb0, 0x0, 0x0,
    0x0, 0x0, 0x0, 0x5f, 0xe2, 0x0, 0x0, 0x0,
    0x2, 0x43, 0x2f, 0xff, 0xfe, 0xdd, 0xef, 0xff,
    0xf7, 0x4, 0xdf, 0xff, 0xff, 0xff, 0xff, 0xe6,
    0x0, 0x0, 0x23, 0x33, 0x22, 0x10, 0x0,

    /* U+30D3 "ビ" */
    0x0, 0x0, 0x0, 0x0, 0x0, 0x0, 0x4, 0x20,
    0x0, 0x0, 0x0, 0x0, 0x0, 0x18, 0x1c, 0xc0,
    0x3f, 0xe0, 0x0, 0x0, 0x0, 0x1e, 0x93, 0xf6,
    0x2f, 0xf0, 0x0, 0x0, 0x0, 0x6, 0xf2, 0x74,
    0x2f, 0xe0, 0x0, 0x0, 0x0, 0x0, 0x71, 0x0,
    0x2f, 0xe0, 0x0, 0x0, 0x0, 0x6d, 0x70, 0x0,
    0x2f, 0xe0, 0x0, 0x4, 0x9e, 0xff, 0xd0, 0x0,
    0x2f, 0xe1, 0x59, 0xef, 0xff, 0xd6, 0x0, 0x0,
    0x2f, 0xff, 0xff, 0xfd, 0x82, 0x0, 0x0, 0x0,
    0x2f, 0xff, 0xb6, 0x20, 0x0, 0x0, 0x0, 0x0,
    0x2f, 0xf0, 0x0, 0x0, 0x0, 0x0, 0x0, 0x0,
    0x2f, 0xe0, 0x0, 0x0, 0x0, 0x0, 0x0, 0x0,
    0x2f, 0xe0, 0x0, 0x0, 0x0, 0x0, 0x0, 0x0,
    0x2f, 0xe0, 0x0, 0x0, 0x0, 0x0, 0x0, 0x0,
    0x2f, 0xf0, 0x0, 0x0, 0x0, 0x0, 0x0, 0x0,
    0x1f, 0xfa, 0x54, 0x33, 0x45, 0x68, 0xa8, 0x0,
    0xa, 0xff, 0xff, 0xff, 0xff, 0xff, 0xfa, 0x0,
    0x0, 0x5a, 0xbc, 0xcc, 0xcb, 0xaa, 0x84, 0x0,

    /* U+30D4 "ピ" */
    0x0, 0x0, 0x0, 0x0, 0x0, 0x0, 0x2, 0x10,
    0x0, 0x0, 0x0, 0x0, 0x0, 0x0, 0x2d, 0xef,
    0x60, 0x3f, 0xf0, 0x0, 0x0, 0x0, 0xa, 0x80,
    0x3f, 0x2, 0xff, 0x0, 0x0, 0x0, 0x0, 0xa8,
    0x3, 0xf0, 0x2f, 0xe0, 0x0, 0x0, 0x0, 0x6,
    0xee, 0xf6, 0x2, 0xfe, 0x0, 0x0, 0x0, 0x4b,
    0xf6, 0x21, 0x0, 0x2f, 0xe0, 0x0, 0x28, 0xdf,
    0xff, 0x90, 0x0, 0x2, 0xff, 0x49, 0xdf, 0xff,
    0xe8, 0x20, 0x0, 0x0, 0x2f, 0xff, 0xff, 0xfa,
    0x40, 0x0, 0x0, 0x0, 0x2, 0xff, 0xd9, 0x40,
    0x0, 0x0, 0x0, 0x0, 0x0, 0x2f, 0xe0, 0x0,
    0x0, 0x0, 0x0, 0x0, 0x0, 0x2, 0xfe, 0x0,
    0x0, 0x0, 0x0, 0x0, 0x0, 0x0, 0x2f, 0xe0,
    0x0, 0x0, 0x0, 0x0, 0x0, 0x0, 0x2, 0xfe,
    0x0, 0x0, 0x0, 0x0, 0x0, 0x0, 0x0, 0x2f,
    0xf0, 0x0, 0x0, 0x0, 0x0, 0x0, 0x0, 0x1,
    0xff, 0xa5, 0x43, 0x34, 0x56, 0x8a, 0x80, 0x0,
    0xa, 0xff, 0xff, 0xff, 0xff, 0xff, 0xfa, 0x0,
    0x0, 0x5, 0xab, 0xcc, 0xcc, 0xba, 0xa8, 0x40,
    0x0,

    /* U+30D5 "フ" */
    0x2, 0x11, 0x11, 0x11, 0x11, 0x11, 0x12, 0x0,
    0x3f, 0xff, 0xff, 0xff, 0xff, 0xff, 0xff, 0xc2,
    0x3f, 0xff, 0xff, 0xff, 0xff, 0xff, 0xff, 0xf3,
    0x0, 0x0, 0x0, 0x0, 0x0, 0x0, 0x5f, 0xf0,
    0x0, 0x0, 0x0, 0x0, 0x0, 0x0, 0x9f, 0xb0,
    0x0, 0x0, 0x0, 0x0, 0x0, 0x0, 0xef, 0x60,
    0x0, 0x0, 0x0, 0x0, 0x0, 0x4, 0xff, 0x10,
    0x0, 0x0, 0x0, 0x0, 0x0, 0xc, 0xfb, 0x0,
    0x0, 0x0, 0x0, 0x0, 0x0, 0x5f, 0xf3, 0x0,
    0x0, 0x0, 0x0, 0x0, 0x2, 0xff, 0xa0, 0x0,
    0x0, 0x0, 0x0, 0x0, 0x2e, 0xfd, 0x10, 0x0,
    0x0, 0x0, 0x0, 0x5, 0xff, 0xe2, 0x0, 0x0,
    0x0, 0x0, 0x3, 0xbf, 0xfe, 0x20, 0x0, 0x0,
    0x0, 0x27, 0xcf, 0xff, 0xa1, 0x0, 0x0, 0x0,
    0x0, 0x1d, 0xff, 0xc4, 0x0, 0x0, 0x0, 0x0,
    0x0, 0x2, 0x93, 0x0, 0x0, 0x0, 0x0, 0x0,

    /* U+30D6 "ブ" */
    0x0, 0x0, 0x0, 0x0, 0x0, 0x0, 0x0, 0x1,
    0x0, 0x0, 0x0, 0x0, 0x0, 0x0, 0x0, 0x74,
    0x4f, 0x40, 0x0, 0x0, 0x0, 0x0, 0x0, 0x0,
    0xce, 0xc, 0xe0, 0x0, 0x0, 0x0, 0x0, 0x0,
    0x0, 0x2f, 0x73, 0xc2, 0xaf, 0xee, 0xee, 0xee,
    0xee, 0xee, 0xef, 0x70, 0x0, 0xaf, 0xff, 0xff,
    0xff, 0xff, 0xff, 0xff, 0xd0, 0x0, 0x11, 0x11,
    0x11, 0x11, 0x11, 0x11, 0xbf, 0x90, 0x0, 0x0,
    0x0, 0x0, 0x0, 0x0, 0x0, 0xef, 0x50, 0x0,
    0x0, 0x0, 0x0, 0x0, 0x0, 0x3, 0xff, 0x10,
    0x0, 0x0, 0x0, 0x0, 0x0, 0x0, 0x9, 0xfb,
    0x0, 0x0, 0x0, 0x0, 0x0, 0x0, 0x0, 0x1f,
    0xf5, 0x0, 0x0, 0x0, 0x0, 0x0, 0x0, 0x0,
    0xaf, 0xe0, 0x0, 0x0, 0x0, 0x0, 0x0, 0x0,
    0x5, 0xff, 0x50, 0x0, 0x0, 0x0, 0x0, 0x0,
    0x0, 0x5f, 0xfa, 0x0, 0x0, 0x0, 0x0, 0x0,
    0x0, 0x7, 0xff, 0xc0, 0x0, 0x0, 0x0, 0x0,
    0x0, 0x3, 0xcf, 0xfb, 0x0, 0x0, 0x0, 0x0,
    0x0, 0x26, 0xcf, 0xff, 0x80, 0x0, 0x0, 0x0,
    0x0, 0x0, 0x7f, 0xff, 0xc3, 0x0, 0x0, 0x0,
    0x0, 0x0, 0x0, 0x8, 0x93, 0x0, 0x0, 0x0,
    0x0, 0x0, 0x0,

    /* U+30D7 "プ" */
    0x0, 0x0, 0x0, 0x0, 0x0, 0x0, 0x1, 0xad,
    0x80, 0x0, 0x0, 0x0, 0x0, 0x0, 0x0, 0xb,
    0x93, 0xb8, 0x0, 0x0, 0x0, 0x0, 0x0, 0x0,
    0xe, 0x20, 0x5b, 0xaf, 0xee, 0xee, 0xee, 0xee,
    0xee, 0xef, 0xa4, 0xc7, 0xaf, 0xff, 0xff, 0xff,
    0xff, 0xff, 0xff, 0xfc, 0x70, 0x11, 0x11, 0x11,
    0x11, 0x11, 0x11, 0xbf, 0xa0, 0x0, 0x0, 0x0,
    0x0, 0x0, 0x0, 0x0, 0xef, 0x60, 0x0, 0x0,
    0x0, 0x0, 0x0, 0x0, 0x3, 0xff, 0x10, 0x0,
    0x0, 0x0, 0x0, 0x0, 0x0, 0x9, 0xfc, 0x0,
    0x0, 0x0, 0x0, 0x0, 0x0, 0x0, 0x1f, 0xf5,
    0x0, 0x0, 0x0, 0x0, 0x0, 0x0, 0x0, 0x9f,
    0xe0, 0x0, 0x0, 0x0, 0x0, 0x0, 0x0, 0x5,
    0xff, 0x50, 0x0, 0x0, 0x0, 0x0, 0x0, 0x0,
    0x4f, 0xfa, 0x0, 0x0, 0x0, 0x0, 0x0, 0x0,
    0x7, 0xff, 0xc0, 0x0, 0x0, 0x0, 0x0, 0x0,
    0x3, 0xcf, 0xfb, 0x0, 0x0, 0x0, 0x0, 0x0,
    0x16, 0xcf, 0xff, 0x90, 0x0, 0x0, 0x0, 0x0,
    0x0, 0x7f, 0xff, 0xc3, 0x0, 0x0, 0x0, 0x0,
    0x0, 0x0, 0x8, 0xa3, 0x0, 0x0, 0x0, 0x0,
    0x0, 0x0,

    /* U+30D8 "ヘ" */
    0x0, 0x0, 0x0, 0x0, 0x0, 0x0, 0x0, 0x0,
    0x0, 0x0, 0x0, 0x0, 0xa, 0xe7, 0x0, 0x0,
    0x0, 0x0, 0x0, 0x0, 0x0, 0xb, 0xff, 0xf9,
    0x0, 0x0, 0x0, 0x0, 0x0, 0x0, 0x9, 0xfe,
    0x9f, 0xfa, 0x0, 0x0, 0x0, 0x0, 0x0, 0x7,
    0xff, 0x30, 0x5f, 0xf9, 0x0, 0x0, 0x0, 0x0,
    0x4, 0xff, 0x60, 0x0, 0x5f, 0xf8, 0x0, 0x0,
    0x0, 0x3, 0xff, 0xa0, 0x0, 0x0, 0x7f, 0xf8,
    0x0, 0x0, 0x3, 0xff, 0xd0, 0x0, 0x0, 0x0,
    0x8f, 0xf7, 0x0, 0x0, 0x9f, 0xf2, 0x0, 0x0,
    0x0, 0x0, 0xaf, 0xf6, 0x0, 0x0, 0xa6, 0x0,
    0x0, 0x0, 0x0, 0x0, 0xcf, 0xf5, 0x0, 0x0,
    0x0, 0x0, 0x0, 0x0, 0x0, 0x1, 0xdf, 0xf4,
    0x0, 0x0, 0x0, 0x0, 0x0, 0x0, 0x0, 0x2,
    0xff, 0xd0, 0x0, 0x0, 0x0, 0x0, 0x0, 0x0,
    0x0, 0x4, 0xe2, 0x0, 0x0, 0x0, 0x0, 0x0,
    0x0, 0x0, 0x0, 0x1, 0x0,

    /* U+30D9 "ベ" */
    0x0, 0x0, 0x0, 0x0, 0x0, 0x0, 0x0, 0x3,
    0x80, 0x0, 0x0, 0x0, 0x0, 0x0, 0x0, 0x1,
    0x72, 0x5f, 0x60, 0x0, 0x0, 0x0, 0x6, 0x81,
    0x0, 0x1e, 0xb0, 0xbf, 0x10, 0x0, 0x0, 0xa,
    0xff, 0xe2, 0x0, 0x6f, 0x52, 0xd3, 0x0, 0x0,
    0x7, 0xff, 0xff, 0xe3, 0x0, 0xd8, 0x0, 0x0,
    0x0, 0x4, 0xff, 0x51, 0xcf, 0xe2, 0x0, 0x0,
    0x0, 0x0, 0x2, 0xff, 0x80, 0x0, 0xcf, 0xe2,
    0x0, 0x0, 0x0, 0x1, 0xef, 0xc0, 0x0, 0x1,
    0xdf, 0xe1, 0x0, 0x0, 0x1, 0xdf, 0xe1, 0x0,
    0x0, 0x1, 0xef, 0xd1, 0x0, 0x0, 0xdf, 0xf4,
    0x0, 0x0, 0x0, 0x2, 0xff, 0xd1, 0x0, 0x3,
    0xf7, 0x0, 0x0, 0x0, 0x0, 0x4, 0xff, 0xc0,
    0x0, 0x2, 0x0, 0x0, 0x0, 0x0, 0x0, 0x6,
    0xff, 0xb0, 0x0, 0x0, 0x0, 0x0, 0x0, 0x0,
    0x0, 0x9, 0xff, 0xa0, 0x0, 0x0, 0x0, 0x0,
    0x0, 0x0, 0x0, 0xb, 0xf4, 0x0, 0x0, 0x0,
    0x0, 0x0, 0x0, 0x0, 0x0, 0x14, 0x0,

    /* U+30DA "ペ" */
    0x0, 0x0, 0x0, 0x0, 0x0, 0x0, 0x0, 0x8d,
    0xa1, 0x0, 0x0, 0x0, 0x0, 0x0, 0x0, 0x0,
    0x8c, 0x5a, 0xc0, 0x0, 0x0, 0x0, 0x8, 0xa3,
    0x0, 0xd, 0x40, 0xf, 0x10, 0x0, 0x0, 0xc,
    0xff, 0xf4, 0x0, 0xb8, 0x4, 0xf0, 0x0, 0x0,
    0x9, 0xff, 0xdf, 0xf4, 0x2, 0xee, 0xf5, 0x0,
    0x0, 0x6, 0xff, 0x30, 0xaf, 0xf4, 0x0, 0x31,
    0x0, 0x0, 0x4, 0xff, 0x70, 0x0, 0xbf, 0xf3,
    0x0, 0x0, 0x0, 0x2, 0xff, 0xa0, 0x0, 0x0,
    0xcf, 0xf3, 0x0, 0x0, 0x2, 0xef, 0xd0, 0x0,
    0x0, 0x1, 0xdf, 0xe2, 0x0, 0x0, 0xdf, 0xf2,
    0x0, 0x0, 0x0, 0x1, 0xef, 0xe2, 0x0, 0x2,
    0xe6, 0x0, 0x0, 0x0, 0x0, 0x3, 0xff, 0xd1,
    0x0, 0x1, 0x0, 0x0, 0x0, 0x0, 0x0, 0x4,
    0xff, 0xd1, 0x0, 0x0, 0x0, 0x0, 0x0, 0x0,
    0x0, 0x7, 0xff, 0xa0, 0x0, 0x0, 0x0, 0x0,
    0x0, 0x0, 0x0, 0x9, 0xf3, 0x0, 0x0, 0x0,
    0x0, 0x0, 0x0, 0x0, 0x0, 0x3, 0x0,

    /* U+30DB "ホ" */
    0x0, 0x0, 0x0, 0x0, 0x9a, 0x20, 0x0, 0x0,
    0x0, 0x0, 0x0, 0x0, 0x0, 0xef, 0x20, 0x0,
    0x0, 0x0, 0x0, 0x0, 0x0, 0x0, 0xef, 0x20,
    0x0, 0x0, 0x0, 0x4, 0x33, 0x33, 0x33, 0xef,
    0x43, 0x33, 0x33, 0x30, 0x1f, 0xff, 0xff, 0xff,
    0xff, 0xff, 0xff, 0xff, 0xf0, 0xb, 0xbb, 0xbb,
    0xbb, 0xff, 0xcb, 0xbb, 0xbb, 0xb0, 0x0, 0x0,
    0x0, 0x0, 0xef, 0x20, 0x0, 0x0, 0x0, 0x0,
    0x0, 0x0, 0x0, 0xef, 0x20, 0x0, 0x10, 0x0,
    0x0, 0x6, 0xe6, 0x0, 0xef, 0x20, 0x3d, 0xc0,
    0x0, 0x0, 0x1e, 0xf4, 0x0, 0xef, 0x20, 0xd,
    0xf7, 0x0, 0x0, 0xbf, 0xa0, 0x0, 0xef, 0x20,
    0x3, 0xff, 0x20, 0x8, 0xfe, 0x10, 0x0, 0xef,
    0x20, 0x0, 0x9f, 0xc0, 0x6f, 0xf3, 0x0, 0x0,
    0xef, 0x20, 0x0, 0x1e, 0xf6, 0x2c, 0x60, 0x0,
    0x0, 0xef, 0x20, 0x0, 0x6, 0x91, 0x0, 0x0,
    0x4, 0x23, 0xff, 0x20, 0x0, 0x0, 0x0, 0x0,
    0x0, 0xd, 0xff, 0xff, 0x10, 0x0, 0x0, 0x0,
    0x0, 0x0, 0x8, 0xbc, 0xc6, 0x0, 0x0, 0x0,
    0x0,

    /* U+30DC "ボ" */
    0x0, 0x0, 0x0, 0x0, 0x0, 0x0, 0x0, 0x0,
    0x30, 0x0, 0x0, 0x0, 0x0, 0x17, 0x70, 0x0,
    0x85, 0x6f, 0x30, 0x0, 0x0, 0x0, 0x1, 0xff,
    0x0, 0xa, 0xe1, 0xcc, 0x0, 0x0, 0x0, 0x0,
    0x1f, 0xf0, 0x0, 0x1f, 0x83, 0x80, 0x1, 0x0,
    0x0, 0x1, 0xff, 0x0, 0x0, 0x30, 0x10, 0x3,
    0xff, 0xff, 0xff, 0xff, 0xff, 0xff, 0xff, 0xfc,
    0x0, 0x3e, 0xee, 0xee, 0xee, 0xff, 0xee, 0xee,
    0xee, 0xb0, 0x0, 0x0, 0x0, 0x0, 0x1f, 0xf0,
    0x0, 0x0, 0x0, 0x0, 0x0, 0x0, 0x0, 0x1,
    0xff, 0x0, 0x0, 0x0, 0x0, 0x0, 0x0, 0x7b,
    0x20, 0x1f, 0xf0, 0x3, 0xb7, 0x0, 0x0, 0x0,
    0x1f, 0xf3, 0x1, 0xff, 0x0, 0x3f, 0xf3, 0x0,
    0x0, 0xb, 0xf9, 0x0, 0x1f, 0xf0, 0x0, 0x7f,
    0xd0, 0x0, 0x8, 0xfd, 0x0, 0x1, 0xff, 0x0,
    0x0, 0xdf, 0x80, 0x5, 0xff, 0x30, 0x0, 0x1f,
    0xf0, 0x0, 0x4, 0xff, 0x20, 0x6f, 0x60, 0x0,
    0x1, 0xff, 0x0, 0x0, 0xa, 0xa1, 0x0, 0x10,
    0x0, 0x10, 0x2f, 0xf0, 0x0, 0x0, 0x0, 0x0,
    0x0, 0x0, 0xf, 0xff, 0xff, 0x0, 0x0, 0x0,
    0x0, 0x0, 0x0, 0x0, 0xde, 0xfe, 0x70, 0x0,
    0x0, 0x0, 0x0,

    /* U+30DD "ポ" */
    0x0, 0x0, 0x0, 0x0, 0x0, 0x0, 0x0, 0x1,
    0x0, 0x0, 0x0, 0x0, 0x0, 0x0, 0x0, 0x2,
    0xdf, 0xd1, 0x0, 0x0, 0x0, 0x1, 0x77, 0x0,
    0xa, 0x80, 0x9a, 0x0, 0x0, 0x0, 0x1, 0xff,
    0x0, 0xb, 0x50, 0x6b, 0x0, 0x0, 0x0, 0x1,
    0xff, 0x0, 0x5, 0xe9, 0xe5, 0x1, 0x0, 0x0,
    0x1, 0xff, 0x0, 0x0, 0x48, 0x40, 0x3f, 0xff,
    0xff, 0xff, 0xff, 0xff, 0xff, 0xff, 0xc0, 0x3e,
    0xee, 0xee, 0xee, 0xff, 0xee, 0xee, 0xee, 0xb0,
    0x0, 0x0, 0x0, 0x1, 0xff, 0x0, 0x0, 0x0,
    0x0, 0x0, 0x0, 0x0, 0x1, 0xff, 0x0, 0x0,
    0x0, 0x0, 0x0, 0x7, 0xb2, 0x1, 0xff, 0x0,
    0x2b, 0x80, 0x0, 0x0, 0x1f, 0xf3, 0x1, 0xff,
    0x0, 0x3f, 0xf3, 0x0, 0x0, 0xbf, 0x90, 0x1,
    0xff, 0x0, 0x7, 0xfd, 0x0, 0x8, 0xfd, 0x0,
    0x1, 0xff, 0x0, 0x0, 0xdf, 0x80, 0x5f, 0xf3,
    0x0, 0x1, 0xff, 0x0, 0x0, 0x3f, 0xf2, 0x6f,
    0x60, 0x0, 0x1, 0xff, 0x0, 0x0, 0xa, 0xa2,
    0x1, 0x0, 0x1, 0x2, 0xff, 0x0, 0x0, 0x0,
    0x0, 0x0, 0x0, 0xf, 0xff, 0xff, 0x0, 0x0,
    0x0, 0x0, 0x0, 0x0, 0xd, 0xef, 0xe7, 0x0,
    0x0, 0x0, 0x0,

    /* U+30DE "マ" */
    0x0, 0x0, 0x0, 0x0, 0x0, 0x0, 0x0, 0x0,
    0x0, 0x1f, 0xff, 0xff, 0xff, 0xff, 0xff, 0xff,
    0xff, 0xd1, 0x1f, 0xff, 0xff, 0xff, 0xff, 0xff,
    0xff, 0xff, 0xf7, 0x1, 0x0, 0x0, 0x0, 0x0,
    0x0, 0x1, 0xef, 0xc0, 0x0, 0x0, 0x0, 0x0,
    0x0, 0x0, 0x9, 0xff, 0x20, 0x0, 0x0, 0x0,
    0x0, 0x0, 0x0, 0x6f, 0xf6, 0x0, 0x0, 0x0,
    0x23, 0x0, 0x0, 0x4, 0xff, 0x90, 0x0, 0x0,
    0x3, 0xff, 0x50, 0x0, 0x3f, 0xfb, 0x0, 0x0,
    0x0, 0x0, 0xaf, 0xf8, 0x4, 0xff, 0xc0, 0x0,
    0x0, 0x0, 0x0, 0x8, 0xff, 0xcf, 0xfb, 0x0,
    0x0, 0x0, 0x0, 0x0, 0x0, 0x6f, 0xff, 0x90,
    0x0, 0x0, 0x0, 0x0, 0x0, 0x0, 0x5, 0xff,
    0xb0, 0x0, 0x0, 0x0, 0x0, 0x0, 0x0, 0x0,
    0x6f, 0xfa, 0x0, 0x0, 0x0, 0x0, 0x0, 0x0,
    0x0, 0x7, 0xff, 0xa0, 0x0, 0x0, 0x0, 0x0,
    0x0, 0x0, 0x0, 0x9f, 0xf2, 0x0, 0x0, 0x0,
    0x0, 0x0, 0x0, 0x0, 0x9, 0x30, 0x0, 0x0,

    /* U+30DF "ミ" */
    0x0, 0x2, 0x41, 0x0, 0x0, 0x0, 0x0, 0x0,
    0x0, 0xaf, 0xfe, 0xb8, 0x51, 0x0, 0x0, 0x0,
    0x8, 0xbe, 0xff, 0xff, 0xfd, 0x94, 0x0, 0x0,
    0x0, 0x1, 0x58, 0xcf, 0xff, 0xf3, 0x0, 0x0,
    0x0, 0x0, 0x0, 0x4, 0x9a, 0x0, 0x0, 0x0,
    0x0, 0x0, 0x0, 0x0, 0x0, 0x0, 0x6e, 0xb8,
    0x51, 0x0, 0x0, 0x0, 0x0, 0xb, 0xff, 0xff,
    0xfe, 0xa6, 0x10, 0x0, 0x0, 0x1, 0x48, 0xbf,
    0xff, 0xff, 0xc0, 0x0, 0x0, 0x0, 0x0, 0x3,
    0x7b, 0xf9, 0x0, 0x0, 0x0, 0x0, 0x0, 0x0,
    0x1, 0x10, 0x0, 0x12, 0x0, 0x0, 0x0, 0x0,
    0x0, 0x0, 0x8, 0xff, 0xc8, 0x51, 0x0, 0x0,
    0x0, 0x0, 0xbf, 0xff, 0xff, 0xfd, 0x95, 0x10,
    0x0, 0x0, 0x2, 0x58, 0xcf, 0xff, 0xff, 0xb5,
    0x0, 0x0, 0x0, 0x0, 0x4, 0x8d, 0xff, 0x70,
    0x0, 0x0, 0x0, 0x0, 0x0, 0x2, 0x81, 0x0,

    /* U+30E0 "ム" */
    0x0, 0x0, 0x0, 0x6, 0x51, 0x0, 0x0, 0x0,
    0x0, 0x0, 0x0, 0x0, 0xf, 0xf7, 0x0, 0x0,
    0x0, 0x0, 0x0, 0x0, 0x0, 0x3f, 0xf1, 0x0,
    0x0, 0x0, 0x0, 0x0, 0x0, 0x0, 0x8f, 0xc0,
    0x0, 0x0, 0x0, 0x0, 0x0, 0x0, 0x0, 0xdf,
    0x70, 0x0, 0x0, 0x0, 0x0, 0x0, 0x0, 0x1,
    0xff, 0x20, 0x0, 0x0, 0x0, 0x0, 0x0, 0x0,
    0x6, 0xfd, 0x0, 0x0, 0x0, 0x0, 0x0, 0x0,
    0x0, 0xc, 0xf7, 0x0, 0x0, 0x14, 0x0, 0x0,
    0x0, 0x0, 0x1f, 0xf2, 0x0, 0x3, 0xff, 0x10,
    0x0, 0x0, 0x0, 0x6f, 0xd0, 0x0, 0x0, 0xbf,
    0xa0, 0x0, 0x0, 0x0, 0xcf, 0x70, 0x0, 0x0,
    0x2f, 0xf3, 0x0, 0x0, 0x1, 0xff, 0x20, 0x0,
    0x0, 0x9, 0xfc, 0x0, 0x0, 0x7, 0xfc, 0x0,
    0x23, 0x57, 0x9c, 0xff, 0x40, 0x59, 0x9e, 0xff,
    0xff, 0xff, 0xff, 0xff, 0xff, 0xc0, 0x7f, 0xff,
    0xff, 0xff, 0xec, 0xa8, 0x65, 0x5f, 0xf4, 0x3a,
    0x86, 0x53, 0x10, 0x0, 0x0, 0x0, 0xc, 0xfa,
    0x0, 0x0, 0x0, 0x0, 0x0, 0x0, 0x0, 0x4,
    0x50,

    /* U+30E1 "メ" */
    0x0, 0x0, 0x0, 0x0, 0x0, 0x0, 0x40, 0x0,
    0x0, 0x0, 0x0, 0x0, 0x0, 0x1, 0xff, 0x30,
    0x0, 0x0, 0x0, 0x0, 0x0, 0x6, 0xfe, 0x0,
    0x0, 0x3, 0x0, 0x0, 0x0, 0xc, 0xf8, 0x0,
    0x0, 0x2e, 0xe4, 0x0, 0x0, 0x3f, 0xf2, 0x0,
    0x0, 0x3d, 0xff, 0x90, 0x0, 0xaf, 0xa0, 0x0,
    0x0, 0x0, 0x8f, 0xfd, 0x33, 0xff, 0x20, 0x0,
    0x0, 0x0, 0x4, 0xef, 0xfe, 0xf9, 0x0, 0x0,
    0x0, 0x0, 0x0, 0x1b, 0xff, 0xf1, 0x0, 0x0,
    0x0, 0x0, 0x0, 0x7, 0xff, 0xfc, 0x10, 0x0,
    0x0, 0x0, 0x0, 0x5f, 0xfb, 0xff, 0xd2, 0x0,
    0x0, 0x0, 0x6, 0xff, 0xa0, 0x4f, 0xfe, 0x20,
    0x0, 0x0, 0x8f, 0xfa, 0x0, 0x3, 0xff, 0xe2,
    0x0, 0x2c, 0xff, 0x90, 0x0, 0x0, 0x3f, 0xf7,
    0x8, 0xff, 0xf6, 0x0, 0x0, 0x0, 0x4, 0x80,
    0x7f, 0xfd, 0x30, 0x0, 0x0, 0x0, 0x0, 0x0,
    0x6, 0x70, 0x0, 0x0, 0x0, 0x0, 0x0, 0x0,

    /* U+30E2 "モ" */
    0x3, 0x55, 0x55, 0x55, 0x55, 0x55, 0x55, 0x40,
    0x0, 0x7f, 0xff, 0xff, 0xff, 0xff, 0xff, 0xfb,
    0x0, 0x4, 0x88, 0x89, 0xff, 0x88, 0x88, 0x88,
    0x60, 0x0, 0x0, 0x0, 0x2f, 0xf0, 0x0, 0x0,
    0x0, 0x0, 0x0, 0x0, 0x2, 0xff, 0x0, 0x0,
    0x0, 0x0, 0x0, 0x0, 0x0, 0x2f, 0xf0, 0x0,
    0x0, 0x0, 0x0, 0xbd, 0xdd, 0xde, 0xff, 0xdd,
    0xdd, 0xdd, 0xde, 0x3c, 0xff, 0xff, 0xff, 0xff,
    0xff, 0xff, 0xff, 0xf3, 0x11, 0x11, 0x13, 0xff,
    0x11, 0x11, 0x11, 0x11, 0x0, 0x0, 0x0, 0x2f,
    0xf0, 0x0, 0x0, 0x0, 0x0, 0x0, 0x0, 0x2,
    0xff, 0x0, 0x0, 0x0, 0x0, 0x0, 0x0, 0x0,
    0x2f, 0xf0, 0x0, 0x0, 0x0, 0x0, 0x0, 0x0,
    0x2, 0xff, 0x40, 0x0, 0x0, 0x0, 0x0, 0x0,
    0x0, 0xe, 0xff, 0xdc, 0xcd, 0xef, 0x90, 0x0,
    0x0, 0x0, 0x4e, 0xff, 0xff, 0xff, 0xf8, 0x0,
    0x0, 0x0, 0x0, 0x2, 0x44, 0x33, 0x22, 0x0,

    /* U+30E3 "ャ" */
    0x0, 0x0, 0x14, 0x0, 0x0, 0x0, 0x0, 0x0,
    0x0, 0x1, 0xff, 0x0, 0x0, 0x0, 0x0, 0x0,
    0x0, 0x0, 0xbf, 0x40, 0x0, 0x0, 0x3, 0x30,
    0x0, 0x0, 0x7f, 0x90, 0x36, 0x9c, 0xff, 0xf3,
    0x0, 0x14, 0x9f, 0xff, 0xff, 0xfe, 0xef, 0xd0,
    0xf, 0xff, 0xff, 0xfc, 0x85, 0x20, 0xdf, 0x30,
    0xc, 0xc8, 0x5b, 0xf6, 0x0, 0xa, 0xf8, 0x0,
    0x0, 0x0, 0x6, 0xfa, 0x0, 0x7f, 0xc0, 0x0,
    0x0, 0x0, 0x1, 0xfe, 0x3, 0xfe, 0x10, 0x0,
    0x0, 0x0, 0x0, 0xdf, 0x30, 0x22, 0x0, 0x0,
    0x0, 0x0, 0x0, 0x9f, 0x80, 0x0, 0x0, 0x0,
    0x0, 0x0, 0x0, 0x4f, 0xc0, 0x0, 0x0, 0x0,
    0x0, 0x0, 0x0, 0xf, 0xf1, 0x0, 0x0, 0x0,
    0x0, 0x0, 0x0, 0xc, 0xf6, 0x0, 0x0, 0x0,
    0x0, 0x0, 0x0, 0x7, 0xa4, 0x0, 0x0, 0x0,

    /* U+30E4 "ヤ" */
    0x0, 0x0, 0x0, 0x0, 0x0, 0x0, 0x0, 0x0,
    0x0, 0x0, 0x2, 0xbf, 0x0, 0x0, 0x0, 0x0,
    0x0, 0x0, 0x0, 0x0, 0xef, 0x40, 0x0, 0x0,
    0x0, 0x0, 0x0, 0x0, 0x0, 0xaf, 0x80, 0x0,
    0x0, 0x0, 0x37, 0x60, 0x0, 0x0, 0x6f, 0xd0,
    0x14, 0x7a, 0xdf, 0xff, 0xf5, 0x0, 0x2, 0x6f,
    0xfe, 0xff, 0xff, 0xfd, 0xef, 0xe0, 0x8c, 0xff,
    0xff, 0xff, 0xea, 0x74, 0x11, 0xef, 0x40, 0x9f,
    0xfe, 0xbc, 0xfa, 0x0, 0x0, 0xc, 0xfa, 0x0,
    0x25, 0x10, 0x4, 0xfe, 0x0, 0x0, 0x9f, 0xd0,
    0x0, 0x0, 0x0, 0x0, 0xff, 0x30, 0x8, 0xff,
    0x20, 0x0, 0x0, 0x0, 0x0, 0xbf, 0x80, 0x3e,
    0xf5, 0x0, 0x0, 0x0, 0x0, 0x0, 0x7f, 0xc0,
    0x0, 0x40, 0x0, 0x0, 0x0, 0x0, 0x0, 0x3f,
    0xf0, 0x0, 0x0, 0x0, 0x0, 0x0, 0x0, 0x0,
    0xe, 0xf5, 0x0, 0x0, 0x0, 0x0, 0x0, 0x0,
    0x0, 0xa, 0xf9, 0x0, 0x0, 0x0, 0x0, 0x0,
    0x0, 0x0, 0x6, 0xfe, 0x0, 0x0, 0x0, 0x0,
    0x0, 0x0, 0x0, 0x2, 0xff, 0x30, 0x0, 0x0,
    0x0, 0x0, 0x0, 0x0, 0x0, 0xdc, 0x40, 0x0,
    0x0, 0x0, 0x0, 0x0, 0x0, 0x0, 0x0, 0x0,
    0x0, 0x0, 0x0,

    /* U+30E5 "ュ" */
    0x0, 0x1, 0x0, 0x0, 0x0, 0x11, 0x0, 0x0,
    0x0, 0x3f, 0xff, 0xff, 0xff, 0xff, 0x90, 0x0,
    0x0, 0x3e, 0xdd, 0xdd, 0xdd, 0xef, 0xb0, 0x0,
    0x0, 0x0, 0x0, 0x0, 0x0, 0x8f, 0x90, 0x0,
    0x0, 0x0, 0x0, 0x0, 0x0, 0xbf, 0x70, 0x0,
    0x0, 0x0, 0x0, 0x0, 0x0, 0xdf, 0x40, 0x0,
    0x0, 0x0, 0x0, 0x0, 0x0, 0xff, 0x20, 0x0,
    0x0, 0x0, 0x0, 0x0, 0x2, 0xff, 0x0, 0x0,
    0x0, 0x0, 0x0, 0x0, 0x4, 0xfd, 0x0, 0x0,
    0x1f, 0xee, 0xee, 0xee, 0xef, 0xff, 0xee, 0xf3,
    0x1f, 0xff, 0xff, 0xff, 0xff, 0xff, 0xff, 0xf3,
    0x0, 0x0, 0x0, 0x0, 0x0, 0x0, 0x0, 0x0,

    /* U+30E6 "ユ" */
    0x0, 0x5, 0x44, 0x44, 0x44, 0x44, 0x56, 0x0,
    0x0, 0x0, 0xf, 0xff, 0xff, 0xff, 0xff, 0xff,
    0xe0, 0x0, 0x0, 0xc, 0xbb, 0xbb, 0xbb, 0xbb,
    0xdf, 0xe0, 0x0, 0x0, 0x0, 0x0, 0x0, 0x0,
    0x0, 0x9f, 0xb0, 0x0, 0x0, 0x0, 0x0, 0x0,
    0x0, 0x0, 0xbf, 0x90, 0x0, 0x0, 0x0, 0x0,
    0x0, 0x0, 0x0, 0xdf, 0x70, 0x0, 0x0, 0x0,
    0x0, 0x0, 0x0, 0x0, 0xff, 0x40, 0x0, 0x0,
    0x0, 0x0, 0x0, 0x0, 0x2, 0xff, 0x20, 0x0,
    0x0, 0x0, 0x0, 0x0, 0x0, 0x4, 0xff, 0x0,
    0x0, 0x0, 0x0, 0x0, 0x0, 0x0, 0x7, 0xfd,
    0x0, 0x0, 0x0, 0x0, 0x0, 0x0, 0x0, 0x9,
    0xfa, 0x0, 0x0, 0x4f, 0xff, 0xff, 0xff, 0xff,
    0xff, 0xff, 0xff, 0xfc, 0x4f, 0xff, 0xff, 0xff,
    0xff, 0xff, 0xff, 0xff, 0xfc, 0x2, 0x11, 0x11,
    0x11, 0x11, 0x11, 0x11, 0x11, 0x11,

    /* U+30E7 "ョ" */
    0x0, 0x0, 0x0, 0x0, 0x0, 0x0, 0x6f, 0xff,
    0xff, 0xff, 0xff, 0xfd, 0x5c, 0xcc, 0xcc, 0xcc,
    0xcc, 0xfd, 0x0, 0x0, 0x0, 0x0, 0x2, 0xfd,
    0x0, 0x0, 0x0, 0x0, 0x2, 0xfd, 0x2, 0x11,
    0x11, 0x11, 0x13, 0xfd, 0xf, 0xff, 0xff, 0xff,
    0xff, 0xfd, 0xa, 0xbb, 0xbb, 0xbb, 0xbb, 0xfd,
    0x0, 0x0, 0x0, 0x0, 0x2, 0xfd, 0x0, 0x0,
    0x0, 0x0, 0x2, 0xfd, 0x22, 0x22, 0x22, 0x22,
    0x24, 0xfd, 0xaf, 0xff, 0xff, 0xff, 0xff, 0xfd,
    0x7b, 0xbb, 0xbb, 0xbb, 0xbb, 0xfd, 0x0, 0x0,
    0x0, 0x0, 0x2, 0xfd,

    /* U+30E8 "ヨ" */
    0x0, 0x0, 0x0, 0x0, 0x0, 0x0, 0x0, 0x8f,
    0xff, 0xff, 0xff, 0xff, 0xff, 0xff, 0x7e, 0xee,
    0xee, 0xee, 0xee, 0xee, 0xff, 0x0, 0x0, 0x0,
    0x0, 0x0, 0x2, 0xff, 0x0, 0x0, 0x0, 0x0,
    0x0, 0x2, 0xff, 0x0, 0x0, 0x0, 0x0, 0x0,
    0x2, 0xff, 0x3, 0x32, 0x22, 0x22, 0x22, 0x24,
    0xff, 0xe, 0xff, 0xff, 0xff, 0xff, 0xff, 0xff,
    0xb, 0xbb, 0xbb, 0xbb, 0xbb, 0xbc, 0xff, 0x0,
    0x0, 0x0, 0x0, 0x0, 0x2, 0xff, 0x0, 0x0,
    0x0, 0x0, 0x0, 0x2, 0xff, 0x0, 0x0, 0x0,
    0x0, 0x0, 0x2, 0xff, 0x22, 0x22, 0x22, 0x22,
    0x22, 0x24, 0xff, 0xcf, 0xff, 0xff, 0xff, 0xff,
    0xff, 0xff, 0xbd, 0xdd, 0xdd, 0xdd, 0xdd, 0xdd,
    0xff, 0x0, 0x0, 0x0, 0x0, 0x0, 0x2, 0xdc,

    /* U+30E9 "ラ" */
    0x0, 0x0, 0x0, 0x0, 0x0, 0x0, 0x0, 0x0,
    0x0, 0x9f, 0xff, 0xff, 0xff, 0xff, 0xff, 0x10,
    0x0, 0x8e, 0xee, 0xee, 0xee, 0xee, 0xef, 0x10,
    0x0, 0x0, 0x0, 0x0, 0x0, 0x0, 0x0, 0x0,
    0x0, 0x0, 0x0, 0x0, 0x0, 0x0, 0x0, 0x0,
    0x12, 0x11, 0x11, 0x11, 0x11, 0x11, 0x11, 0x10,
    0x6f, 0xff, 0xff, 0xff, 0xff, 0xff, 0xff, 0xf5,
    0x5d, 0xcc, 0xcc, 0xcc, 0xcc, 0xcc, 0xdf, 0xf4,
    0x0, 0x0, 0x0, 0x0, 0x0, 0x0, 0x5f, 0xe0,
    0x0, 0x0, 0x0, 0x0, 0x0, 0x0, 0xbf, 0x80,
    0x0, 0x0, 0x0, 0x0, 0x0, 0x4, 0xff, 0x10,
    0x0, 0x0, 0x0, 0x0, 0x0, 0x2e, 0xf8, 0x0,
    0x0, 0x0, 0x0, 0x0, 0x3, 0xef, 0xc0, 0x0,
    0x0, 0x0, 0x0, 0x0, 0x7f, 0xfc, 0x0, 0x0,
    0x0, 0x0, 0x1, 0x7e, 0xff, 0xa0, 0x0, 0x0,
    0x0, 0x1, 0xcf, 0xff, 0xe5, 0x0, 0x0, 0x0,
    0x0, 0x0, 0x6f, 0xc6, 0x0, 0x0, 0x0, 0x0,
    0x0, 0x0, 0x1, 0x0, 0x0, 0x0, 0x0, 0x0,

    /* U+30EA "リ" */
    0x0, 0x0, 0x0, 0x0, 0x1, 0x10, 0xdf, 0x40,
    0x0, 0x0, 0xe, 0xf5, 0xef, 0x40, 0x0, 0x0,
    0xd, 0xf5, 0xef, 0x40, 0x0, 0x0, 0xd, 0xf5,
    0xef, 0x40, 0x0, 0x0, 0xd, 0xf5, 0xef, 0x40,
    0x0, 0x0, 0xd, 0xf5, 0xef, 0x40, 0x0, 0x0,
    0xd, 0xf5, 0xef, 0x40, 0x0, 0x0, 0xe, 0xf4,
    0xef, 0x40, 0x0, 0x0, 0xf, 0xf4, 0xef, 0x40,
    0x0, 0x0, 0xf, 0xf2, 0xcd, 0x40, 0x0, 0x0,
    0x3f, 0xf0, 0x0, 0x0, 0x0, 0x0, 0x9f, 0xb0,
    0x0, 0x0, 0x0, 0x3, 0xff, 0x50, 0x0, 0x0,
    0x0, 0x3e, 0xfb, 0x0, 0x0, 0x0, 0x29, 0xff,
    0xd1, 0x0, 0x0, 0xa, 0xff, 0xfb, 0x10, 0x0,
    0x0, 0x3, 0xfc, 0x40, 0x0, 0x0, 0x0, 0x0,
    0x0, 0x0, 0x0, 0x0,

    /* U+30EB "ル" */
    0x0, 0x0, 0x11, 0x0, 0x2, 0x20, 0x0, 0x0,
    0x0, 0x0, 0x0, 0xff, 0x30, 0xd, 0xf5, 0x0,
    0x0, 0x0, 0x0, 0x0, 0xef, 0x30, 0xc, 0xf5,
    0x0, 0x0, 0x0, 0x0, 0x0, 0xef, 0x20, 0xc,
    0xf5, 0x0, 0x0, 0x0, 0x0, 0x0, 0xef, 0x20,
    0xc, 0xf5, 0x0, 0x0, 0x0, 0x0, 0x0, 0xef,
    0x20, 0xc, 0xf5, 0x0, 0x0, 0x0, 0x0, 0x0,
    0xff, 0x10, 0xc, 0xf5, 0x0, 0x0, 0x0, 0x0,
    0x0, 0xff, 0x0, 0xc, 0xf5, 0x0, 0x0, 0x0,
    0x0, 0x1, 0xff, 0x0, 0xc, 0xf5, 0x0, 0x0,
    0x0, 0x0, 0x3, 0xfd, 0x0, 0xc, 0xf5, 0x0,
    0x0, 0xa3, 0x0, 0x7, 0xfb, 0x0, 0xc, 0xf5,
    0x0, 0x8, 0xfc, 0x0, 0xd, 0xf6, 0x0, 0xc,
    0xf5, 0x0, 0x9f, 0xf4, 0x0, 0x5f, 0xf1, 0x0,
    0xc, 0xf5, 0x2c, 0xff, 0x50, 0x1, 0xef, 0x90,
    0x0, 0xc, 0xfc, 0xff, 0xe3, 0x0, 0x1c, 0xfe,
    0x10, 0x0, 0xc, 0xff, 0xfc, 0x10, 0x0, 0x8f,
    0xf3, 0x0, 0x0, 0xc, 0xfe, 0x60, 0x0, 0x0,
    0x5, 0x30, 0x0, 0x0, 0x1, 0x70, 0x0, 0x0,
    0x0,

    /* U+30EC "レ" */
    0x0, 0x0, 0x0, 0x0, 0x0, 0x0, 0x0, 0x0,
    0xe, 0xf7, 0x0, 0x0, 0x0, 0x0, 0x0, 0x0,
    0xd, 0xf5, 0x0, 0x0, 0x0, 0x0, 0x0, 0x0,
    0xc, 0xf5, 0x0, 0x0, 0x0, 0x0, 0x0, 0x0,
    0xc, 0xf5, 0x0, 0x0, 0x0, 0x0, 0x0, 0x0,
    0xc, 0xf5, 0x0, 0x0, 0x0, 0x0, 0x0, 0x0,
    0xc, 0xf5, 0x0, 0x0, 0x0, 0x0, 0x0, 0x0,
    0xc, 0xf5, 0x0, 0x0, 0x0, 0x0, 0x4, 0x30,
    0xc, 0xf5, 0x0, 0x0, 0x0, 0x0, 0x4f, 0xc0,
    0xc, 0xf5, 0x0, 0x0, 0x0, 0x5, 0xff, 0xa0,
    0xc, 0xf5, 0x0, 0x0, 0x0, 0x9f, 0xfa, 0x0,
    0xc, 0xf5, 0x0, 0x0, 0x4d, 0xff, 0x80, 0x0,
    0xc, 0xf5, 0x0, 0x3b, 0xff, 0xe4, 0x0, 0x0,
    0xc, 0xf7, 0x6c, 0xff, 0xf8, 0x10, 0x0, 0x0,
    0xd, 0xff, 0xff, 0xf9, 0x10, 0x0, 0x0, 0x0,
    0xb, 0xff, 0xc6, 0x10, 0x0, 0x0, 0x0, 0x0,
    0x0, 0x62, 0x0, 0x0, 0x0, 0x0, 0x0, 0x0,

    /* U+30ED "ロ" */
    0x2f, 0xee, 0xee, 0xee, 0xee, 0xee, 0xee, 0xe4,
    0x2f, 0xff, 0xff, 0xff, 0xff, 0xff, 0xff, 0xf4,
    0x2f, 0xe1, 0x11, 0x11, 0x11, 0x11, 0x1d, 0xf4,
    0x2f, 0xe0, 0x0, 0x0, 0x0, 0x0, 0xd, 0xf4,
    0x2f, 0xe0, 0x0, 0x0, 0x0, 0x0, 0xd, 0xf4,
    0x2f, 0xe0, 0x0, 0x0, 0x0, 0x0, 0xd, 0xf4,
    0x2f, 0xe0, 0x0, 0x0, 0x0, 0x0, 0xd, 0xf4,
    0x2f, 0xe0, 0x0, 0x0, 0x0, 0x0, 0xd, 0xf4,
    0x2f, 0xe0, 0x0, 0x0, 0x0, 0x0, 0xd, 0xf4,
    0x2f, 0xe0, 0x0, 0x0, 0x0, 0x0, 0xd, 0xf4,
    0x2f, 0xe0, 0x0, 0x0, 0x0, 0x0, 0xd, 0xf4,
    0x2f, 0xff, 0xff, 0xff, 0xff, 0xff, 0xff, 0xf4,
    0x3f, 0xff, 0xff, 0xff, 0xff, 0xff, 0xff, 0xf4,
    0x3f, 0xe0, 0x0, 0x0, 0x0, 0x0, 0xd, 0xf5,
    0x2, 0x20, 0x0, 0x0, 0x0, 0x0, 0x2, 0x20,

    /* U+30EE "ヮ" */
    0x2e, 0xdd, 0xdd, 0xdd, 0xdd, 0xdd, 0xe6, 0x2f,
    0xff, 0xff, 0xff, 0xff, 0xff, 0xfc, 0x2f, 0xe0,
    0x0, 0x0, 0x0, 0x9, 0xf8, 0x2f, 0xe0, 0x0,
    0x0, 0x0, 0xc, 0xf5, 0x2f, 0xe0, 0x0, 0x0,
    0x0, 0xf, 0xf2, 0x2f, 0xe0, 0x0, 0x0, 0x0,
    0x5f, 0xd0, 0x1, 0x0, 0x0, 0x0, 0x0, 0xdf,
    0x80, 0x0, 0x0, 0x0, 0x0, 0x8, 0xff, 0x10,
    0x0, 0x0, 0x0, 0x0, 0x7f, 0xf5, 0x0, 0x0,
    0x0, 0x0, 0x1a, 0xff, 0x70, 0x0, 0x0, 0x0,
    0x28, 0xff, 0xf6, 0x0, 0x0, 0x0, 0x1, 0xef,
    0xfc, 0x30, 0x0, 0x0, 0x0, 0x0, 0x2a, 0x40,
    0x0, 0x0, 0x0,

    /* U+30EF "ワ" */
    0x1, 0x0, 0x0, 0x0, 0x0, 0x0, 0x0, 0x10,
    0x4f, 0xff, 0xff, 0xff, 0xff, 0xff, 0xff, 0xf7,
    0x3f, 0xfe, 0xee, 0xee, 0xee, 0xee, 0xef, 0xfc,
    0x3f, 0xe0, 0x0, 0x0, 0x0, 0x0, 0xc, 0xf9,
    0x3f, 0xe0, 0x0, 0x0, 0x0, 0x0, 0xe, 0xf6,
    0x3f, 0xe0, 0x0, 0x0, 0x0, 0x0, 0x1f, 0xf3,
    0x3f, 0xe0, 0x0, 0x0, 0x0, 0x0, 0x5f, 0xf0,
    0x4f, 0xf0, 0x0, 0x0, 0x0, 0x0, 0xaf, 0xb0,
    0x1, 0x10, 0x0, 0x0, 0x0, 0x1, 0xff, 0x50,
    0x0, 0x0, 0x0, 0x0, 0x0, 0xa, 0xfd, 0x0,
    0x0, 0x0, 0x0, 0x0, 0x0, 0x7f, 0xf4, 0x0,
    0x0, 0x0, 0x0, 0x0, 0x7, 0xff, 0x90, 0x0,
    0x0, 0x0, 0x0, 0x2, 0xbf, 0xfa, 0x0, 0x0,
    0x0, 0x0, 0x2, 0x9f, 0xff, 0x80, 0x0, 0x0,
    0x0, 0x0, 0x8f, 0xff, 0xd4, 0x0, 0x0, 0x0,
    0x0, 0x0, 0xb, 0xc5, 0x0, 0x0, 0x0, 0x0,
    0x0, 0x0, 0x0, 0x0, 0x0, 0x0, 0x0, 0x0,

    /* U+30F0 "ヰ" */
    0x0, 0x0, 0x0, 0x0, 0x0, 0xb, 0xc2, 0x0,
    0x0, 0x0, 0x0, 0x0, 0x0, 0x0, 0xe, 0xf2,
    0x0, 0x0, 0x0, 0x0, 0x0, 0x0, 0x0, 0xe,
    0xf2, 0x0, 0x0, 0x5, 0xcb, 0xbb, 0xbb, 0xbb,
    0xbf, 0xfc, 0xbb, 0xb0, 0x7, 0xff, 0xff, 0xff,
    0xff, 0xff, 0xff, 0xff, 0xe0, 0x1, 0x22, 0x3f,
    0xe2, 0x22, 0x2e, 0xf4, 0x22, 0x20, 0x0, 0x0,
    0x1f, 0xe0, 0x0, 0xe, 0xf2, 0x0, 0x0, 0x0,
    0x0, 0x1f, 0xe0, 0x0, 0xe, 0xf2, 0x0, 0x0,
    0x0, 0x0, 0x1f, 0xe0, 0x0, 0xe, 0xf2, 0x0,
    0x0, 0x0, 0x0, 0x1f, 0xe0, 0x0, 0xe, 0xf2,
    0x0, 0x0, 0x1, 0x0, 0x1f, 0xe0, 0x0, 0xe,
    0xf2, 0x0, 0x0, 0x2f, 0xff, 0xff, 0xff, 0xff,
    0xff, 0xff, 0xff, 0xf5, 0x2f, 0xee, 0xee, 0xee,
    0xee, 0xef, 0xfe, 0xee, 0xe5, 0x0, 0x0, 0x0,
    0x0, 0x0, 0xe, 0xf2, 0x0, 0x0, 0x0, 0x0,
    0x0, 0x0, 0x0, 0xe, 0xf2, 0x0, 0x0, 0x0,
    0x0, 0x0, 0x0, 0x0, 0xe, 0xf2, 0x0, 0x0,
    0x0, 0x0, 0x0, 0x0, 0x0, 0xf, 0xf2, 0x0,
    0x0, 0x0, 0x0, 0x0, 0x0, 0x0, 0x1, 0x10,
    0x0, 0x0,

    /* U+30F1 "ヱ" */
    0x0, 0x0, 0x0, 0x0, 0x0, 0x0, 0x0, 0x0,
    0x0, 0x2, 0xff, 0xff, 0xff, 0xff, 0xff, 0xff,
    0xff, 0xd2, 0x2, 0xff, 0xff, 0xff, 0xff, 0xff,
    0xff, 0xff, 0xe1, 0x0, 0x10, 0x0, 0x0, 0x0,
    0x0, 0x1, 0xdf, 0x60, 0x0, 0x0, 0x0, 0x3,
    0xaa, 0x0, 0xb, 0xfb, 0x0, 0x0, 0x0, 0x0,
    0x4, 0xfe, 0x0, 0xaf, 0xd1, 0x0, 0x0, 0x0,
    0x0, 0x4, 0xfe, 0x8, 0xfe, 0x20, 0x0, 0x0,
    0x0, 0x0, 0x4, 0xfe, 0x0, 0x62, 0x0, 0x0,
    0x0, 0x0, 0x0, 0x4, 0xfe, 0x0, 0x0, 0x0,
    0x0, 0x0, 0x0, 0x0, 0x4, 0xfe, 0x0, 0x0,
    0x0, 0x0, 0x0, 0x0, 0x0, 0x4, 0xfe, 0x0,
    0x0, 0x0, 0x0, 0x0, 0x0, 0x0, 0x4, 0xfe,
    0x0, 0x0, 0x0, 0x0, 0x4f, 0xee, 0xee, 0xee,
    0xff, 0xee, 0xee, 0xee, 0xeb, 0x4f, 0xff, 0xff,
    0xff, 0xff, 0xff, 0xff, 0xff, 0xfc, 0x13, 0x33,
    0x33, 0x33, 0x33, 0x33, 0x33, 0x33, 0x33,

    /* U+30F2 "ヲ" */
    0x43, 0x33, 0x33, 0x33, 0x33, 0x33, 0x32, 0xe,
    0xff, 0xff, 0xff, 0xff, 0xff, 0xff, 0xf7, 0xbc,
    0xbb, 0xbb, 0xbb, 0xbb, 0xbb, 0xff, 0x80, 0x0,
    0x0, 0x0, 0x0, 0x0, 0xe, 0xf4, 0x0, 0x0,
    0x0, 0x0, 0x0, 0x1, 0xff, 0x10, 0x0, 0x0,
    0x0, 0x0, 0x0, 0x5f, 0xd0, 0x6f, 0xff, 0xff,
    0xff, 0xff, 0xff, 0xf9, 0x5, 0xed, 0xdd, 0xdd,
    0xdd, 0xde, 0xff, 0x30, 0x0, 0x0, 0x0, 0x0,
    0x0, 0x7f, 0xd0, 0x0, 0x0, 0x0, 0x0, 0x0,
    0x2f, 0xf5, 0x0, 0x0, 0x0, 0x0, 0x0, 0x1d,
    0xfb, 0x0, 0x0, 0x0, 0x0, 0x0, 0x2d, 0xfd,
    0x10, 0x0, 0x0, 0x0, 0x0, 0x6f, 0xfd, 0x20,
    0x0, 0x0, 0x0, 0x5, 0xdf, 0xfc, 0x10, 0x0,
    0x0, 0x0, 0x7f, 0xff, 0xe6, 0x0, 0x0, 0x0,
    0x0, 0x1, 0xdd, 0x70, 0x0, 0x0, 0x0, 0x0,
    0x0, 0x0, 0x0, 0x0, 0x0, 0x0, 0x0, 0x0,

    /* U+30F3 "ン" */
    0x0, 0xa5, 0x0, 0x0, 0x0, 0x0, 0x0, 0x0,
    0x0, 0x8f, 0xf8, 0x0, 0x0, 0x0, 0x0, 0x0,
    0x0, 0x0, 0xaf, 0xfb, 0x10, 0x0, 0x0, 0x0,
    0x0, 0x0, 0x0, 0x7f, 0xfd, 0x10, 0x0, 0x0,
    0x0, 0x60, 0x0, 0x0, 0x5f, 0xf7, 0x0, 0x0,
    0x0, 0x5f, 0x20, 0x0, 0x0, 0x48, 0x0, 0x0,
    0x0, 0x1e, 0xf7, 0x0, 0x0, 0x0, 0x0, 0x0,
    0x0, 0xc, 0xfd, 0x0, 0x0, 0x0, 0x0, 0x0,
    0x0, 0xa, 0xff, 0x30, 0x0, 0x0, 0x0, 0x0,
    0x0, 0xa, 0xff, 0x50, 0x0, 0x0, 0x0, 0x0,
    0x0, 0x1c, 0xff, 0x60, 0x0, 0x0, 0x0, 0x0,
    0x0, 0x5e, 0xff, 0x50, 0x0, 0x0, 0x0, 0x0,
    0x4, 0xcf, 0xfe, 0x30, 0x0, 0x0, 0x0, 0x2,
    0x7d, 0xff, 0xf9, 0x10, 0x0, 0x0, 0x2, 0xae,
    0xff, 0xff, 0xb3, 0x0, 0x0, 0x0, 0x0, 0xb,
    0xff, 0xe9, 0x20, 0x0, 0x0, 0x0, 0x0, 0x0,
    0x26, 0x30, 0x0, 0x0, 0x0, 0x0, 0x0, 0x0,

    /* U+30F4 "ヴ" */
    0x0, 0x0, 0x0, 0x0, 0x0, 0x0, 0x0, 0x11,
    0x0, 0x0, 0x0, 0x2, 0x20, 0x0, 0x17, 0xd,
    0xb0, 0x0, 0x0, 0x0, 0xff, 0x40, 0x2, 0xf7,
    0x4f, 0x50, 0x0, 0x0, 0xe, 0xf4, 0x0, 0x8,
    0xf1, 0xa7, 0x0, 0x0, 0x0, 0xef, 0x40, 0x0,
    0x17, 0x10, 0xc, 0xcc, 0xcc, 0xcf, 0xfd, 0xcc,
    0xcc, 0xe8, 0x0, 0xef, 0xff, 0xff, 0xff, 0xff,
    0xff, 0xff, 0xf0, 0xe, 0xf3, 0x11, 0x11, 0x11,
    0x11, 0x19, 0xfc, 0x0, 0xef, 0x10, 0x0, 0x0,
    0x0, 0x0, 0xbf, 0x90, 0xe, 0xf1, 0x0, 0x0,
    0x0, 0x0, 0xf, 0xf5, 0x0, 0xef, 0x10, 0x0,
    0x0, 0x0, 0x4, 0xff, 0x0, 0xa, 0xb1, 0x0,
    0x0, 0x0, 0x0, 0xaf, 0xa0, 0x0, 0x0, 0x0,
    0x0, 0x0, 0x0, 0x3f, 0xf3, 0x0, 0x0, 0x0,
    0x0, 0x0, 0x0, 0x1e, 0xfb, 0x0, 0x0, 0x0,
    0x0, 0x0, 0x0, 0x2d, 0xfe, 0x10, 0x0, 0x0,
    0x0, 0x0, 0x0, 0x6f, 0xfe, 0x20, 0x0, 0x0,
    0x0, 0x0, 0x38, 0xef, 0xfc, 0x20, 0x0, 0x0,
    0x0, 0x0, 0x3f, 0xff, 0xe7, 0x0, 0x0, 0x0,
    0x0, 0x0, 0x0, 0x6c, 0x60, 0x0, 0x0, 0x0,
    0x0, 0x0,

    /* U+30F5 "ヵ" */
    0x0, 0x0, 0x8, 0xa2, 0x0, 0x0, 0x0, 0x0,
    0x0, 0xb, 0xf3, 0x0, 0x0, 0x0, 0x0, 0x0,
    0xb, 0xf2, 0x0, 0x0, 0x0, 0x6b, 0xaa, 0xae,
    0xfb, 0xaa, 0xab, 0x70, 0x8f, 0xff, 0xff, 0xff,
    0xff, 0xff, 0xf0, 0x12, 0x22, 0x2f, 0xe2, 0x22,
    0x2e, 0xf0, 0x0, 0x0, 0x2f, 0xb0, 0x0, 0xe,
    0xe0, 0x0, 0x0, 0x7f, 0x70, 0x0, 0xf, 0xd0,
    0x0, 0x0, 0xcf, 0x20, 0x0, 0xf, 0xc0, 0x0,
    0x4, 0xfc, 0x0, 0x0, 0x2f, 0xb0, 0x0, 0x1e,
    0xf5, 0x0, 0x0, 0x4f, 0x90, 0x1, 0xcf, 0xb0,
    0x0, 0x0, 0x9f, 0x60, 0x4e, 0xfd, 0x10, 0xe,
    0xcb, 0xff, 0x20, 0x5f, 0xc1, 0x0, 0xe, 0xff,
    0xf8, 0x0, 0x2, 0x0, 0x0, 0x0, 0x1, 0x0,
    0x0,

    /* U+30F6 "ヶ" */
    0x0, 0x0, 0x0, 0x0, 0x0, 0x0, 0x0, 0x0,
    0x0, 0x0, 0x7f, 0x90, 0x0, 0x0, 0x0, 0x0,
    0x0, 0x0, 0xbf, 0x60, 0x0, 0x0, 0x0, 0x0,
    0x0, 0x1, 0xff, 0x11, 0x11, 0x11, 0x11, 0x10,
    0x0, 0x9, 0xff, 0xff, 0xff, 0xff, 0xff, 0xf2,
    0x0, 0x4f, 0xfc, 0xcc, 0xcf, 0xfc, 0xcc, 0xc2,
    0x2, 0xef, 0x60, 0x0, 0x4f, 0xb0, 0x0, 0x0,
    0x2d, 0xfa, 0x0, 0x0, 0x7f, 0x90, 0x0, 0x0,
    0x4d, 0xc0, 0x0, 0x0, 0xbf, 0x50, 0x0, 0x0,
    0x0, 0x0, 0x0, 0x2, 0xff, 0x10, 0x0, 0x0,
    0x0, 0x0, 0x0, 0xa, 0xfa, 0x0, 0x0, 0x0,
    0x0, 0x0, 0x0, 0x6f, 0xf2, 0x0, 0x0, 0x0,
    0x0, 0x0, 0x6, 0xff, 0x70, 0x0, 0x0, 0x0,
    0x0, 0x0, 0xbf, 0xf9, 0x0, 0x0, 0x0, 0x0,
    0x0, 0x0, 0x3c, 0x60, 0x0, 0x0, 0x0, 0x0,

    /* U+30F7 "ヷ" */
    0x0, 0x0, 0x0, 0x0, 0x0, 0x0, 0x0, 0x24,
    0x0, 0x0, 0x0, 0x0, 0x0, 0x0, 0x4d, 0x29,
    0xf2, 0x0, 0x0, 0x0, 0x0, 0x0, 0x1, 0xfa,
    0x1f, 0xa0, 0x0, 0x0, 0x0, 0x0, 0x0, 0x7,
    0x90, 0x31, 0xdd, 0xdd, 0xdd, 0xdd, 0xdd, 0xdd,
    0xde, 0x80, 0xe, 0xff, 0xff, 0xff, 0xff, 0xff,
    0xff, 0xff, 0x20, 0xef, 0x51, 0x11, 0x11, 0x11,
    0x11, 0x7f, 0xf0, 0xe, 0xf4, 0x0, 0x0, 0x0,
    0x0, 0x8, 0xfc, 0x0, 0xef, 0x40, 0x0, 0x0,
    0x0, 0x0, 0xbf, 0x90, 0xe, 0xf4, 0x0, 0x0,
    0x0, 0x0, 0xf, 0xf5, 0x0, 0xef, 0x40, 0x0,
    0x0, 0x0, 0x4, 0xff, 0x10, 0x3, 0x31, 0x0,
    0x0, 0x0, 0x0, 0xaf, 0xc0, 0x0, 0x0, 0x0,
    0x0, 0x0, 0x0, 0x3f, 0xf5, 0x0, 0x0, 0x0,
    0x0, 0x0, 0x0, 0x1e, 0xfb, 0x0, 0x0, 0x0,
    0x0, 0x0, 0x0, 0x1d, 0xfe, 0x10, 0x0, 0x0,
    0x0, 0x0, 0x0, 0x5e, 0xff, 0x30, 0x0, 0x0,
    0x0, 0x0, 0x4, 0xcf, 0xfe, 0x30, 0x0, 0x0,
    0x0, 0x0, 0x3e, 0xff, 0xfa, 0x10, 0x0, 0x0,
    0x0, 0x0, 0x0, 0x9f, 0xb3, 0x0, 0x0, 0x0,
    0x0, 0x0, 0x0, 0x0, 0x10, 0x0, 0x0, 0x0,
    0x0, 0x0,

    /* U+30F8 "ヸ" */
    0x0, 0x0, 0x0, 0x0, 0x0, 0x0, 0x0, 0x0,
    0x42, 0x0, 0x0, 0x0, 0x0, 0x0, 0x0, 0x44,
    0x8, 0x59, 0xb0, 0x0, 0x0, 0x0, 0x0, 0x0,
    0xe, 0xf2, 0x7d, 0x2f, 0x20, 0x0, 0x0, 0x0,
    0x0, 0x0, 0xef, 0x21, 0xf2, 0x51, 0x2, 0x33,
    0x33, 0x33, 0x33, 0x3e, 0xf5, 0x34, 0x40, 0x0,
    0x8f, 0xff, 0xff, 0xff, 0xff, 0xff, 0xff, 0xfe,
    0x0, 0x6, 0xaa, 0xbf, 0xfa, 0xaa, 0xaf, 0xfb,
    0xaa, 0x90, 0x0, 0x0, 0x3, 0xfc, 0x0, 0x0,
    0xef, 0x20, 0x0, 0x0, 0x0, 0x0, 0x3f, 0xc0,
    0x0, 0xe, 0xf2, 0x0, 0x0, 0x0, 0x0, 0x3,
    0xfc, 0x0, 0x0, 0xef, 0x20, 0x0, 0x0, 0x0,
    0x0, 0x3f, 0xc0, 0x0, 0xe, 0xf2, 0x0, 0x0,
    0x0, 0x0, 0x3, 0xfc, 0x0, 0x0, 0xef, 0x20,
    0x0, 0x0, 0x4f, 0xff, 0xff, 0xff, 0xff, 0xff,
    0xff, 0xff, 0xf6, 0x4, 0xff, 0xff, 0xff, 0xff,
    0xff, 0xff, 0xff, 0xff, 0x60, 0x0, 0x0, 0x0,
    0x0, 0x0, 0xe, 0xf2, 0x0, 0x0, 0x0, 0x0,
    0x0, 0x0, 0x0, 0x0, 0xef, 0x20, 0x0, 0x0,
    0x0, 0x0, 0x0, 0x0, 0x0, 0xe, 0xf2, 0x0,
    0x0, 0x0, 0x0, 0x0, 0x0, 0x0, 0x0, 0xef,
    0x20, 0x0, 0x0, 0x0, 0x0, 0x0, 0x0, 0x0,
    0x1, 0x10, 0x0, 0x0, 0x0,

    /* U+30F9 "ヹ" */
    0x0, 0x0, 0x0, 0x0, 0x0, 0x0, 0x2, 0x9,
    0x70, 0x0, 0x0, 0x0, 0x0, 0x0, 0x0, 0x7f,
    0x28, 0xf2, 0x0, 0x0, 0x0, 0x0, 0x0, 0x0,
    0xe, 0xa1, 0xd4, 0x3, 0x32, 0x22, 0x22, 0x22,
    0x22, 0x27, 0x73, 0x0, 0xc, 0xff, 0xff, 0xff,
    0xff, 0xff, 0xff, 0xff, 0x80, 0xa, 0xdc, 0xcc,
    0xcc, 0xcc, 0xcc, 0xcd, 0xff, 0x40, 0x0, 0x0,
    0x0, 0x0, 0x0, 0x0, 0xa, 0xfa, 0x0, 0x0,
    0x0, 0x0, 0xb, 0xc4, 0x0, 0x8f, 0xe1, 0x0,
    0x0, 0x0, 0x0, 0xd, 0xf4, 0x8, 0xff, 0x30,
    0x0, 0x0, 0x0, 0x0, 0xd, 0xf4, 0x3f, 0xf4,
    0x0, 0x0, 0x0, 0x0, 0x0, 0xd, 0xf4, 0x1,
    0x30, 0x0, 0x0, 0x0, 0x0, 0x0, 0xd, 0xf4,
    0x0, 0x0, 0x0, 0x0, 0x0, 0x0, 0x0, 0xd,
    0xf4, 0x0, 0x0, 0x0, 0x0, 0x0, 0x0, 0x0,
    0xd, 0xf4, 0x0, 0x0, 0x0, 0x0, 0x10, 0x0,
    0x0, 0xd, 0xf4, 0x0, 0x0, 0x0, 0x10, 0xef,
    0xff, 0xff, 0xff, 0xff, 0xff, 0xff, 0xff, 0xf2,
    0xef, 0xff, 0xff, 0xff, 0xff, 0xff, 0xff, 0xff,
    0xf2, 0x21, 0x11, 0x11, 0x11, 0x11, 0x11, 0x11,
    0x11, 0x10,

    /* U+30FA "ヺ" */
    0x0, 0x0, 0x0, 0x0, 0x0, 0x0, 0x0, 0x1,
    0x0, 0x0, 0x0, 0x0, 0x0, 0x0, 0x3a, 0xa,
    0xe1, 0x0, 0x0, 0x0, 0x0, 0x0, 0x2, 0xf8,
    0x2f, 0x80, 0x0, 0x0, 0x0, 0x0, 0x0, 0x9,
    0xb0, 0x63, 0x9e, 0xdd, 0xdd, 0xdd, 0xdd, 0xdd,
    0xde, 0x50, 0xa, 0xff, 0xff, 0xff, 0xff, 0xff,
    0xff, 0xfe, 0x0, 0x12, 0x11, 0x11, 0x11, 0x11,
    0x11, 0xaf, 0xa0, 0x0, 0x0, 0x0, 0x0, 0x0,
    0x0, 0xc, 0xf6, 0x0, 0x0, 0x0, 0x0, 0x0,
    0x0, 0x0, 0xff, 0x30, 0x1, 0xdd, 0xdd, 0xdd,
    0xdd, 0xdd, 0xdf, 0xe0, 0x0, 0x2f, 0xff, 0xff,
    0xff, 0xff, 0xff, 0xf9, 0x0, 0x0, 0x10, 0x0,
    0x0, 0x0, 0x2, 0xff, 0x30, 0x0, 0x0, 0x0,
    0x0, 0x0, 0x0, 0x9f, 0xc0, 0x0, 0x0, 0x0,
    0x0, 0x0, 0x0, 0x6f, 0xf3, 0x0, 0x0, 0x0,
    0x0, 0x0, 0x0, 0x7f, 0xf6, 0x0, 0x0, 0x0,
    0x0, 0x0, 0x1, 0xaf, 0xf8, 0x0, 0x0, 0x0,
    0x0, 0x0, 0x18, 0xff, 0xf6, 0x0, 0x0, 0x0,
    0x0, 0x4, 0xbf, 0xff, 0xc2, 0x0, 0x0, 0x0,
    0x0, 0x0, 0xc, 0xfc, 0x50, 0x0, 0x0, 0x0,
    0x0, 0x0, 0x0, 0x12, 0x0, 0x0, 0x0, 0x0,
    0x0, 0x0,

    /* U+30FB "・" */
    0x1, 0x77, 0x10, 0xd, 0xff, 0xd0, 0x4f, 0xff,
    0xf4, 0x2f, 0xff, 0xf2, 0x6, 0xee, 0x60,

    /* U+30FC "ー" */
    0x0, 0x0, 0x0, 0x0, 0x0, 0x0, 0x0, 0x0,
    0x0, 0x1f, 0xee, 0xee, 0xee, 0xee, 0xee, 0xee,
    0xee, 0xf0, 0x1f, 0xff, 0xff, 0xff, 0xff, 0xff,
    0xff, 0xff, 0xf0, 0x6, 0x65, 0x55, 0x55, 0x55,
    0x55, 0x55, 0x56, 0x60,

    /* U+30FD "ヽ" */
    0x3, 0x90, 0x0, 0x0, 0x0, 0x2, 0xff, 0xc0,
    0x0, 0x0, 0x0, 0x5, 0xff, 0xc0, 0x0, 0x0,
    0x0, 0x5, 0xff, 0xc0, 0x0, 0x0, 0x0, 0x5,
    0xff, 0xb0, 0x0, 0x0, 0x0, 0x6, 0xff, 0xa0,
    0x0, 0x0, 0x0, 0x8, 0xff, 0x80, 0x0, 0x0,
    0x0, 0xa, 0xff, 0x50, 0x0, 0x0, 0x0, 0xd,
    0xfe, 0x0, 0x0, 0x0, 0x0, 0x2d, 0x20, 0x0,
    0x0, 0x0, 0x0, 0x0, 0x0,

    /* U+30FE "ヾ" */
    0x0, 0x0, 0x0, 0x0, 0x35, 0x0, 0x0, 0x0,
    0x2, 0x90, 0xaf, 0x20, 0x0, 0x0, 0x2, 0xf9,
    0x1e, 0xb0, 0x7, 0x30, 0x0, 0x9f, 0x26, 0xb1,
    0x9f, 0xf4, 0x0, 0x1b, 0x30, 0x0, 0x1d, 0xff,
    0x40, 0x0, 0x0, 0x0, 0x1, 0xdf, 0xf3, 0x0,
    0x0, 0x0, 0x0, 0x1d, 0xff, 0x30, 0x0, 0x0,
    0x0, 0x1, 0xef, 0xe2, 0x0, 0x0, 0x0, 0x0,
    0x2f, 0xfd, 0x10, 0x0, 0x0, 0x0, 0x4, 0xff,
    0xb0, 0x0, 0x0, 0x0, 0x0, 0x7f, 0xf7, 0x0,
    0x0, 0x0, 0x0, 0xb, 0xa0, 0x0, 0x0, 0x0,
    0x0, 0x0, 0x0, 0x0,

    /* U+30FF "ヿ" */
    0x1c, 0xcc, 0xcc, 0xcc, 0xcc, 0xcc, 0xb1, 0xff,
    0xff, 0xff, 0xff, 0xff, 0xfe, 0x2, 0x22, 0x22,
    0x22, 0x22, 0x4f, 0xe0, 0x0, 0x0, 0x0, 0x0,
    0x2, 0xfe, 0x0, 0x0, 0x0, 0x0, 0x0, 0x2f,
    0xe0, 0x0, 0x0, 0x0, 0x0, 0x2, 0xfe, 0x0,
    0x0, 0x0, 0x0, 0x0, 0x2f, 0xe0, 0x0, 0x0,
    0x0, 0x0, 0x2, 0xfe, 0x0, 0x0, 0x0, 0x0,
    0x0, 0x2f, 0xe0, 0x0, 0x0, 0x0, 0x0, 0x2,
    0xfe, 0x0, 0x0, 0x0, 0x0, 0x0, 0x2f, 0xe0,
    0x0, 0x0, 0x0, 0x0, 0x2, 0xfe, 0x0, 0x0,
    0x0, 0x0, 0x0, 0x2f, 0xe0, 0x0, 0x0, 0x0,
    0x0, 0x2, 0xfe, 0x0, 0x0, 0x0, 0x0, 0x0,
    0x2f, 0xe0, 0x0, 0x0, 0x0, 0x0, 0x2, 0xfe,
    0x0, 0x0, 0x0, 0x0, 0x0, 0x1d, 0xc0,

    /* U+4E0D "不" */
    0xa, 0xbb, 0xbb, 0xbb, 0xbb, 0xbb, 0xbb, 0xbb,
    0xbb, 0x50, 0xe, 0xff, 0xff, 0xff, 0xff, 0xff,
    0xff, 0xff, 0xff, 0x70, 0x2, 0x33, 0x33, 0x33,
    0x3a, 0xfe, 0x33, 0x33, 0x33, 0x10, 0x0, 0x0,
    0x0, 0x0, 0x2f, 0xf5, 0x0, 0x0, 0x0, 0x0,
    0x0, 0x0, 0x0, 0x0, 0xdf, 0xd0, 0x0, 0x0,
    0x0, 0x0, 0x0, 0x0, 0x0, 0xa, 0xff, 0xc1,
    0x60, 0x0, 0x0, 0x0, 0x0, 0x0, 0x0, 0x9f,
    0xff, 0xdc, 0xfb, 0x10, 0x0, 0x0, 0x0, 0x0,
    0x9, 0xff, 0x9f, 0xc2, 0xdf, 0xe4, 0x0, 0x0,
    0x0, 0x0, 0xbf, 0xf6, 0x4f, 0xc0, 0x1b, 0xff,
    0x60, 0x0, 0x0, 0x3d, 0xff, 0x50, 0x4f, 0xc0,
    0x0, 0x8f, 0xf9, 0x0, 0x19, 0xff, 0xe3, 0x0,
    0x4f, 0xc0, 0x0, 0x7, 0xff, 0xa0, 0x1e, 0xfa,
    0x10, 0x0, 0x4f, 0xc0, 0x0, 0x0, 0x6f, 0x80,
    0x3, 0x40, 0x0, 0x0, 0x4f, 0xc0, 0x0, 0x0,
    0x3, 0x0, 0x0, 0x0, 0x0, 0x0, 0x4f, 0xc0,
    0x0, 0x0, 0x0, 0x0, 0x0, 0x0, 0x0, 0x0,
    0x4f, 0xc0, 0x0, 0x0, 0x0, 0x0, 0x0, 0x0,
    0x0, 0x0, 0x4f, 0xc0, 0x0, 0x0, 0x0, 0x0,
    0x0, 0x0, 0x0, 0x0, 0x4f, 0xc0, 0x0, 0x0,
    0x0, 0x0, 0x0, 0x0, 0x0, 0x0, 0x4f, 0xc0,
    0x0, 0x0, 0x0, 0x0,

    /* U+4E0E "与" */
    0x0, 0x0, 0x32, 0x0, 0x0, 0x0, 0x0, 0x0,
    0x0, 0x0, 0x0, 0xfe, 0x0, 0x0, 0x0, 0x0,
    0x0, 0x0, 0x0, 0x3, 0xfc, 0x0, 0x0, 0x0,
    0x0, 0x0, 0x0, 0x0, 0x6, 0xff, 0xff, 0xff,
    0xff, 0xff, 0xff, 0xa0, 0x0, 0xa, 0xfd, 0xcc,
    0xcc, 0xcc, 0xcc, 0xcc, 0x70, 0x0, 0xd, 0xf2,
    0x0, 0x0, 0x0, 0x0, 0x0, 0x0, 0x0, 0xf,
    0xe0, 0x0, 0x0, 0x0, 0x0, 0x0, 0x0, 0x0,
    0x4f, 0xb0, 0x0, 0x0, 0x0, 0x0, 0x1, 0x0,
    0x0, 0x8f, 0xff, 0xff, 0xff, 0xff, 0xff, 0xff,
    0xf0, 0x0, 0x8b, 0xbb, 0xbb, 0xbb, 0xbb, 0xbb,
    0xbf, 0xe0, 0x0, 0x0, 0x0, 0x0, 0x0, 0x0,
    0x0, 0x2f, 0xc0, 0x0, 0x0, 0x0, 0x0, 0x0,
    0x0, 0x0, 0x4f, 0xa0, 0xef, 0xff, 0xff, 0xff,
    0xff, 0xff, 0x80, 0x6f, 0x90, 0xcd, 0xdd, 0xdd,
    0xdd, 0xdd, 0xdd, 0x70, 0x8f, 0x60, 0x0, 0x0,
    0x0, 0x0, 0x0, 0x0, 0x0, 0xbf, 0x40, 0x0,
    0x0, 0x0, 0x0, 0x0, 0x0, 0x0, 0xff, 0x0,
    0x0, 0x0, 0x0, 0x0, 0x0, 0x0, 0x6, 0xfc,
    0x0, 0x0, 0x0, 0x0, 0x0, 0x4e, 0xdc, 0xcf,
    0xf5, 0x0, 0x0, 0x0, 0x0, 0x0, 0xe, 0xff,
    0xfe, 0x80, 0x0, 0x0, 0x0, 0x0, 0x0, 0x0,
    0x0, 0x0, 0x0, 0x0,

    /* U+4E2A "个" */
    0x0, 0x0, 0x0, 0x0, 0x1, 0x50, 0x0, 0x0,
    0x0, 0x0, 0x0, 0x0, 0x0, 0x0, 0xa, 0xf7,
    0x0, 0x0, 0x0, 0x0, 0x0, 0x0, 0x0, 0x0,
    0x6f, 0xf8, 0x0, 0x0, 0x0, 0x0, 0x0, 0x0,
    0x0, 0x6, 0xff, 0xff, 0x80, 0x0, 0x0, 0x0,
    0x0, 0x0, 0x0, 0x7f, 0xf5, 0x3f, 0xf9, 0x0,
    0x0, 0x0, 0x0, 0x0, 0x1a, 0xff, 0x50, 0x3,
    0xef, 0xc2, 0x0, 0x0, 0x0, 0x5, 0xef, 0xf4,
    0x6, 0x50, 0x2d, 0xff, 0x70, 0x0, 0x5, 0xcf,
    0xfc, 0x20, 0xf, 0xf0, 0x1, 0xaf, 0xfd, 0x50,
    0x1e, 0xff, 0x70, 0x0, 0xf, 0xf0, 0x0, 0x5,
    0xef, 0xf2, 0x3, 0x91, 0x0, 0x0, 0xf, 0xf0,
    0x0, 0x0, 0x19, 0x50, 0x0, 0x0, 0x0, 0x0,
    0xf, 0xf0, 0x0, 0x0, 0x0, 0x0, 0x0, 0x0,
    0x0, 0x0, 0xf, 0xf0, 0x0, 0x0, 0x0, 0x0,
    0x0, 0x0, 0x0, 0x0, 0xf, 0xf0, 0x0, 0x0,
    0x0, 0x0, 0x0, 0x0, 0x0, 0x0, 0xf, 0xf0,
    0x0, 0x0, 0x0, 0x0, 0x0, 0x0, 0x0, 0x0,
    0xf, 0xf0, 0x0, 0x0, 0x0, 0x0, 0x0, 0x0,
    0x0, 0x0, 0xf, 0xf0, 0x0, 0x0, 0x0, 0x0,
    0x0, 0x0, 0x0, 0x0, 0xf, 0xf0, 0x0, 0x0,
    0x0, 0x0, 0x0, 0x0, 0x0, 0x0, 0xf, 0xf0,
    0x0, 0x0, 0x0, 0x0, 0x0, 0x0, 0x0, 0x0,
    0xf, 0xf0, 0x0, 0x0, 0x0, 0x0,

    /* U+4E2D "中" */
    0x0, 0x0, 0x0, 0x9, 0xa0, 0x0, 0x0, 0x0,
    0x0, 0x0, 0x0, 0x0, 0xef, 0x10, 0x0, 0x0,
    0x0, 0x0, 0x0, 0x0, 0xe, 0xf1, 0x0, 0x0,
    0x0, 0x2, 0x22, 0x22, 0x22, 0xef, 0x32, 0x22,
    0x22, 0x20, 0xff, 0xff, 0xff, 0xff, 0xff, 0xff,
    0xff, 0xff, 0x1f, 0xfb, 0xbb, 0xbb, 0xff, 0xbb,
    0xbb, 0xbf, 0xf1, 0xfe, 0x0, 0x0, 0xe, 0xf1,
    0x0, 0x0, 0xef, 0x1f, 0xe0, 0x0, 0x0, 0xef,
    0x10, 0x0, 0xe, 0xf1, 0xfe, 0x0, 0x0, 0xe,
    0xf1, 0x0, 0x0, 0xef, 0x1f, 0xe0, 0x0, 0x0,
    0xef, 0x10, 0x0, 0xe, 0xf1, 0xff, 0xdd, 0xdd,
    0xdf, 0xfd, 0xdd, 0xdd, 0xff, 0x1f, 0xff, 0xff,
    0xff, 0xff, 0xff, 0xff, 0xff, 0xf1, 0xfe, 0x0,
    0x0, 0xe, 0xf2, 0x0, 0x0, 0xef, 0x13, 0x30,
    0x0, 0x0, 0xef, 0x10, 0x0, 0x2, 0x20, 0x0,
    0x0, 0x0, 0xe, 0xf1, 0x0, 0x0, 0x0, 0x0,
    0x0, 0x0, 0x0, 0xef, 0x10, 0x0, 0x0, 0x0,
    0x0, 0x0, 0x0, 0xe, 0xf1, 0x0, 0x0, 0x0,
    0x0, 0x0, 0x0, 0x0, 0xef, 0x10, 0x0, 0x0,
    0x0, 0x0, 0x0, 0x0, 0xe, 0xf1, 0x0, 0x0,
    0x0, 0x0,

    /* U+4E3A "为" */
    0x0, 0x1, 0x0, 0xc, 0xb0, 0x0, 0x0, 0x0,
    0x0, 0x0, 0xaf, 0x40, 0xf, 0xe0, 0x0, 0x0,
    0x0, 0x0, 0x0, 0x3f, 0xe1, 0xf, 0xe0, 0x0,
    0x0, 0x0, 0x0, 0x0, 0x8, 0xf8, 0xf, 0xe0,
    0x0, 0x0, 0x0, 0x0, 0x0, 0x1, 0x50, 0x1f,
    0xe0, 0x0, 0x0, 0x1, 0x0, 0x7f, 0xff, 0xff,
    0xff, 0xff, 0xff, 0xff, 0xff, 0xf2, 0x6e, 0xee,
    0xee, 0xef, 0xfe, 0xee, 0xee, 0xef, 0xf1, 0x0,
    0x0, 0x0, 0x5f, 0x90, 0x0, 0x0, 0xe, 0xf0,
    0x0, 0x0, 0x0, 0x9f, 0x60, 0x0, 0x0, 0xf,
    0xf0, 0x0, 0x0, 0x0, 0xdf, 0x36, 0x90, 0x0,
    0xf, 0xf0, 0x0, 0x0, 0x3, 0xfe, 0xc, 0xf6,
    0x0, 0xf, 0xe0, 0x0, 0x0, 0x9, 0xf8, 0x1,
    0xff, 0x20, 0x1f, 0xd0, 0x0, 0x0, 0x2f, 0xf2,
    0x0, 0x6f, 0xb0, 0x2f, 0xc0, 0x0, 0x0, 0xcf,
    0x90, 0x0, 0xc, 0x60, 0x4f, 0xb0, 0x0, 0x8,
    0xfe, 0x10, 0x0, 0x0, 0x0, 0x6f, 0xa0, 0x0,
    0x7f, 0xf4, 0x0, 0x0, 0x0, 0x0, 0x8f, 0x80,
    0x9, 0xff, 0x60, 0x0, 0x0, 0x0, 0x0, 0xdf,
    0x50, 0xaf, 0xf5, 0x0, 0x0, 0x0, 0xae, 0xef,
    0xff, 0x10, 0xa, 0x30, 0x0, 0x0, 0x0, 0x5f,
    0xff, 0xd4, 0x0, 0x0, 0x0, 0x0, 0x0, 0x0,
    0x0, 0x0, 0x0, 0x0,

    /* U+4E3B "主" */
    0x0, 0x0, 0x0, 0x1a, 0x50, 0x0, 0x0, 0x0,
    0x0, 0x0, 0x0, 0x0, 0x6f, 0xf9, 0x0, 0x0,
    0x0, 0x0, 0x0, 0x0, 0x0, 0x3, 0xef, 0xb0,
    0x0, 0x0, 0x0, 0x0, 0x0, 0x0, 0x0, 0x2e,
    0xf3, 0x0, 0x0, 0x0, 0xf, 0xff, 0xff, 0xff,
    0xff, 0xff, 0xff, 0xff, 0xf0, 0xe, 0xee, 0xee,
    0xee, 0xff, 0xee, 0xee, 0xee, 0xd0, 0x0, 0x0,
    0x0, 0x0, 0xff, 0x0, 0x0, 0x0, 0x0, 0x0,
    0x0, 0x0, 0x0, 0xff, 0x0, 0x0, 0x0, 0x0,
    0x0, 0x0, 0x0, 0x0, 0xff, 0x0, 0x0, 0x0,
    0x0, 0x0, 0x0, 0x0, 0x1, 0xff, 0x10, 0x0,
    0x0, 0x0, 0x0, 0xff, 0xff, 0xff, 0xff, 0xff,
    0xff, 0xff, 0x10, 0x0, 0xcc, 0xcc, 0xcc, 0xff,
    0xcc, 0xcc, 0xcc, 0x10, 0x0, 0x0, 0x0, 0x0,
    0xff, 0x0, 0x0, 0x0, 0x0, 0x0, 0x0, 0x0,
    0x0, 0xff, 0x0, 0x0, 0x0, 0x0, 0x0, 0x0,
    0x0, 0x0, 0xff, 0x0, 0x0, 0x0, 0x0, 0x0,
    0x0, 0x0, 0x0, 0xff, 0x0, 0x0, 0x0, 0x0,
    0xef, 0xff, 0xff, 0xff, 0xff, 0xff, 0xff, 0xff,
    0xff, 0xce, 0xee, 0xee, 0xee, 0xee, 0xee, 0xee,
    0xee, 0xee,

    /* U+4E49 "义" */
    0x0, 0x0, 0x0, 0x0, 0x8c, 0x0, 0x0, 0x0,
    0x0, 0x0, 0x0, 0x0, 0x0, 0x0, 0x9f, 0x50,
    0x0, 0x2, 0x20, 0x0, 0x0, 0x1, 0x30, 0x0,
    0x2f, 0xd0, 0x0, 0x9, 0xf7, 0x0, 0x0, 0x1f,
    0xe0, 0x0, 0xb, 0xf4, 0x0, 0xe, 0xf2, 0x0,
    0x0, 0xa, 0xf5, 0x0, 0x5, 0xf9, 0x0, 0x5f,
    0xc0, 0x0, 0x0, 0x3, 0xfc, 0x0, 0x0, 0x50,
    0x0, 0xdf, 0x50, 0x0, 0x0, 0x0, 0xcf, 0x50,
    0x0, 0x0, 0x5, 0xfd, 0x0, 0x0, 0x0, 0x0,
    0x3f, 0xe0, 0x0, 0x0, 0xd, 0xf5, 0x0, 0x0,
    0x0, 0x0, 0xa, 0xf9, 0x0, 0x0, 0x8f, 0xc0,
    0x0, 0x0, 0x0, 0x0, 0x1, 0xef, 0x50, 0x3,
    0xff, 0x20, 0x0, 0x0, 0x0, 0x0, 0x0, 0x4f,
    0xf3, 0x2e, 0xf6, 0x0, 0x0, 0x0, 0x0, 0x0,
    0x0, 0x8, 0xfe, 0xdf, 0xa0, 0x0, 0x0, 0x0,
    0x0, 0x0, 0x0, 0x0, 0xbf, 0xfc, 0x0, 0x0,
    0x0, 0x0, 0x0, 0x0, 0x0, 0x5, 0xff, 0xff,
    0x70, 0x0, 0x0, 0x0, 0x0, 0x0, 0x1, 0xaf,
    0xf8, 0x9f, 0xfb, 0x20, 0x0, 0x0, 0x0, 0x1,
    0x8f, 0xfe, 0x40, 0x5, 0xef, 0xf9, 0x10, 0x0,
    0x4, 0x9f, 0xff, 0x90, 0x0, 0x0, 0x1a, 0xff,
    0xfb, 0x50, 0x1e, 0xff, 0x91, 0x0, 0x0, 0x0,
    0x0, 0x3a, 0xff, 0xd0, 0x5, 0x60, 0x0, 0x0,
    0x0, 0x0, 0x0, 0x0, 0x17, 0x20,

    /* U+4E86 "了" */
    0x3, 0x33, 0x33, 0x33, 0x33, 0x33, 0x33, 0x32,
    0x3, 0xff, 0xff, 0xff, 0xff, 0xff, 0xff, 0xff,
    0xf7, 0x2b, 0xbb, 0xbb, 0xbb, 0xbb, 0xbb, 0xbf,
    0xff, 0x40, 0x0, 0x0, 0x0, 0x0, 0x0, 0xb,
    0xff, 0x40, 0x0, 0x0, 0x0, 0x0, 0x0, 0x2d,
    0xfe, 0x30, 0x0, 0x0, 0x0, 0x0, 0x0, 0x6f,
    0xfc, 0x10, 0x0, 0x0, 0x0, 0x0, 0x0, 0xbf,
    0xf8, 0x0, 0x0, 0x0, 0x0, 0x0, 0x0, 0xe,
    0xf3, 0x0, 0x0, 0x0, 0x0, 0x0, 0x0, 0x0,
    0xef, 0x10, 0x0, 0x0, 0x0, 0x0, 0x0, 0x0,
    0xe, 0xf1, 0x0, 0x0, 0x0, 0x0, 0x0, 0x0,
    0x0, 0xef, 0x10, 0x0, 0x0, 0x0, 0x0, 0x0,
    0x0, 0xe, 0xf1, 0x0, 0x0, 0x0, 0x0, 0x0,
    0x0, 0x0, 0xef, 0x10, 0x0, 0x0, 0x0, 0x0,
    0x0, 0x0, 0xe, 0xf1, 0x0, 0x0, 0x0, 0x0,
    0x0, 0x0, 0x0, 0xef, 0x10, 0x0, 0x0, 0x0,
    0x0, 0x0, 0x0, 0xe, 0xf1, 0x0, 0x0, 0x0,
    0x0, 0x0, 0xcd, 0xdd, 0xff, 0x0, 0x0, 0x0,
    0x0, 0x0, 0x9, 0xff, 0xfd, 0x50, 0x0, 0x0,
    0x0, 0x0, 0x0, 0x0, 0x0, 0x0, 0x0, 0x0,
    0x0, 0x0,

    /* U+4E8B "事" */
    0x0, 0x0, 0x0, 0x0, 0x1e, 0xb0, 0x0, 0x0,
    0x0, 0x0, 0x5, 0x77, 0x77, 0x77, 0x8f, 0xe7,
    0x77, 0x77, 0x77, 0x50, 0xc, 0xff, 0xff, 0xff,
    0xff, 0xff, 0xff, 0xff, 0xff, 0xb0, 0x0, 0x0,
    0x0, 0x0, 0x1f, 0xd0, 0x0, 0x0, 0x0, 0x0,
    0x0, 0xb, 0xff, 0xff, 0xff, 0xff, 0xff, 0xff,
    0xc0, 0x0, 0x0, 0xc, 0xf5, 0x44, 0x5f, 0xe4,
    0x44, 0x5f, 0xd0, 0x0, 0x0, 0xc, 0xf5, 0x55,
    0x5f, 0xe5, 0x55, 0x5f, 0xd0, 0x0, 0x0, 0xb,
    0xff, 0xff, 0xff, 0xff, 0xff, 0xff, 0xc0, 0x0,
    0x0, 0x0, 0x0, 0x0, 0x1f, 0xd0, 0x0, 0x0,
    0x0, 0x0, 0x0, 0x3f, 0xff, 0xff, 0xff, 0xff,
    0xff, 0xff, 0xf2, 0x0, 0x0, 0x15, 0x55, 0x55,
    0x6f, 0xe5, 0x55, 0x5d, 0xf2, 0x0, 0x17, 0x77,
    0x77, 0x77, 0x8f, 0xe7, 0x77, 0x7d, 0xf8, 0x71,
    0x2f, 0xff, 0xff, 0xff, 0xff, 0xff, 0xff, 0xff,
    0xff, 0xf2, 0x0, 0x0, 0x0, 0x0, 0x1f, 0xd0,
    0x0, 0xb, 0xf2, 0x0, 0x0, 0x5f, 0xff, 0xff,
    0xff, 0xff, 0xff, 0xff, 0xf2, 0x0, 0x0, 0x27,
    0x77, 0x77, 0x8f, 0xe7, 0x77, 0x7d, 0xf2, 0x0,
    0x0, 0x0, 0x0, 0x0, 0x1f, 0xd0, 0x0, 0x4,
    0x50, 0x0, 0x0, 0x0, 0x0, 0x77, 0x9f, 0xc0,
    0x0, 0x0, 0x0, 0x0, 0x0, 0x0, 0x0, 0xcf,
    0xfd, 0x50, 0x0, 0x0, 0x0, 0x0, 0x0, 0x0,
    0x0, 0x0, 0x0, 0x0, 0x0, 0x0, 0x0, 0x0,

    /* U+4EAB "享" */
    0x0, 0x0, 0x0, 0x4, 0xb6, 0x0, 0x0, 0x0,
    0x0, 0x0, 0x0, 0x0, 0x4, 0xfe, 0x0, 0x0,
    0x0, 0x0, 0xef, 0xff, 0xff, 0xff, 0xff, 0xff,
    0xff, 0xff, 0xf8, 0x88, 0x88, 0x88, 0x88, 0x88,
    0x88, 0x88, 0x88, 0x84, 0x0, 0x26, 0x66, 0x66,
    0x66, 0x66, 0x66, 0x61, 0x0, 0x0, 0x5f, 0xff,
    0xff, 0xff, 0xff, 0xff, 0xf4, 0x0, 0x0, 0x5f,
    0x80, 0x0, 0x0, 0x0, 0xb, 0xf4, 0x0, 0x0,
    0x5f, 0xda, 0xaa, 0xaa, 0xaa, 0xae, 0xf4, 0x0,
    0x0, 0x29, 0x99, 0x99, 0x99, 0x99, 0x99, 0x92,
    0x0, 0x0, 0x77, 0x77, 0x77, 0x77, 0x77, 0x77,
    0x70, 0x0, 0x1, 0xff, 0xff, 0xff, 0xff, 0xff,
    0xff, 0xf8, 0x0, 0x0, 0x0, 0x0, 0x0, 0x3,
    0x9f, 0xfb, 0x40, 0x0, 0x0, 0x0, 0x0, 0x1,
    0xef, 0xd8, 0x20, 0x0, 0x0, 0xaa, 0xaa, 0xaa,
    0xab, 0xff, 0xaa, 0xaa, 0xaa, 0xaa, 0xef, 0xff,
    0xff, 0xff, 0xff, 0xff, 0xff, 0xff, 0xff, 0x0,
    0x0, 0x0, 0x1, 0xfd, 0x0, 0x0, 0x0, 0x0,
    0x0, 0x0, 0x0, 0x1, 0xfd, 0x0, 0x0, 0x0,
    0x0, 0x0, 0x0, 0x48, 0x89, 0xfd, 0x0, 0x0,
    0x0, 0x0, 0x0, 0x0, 0x2f, 0xff, 0xd5, 0x0,
    0x0, 0x0, 0x0, 0x0, 0x0, 0x0, 0x0, 0x0,
    0x0, 0x0, 0x0, 0x0,

    /* U+4EAE "亮" */
    0x0, 0x0, 0x0, 0x3, 0xc9, 0x0, 0x0, 0x0,
    0x0, 0x0, 0x0, 0x0, 0x1, 0xff, 0x30, 0x0,
    0x0, 0x0, 0xef, 0xff, 0xff, 0xff, 0xff, 0xff,
    0xff, 0xff, 0xfd, 0x88, 0x88, 0x88, 0x88, 0x88,
    0x88, 0x88, 0x88, 0x87, 0x0, 0x5, 0x55, 0x55,
    0x55, 0x55, 0x55, 0x51, 0x0, 0x0, 0x1f, 0xff,
    0xff, 0xff, 0xff, 0xff, 0xf2, 0x0, 0x0, 0x1f,
    0xc0, 0x0, 0x0, 0x0, 0xd, 0xf2, 0x0, 0x0,
    0x1f, 0xff, 0xff, 0xff, 0xff, 0xff, 0xf2, 0x0,
    0x0, 0x5, 0x55, 0x55, 0x55, 0x55, 0x55, 0x50,
    0x0, 0x47, 0x77, 0x77, 0x77, 0x77, 0x77, 0x77,
    0x77, 0x73, 0xaf, 0xff, 0xff, 0xff, 0xff, 0xff,
    0xff, 0xff, 0xf9, 0xaf, 0x20, 0x0, 0x0, 0x0,
    0x0, 0x0, 0x5, 0xf9, 0xaf, 0x20, 0x2f, 0xff,
    0xff, 0xff, 0xf1, 0x5, 0xf9, 0x12, 0x0, 0x4f,
    0xea, 0xaa, 0xaf, 0xf1, 0x0, 0x10, 0x0, 0x0,
    0x7f, 0x80, 0x0, 0xe, 0xf1, 0x0, 0x10, 0x0,
    0x0, 0xdf, 0x40, 0x0, 0xe, 0xf1, 0x0, 0xc8,
    0x0, 0x1a, 0xfd, 0x0, 0x0, 0xe, 0xf1, 0x0,
    0xec, 0x5a, 0xff, 0xe2, 0x0, 0x0, 0xd, 0xfb,
    0xab, 0xf9, 0x6f, 0xe8, 0x10, 0x0, 0x0, 0x5,
    0xef, 0xff, 0xd2, 0x3, 0x0, 0x0, 0x0, 0x0,
    0x0, 0x0, 0x0, 0x0,

    /* U+4EC5 "仅" */
    0x0, 0x0, 0x8, 0x60, 0x0, 0x0, 0x0, 0x0,
    0x0, 0x0, 0x0, 0x0, 0x2f, 0xf0, 0x0, 0x0,
    0x0, 0x0, 0x0, 0x0, 0x0, 0x0, 0x9f, 0x8a,
    0xbb, 0xbb, 0xbb, 0xbb, 0xca, 0x10, 0x0, 0x2,
    0xff, 0x1e, 0xff, 0xff, 0xff, 0xff, 0xff, 0x0,
    0x0, 0xb, 0xf8, 0x3, 0xf9, 0x0, 0x0, 0x1,
    0xfd, 0x0, 0x0, 0x6f, 0xf3, 0x0, 0xfd, 0x0,
    0x0, 0x4, 0xf9, 0x0, 0x2, 0xff, 0xf3, 0x0,
    0xbf, 0x20, 0x0, 0x9, 0xf5, 0x0, 0x1e, 0xff,
    0xf3, 0x0, 0x6f, 0x70, 0x0, 0xe, 0xf1, 0x0,
    0x9f, 0xdb, 0xf3, 0x0, 0x1f, 0xd0, 0x0, 0x4f,
    0xb0, 0x0, 0x2e, 0x2a, 0xf3, 0x0, 0xa, 0xf4,
    0x0, 0xcf, 0x40, 0x0, 0x1, 0xa, 0xf3, 0x0,
    0x3, 0xfc, 0x4, 0xfd, 0x0, 0x0, 0x0, 0xa,
    0xf3, 0x0, 0x0, 0xcf, 0x6d, 0xf4, 0x0, 0x0,
    0x0, 0xa, 0xf3, 0x0, 0x0, 0x3f, 0xff, 0xb0,
    0x0, 0x0, 0x0, 0xa, 0xf3, 0x0, 0x0, 0xb,
    0xff, 0x20, 0x0, 0x0, 0x0, 0xa, 0xf3, 0x0,
    0x0, 0x7f, 0xff, 0xb0, 0x0, 0x0, 0x0, 0xa,
    0xf3, 0x0, 0xa, 0xff, 0x5d, 0xfc, 0x20, 0x0,
    0x0, 0xa, 0xf3, 0x5, 0xef, 0xe3, 0x1, 0xcf,
    0xf8, 0x10, 0x0, 0xa, 0xf3, 0xdf, 0xfa, 0x10,
    0x0, 0x8, 0xff, 0xe1, 0x0, 0xa, 0xf3, 0x6c,
    0x30, 0x0, 0x0, 0x0, 0x2a, 0x50, 0x0, 0x0,
    0x0, 0x0, 0x0, 0x0, 0x0, 0x0, 0x0, 0x0,

    /* U+4ECA "今" */
    0x0, 0x0, 0x0, 0x0, 0x0, 0x0, 0x0, 0x0,
    0x0, 0x0, 0x0, 0x0, 0x0, 0x0, 0x9, 0xa2,
    0x0, 0x0, 0x0, 0x0, 0x0, 0x0, 0x0, 0x0,
    0x6f, 0xf7, 0x0, 0x0, 0x0, 0x0, 0x0, 0x0,
    0x0, 0x5, 0xff, 0xff, 0x50, 0x0, 0x0, 0x0,
    0x0, 0x0, 0x0, 0x6f, 0xf8, 0x4f, 0xf7, 0x0,
    0x0, 0x0, 0x0, 0x0, 0x9, 0xff, 0x80, 0x4,
    0xff, 0xb1, 0x0, 0x0, 0x0, 0x3, 0xdf, 0xf6,
    0x33, 0x0, 0x3e, 0xfe, 0x60, 0x0, 0x1, 0x9f,
    0xfe, 0x31, 0xef, 0x70, 0x1, 0xbf, 0xfc, 0x40,
    0x1f, 0xff, 0xa1, 0x0, 0x3e, 0xfa, 0x0, 0x6,
    0xff, 0xe1, 0x5, 0xc4, 0x0, 0x0, 0x1, 0xdf,
    0xa0, 0x0, 0x2a, 0x30, 0x0, 0x0, 0x0, 0x0,
    0x0, 0x1b, 0x20, 0x1, 0x0, 0x0, 0x0, 0xd,
    0xff, 0xff, 0xff, 0xff, 0xff, 0xff, 0xd2, 0x0,
    0x0, 0xb, 0xdd, 0xdd, 0xdd, 0xdd, 0xdd, 0xff,
    0xb0, 0x0, 0x0, 0x0, 0x0, 0x0, 0x0, 0x0,
    0x8, 0xfe, 0x10, 0x0, 0x0, 0x0, 0x0, 0x0,
    0x0, 0x0, 0x5f, 0xf3, 0x0, 0x0, 0x0, 0x0,
    0x0, 0x0, 0x0, 0x2, 0xff, 0x60, 0x0, 0x0,
    0x0, 0x0, 0x0, 0x0, 0x0, 0x1d, 0xfa, 0x0,
    0x0, 0x0, 0x0, 0x0, 0x0, 0x0, 0x0, 0xbf,
    0xd0, 0x0, 0x0, 0x0, 0x0, 0x0, 0x0, 0x0,
    0x9, 0xfe, 0x20, 0x0, 0x0, 0x0, 0x0, 0x0,
    0x0, 0x0, 0x2, 0x94, 0x0, 0x0, 0x0, 0x0,

    /* U+4EF6 "件" */
    0x0, 0x0, 0xa, 0x50, 0x0, 0x0, 0xa8, 0x0,
    0x0, 0x0, 0x0, 0x0, 0x6f, 0x90, 0x7a, 0x21,
    0xfd, 0x0, 0x0, 0x0, 0x0, 0x0, 0xdf, 0x20,
    0xcf, 0x11, 0xfd, 0x0, 0x0, 0x0, 0x0, 0x5,
    0xfb, 0x0, 0xfd, 0x1, 0xfd, 0x0, 0x0, 0x0,
    0x0, 0xe, 0xf3, 0x5, 0xff, 0xee, 0xff, 0xee,
    0xee, 0x30, 0x0, 0x8f, 0xf0, 0xb, 0xff, 0xff,
    0xff, 0xff, 0xff, 0x40, 0x4, 0xff, 0xf0, 0x2f,
    0xd0, 0x1, 0xfd, 0x0, 0x0, 0x0, 0x2e, 0xff,
    0xf0, 0xaf, 0x60, 0x1, 0xfd, 0x0, 0x0, 0x0,
    0x2f, 0xbe, 0xf0, 0x29, 0x0, 0x1, 0xfd, 0x0,
    0x0, 0x0, 0x7, 0x1e, 0xf0, 0x0, 0x0, 0x1,
    0xfd, 0x0, 0x0, 0x0, 0x0, 0xe, 0xf0, 0xbf,
    0xff, 0xff, 0xff, 0xff, 0xff, 0xf3, 0x0, 0xe,
    0xf0, 0x8d, 0xdd, 0xdd, 0xff, 0xdd, 0xdd, 0xd2,
    0x0, 0xe, 0xf0, 0x0, 0x0, 0x1, 0xfd, 0x0,
    0x0, 0x0, 0x0, 0xe, 0xf0, 0x0, 0x0, 0x1,
    0xfd, 0x0, 0x0, 0x0, 0x0, 0xe, 0xf0, 0x0,
    0x0, 0x1, 0xfd, 0x0, 0x0, 0x0, 0x0, 0xe,
    0xf0, 0x0, 0x0, 0x1, 0xfd, 0x0, 0x0, 0x0,
    0x0, 0xe, 0xf0, 0x0, 0x0, 0x1, 0xfd, 0x0,
    0x0, 0x0, 0x0, 0xe, 0xf0, 0x0, 0x0, 0x1,
    0xfd, 0x0, 0x0, 0x0, 0x0, 0xd, 0xe0, 0x0,
    0x0, 0x1, 0xfd, 0x0, 0x0, 0x0,

    /* U+4EFD "份" */
    0x0, 0x0, 0x1a, 0x40, 0x1, 0x30, 0x1, 0x52,
    0x0, 0x0, 0x0, 0x0, 0x8f, 0x70, 0x6, 0xf9,
    0x4, 0xf8, 0x0, 0x0, 0x0, 0x0, 0xef, 0x10,
    0xb, 0xf4, 0x0, 0xfd, 0x0, 0x0, 0x0, 0x6,
    0xfa, 0x0, 0x2f, 0xe0, 0x0, 0xbf, 0x30, 0x0,
    0x0, 0x1e, 0xf2, 0x0, 0xaf, 0x70, 0x0, 0x5f,
    0xb0, 0x0, 0x0, 0x9f, 0xe0, 0x3, 0xfe, 0x0,
    0x0, 0xd, 0xf5, 0x0, 0x4, 0xff, 0xe0, 0x1e,
    0xf6, 0x0, 0x0, 0x4, 0xff, 0x30, 0x2e, 0xff,
    0xe1, 0xdf, 0xc2, 0x22, 0x22, 0x23, 0xbf, 0xf3,
    0x2f, 0xbf, 0xe1, 0xed, 0xff, 0xff, 0xff, 0xff,
    0xfc, 0xd1, 0x7, 0x1f, 0xe0, 0x31, 0xaa, 0xef,
    0xaa, 0xae, 0xf2, 0x20, 0x0, 0xf, 0xe0, 0x0,
    0x0, 0xef, 0x0, 0xc, 0xf1, 0x0, 0x0, 0xf,
    0xe0, 0x0, 0x1, 0xfc, 0x0, 0xd, 0xf0, 0x0,
    0x0, 0xf, 0xe0, 0x0, 0x4, 0xf9, 0x0, 0xe,
    0xf0, 0x0, 0x0, 0xf, 0xe0, 0x0, 0x9, 0xf4,
    0x0, 0xf, 0xe0, 0x0, 0x0, 0xf, 0xe0, 0x0,
    0x1f, 0xe0, 0x0, 0x1f, 0xd0, 0x0, 0x0, 0xf,
    0xe0, 0x0, 0xaf, 0x70, 0x0, 0x3f, 0xb0, 0x0,
    0x0, 0xf, 0xe0, 0x8, 0xfd, 0x0, 0x0, 0x7f,
    0x80, 0x0, 0x0, 0xf, 0xe0, 0xaf, 0xe2, 0x1,
    0xdd, 0xff, 0x40, 0x0, 0x0, 0xf, 0xe0, 0x4c,
    0x20, 0x0, 0xbd, 0xc7, 0x0, 0x0, 0x0, 0x0,
    0x0, 0x0, 0x0, 0x0, 0x0, 0x0, 0x0, 0x0,

    /* U+4F20 "传" */
    0x0, 0x0, 0x1b, 0x60, 0x0, 0x9, 0x90, 0x0,
    0x0, 0x0, 0x0, 0x0, 0x6f, 0x80, 0x0, 0xf,
    0xd0, 0x0, 0x0, 0x0, 0x0, 0x0, 0xef, 0x2b,
    0xbb, 0xcf, 0xeb, 0xbb, 0xbb, 0x20, 0x0, 0x6,
    0xfa, 0xf, 0xff, 0xff, 0xff, 0xff, 0xff, 0x30,
    0x0, 0x1e, 0xf2, 0x0, 0x0, 0xdf, 0x20, 0x0,
    0x0, 0x0, 0x0, 0xaf, 0xd0, 0x0, 0x1, 0xfd,
    0x0, 0x0, 0x0, 0x0, 0x5, 0xff, 0xd2, 0xcc,
    0xcd, 0xfe, 0xcc, 0xcc, 0xcc, 0xc2, 0x3f, 0xff,
    0xd2, 0xff, 0xff, 0xff, 0xff, 0xff, 0xff, 0xf2,
    0x6f, 0x8f, 0xd0, 0x0, 0xf, 0xf0, 0x0, 0x0,
    0x0, 0x0, 0x8, 0xf, 0xd0, 0x0, 0x4f, 0xb0,
    0x0, 0x0, 0x10, 0x0, 0x0, 0xf, 0xd0, 0x0,
    0x9f, 0xff, 0xff, 0xff, 0xfd, 0x10, 0x0, 0xf,
    0xd0, 0x0, 0xab, 0xbb, 0xbb, 0xbf, 0xf9, 0x0,
    0x0, 0xf, 0xd0, 0x0, 0x0, 0x0, 0x0, 0x9f,
    0xb0, 0x0, 0x0, 0xf, 0xd0, 0x0, 0x0, 0x40,
    0x8, 0xfd, 0x0, 0x0, 0x0, 0xf, 0xd0, 0x0,
    0x7, 0xfd, 0x8f, 0xe1, 0x0, 0x0, 0x0, 0xf,
    0xd0, 0x0, 0x0, 0xaf, 0xff, 0x20, 0x0, 0x0,
    0x0, 0xf, 0xd0, 0x0, 0x0, 0x6, 0xff, 0xb0,
    0x0, 0x0, 0x0, 0xf, 0xd0, 0x0, 0x0, 0x0,
    0x3e, 0xfa, 0x0, 0x0, 0x0, 0xf, 0xd0, 0x0,
    0x0, 0x0, 0x1, 0xc2, 0x0, 0x0, 0x0, 0x0,
    0x0, 0x0, 0x0, 0x0, 0x0, 0x0, 0x0, 0x0,

    /* U+4F4D "位" */
    0x0, 0x0, 0x6, 0x30, 0x0, 0x7, 0xc0, 0x0,
    0x0, 0x0, 0x0, 0x2, 0xfd, 0x0, 0x0, 0xaf,
    0x50, 0x0, 0x0, 0x0, 0x0, 0xaf, 0x60, 0x0,
    0x5, 0xfa, 0x0, 0x0, 0x0, 0x0, 0x2f, 0xe0,
    0x12, 0x22, 0x3c, 0x72, 0x22, 0x20, 0x0, 0xb,
    0xf7, 0xd, 0xff, 0xff, 0xff, 0xff, 0xff, 0x20,
    0x5, 0xff, 0x10, 0x9b, 0xbb, 0xbb, 0xbb, 0xbb,
    0xb1, 0x2, 0xff, 0xf1, 0x0, 0x3, 0x0, 0x0,
    0x5, 0x40, 0x1, 0xdf, 0xff, 0x10, 0x8, 0xf5,
    0x0, 0x0, 0xff, 0x0, 0x4f, 0xcd, 0xf1, 0x0,
    0x4f, 0x80, 0x0, 0x1f, 0xd0, 0x0, 0xa1, 0xdf,
    0x10, 0x2, 0xfb, 0x0, 0x4, 0xfa, 0x0, 0x0,
    0xd, 0xf1, 0x0, 0xf, 0xe0, 0x0, 0x7f, 0x70,
    0x0, 0x0, 0xdf, 0x10, 0x0, 0xcf, 0x10, 0x9,
    0xf3, 0x0, 0x0, 0xd, 0xf1, 0x0, 0xa, 0xf4,
    0x0, 0xdf, 0x0, 0x0, 0x0, 0xdf, 0x10, 0x0,
    0x8f, 0x60, 0xf, 0xc0, 0x0, 0x0, 0xd, 0xf1,
    0x0, 0x6, 0xf7, 0x4, 0xf8, 0x0, 0x0, 0x0,
    0xdf, 0x10, 0x0, 0x11, 0x0, 0x8f, 0x40, 0x0,
    0x0, 0xd, 0xf1, 0xaf, 0xff, 0xff, 0xff, 0xff,
    0xff, 0xe0, 0x0, 0xdf, 0x19, 0xdd, 0xdd, 0xdd,
    0xdd, 0xdd, 0xdc, 0x0, 0xd, 0xf1, 0x0, 0x0,
    0x0, 0x0, 0x0, 0x0, 0x0,

    /* U+4F4E "低" */
    0x0, 0x0, 0x7, 0x20, 0x0, 0x0, 0x0, 0x1,
    0x64, 0x0, 0x0, 0x0, 0x5f, 0xa0, 0x0, 0x2,
    0x69, 0xdf, 0xff, 0x40, 0x0, 0x0, 0xcf, 0x32,
    0xac, 0xff, 0xff, 0xfc, 0x83, 0x0, 0x0, 0x3,
    0xfc, 0x5, 0xfe, 0xc9, 0x6f, 0xe0, 0x0, 0x0,
    0x0, 0xb, 0xf5, 0x5, 0xf7, 0x0, 0xe, 0xe0,
    0x0, 0x0, 0x0, 0x5f, 0xf1, 0x5, 0xf7, 0x0,
    0xd, 0xf0, 0x0, 0x0, 0x1, 0xef, 0xf1, 0x5,
    0xf7, 0x0, 0xc, 0xf0, 0x0, 0x0, 0xb, 0xff,
    0xf1, 0x5, 0xf8, 0x11, 0x1b, 0xf2, 0x11, 0x10,
    0x5f, 0xed, 0xf1, 0x5, 0xff, 0xff, 0xff, 0xff,
    0xff, 0xf4, 0x1e, 0x4c, 0xf1, 0x5, 0xfd, 0xaa,
    0xad, 0xfc, 0xaa, 0xa3, 0x2, 0xc, 0xf1, 0x5,
    0xf7, 0x0, 0x6, 0xf6, 0x0, 0x0, 0x0, 0xc,
    0xf1, 0x5, 0xf7, 0x0, 0x4, 0xf9, 0x0, 0x0,
    0x0, 0xc, 0xf1, 0x5, 0xf7, 0x0, 0x1, 0xfb,
    0x0, 0x0, 0x0, 0xc, 0xf1, 0x5, 0xf7, 0x0,
    0x0, 0xef, 0x0, 0x0, 0x0, 0xc, 0xf1, 0x5,
    0xf7, 0x3, 0xa1, 0xaf, 0x30, 0xa3, 0x0, 0xc,
    0xf1, 0x5, 0xf7, 0x1, 0xf7, 0x6f, 0x90, 0xe9,
    0x0, 0xc, 0xf1, 0x5, 0xfb, 0xac, 0xae, 0x1f,
    0xf8, 0xf6, 0x0, 0xc, 0xf1, 0x2e, 0xff, 0xfc,
    0x3f, 0x57, 0xff, 0xf1, 0x0, 0xc, 0xf1, 0xd,
    0xa5, 0x0, 0x8, 0x30, 0x8d, 0x50, 0x0, 0x0,
    0x0, 0x0, 0x0, 0x0, 0x0, 0x0, 0x0, 0x0,

    /* U+4F53 "体" */
    0x0, 0x0, 0x68, 0x10, 0x0, 0x9, 0xc1, 0x0,
    0x0, 0x0, 0x0, 0x0, 0xdf, 0x10, 0x0, 0xb,
    0xf2, 0x0, 0x0, 0x0, 0x0, 0x4, 0xfa, 0x0,
    0x0, 0xb, 0xf2, 0x0, 0x0, 0x0, 0x0, 0xb,
    0xf4, 0x0, 0x0, 0xc, 0xf2, 0x0, 0x0, 0x0,
    0x0, 0x3f, 0xe2, 0xff, 0xff, 0xff, 0xff, 0xff,
    0xff, 0xe0, 0x0, 0xcf, 0xd1, 0xcc, 0xcc, 0xff,
    0xff, 0xdc, 0xcc, 0xb0, 0x6, 0xff, 0xd0, 0x0,
    0x0, 0xff, 0xff, 0x70, 0x0, 0x0, 0x3f, 0xff,
    0xd0, 0x0, 0x6, 0xfe, 0xfe, 0xd0, 0x0, 0x0,
    0x3f, 0x8f, 0xd0, 0x0, 0xd, 0xcb, 0xf8, 0xf5,
    0x0, 0x0, 0x7, 0xf, 0xd0, 0x0, 0x6f, 0x5b,
    0xf2, 0xed, 0x0, 0x0, 0x0, 0xf, 0xd0, 0x1,
    0xed, 0xb, 0xf2, 0x7f, 0x70, 0x0, 0x0, 0xf,
    0xd0, 0xa, 0xf5, 0xb, 0xf2, 0xe, 0xf2, 0x0,
    0x0, 0xf, 0xd0, 0x6f, 0xb0, 0xb, 0xf2, 0x5,
    0xfd, 0x10, 0x0, 0xf, 0xd5, 0xff, 0xaa, 0xae,
    0xfb, 0xaa, 0xcf, 0xc1, 0x0, 0xf, 0xd7, 0xf5,
    0xbf, 0xff, 0xff, 0xff, 0x2d, 0xc0, 0x0, 0xf,
    0xd0, 0x40, 0x0, 0xc, 0xf2, 0x0, 0x2, 0x10,
    0x0, 0xf, 0xd0, 0x0, 0x0, 0xb, 0xf2, 0x0,
    0x0, 0x0, 0x0, 0xf, 0xd0, 0x0, 0x0, 0xb,
    0xf2, 0x0, 0x0, 0x0, 0x0, 0xf, 0xd0, 0x0,
    0x0, 0xa, 0xe1, 0x0, 0x0, 0x0,

    /* U+4F7F "使" */
    0x0, 0x0, 0xc, 0x80, 0x0, 0x1, 0xc9, 0x0,
    0x0, 0x0, 0x0, 0x0, 0x5f, 0xb0, 0x0, 0x1,
    0xfc, 0x0, 0x0, 0x0, 0x0, 0x0, 0xdf, 0x8c,
    0xcc, 0xcc, 0xff, 0xcc, 0xcc, 0xc4, 0x0, 0x6,
    0xfb, 0x6f, 0xff, 0xff, 0xff, 0xff, 0xff, 0xf5,
    0x0, 0x1e, 0xf4, 0x0, 0x0, 0x1, 0xfc, 0x0,
    0x0, 0x0, 0x0, 0xbf, 0xf1, 0x8, 0x88, 0x89,
    0xfe, 0x88, 0x88, 0x60, 0x8, 0xff, 0xf1, 0xf,
    0xff, 0xff, 0xff, 0xff, 0xff, 0xc0, 0x6f, 0xff,
    0xf1, 0xf, 0xb0, 0x2, 0xfc, 0x0, 0x1f, 0xc0,
    0x4f, 0x8b, 0xf1, 0xf, 0xb0, 0x1, 0xfc, 0x0,
    0x1f, 0xc0, 0x8, 0xb, 0xf1, 0xf, 0xb0, 0x2,
    0xfc, 0x0, 0x1f, 0xc0, 0x0, 0xb, 0xf1, 0xf,
    0xff, 0xff, 0xff, 0xff, 0xff, 0xc0, 0x0, 0xb,
    0xf1, 0x8, 0x98, 0x8a, 0xfd, 0x88, 0x88, 0x60,
    0x0, 0xb, 0xf1, 0xb, 0xe1, 0x6, 0xf8, 0x0,
    0x0, 0x0, 0x0, 0xb, 0xf1, 0x4, 0xfc, 0x1b,
    0xf3, 0x0, 0x0, 0x0, 0x0, 0xb, 0xf1, 0x0,
    0x6f, 0xef, 0xd0, 0x0, 0x0, 0x0, 0x0, 0xb,
    0xf1, 0x0, 0x9, 0xff, 0xc3, 0x0, 0x0, 0x0,
    0x0, 0xb, 0xf1, 0x2, 0xaf, 0xfd, 0xff, 0xd8,
    0x41, 0x0, 0x0, 0xb, 0xf2, 0xcf, 0xfd, 0x40,
    0x4a, 0xff, 0xff, 0xe4, 0x0, 0xb, 0xf1, 0x6c,
    0x60, 0x0, 0x0, 0x5, 0x9c, 0xa0,

    /* U+4FE1 "信" */
    0x0, 0x0, 0x29, 0x30, 0x0, 0x8, 0x90, 0x0,
    0x0, 0x0, 0x0, 0x0, 0x8f, 0x50, 0x0, 0xc,
    0xf4, 0x0, 0x0, 0x0, 0x0, 0x0, 0xee, 0x0,
    0x0, 0x3, 0xfa, 0x0, 0x0, 0x0, 0x0, 0x6,
    0xf7, 0x79, 0x99, 0x99, 0xea, 0x99, 0x99, 0x90,
    0x0, 0xe, 0xf1, 0xbf, 0xff, 0xff, 0xff, 0xff,
    0xff, 0xf0, 0x0, 0x8f, 0xf0, 0x0, 0x0, 0x0,
    0x0, 0x0, 0x0, 0x0, 0x3, 0xff, 0xf0, 0x3,
    0x99, 0x99, 0x99, 0x99, 0x94, 0x0, 0x1d, 0xfe,
    0xf0, 0x5, 0xff, 0xff, 0xff, 0xff, 0xf8, 0x0,
    0x2f, 0x8b, 0xf0, 0x0, 0x0, 0x0, 0x0, 0x0,
    0x0, 0x0, 0x5, 0xb, 0xf0, 0x5, 0xff, 0xff,
    0xff, 0xff, 0xf8, 0x0, 0x0, 0xb, 0xf0, 0x3,
    0x99, 0x99, 0x99, 0x99, 0x94, 0x0, 0x0, 0xb,
    0xf0, 0x0, 0x0, 0x0, 0x0, 0x0, 0x0, 0x0,
    0x0, 0xb, 0xf0, 0x9, 0xff, 0xff, 0xff, 0xff,
    0xfb, 0x0, 0x0, 0xb, 0xf0, 0xa, 0xf9, 0x99,
    0x99, 0x99, 0xfc, 0x0, 0x0, 0xb, 0xf0, 0xa,
    0xf0, 0x0, 0x0, 0x0, 0xec, 0x0, 0x0, 0xb,
    0xf0, 0xa, 0xf0, 0x0, 0x0, 0x0, 0xec, 0x0,
    0x0, 0xb, 0xf0, 0xa, 0xf9, 0x99, 0x99, 0x99,
    0xfc, 0x0, 0x0, 0xb, 0xf0, 0xa, 0xff, 0xff,
    0xff, 0xff, 0xfc, 0x0, 0x0, 0xb, 0xf0, 0xa,
    0xf0, 0x0, 0x0, 0x0, 0xec, 0x0, 0x0, 0x1,
    0x20, 0x0, 0x10, 0x0, 0x0, 0x0, 0x0, 0x0,

    /* U+505C "停" */
    0x0, 0x0, 0x0, 0x0, 0x0, 0x0, 0x10, 0x0,
    0x0, 0x0, 0x0, 0x0, 0x3e, 0x50, 0x0, 0x5,
    0xf8, 0x0, 0x0, 0x0, 0x0, 0x0, 0x9f, 0x86,
    0x66, 0x67, 0xff, 0x76, 0x66, 0x61, 0x0, 0x1,
    0xfe, 0x9f, 0xff, 0xff, 0xff, 0xff, 0xff, 0xf4,
    0x0, 0x8, 0xf7, 0x12, 0x22, 0x22, 0x22, 0x22,
    0x22, 0x20, 0x0, 0x1f, 0xe0, 0x1, 0xee, 0xee,
    0xee, 0xee, 0xea, 0x0, 0x0, 0xaf, 0xb0, 0x1,
    0xfd, 0x66, 0x66, 0x67, 0xfc, 0x0, 0x5, 0xff,
    0xb0, 0x1, 0xfc, 0x0, 0x0, 0x1, 0xfc, 0x0,
    0x2f, 0xff, 0xb0, 0x1, 0xff, 0xff, 0xff, 0xff,
    0xfc, 0x0, 0x2f, 0xaf, 0xb0, 0x0, 0x55, 0x55,
    0x55, 0x55, 0x54, 0x0, 0x6, 0x1f, 0xb0, 0x89,
    0x99, 0x99, 0x99, 0x99, 0x99, 0x93, 0x0, 0xf,
    0xb0, 0xef, 0xff, 0xff, 0xff, 0xff, 0xff, 0xf5,
    0x0, 0xf, 0xb0, 0xeb, 0x0, 0x0, 0x0, 0x0,
    0x5, 0xf5, 0x0, 0xf, 0xb0, 0xc9, 0x8b, 0xbb,
    0xbb, 0xbb, 0xb8, 0xd4, 0x0, 0xf, 0xb0, 0x0,
    0xad, 0xdd, 0xff, 0xdd, 0xd4, 0x0, 0x0, 0xf,
    0xb0, 0x0, 0x0, 0x1, 0xfd, 0x0, 0x0, 0x0,
    0x0, 0xf, 0xb0, 0x0, 0x0, 0x1, 0xfd, 0x0,
    0x0, 0x0, 0x0, 0xf, 0xb0, 0x0, 0x0, 0x1,
    0xfd, 0x0, 0x0, 0x0, 0x0, 0xf, 0xb0, 0x0,
    0x8, 0x9a, 0xfc, 0x0, 0x0, 0x0, 0x0, 0xf,
    0xb0, 0x0, 0x9, 0xff, 0xe5, 0x0, 0x0, 0x0,
    0x0, 0x1, 0x0, 0x0, 0x0, 0x0, 0x0, 0x0,
    0x0, 0x0,

    /* U+50CD "働" */
    0x0, 0x0, 0xc9, 0x0, 0x0, 0x25, 0x30, 0x7f,
    0x30, 0x0, 0x0, 0x2, 0xfe, 0xac, 0xef, 0xff,
    0xe1, 0x7f, 0x30, 0x0, 0x0, 0x8, 0xf7, 0xca,
    0xdf, 0x63, 0x0, 0x7f, 0x30, 0x0, 0x0, 0xe,
    0xf4, 0x66, 0xbf, 0x76, 0x62, 0x7f, 0x30, 0x0,
    0x0, 0x5f, 0xa9, 0xff, 0xff, 0xff, 0xfa, 0xbf,
    0x97, 0x70, 0x0, 0xcf, 0x90, 0x0, 0x8f, 0x10,
    0xb, 0xff, 0xff, 0xf1, 0x5, 0xff, 0x91, 0xbb,
    0xdf, 0xbb, 0xb4, 0x8f, 0x5a, 0xf0, 0x1e, 0xff,
    0x91, 0xf9, 0xbf, 0x89, 0xf3, 0x7f, 0x29, 0xf0,
    0x3f, 0xaf, 0x91, 0xf4, 0x7f, 0x24, 0xf3, 0x7f,
    0x29, 0xf0, 0xb, 0x2f, 0x91, 0xff, 0xff, 0xff,
    0xf3, 0x8f, 0x1a, 0xf0, 0x0, 0x1f, 0x91, 0xf2,
    0x6e, 0x2, 0xf3, 0x9f, 0xa, 0xf0, 0x0, 0x1f,
    0x91, 0xff, 0xff, 0xff, 0xf3, 0xbe, 0xb, 0xe0,
    0x0, 0x1f, 0x90, 0x33, 0xaf, 0x43, 0x30, 0xdc,
    0xb, 0xe0, 0x0, 0x1f, 0x91, 0x77, 0xcf, 0x87,
    0x73, 0xf9, 0xc, 0xd0, 0x0, 0x1f, 0x92, 0xff,
    0xff, 0xff, 0xf9, 0xf5, 0xd, 0xc0, 0x0, 0x1f,
    0x90, 0x0, 0x8f, 0x10, 0xc, 0xf1, 0xe, 0xb0,
    0x0, 0x1f, 0x94, 0x67, 0xcf, 0xcd, 0xef, 0xa0,
    0x1f, 0xa0, 0x0, 0x1f, 0x9b, 0xff, 0xff, 0xfe,
    0xff, 0x4a, 0xbf, 0x70, 0x0, 0x1f, 0x94, 0x64,
    0x31, 0x1, 0xc8, 0xd, 0xfc, 0x10, 0x0, 0x2,
    0x10, 0x0, 0x0, 0x0, 0x0, 0x0, 0x0, 0x0,

    /* U+5143 "元" */
    0x0, 0x3, 0x33, 0x33, 0x33, 0x33, 0x33, 0x33,
    0x30, 0x0, 0x0, 0x1f, 0xff, 0xff, 0xff, 0xff,
    0xff, 0xff, 0xf2, 0x0, 0x0, 0xa, 0xaa, 0xaa,
    0xaa, 0xaa, 0xaa, 0xaa, 0xa1, 0x0, 0x0, 0x0,
    0x0, 0x0, 0x0, 0x0, 0x0, 0x0, 0x0, 0x0,
    0x0, 0x0, 0x0, 0x0, 0x0, 0x0, 0x0, 0x0,
    0x0, 0x0, 0x0, 0x0, 0x0, 0x0, 0x0, 0x0,
    0x0, 0x0, 0x0, 0x0, 0xc, 0xdd, 0xdd, 0xdd,
    0xdd, 0xdd, 0xdd, 0xdd, 0xdd, 0xc0, 0xd, 0xff,
    0xff, 0xff, 0xff, 0xff, 0xff, 0xff, 0xff, 0xe0,
    0x0, 0x0, 0x1, 0xff, 0x0, 0x8, 0xf6, 0x0,
    0x0, 0x0, 0x0, 0x0, 0x2, 0xfd, 0x0, 0x8,
    0xf6, 0x0, 0x0, 0x0, 0x0, 0x0, 0x4, 0xfa,
    0x0, 0x8, 0xf6, 0x0, 0x0, 0x0, 0x0, 0x0,
    0x8, 0xf7, 0x0, 0x8, 0xf6, 0x0, 0x0, 0x0,
    0x0, 0x0, 0xd, 0xf3, 0x0, 0x8, 0xf6, 0x0,
    0x3, 0x10, 0x0, 0x0, 0x4f, 0xd0, 0x0, 0x8,
    0xf6, 0x0, 0x8, 0xf2, 0x0, 0x1, 0xef, 0x60,
    0x0, 0x8, 0xf6, 0x0, 0x9, 0xf2, 0x0, 0x2d,
    0xfb, 0x0, 0x0, 0x8, 0xf6, 0x0, 0xc, 0xf0,
    0x8, 0xff, 0xc0, 0x0, 0x0, 0x6, 0xff, 0xcc,
    0xdf, 0xc0, 0x8, 0xf8, 0x0, 0x0, 0x0, 0x0,
    0xbf, 0xff, 0xfe, 0x30, 0x0, 0x10, 0x0, 0x0,
    0x0, 0x0, 0x0, 0x0, 0x0, 0x0,

    /* U+5165 "入" */
    0x0, 0x0, 0x0, 0x32, 0x0, 0x0, 0x0, 0x0,
    0x0, 0x0, 0x0, 0x0, 0x0, 0xdf, 0x40, 0x0,
    0x0, 0x0, 0x0, 0x0, 0x0, 0x0, 0x0, 0xaf,
    0xf3, 0x0, 0x0, 0x0, 0x0, 0x0, 0x0, 0x0,
    0x0, 0x8, 0xfe, 0x10, 0x0, 0x0, 0x0, 0x0,
    0x0, 0x0, 0x0, 0x0, 0xbf, 0xb0, 0x0, 0x0,
    0x0, 0x0, 0x0, 0x0, 0x0, 0x0, 0x3f, 0xf6,
    0x0, 0x0, 0x0, 0x0, 0x0, 0x0, 0x0, 0x0,
    0x7f, 0xfe, 0x0, 0x0, 0x0, 0x0, 0x0, 0x0,
    0x0, 0x0, 0xbf, 0xff, 0x70, 0x0, 0x0, 0x0,
    0x0, 0x0, 0x0, 0x1, 0xff, 0x5f, 0xf1, 0x0,
    0x0, 0x0, 0x0, 0x0, 0x0, 0x7, 0xfc, 0xa,
    0xf8, 0x0, 0x0, 0x0, 0x0, 0x0, 0x0, 0xe,
    0xf5, 0x2, 0xff, 0x10, 0x0, 0x0, 0x0, 0x0,
    0x0, 0x7f, 0xe0, 0x0, 0xaf, 0xb0, 0x0, 0x0,
    0x0, 0x0, 0x2, 0xff, 0x50, 0x0, 0x1f, 0xf5,
    0x0, 0x0, 0x0, 0x0, 0xd, 0xfb, 0x0, 0x0,
    0x8, 0xff, 0x20, 0x0, 0x0, 0x0, 0xbf, 0xe1,
    0x0, 0x0, 0x0, 0xdf, 0xe2, 0x0, 0x0, 0x2c,
    0xff, 0x30, 0x0, 0x0, 0x0, 0x2e, 0xfe, 0x40,
    0x7, 0xff, 0xf4, 0x0, 0x0, 0x0, 0x0, 0x3,
    0xff, 0xf3, 0x9, 0xfd, 0x20, 0x0, 0x0, 0x0,
    0x0, 0x0, 0x2d, 0xd0, 0x0, 0x40, 0x0, 0x0,
    0x0, 0x0, 0x0, 0x0, 0x0, 0x30,

    /* U+5168 "全" */
    0x0, 0x0, 0x0, 0x0, 0x0, 0x0, 0x0, 0x0,
    0x0, 0x0, 0x0, 0x0, 0x0, 0x0, 0xb, 0xc2,
    0x0, 0x0, 0x0, 0x0, 0x0, 0x0, 0x0, 0x0,
    0x8f, 0xf6, 0x0, 0x0, 0x0, 0x0, 0x0, 0x0,
    0x0, 0x6, 0xfe, 0xef, 0x60, 0x0, 0x0, 0x0,
    0x0, 0x0, 0x0, 0x7f, 0xe2, 0x2e, 0xf7, 0x0,
    0x0, 0x0, 0x0, 0x0, 0xa, 0xfe, 0x30, 0x2,
    0xef, 0xb1, 0x0, 0x0, 0x0, 0x4, 0xdf, 0xd2,
    0x0, 0x0, 0x1c, 0xfe, 0x50, 0x0, 0x2, 0xaf,
    0xfa, 0x0, 0x0, 0x0, 0x0, 0x9f, 0xfb, 0x20,
    0x3f, 0xfe, 0xea, 0xaa, 0xaa, 0xaa, 0xaa, 0xae,
    0xff, 0xf4, 0x8, 0x82, 0xff, 0xff, 0xff, 0xff,
    0xff, 0xff, 0x48, 0xa0, 0x0, 0x0, 0x0, 0x0,
    0xf, 0xf0, 0x0, 0x0, 0x0, 0x0, 0x0, 0x0,
    0x0, 0x0, 0xf, 0xf0, 0x0, 0x0, 0x0, 0x0,
    0x0, 0x0, 0x0, 0x0, 0xf, 0xf0, 0x0, 0x0,
    0x0, 0x0, 0x0, 0x0, 0xef, 0xff, 0xff, 0xff,
    0xff, 0xff, 0x20, 0x0, 0x0, 0x0, 0x9a, 0xaa,
    0xaf, 0xfa, 0xaa, 0xaa, 0x10, 0x0, 0x0, 0x0,
    0x0, 0x0, 0xf, 0xf0, 0x0, 0x0, 0x0, 0x0,
    0x0, 0x0, 0x0, 0x0, 0xf, 0xf0, 0x0, 0x0,
    0x0, 0x0, 0x5, 0xcc, 0xcc, 0xcc, 0xcf, 0xfc,
    0xcc, 0xcc, 0xcc, 0x70, 0x7, 0xff, 0xff, 0xff,
    0xff, 0xff, 0xff, 0xff, 0xff, 0x90, 0x7, 0xff,
    0xff, 0xff, 0xff, 0xff, 0xff, 0xff, 0xff, 0x90,

    /* U+516C "公" */
    0x0, 0x0, 0x0, 0x30, 0x0, 0x0, 0x14, 0x0,
    0x0, 0x0, 0x0, 0x0, 0x2, 0xff, 0x10, 0x1,
    0xff, 0x10, 0x0, 0x0, 0x0, 0x0, 0x9, 0xfb,
    0x0, 0x0, 0x9f, 0xa0, 0x0, 0x0, 0x0, 0x0,
    0x2f, 0xf3, 0x0, 0x0, 0x1e, 0xf5, 0x0, 0x0,
    0x0, 0x0, 0xcf, 0xa0, 0x0, 0x0, 0x5, 0xff,
    0x20, 0x0, 0x0, 0x8, 0xff, 0x10, 0x0, 0x0,
    0x0, 0xaf, 0xd1, 0x0, 0x0, 0x5f, 0xf5, 0x0,
    0x2a, 0x30, 0x0, 0xd, 0xfc, 0x0, 0x5, 0xff,
    0x90, 0x0, 0xaf, 0xd0, 0x0, 0x2, 0xff, 0xc1,
    0x9, 0xfb, 0x0, 0x2, 0xff, 0x50, 0x0, 0x0,
    0x4f, 0xa0, 0x0, 0x40, 0x0, 0xc, 0xfb, 0x0,
    0x0, 0x0, 0x3, 0x0, 0x0, 0x0, 0x0, 0x5f,
    0xf2, 0x0, 0x1, 0x0, 0x0, 0x0, 0x0, 0x0,
    0x1, 0xef, 0x70, 0x0, 0x8f, 0x70, 0x0, 0x0,
    0x0, 0x0, 0xa, 0xfb, 0x0, 0x0, 0x3f, 0xf3,
    0x0, 0x0, 0x0, 0x0, 0x7f, 0xe1, 0x0, 0x0,
    0x8, 0xfe, 0x0, 0x0, 0x0, 0x4, 0xff, 0x30,
    0x12, 0x34, 0x56, 0xff, 0xa0, 0x0, 0x0, 0x5f,
    0xff, 0xff, 0xff, 0xff, 0xff, 0xff, 0xf5, 0x0,
    0x0, 0x3f, 0xff, 0xfe, 0xdc, 0xba, 0x87, 0x6a,
    0xfe, 0x0, 0x0, 0x6, 0x31, 0x0, 0x0, 0x0,
    0x0, 0x0, 0xef, 0x50, 0x0, 0x0, 0x0, 0x0,
    0x0, 0x0, 0x0, 0x0, 0x42, 0x0,

    /* U+5171 "共" */
    0x0, 0x0, 0x9, 0xb1, 0x0, 0x0, 0x9b, 0x10,
    0x0, 0x0, 0x0, 0x0, 0xcf, 0x20, 0x0, 0xd,
    0xf2, 0x0, 0x0, 0x0, 0x0, 0xc, 0xf2, 0x0,
    0x0, 0xdf, 0x20, 0x0, 0x0, 0x0, 0x0, 0xcf,
    0x20, 0x0, 0xd, 0xf2, 0x0, 0x0, 0x6, 0xdd,
    0xdf, 0xfd, 0xdd, 0xdd, 0xff, 0xdd, 0xdd, 0x0,
    0x8f, 0xff, 0xff, 0xff, 0xff, 0xff, 0xff, 0xff,
    0xf0, 0x0, 0x0, 0xc, 0xf2, 0x0, 0x0, 0xdf,
    0x20, 0x0, 0x0, 0x0, 0x0, 0xcf, 0x20, 0x0,
    0xd, 0xf2, 0x0, 0x0, 0x0, 0x0, 0xc, 0xf2,
    0x0, 0x0, 0xdf, 0x20, 0x0, 0x0, 0x0, 0x0,
    0xcf, 0x20, 0x0, 0xd, 0xf2, 0x0, 0x0, 0x4d,
    0xdd, 0xdf, 0xfe, 0xdd, 0xdd, 0xff, 0xed, 0xdd,
    0x94, 0xff, 0xff, 0xff, 0xff, 0xff, 0xff, 0xff,
    0xff, 0xfb, 0x0, 0x0, 0x0, 0x0, 0x0, 0x0,
    0x0, 0x0, 0x0, 0x0, 0x0, 0x0, 0x5d, 0x70,
    0x0, 0x4d, 0x90, 0x0, 0x0, 0x0, 0x0, 0x5f,
    0xf6, 0x0, 0x2, 0xdf, 0xd2, 0x0, 0x0, 0x0,
    0x8f, 0xf6, 0x0, 0x0, 0x1, 0xbf, 0xf5, 0x0,
    0x3, 0xcf, 0xf4, 0x0, 0x0, 0x0, 0x0, 0x9f,
    0xf7, 0x0, 0x9f, 0xc2, 0x0, 0x0, 0x0, 0x0,
    0x0, 0x7f, 0xd2, 0x0, 0x40, 0x0, 0x0, 0x0,
    0x0, 0x0, 0x0, 0x40, 0x0,

    /* U+5173 "关" */
    0x0, 0x0, 0x18, 0x20, 0x0, 0x0, 0x1, 0xb5,
    0x0, 0x0, 0x0, 0x0, 0x5f, 0xd0, 0x0, 0x0,
    0x8, 0xfb, 0x0, 0x0, 0x0, 0x0, 0xb, 0xf7,
    0x0, 0x0, 0x1f, 0xf2, 0x0, 0x0, 0x0, 0x0,
    0x2, 0xfc, 0x0, 0x0, 0x9f, 0x80, 0x0, 0x0,
    0x0, 0x5b, 0xbb, 0xfb, 0xbb, 0xbb, 0xff, 0xcb,
    0xb8, 0x0, 0x0, 0x7f, 0xff, 0xff, 0xff, 0xff,
    0xff, 0xff, 0xfb, 0x0, 0x0, 0x12, 0x22, 0x22,
    0x2f, 0xf5, 0x22, 0x22, 0x21, 0x0, 0x0, 0x0,
    0x0, 0x0, 0xf, 0xf3, 0x0, 0x0, 0x0, 0x0,
    0x0, 0x0, 0x0, 0x0, 0xf, 0xf3, 0x0, 0x0,
    0x0, 0x0, 0x9, 0xdd, 0xdd, 0xdd, 0xdf, 0xfd,
    0xdd, 0xdd, 0xdd, 0xa0, 0xb, 0xff, 0xff, 0xff,
    0xff, 0xff, 0xff, 0xff, 0xff, 0xc0, 0x0, 0x0,
    0x0, 0x0, 0x9f, 0xfe, 0x10, 0x0, 0x0, 0x0,
    0x0, 0x0, 0x0, 0x2, 0xff, 0xef, 0xa0, 0x0,
    0x0, 0x0, 0x0, 0x0, 0x0, 0x1d, 0xfd, 0x1e,
    0xf8, 0x0, 0x0, 0x0, 0x0, 0x0, 0x4, 0xef,
    0xe2, 0x3, 0xff, 0xb1, 0x0, 0x0, 0x0, 0x3,
    0xaf, 0xfd, 0x20, 0x0, 0x4f, 0xfe, 0x71, 0x0,
    0x6, 0xcf, 0xff, 0x90, 0x0, 0x0, 0x2, 0xcf,
    0xff, 0xb1, 0x8, 0xff, 0x92, 0x0, 0x0, 0x0,
    0x0, 0x6, 0xdf, 0x90, 0x0, 0x51, 0x0, 0x0,
    0x0, 0x0, 0x0, 0x0, 0x3, 0x0,

    /* U+5177 "具" */
    0x0, 0x0, 0xcf, 0xff, 0xff, 0xff, 0xff, 0xff,
    0x0, 0x0, 0x0, 0x0, 0xdf, 0x99, 0x99, 0x99,
    0x99, 0xef, 0x10, 0x0, 0x0, 0x0, 0xdf, 0x0,
    0x0, 0x0, 0x0, 0xdf, 0x10, 0x0, 0x0, 0x0,
    0xdf, 0xff, 0xff, 0xff, 0xff, 0xff, 0x10, 0x0,
    0x0, 0x0, 0xdf, 0x66, 0x66, 0x66, 0x66, 0xef,
    0x10, 0x0, 0x0, 0x0, 0xdf, 0x22, 0x22, 0x22,
    0x22, 0xdf, 0x10, 0x0, 0x0, 0x0, 0xdf, 0xff,
    0xff, 0xff, 0xff, 0xff, 0x10, 0x0, 0x0, 0x0,
    0xdf, 0x33, 0x33, 0x33, 0x33, 0xdf, 0x10, 0x0,
    0x0, 0x0, 0xdf, 0x44, 0x44, 0x44, 0x44, 0xef,
    0x10, 0x0, 0x0, 0x0, 0xdf, 0xff, 0xff, 0xff,
    0xff, 0xff, 0x10, 0x0, 0x0, 0x0, 0xdf, 0x11,
    0x11, 0x11, 0x11, 0xdf, 0x10, 0x0, 0xa, 0xaa,
    0xff, 0xaa, 0xaa, 0xaa, 0xaa, 0xff, 0xaa, 0xa0,
    0xf, 0xff, 0xff, 0xff, 0xff, 0xff, 0xff, 0xff,
    0xff, 0xf1, 0x1, 0x11, 0x15, 0xd5, 0x11, 0x11,
    0x7e, 0x82, 0x11, 0x10, 0x0, 0x2, 0xaf, 0xfa,
    0x0, 0x0, 0x8f, 0xfe, 0x70, 0x0, 0x3, 0xaf,
    0xfd, 0x50, 0x0, 0x0, 0x1, 0x8f, 0xfe, 0x60,
    0xc, 0xfd, 0x60, 0x0, 0x0, 0x0, 0x0, 0x2,
    0xaf, 0xc1, 0x1, 0x40, 0x0, 0x0, 0x0, 0x0,
    0x0, 0x0, 0x4, 0x0,

    /* U+5185 "内" */
    0x0, 0x0, 0x0, 0x0, 0x11, 0x0, 0x0, 0x0,
    0x0, 0x0, 0x0, 0x0, 0x0, 0xef, 0x0, 0x0,
    0x0, 0x0, 0x0, 0x0, 0x0, 0x0, 0xef, 0x0,
    0x0, 0x0, 0x0, 0x0, 0x0, 0x0, 0x0, 0xef,
    0x0, 0x0, 0x0, 0x0, 0xb, 0xbb, 0xbb, 0xbb,
    0xff, 0xbb, 0xbb, 0xbc, 0xb0, 0x1f, 0xff, 0xff,
    0xff, 0xff, 0xff, 0xff, 0xff, 0xf0, 0x1f, 0xd2,
    0x22, 0x22, 0xff, 0x22, 0x22, 0x2e, 0xf0, 0x1f,
    0xd0, 0x0, 0x0, 0xfe, 0x0, 0x0, 0xd, 0xf0,
    0x1f, 0xd0, 0x0, 0x3, 0xfc, 0x0, 0x0, 0xd,
    0xf0, 0x1f, 0xd0, 0x0, 0x7, 0xff, 0x70, 0x0,
    0xd, 0xf0, 0x1f, 0xd0, 0x0, 0xe, 0xfe, 0xf7,
    0x0, 0xd, 0xf0, 0x1f, 0xd0, 0x0, 0x8f, 0xb2,
    0xef, 0x70, 0xd, 0xf0, 0x1f, 0xd0, 0x5, 0xff,
    0x20, 0x3f, 0xf5, 0xd, 0xf0, 0x1f, 0xd0, 0x7f,
    0xf5, 0x0, 0x4, 0xff, 0x4d, 0xf0, 0x1f, 0xd9,
    0xff, 0x60, 0x0, 0x0, 0x6f, 0x8d, 0xf0, 0x1f,
    0xd0, 0xa3, 0x0, 0x0, 0x0, 0x4, 0xd, 0xf0,
    0x1f, 0xd0, 0x0, 0x0, 0x0, 0x0, 0x0, 0xd,
    0xf0, 0x1f, 0xd0, 0x0, 0x0, 0x0, 0x0, 0x0,
    0xd, 0xf0, 0x1f, 0xd0, 0x0, 0x0, 0x0, 0x1,
    0xee, 0xef, 0xe0, 0x1f, 0xd0, 0x0, 0x0, 0x0,
    0x0, 0xcf, 0xec, 0x40,

    /* U+518D "再" */
    0x6, 0xbb, 0xbb, 0xbb, 0xbb, 0xbb, 0xbb, 0xbb,
    0xbb, 0x60, 0x8, 0xff, 0xff, 0xff, 0xff, 0xff,
    0xff, 0xff, 0xff, 0x80, 0x0, 0x0, 0x0, 0x0,
    0xf, 0xd0, 0x0, 0x0, 0x0, 0x0, 0x0, 0x1,
    0x11, 0x11, 0x1f, 0xe1, 0x11, 0x12, 0x10, 0x0,
    0x0, 0xf, 0xff, 0xff, 0xff, 0xff, 0xff, 0xff,
    0xf0, 0x0, 0x0, 0xf, 0xfa, 0xaa, 0xaf, 0xfa,
    0xaa, 0xaf, 0xf0, 0x0, 0x0, 0xf, 0xe0, 0x0,
    0xf, 0xd0, 0x0, 0xf, 0xf0, 0x0, 0x0, 0xf,
    0xf9, 0x99, 0x9f, 0xf9, 0x99, 0x9f, 0xf0, 0x0,
    0x0, 0xf, 0xff, 0xff, 0xff, 0xff, 0xff, 0xff,
    0xf0, 0x0, 0x0, 0xf, 0xe0, 0x0, 0x1f, 0xd0,
    0x0, 0xf, 0xf0, 0x0, 0x0, 0xf, 0xe0, 0x0,
    0xf, 0xd0, 0x0, 0xf, 0xf0, 0x0, 0x3c, 0xcf,
    0xfc, 0xcc, 0xcf, 0xfc, 0xcc, 0xcf, 0xfc, 0xc4,
    0x4f, 0xff, 0xff, 0xff, 0xff, 0xff, 0xff, 0xff,
    0xff, 0xf4, 0x0, 0xf, 0xe0, 0x0, 0x0, 0x0,
    0x0, 0xf, 0xf0, 0x0, 0x0, 0xf, 0xe0, 0x0,
    0x0, 0x0, 0x0, 0xf, 0xf0, 0x0, 0x0, 0xf,
    0xe0, 0x0, 0x0, 0x0, 0x0, 0xf, 0xf0, 0x0,
    0x0, 0xf, 0xe0, 0x0, 0x0, 0x1, 0xbb, 0xbf,
    0xe0, 0x0, 0x0, 0xf, 0xe0, 0x0, 0x0, 0x0,
    0xcf, 0xfd, 0x50, 0x0, 0x0, 0x0, 0x0, 0x0,
    0x0, 0x0, 0x0, 0x0, 0x0, 0x0,

    /* U+5199 "写" */
    0x9d, 0xdd, 0xdd, 0xdd, 0xdd, 0xdd, 0xdd, 0xdd,
    0xd7, 0xcf, 0xff, 0xff, 0xff, 0xff, 0xff, 0xff,
    0xff, 0xf9, 0xcf, 0x20, 0x3a, 0x50, 0x0, 0x0,
    0x0, 0x6, 0xf9, 0xcf, 0x20, 0x7f, 0x70, 0x0,
    0x0, 0x0, 0x6, 0xf9, 0x45, 0x0, 0xbf, 0xca,
    0xaa, 0xaa, 0xaa, 0x92, 0x53, 0x0, 0x0, 0xef,
    0xff, 0xff, 0xff, 0xff, 0xe0, 0x0, 0x0, 0x2,
    0xfd, 0x0, 0x0, 0x0, 0x0, 0x0, 0x0, 0x0,
    0x6, 0xfa, 0x0, 0x0, 0x0, 0x0, 0x0, 0x0,
    0x0, 0xa, 0xff, 0xff, 0xff, 0xff, 0xff, 0xfa,
    0x0, 0x0, 0x9, 0xbb, 0xbb, 0xbb, 0xbb, 0xbd,
    0xf9, 0x0, 0x0, 0x0, 0x0, 0x0, 0x0, 0x0,
    0x7, 0xf7, 0x0, 0x12, 0x22, 0x22, 0x22, 0x22,
    0x22, 0x9, 0xf6, 0x0, 0x7f, 0xff, 0xff, 0xff,
    0xff, 0xff, 0xa, 0xf4, 0x0, 0x49, 0x99, 0x99,
    0x99, 0x99, 0x98, 0xd, 0xf2, 0x0, 0x0, 0x0,
    0x0, 0x0, 0x0, 0x0, 0xf, 0xf0, 0x0, 0x0,
    0x0, 0x0, 0x0, 0x0, 0x0, 0x5f, 0xb0, 0x0,
    0x0, 0x0, 0x0, 0x0, 0x8b, 0xaa, 0xff, 0x50,
    0x0, 0x0, 0x0, 0x0, 0x0, 0x5f, 0xff, 0xf9,
    0x0, 0x0, 0x0, 0x0, 0x0, 0x0, 0x0, 0x0,
    0x0, 0x0, 0x0,

    /* U+51C6 "准" */
    0x0, 0x10, 0x0, 0x0, 0x5c, 0x40, 0x6d, 0x20,
    0x0, 0x0, 0xc, 0xe1, 0x0, 0x0, 0xbf, 0x20,
    0x6f, 0xb0, 0x0, 0x0, 0x8, 0xfa, 0x0, 0x2,
    0xfc, 0x0, 0xd, 0xf3, 0x0, 0x0, 0x0, 0xef,
    0x40, 0xa, 0xfc, 0x99, 0x9c, 0xd9, 0x99, 0x80,
    0x0, 0x6f, 0xd0, 0x2f, 0xff, 0xff, 0xff, 0xff,
    0xff, 0xe0, 0x0, 0xd, 0xb1, 0xcf, 0xe1, 0x11,
    0x2f, 0xc1, 0x11, 0x0, 0x0, 0x1, 0x7, 0xff,
    0xe0, 0x0, 0x1f, 0xc0, 0x0, 0x0, 0x0, 0x0,
    0x5f, 0xee, 0xf9, 0x99, 0xaf, 0xe9, 0x99, 0x40,
    0x0, 0x0, 0x7f, 0x4d, 0xff, 0xff, 0xff, 0xff,
    0xff, 0x80, 0x0, 0x0, 0x3, 0xd, 0xe1, 0x11,
    0x2f, 0xc1, 0x11, 0x0, 0x0, 0x5, 0xc3, 0xd,
    0xe0, 0x0, 0x1f, 0xc0, 0x0, 0x0, 0x0, 0xb,
    0xf5, 0xd, 0xf9, 0x99, 0xaf, 0xe9, 0x99, 0x40,
    0x0, 0x2f, 0xf0, 0xd, 0xff, 0xff, 0xff, 0xff,
    0xff, 0x70, 0x0, 0x8f, 0x90, 0xd, 0xe0, 0x0,
    0x2f, 0xc0, 0x0, 0x0, 0x0, 0xef, 0x30, 0xd,
    0xe0, 0x0, 0x1f, 0xc0, 0x0, 0x0, 0x6, 0xfd,
    0x0, 0xd, 0xe2, 0x22, 0x3f, 0xc2, 0x22, 0x20,
    0xd, 0xf7, 0x0, 0xd, 0xff, 0xff, 0xff, 0xff,
    0xff, 0xf4, 0x6, 0xc0, 0x0, 0xd, 0xf8, 0x88,
    0x88, 0x88, 0x88, 0x82, 0x0, 0x0, 0x0, 0xd,
    0xe0, 0x0, 0x0, 0x0, 0x0, 0x0,

    /* U+51FA "出" */
    0x0, 0x0, 0x0, 0x1, 0xdd, 0x0, 0x0, 0x0,
    0x0, 0x2, 0x10, 0x0, 0x1f, 0xf0, 0x0, 0x1,
    0x20, 0x2, 0xfe, 0x0, 0x1, 0xff, 0x0, 0x0,
    0xef, 0x20, 0x2f, 0xe0, 0x0, 0x1f, 0xf0, 0x0,
    0xe, 0xf2, 0x2, 0xfe, 0x0, 0x1, 0xff, 0x0,
    0x0, 0xef, 0x20, 0x2f, 0xe0, 0x0, 0x1f, 0xf0,
    0x0, 0xe, 0xf2, 0x2, 0xfe, 0x0, 0x1, 0xff,
    0x0, 0x0, 0xef, 0x20, 0x2f, 0xfe, 0xee, 0xef,
    0xfe, 0xee, 0xef, 0xf2, 0x1, 0xff, 0xff, 0xff,
    0xff, 0xff, 0xff, 0xff, 0x20, 0x0, 0x0, 0x0,
    0x1f, 0xf0, 0x0, 0x0, 0x0, 0xa, 0xa0, 0x0,
    0x1, 0xff, 0x0, 0x0, 0x1a, 0xa1, 0xff, 0x0,
    0x0, 0x1f, 0xf0, 0x0, 0x2, 0xff, 0x1f, 0xf0,
    0x0, 0x1, 0xff, 0x0, 0x0, 0x2f, 0xf1, 0xff,
    0x0, 0x0, 0x1f, 0xf0, 0x0, 0x2, 0xff, 0x1f,
    0xf0, 0x0, 0x1, 0xff, 0x0, 0x0, 0x2f, 0xf1,
    0xff, 0x22, 0x22, 0x3f, 0xf2, 0x22, 0x24, 0xff,
    0x1f, 0xff, 0xff, 0xff, 0xff, 0xff, 0xff, 0xff,
    0xf0, 0xcc, 0xcc, 0xcc, 0xcc, 0xcc, 0xcc, 0xcc,
    0xff, 0x0, 0x0, 0x0, 0x0, 0x0, 0x0, 0x0,
    0x2f, 0xf0,

    /* U+5207 "切" */
    0x0, 0xd, 0xb0, 0x0, 0x0, 0x0, 0x0, 0x0,
    0x0, 0x0, 0x0, 0xfd, 0x0, 0xb, 0xff, 0xff,
    0xff, 0xff, 0xff, 0x0, 0xf, 0xd0, 0x0, 0x8c,
    0xce, 0xfd, 0xcc, 0xcf, 0xf0, 0x0, 0xfd, 0x0,
    0x0, 0x0, 0xaf, 0x30, 0x0, 0xfe, 0x0, 0xf,
    0xe6, 0xad, 0x70, 0xa, 0xf3, 0x0, 0xf, 0xe3,
    0x9c, 0xff, 0xff, 0xf8, 0x0, 0xbf, 0x20, 0x0,
    0xfe, 0x5f, 0xff, 0xe6, 0x30, 0x0, 0xc, 0xf1,
    0x0, 0x1f, 0xd1, 0x41, 0xfd, 0x0, 0x0, 0x0,
    0xdf, 0x0, 0x1, 0xfd, 0x0, 0xf, 0xd0, 0x0,
    0x0, 0xf, 0xe0, 0x0, 0x2f, 0xc0, 0x0, 0xfd,
    0x0, 0x0, 0x2, 0xfc, 0x0, 0x2, 0xfb, 0x0,
    0xf, 0xd0, 0x0, 0x10, 0x5f, 0x90, 0x0, 0x3f,
    0xa0, 0x0, 0xfd, 0x7, 0xd9, 0xa, 0xf5, 0x0,
    0x4, 0xfa, 0x0, 0xf, 0xff, 0xff, 0x71, 0xff,
    0x0, 0x0, 0x6f, 0x90, 0xa, 0xff, 0xe7, 0x0,
    0x8f, 0xa0, 0x0, 0x7, 0xf7, 0x0, 0x7e, 0x70,
    0x0, 0x3f, 0xf2, 0x0, 0x0, 0xaf, 0x50, 0x1,
    0x10, 0x0, 0x3e, 0xf8, 0x0, 0x0, 0xe, 0xf2,
    0x0, 0x0, 0x0, 0x5f, 0xfa, 0x0, 0x4e, 0xde,
    0xfd, 0x0, 0x0, 0x0, 0x1, 0xe9, 0x0, 0x0,
    0xff, 0xfc, 0x30, 0x0, 0x0, 0x0, 0x1, 0x0,
    0x0, 0x0, 0x0, 0x0, 0x0,

    /* U+5220 "删" */
    0x0, 0x0, 0x0, 0x0, 0x0, 0x0, 0x0, 0x0,
    0x5, 0x40, 0xc, 0xff, 0xfa, 0xc, 0xff, 0xfa,
    0x0, 0x0, 0xeb, 0x0, 0xce, 0x9f, 0xa0, 0xce,
    0x9f, 0xa0, 0x85, 0xe, 0xb0, 0xc, 0xc0, 0xea,
    0xc, 0xc0, 0xea, 0xe, 0x90, 0xeb, 0x0, 0xcc,
    0xe, 0xa0, 0xcc, 0xe, 0xa0, 0xe9, 0xe, 0xb0,
    0xc, 0xc0, 0xea, 0xc, 0xc0, 0xea, 0xe, 0x90,
    0xeb, 0x0, 0xcc, 0xe, 0xa0, 0xcc, 0xe, 0xa0,
    0xe9, 0xe, 0xb0, 0xc, 0xc0, 0xea, 0xc, 0xc0,
    0xea, 0xe, 0x90, 0xeb, 0xf, 0xff, 0xff, 0xff,
    0xff, 0xff, 0xf8, 0xe9, 0xe, 0xb0, 0xbf, 0xfc,
    0xfe, 0xcf, 0xfc, 0xfe, 0x6e, 0x90, 0xeb, 0x0,
    0xcc, 0xe, 0xa0, 0xcc, 0xe, 0xa0, 0xe9, 0xe,
    0xb0, 0xc, 0xc0, 0xea, 0xc, 0xc0, 0xea, 0xe,
    0x90, 0xeb, 0x0, 0xdb, 0xe, 0xa0, 0xdb, 0xe,
    0xa0, 0xe9, 0xe, 0xb0, 0xd, 0xa0, 0xea, 0xe,
    0xa0, 0xea, 0xe, 0x80, 0xeb, 0x0, 0xf9, 0xe,
    0xa0, 0xf8, 0xe, 0xa0, 0x0, 0xe, 0xb0, 0x1f,
    0x70, 0xea, 0x3f, 0x60, 0xea, 0x0, 0x0, 0xeb,
    0x5, 0xf4, 0xe, 0xa8, 0xf3, 0xe, 0xa0, 0x0,
    0xe, 0xb0, 0xbf, 0x49, 0xfa, 0xdf, 0x39, 0xf9,
    0x3, 0xaa, 0xfa, 0x8, 0x92, 0xfd, 0x59, 0xa1,
    0xfd, 0x30, 0x1f, 0xfc, 0x30, 0x0, 0x0, 0x0,
    0x0, 0x0, 0x0, 0x0, 0x0, 0x0,

    /* U+5230 "到" */
    0x0, 0x0, 0x0, 0x0, 0x0, 0x0, 0x0, 0x0,
    0x97, 0x4a, 0xaa, 0xaa, 0xaa, 0xaa, 0x90, 0x11,
    0x1, 0xfc, 0x7f, 0xff, 0xff, 0xff, 0xff, 0xe1,
    0xfb, 0x1, 0xfc, 0x0, 0x1f, 0xf2, 0x7, 0x10,
    0x1, 0xfb, 0x1, 0xfc, 0x0, 0x8f, 0x70, 0x5f,
    0xa0, 0x1, 0xfb, 0x1, 0xfc, 0x2, 0xfd, 0x0,
    0xa, 0xf7, 0x1, 0xfb, 0x1, 0xfc, 0xd, 0xfc,
    0xbc, 0xdf, 0xff, 0x31, 0xfb, 0x1, 0xfc, 0xe,
    0xff, 0xed, 0xba, 0xaf, 0xa1, 0xfb, 0x1, 0xfc,
    0x3, 0x10, 0x27, 0x30, 0x6, 0x1, 0xfb, 0x1,
    0xfc, 0x0, 0x0, 0x5f, 0x70, 0x0, 0x1, 0xfb,
    0x1, 0xfc, 0x17, 0x77, 0xaf, 0xb7, 0x77, 0x21,
    0xfb, 0x1, 0xfc, 0x2f, 0xff, 0xff, 0xff, 0xff,
    0x41, 0xfb, 0x1, 0xfc, 0x3, 0x33, 0x7f, 0x83,
    0x33, 0x1, 0xfb, 0x1, 0xfc, 0x0, 0x0, 0x5f,
    0x70, 0x0, 0x1, 0xfb, 0x1, 0xfc, 0x0, 0x0,
    0x5f, 0x71, 0x48, 0x60, 0x0, 0x1, 0xfc, 0x0,
    0x3, 0x9f, 0xff, 0xff, 0xb0, 0x0, 0x1, 0xfc,
    0x7d, 0xff, 0xff, 0xfb, 0x73, 0x0, 0x0, 0x1,
    0xfc, 0x8f, 0xfc, 0x84, 0x0, 0x0, 0x0, 0xc,
    0xcd, 0xfa, 0x24, 0x0, 0x0, 0x0, 0x0, 0x0,
    0x9, 0xfe, 0xb2,

    /* U+5236 "制" */
    0x0, 0x15, 0x11, 0xc9, 0x0, 0x0, 0x0, 0x0,
    0x9, 0x80, 0x5, 0xf7, 0x1f, 0xb0, 0x0, 0x0,
    0x12, 0x0, 0xfd, 0x0, 0x9f, 0x43, 0xfc, 0x11,
    0x11, 0xb, 0xf1, 0xf, 0xd0, 0xe, 0xff, 0xff,
    0xff, 0xff, 0x90, 0xbf, 0x10, 0xfd, 0x5, 0xfc,
    0x9a, 0xfe, 0x99, 0x95, 0xb, 0xf1, 0xf, 0xd0,
    0xcf, 0x10, 0x1f, 0xb0, 0x0, 0x0, 0xbf, 0x10,
    0xfd, 0x8, 0xc8, 0x89, 0xfe, 0x88, 0x88, 0x3b,
    0xf1, 0xf, 0xd0, 0xdf, 0xff, 0xff, 0xff, 0xff,
    0xf6, 0xbf, 0x10, 0xfd, 0x2, 0x33, 0x34, 0xfc,
    0x33, 0x33, 0x1b, 0xf1, 0xf, 0xd0, 0x0, 0x0,
    0x2f, 0xb0, 0x1, 0x0, 0xbf, 0x10, 0xfd, 0x1,
    0xff, 0xff, 0xff, 0xff, 0xfb, 0xb, 0xf1, 0xf,
    0xd0, 0x1f, 0xda, 0xbf, 0xea, 0xaf, 0xb0, 0xbf,
    0x10, 0xfd, 0x1, 0xf9, 0x1, 0xfb, 0x0, 0xfb,
    0xb, 0xf1, 0xf, 0xd0, 0x1f, 0x90, 0x1f, 0xb0,
    0xf, 0xb0, 0x1, 0x0, 0xfd, 0x1, 0xf9, 0x1,
    0xfb, 0x0, 0xfb, 0x0, 0x0, 0xf, 0xd0, 0x1f,
    0x90, 0x1f, 0xb5, 0x7f, 0xb0, 0x0, 0x0, 0xfd,
    0x1, 0xf9, 0x1, 0xfb, 0x7f, 0xf6, 0x0, 0x0,
    0xf, 0xd0, 0x1, 0x0, 0x1f, 0xb0, 0x20, 0x0,
    0xd, 0xee, 0xfc, 0x0, 0x0, 0x1, 0xfb, 0x0,
    0x0, 0x0, 0x9f, 0xec, 0x30, 0x0, 0x0, 0x0,
    0x0, 0x0, 0x0, 0x0, 0x0, 0x0,

    /* U+524A "削" */
    0x0, 0x0, 0x1c, 0xa0, 0x1, 0x0, 0x0, 0x0,
    0x56, 0x1, 0xb8, 0x1, 0xfc, 0x1, 0xfa, 0x0,
    0x0, 0xc, 0xf1, 0xd, 0xf0, 0x1f, 0xc0, 0x7f,
    0x60, 0x64, 0x0, 0xcf, 0x10, 0x7f, 0x61, 0xfc,
    0xc, 0xf0, 0x1f, 0xc0, 0xc, 0xf1, 0x2, 0xfa,
    0x1f, 0xc3, 0xf8, 0x1, 0xfc, 0x0, 0xcf, 0x10,
    0x28, 0x45, 0xfd, 0x47, 0x50, 0x1f, 0xc0, 0xc,
    0xf1, 0x9, 0xff, 0xff, 0xff, 0xff, 0x1, 0xfc,
    0x0, 0xcf, 0x10, 0x9f, 0xa8, 0x88, 0x8f, 0xf0,
    0x1f, 0xc0, 0xc, 0xf1, 0x9, 0xf3, 0x0, 0x0,
    0xef, 0x1, 0xfc, 0x0, 0xcf, 0x10, 0x9f, 0xff,
    0xff, 0xff, 0xf0, 0x1f, 0xc0, 0xc, 0xf1, 0x9,
    0xfb, 0xaa, 0xaa, 0xff, 0x1, 0xfc, 0x0, 0xcf,
    0x10, 0x9f, 0x30, 0x0, 0xe, 0xf0, 0x1f, 0xc0,
    0xc, 0xf1, 0x9, 0xfb, 0xaa, 0xaa, 0xff, 0x1,
    0xfc, 0x0, 0xcf, 0x10, 0x9f, 0xff, 0xff, 0xff,
    0xf0, 0xa, 0x80, 0xc, 0xf1, 0x9, 0xf3, 0x0,
    0x0, 0xef, 0x0, 0x0, 0x0, 0xcf, 0x10, 0x9f,
    0x30, 0x0, 0xe, 0xf0, 0x0, 0x0, 0xc, 0xf1,
    0x9, 0xf3, 0x0, 0x0, 0xef, 0x0, 0x0, 0x0,
    0xdf, 0x10, 0x9f, 0x30, 0xb, 0xbf, 0xe0, 0x0,
    0xee, 0xef, 0xf0, 0x9, 0xf3, 0x0, 0xcf, 0xe6,
    0x0, 0x9, 0xff, 0xc5, 0x0, 0x1, 0x0, 0x0,
    0x0, 0x0, 0x0, 0x0, 0x0, 0x0,

    /* U+524D "前" */
    0x0, 0x6, 0xb2, 0x0, 0x0, 0x0, 0xc, 0x81,
    0x0, 0x0, 0x0, 0x7f, 0xc0, 0x0, 0x0, 0x7,
    0xfb, 0x0, 0x0, 0x0, 0x0, 0xcf, 0x70, 0x0,
    0x1, 0xff, 0x20, 0x0, 0xc, 0xcc, 0xcd, 0xfc,
    0xcc, 0xcc, 0xef, 0xec, 0xcc, 0xc0, 0xff, 0xff,
    0xff, 0xff, 0xff, 0xff, 0xff, 0xff, 0xff, 0x0,
    0x0, 0x0, 0x0, 0x0, 0x0, 0x0, 0x0, 0x0,
    0x0, 0x6, 0x77, 0x77, 0x77, 0x50, 0x4, 0x20,
    0x1d, 0xa0, 0x0, 0xdf, 0xff, 0xff, 0xfc, 0x1,
    0xfa, 0x1, 0xfc, 0x0, 0xd, 0xf2, 0x22, 0x3f,
    0xc0, 0x1f, 0xa0, 0x1f, 0xc0, 0x0, 0xdf, 0x33,
    0x34, 0xfc, 0x1, 0xfa, 0x1, 0xfc, 0x0, 0xd,
    0xff, 0xff, 0xff, 0xc0, 0x1f, 0xa0, 0x1f, 0xc0,
    0x0, 0xdf, 0x33, 0x34, 0xfc, 0x1, 0xfa, 0x1,
    0xfc, 0x0, 0xd, 0xf0, 0x0, 0x1f, 0xc0, 0x1f,
    0xa0, 0x1f, 0xc0, 0x0, 0xdf, 0xff, 0xff, 0xfc,
    0x1, 0xfa, 0x1, 0xfc, 0x0, 0xd, 0xf6, 0x66,
    0x6f, 0xc0, 0x1f, 0x90, 0x1f, 0xc0, 0x0, 0xdf,
    0x0, 0x1, 0xfc, 0x0, 0x0, 0x1, 0xfc, 0x0,
    0xd, 0xf0, 0x0, 0x1f, 0xc0, 0x0, 0x0, 0x1f,
    0xc0, 0x0, 0xdf, 0x2, 0x9a, 0xfb, 0x0, 0xa,
    0xcd, 0xfb, 0x0, 0xc, 0xf0, 0xe, 0xfd, 0x40,
    0x0, 0x7f, 0xfc, 0x30, 0x0,

    /* U+529B "力" */
    0x0, 0x0, 0x0, 0x0, 0x10, 0x0, 0x0, 0x0,
    0x0, 0x0, 0x0, 0x0, 0x0, 0xf, 0xf0, 0x0,
    0x0, 0x0, 0x0, 0x0, 0x0, 0x0, 0x0, 0xff,
    0x0, 0x0, 0x0, 0x0, 0x0, 0x0, 0x0, 0x0,
    0xf, 0xf0, 0x0, 0x0, 0x0, 0x0, 0x0, 0x0,
    0x0, 0x0, 0xff, 0x0, 0x0, 0x0, 0x0, 0x0,
    0x5d, 0xdd, 0xdd, 0xdf, 0xfd, 0xdd, 0xdd, 0xdd,
    0xd2, 0x6, 0xff, 0xff, 0xff, 0xff, 0xff, 0xff,
    0xff, 0xff, 0x20, 0x2, 0x22, 0x22, 0x4f, 0xe2,
    0x22, 0x22, 0x2e, 0xf1, 0x0, 0x0, 0x0, 0x4,
    0xfc, 0x0, 0x0, 0x0, 0xef, 0x0, 0x0, 0x0,
    0x0, 0x7f, 0xa0, 0x0, 0x0, 0xf, 0xf0, 0x0,
    0x0, 0x0, 0xa, 0xf7, 0x0, 0x0, 0x0, 0xfe,
    0x0, 0x0, 0x0, 0x0, 0xff, 0x30, 0x0, 0x0,
    0x1f, 0xd0, 0x0, 0x0, 0x0, 0x5f, 0xe0, 0x0,
    0x0, 0x2, 0xfc, 0x0, 0x0, 0x0, 0xd, 0xf7,
    0x0, 0x0, 0x0, 0x4f, 0xb0, 0x0, 0x0, 0x7,
    0xff, 0x10, 0x0, 0x0, 0x6, 0xf9, 0x0, 0x0,
    0x3, 0xff, 0x60, 0x0, 0x0, 0x0, 0x8f, 0x70,
    0x0, 0x2, 0xef, 0xb0, 0x0, 0x0, 0x0, 0xb,
    0xf4, 0x0, 0x4, 0xff, 0xc0, 0x0, 0x0, 0x0,
    0x2, 0xff, 0x10, 0x8, 0xff, 0xc1, 0x0, 0x0,
    0x1e, 0xee, 0xff, 0xb0, 0x0, 0x3f, 0x90, 0x0,
    0x0, 0x0, 0xbf, 0xff, 0xb1, 0x0, 0x0, 0x10,
    0x0, 0x0, 0x0, 0x0, 0x0, 0x0, 0x0, 0x0,

    /* U+52A9 "助" */
    0x0, 0x0, 0x0, 0x0, 0x0, 0x0, 0x7e, 0x30,
    0x0, 0x0, 0xe, 0xff, 0xff, 0xfd, 0x0, 0x8,
    0xf4, 0x0, 0x0, 0x0, 0xef, 0xbb, 0xbf, 0xd0,
    0x0, 0x9f, 0x40, 0x0, 0x0, 0xe, 0xd0, 0x0,
    0xed, 0x0, 0x9, 0xf4, 0x0, 0x0, 0x0, 0xed,
    0x0, 0xe, 0xd4, 0x77, 0xcf, 0x97, 0x78, 0x60,
    0xe, 0xfb, 0xbb, 0xfd, 0x9f, 0xff, 0xff, 0xff,
    0xfe, 0x0, 0xef, 0xff, 0xff, 0xd3, 0x55, 0xcf,
    0x75, 0x5f, 0xe0, 0xe, 0xd0, 0x0, 0xed, 0x0,
    0xb, 0xf1, 0x0, 0xfd, 0x0, 0xed, 0x0, 0xe,
    0xd0, 0x0, 0xdf, 0x0, 0xf, 0xd0, 0xe, 0xe9,
    0x99, 0xfd, 0x0, 0xf, 0xe0, 0x0, 0xfd, 0x0,
    0xef, 0xff, 0xff, 0xd0, 0x1, 0xfb, 0x0, 0xf,
    0xc0, 0xe, 0xd0, 0x0, 0xed, 0x0, 0x5f, 0x80,
    0x1, 0xfb, 0x0, 0xed, 0x0, 0xe, 0xd1, 0xa,
    0xf4, 0x0, 0x1f, 0xb0, 0xe, 0xd0, 0x26, 0xff,
    0xd0, 0xff, 0x0, 0x2, 0xfa, 0x3, 0xff, 0xef,
    0xff, 0xe9, 0x8f, 0x90, 0x0, 0x4f, 0x93, 0xff,
    0xff, 0xd8, 0x30, 0x2f, 0xf2, 0x0, 0x6, 0xf7,
    0x1f, 0xb6, 0x20, 0x0, 0x2e, 0xf7, 0x0, 0x0,
    0x9f, 0x50, 0x0, 0x0, 0x0, 0x3e, 0xfb, 0x0,
    0xcc, 0xcf, 0xf1, 0x0, 0x0, 0x0, 0x0, 0xba,
    0x0, 0xb, 0xff, 0xe6, 0x0, 0x0, 0x0, 0x0,
    0x0, 0x0, 0x0, 0x0, 0x0, 0x0,

    /* U+52B9 "効" */
    0x0, 0x0, 0x48, 0x0, 0x0, 0x0, 0x5, 0x40,
    0x0, 0x0, 0x0, 0x9, 0xf5, 0x0, 0x0, 0x0,
    0xfc, 0x0, 0x0, 0x0, 0x0, 0x1f, 0xc0, 0x0,
    0x0, 0xf, 0xc0, 0x0, 0x0, 0xbc, 0xcc, 0xfd,
    0xcc, 0xc6, 0x0, 0xfc, 0x0, 0x0, 0xc, 0xee,
    0xee, 0xee, 0xee, 0x71, 0x1f, 0xc1, 0x11, 0x0,
    0x0, 0x86, 0x0, 0x54, 0x3, 0xff, 0xff, 0xff,
    0xfc, 0x0, 0x3f, 0xa0, 0xd, 0xf2, 0x2b, 0xbf,
    0xeb, 0xbf, 0xc0, 0xd, 0xf2, 0x0, 0x3f, 0xc0,
    0x1, 0xf9, 0x0, 0xec, 0xa, 0xf7, 0x0, 0x4,
    0x8f, 0x70, 0x2f, 0x80, 0xf, 0xb0, 0xdb, 0x33,
    0x5, 0xf8, 0xd9, 0x3, 0xf7, 0x0, 0xfb, 0x3,
    0x1e, 0xe2, 0xaf, 0x21, 0x0, 0x6f, 0x50, 0xf,
    0xa0, 0x0, 0x4f, 0xef, 0xc0, 0x0, 0x9, 0xf2,
    0x1, 0xfa, 0x0, 0x0, 0x5f, 0xf6, 0x0, 0x0,
    0xdf, 0x0, 0x1f, 0x90, 0x0, 0x3, 0xff, 0xc0,
    0x0, 0x2f, 0xb0, 0x2, 0xf8, 0x0, 0x0, 0xdf,
    0xcf, 0x90, 0x8, 0xf5, 0x0, 0x4f, 0x70, 0x0,
    0xbf, 0x80, 0xdf, 0x11, 0xfe, 0x0, 0x5, 0xf6,
    0x1, 0xcf, 0xa0, 0x3, 0x40, 0xbf, 0x70, 0x0,
    0x9f, 0x31, 0xef, 0xa0, 0x0, 0x0, 0xaf, 0xc0,
    0x6b, 0xbf, 0xf0, 0x7, 0x70, 0x0, 0x0, 0x7,
    0xd1, 0x4, 0xff, 0xe5, 0x0, 0x0, 0x0, 0x0,
    0x0, 0x0, 0x0, 0x0, 0x0, 0x0,

    /* U+52D5 "動" */
    0x0, 0x0, 0x0, 0x24, 0x67, 0x0, 0x8, 0x60,
    0x0, 0x0, 0x9b, 0xde, 0xff, 0xff, 0xf4, 0x0,
    0xfc, 0x0, 0x0, 0x7, 0xaa, 0x9f, 0xd4, 0x20,
    0x0, 0x1f, 0xb0, 0x0, 0x1, 0x77, 0x77, 0xfd,
    0x77, 0x76, 0x1, 0xfb, 0x0, 0x0, 0x2f, 0xff,
    0xff, 0xff, 0xff, 0xd4, 0x5f, 0xc4, 0x44, 0x40,
    0x0, 0x0, 0xfc, 0x0, 0x3, 0xff, 0xff, 0xff,
    0xff, 0x9, 0xff, 0xff, 0xff, 0xff, 0x97, 0x9f,
    0xd7, 0x7f, 0xe0, 0x9f, 0x33, 0xfc, 0x34, 0xf8,
    0x3, 0xf9, 0x0, 0xee, 0x9, 0xf5, 0x5f, 0xd5,
    0x6f, 0x80, 0x4f, 0x80, 0xe, 0xe0, 0x9f, 0xdd,
    0xff, 0xdd, 0xf8, 0x5, 0xf7, 0x0, 0xfd, 0x9,
    0xe0, 0xf, 0xc0, 0x1f, 0x80, 0x7f, 0x50, 0xf,
    0xc0, 0x9f, 0xff, 0xff, 0xff, 0xf8, 0xa, 0xf2,
    0x0, 0xfc, 0x1, 0x11, 0x1f, 0xc1, 0x11, 0x0,
    0xef, 0x0, 0x1f, 0xb0, 0xaf, 0xff, 0xff, 0xff,
    0xf8, 0x3f, 0xb0, 0x2, 0xfa, 0x4, 0x77, 0x7f,
    0xd7, 0x77, 0x4a, 0xf5, 0x0, 0x3f, 0x90, 0x0,
    0x0, 0xfc, 0x35, 0x78, 0xfe, 0x0, 0x5, 0xf8,
    0x19, 0xbd, 0xef, 0xff, 0xff, 0xff, 0x60, 0x0,
    0x8f, 0x61, 0xff, 0xff, 0xec, 0xaa, 0xff, 0xb0,
    0x5c, 0xcf, 0xf2, 0x5, 0x31, 0x0, 0x0, 0x8,
    0xc0, 0x2, 0xff, 0xe7, 0x0, 0x0, 0x0, 0x0,
    0x0, 0x0, 0x0, 0x0, 0x0, 0x0,

    /* U+5305 "包" */
    0x0, 0x0, 0x1, 0xa5, 0x0, 0x0, 0x0, 0x0,
    0x0, 0x0, 0x0, 0x0, 0x9, 0xf9, 0x0, 0x0,
    0x0, 0x0, 0x0, 0x0, 0x0, 0x0, 0x2f, 0xf2,
    0x0, 0x0, 0x0, 0x0, 0x10, 0x0, 0x0, 0x0,
    0xdf, 0xff, 0xff, 0xff, 0xff, 0xff, 0xff, 0x0,
    0x0, 0xa, 0xfe, 0xbb, 0xbb, 0xbb, 0xbb, 0xbb,
    0xff, 0x0, 0x0, 0x9f, 0xe2, 0x0, 0x0, 0x0,
    0x0, 0x0, 0xff, 0x0, 0xa, 0xff, 0xdb, 0xaa,
    0xaa, 0xaa, 0x10, 0x0, 0xfe, 0x0, 0x7, 0xf4,
    0xff, 0xff, 0xff, 0xff, 0x20, 0x0, 0xfd, 0x0,
    0x0, 0x10, 0xfe, 0x0, 0x0, 0xbf, 0x20, 0x1,
    0xfc, 0x0, 0x0, 0x0, 0xfe, 0x0, 0x0, 0xaf,
    0x20, 0x2, 0xfb, 0x0, 0x0, 0x0, 0xff, 0x22,
    0x22, 0xbf, 0x20, 0x4, 0xfa, 0x0, 0x0, 0x0,
    0xff, 0xff, 0xff, 0xff, 0x20, 0x7, 0xf8, 0x0,
    0x0, 0x0, 0xff, 0x88, 0x88, 0x88, 0x5b, 0xbf,
    0xf4, 0x0, 0x0, 0x0, 0xfe, 0x0, 0x0, 0x0,
    0xf, 0xff, 0xa0, 0x0, 0x0, 0x0, 0xfe, 0x0,
    0x0, 0x0, 0x0, 0x10, 0x2, 0x81, 0x0, 0x0,
    0xfe, 0x0, 0x0, 0x0, 0x0, 0x0, 0x5, 0xf9,
    0x0, 0x0, 0xef, 0x10, 0x0, 0x0, 0x0, 0x0,
    0xa, 0xf6, 0x0, 0x0, 0xaf, 0xfd, 0xcc, 0xcc,
    0xcc, 0xcc, 0xef, 0xf1, 0x0, 0x0, 0x19, 0xdf,
    0xff, 0xff, 0xff, 0xff, 0xfc, 0x40,

    /* U+533A "区" */
    0x1e, 0xee, 0xee, 0xee, 0xee, 0xee, 0xee, 0xee,
    0xe9, 0x1, 0xff, 0xff, 0xff, 0xff, 0xff, 0xff,
    0xff, 0xff, 0xa0, 0x1f, 0xc0, 0x0, 0x0, 0x0,
    0x0, 0x1, 0x0, 0x0, 0x1, 0xfc, 0x0, 0x51,
    0x0, 0x0, 0x0, 0xdd, 0x20, 0x0, 0x1f, 0xc0,
    0x5f, 0xd2, 0x0, 0x0, 0x7f, 0xc0, 0x0, 0x1,
    0xfc, 0x0, 0x7f, 0xf4, 0x0, 0x4f, 0xf2, 0x0,
    0x0, 0x1f, 0xc0, 0x0, 0x5f, 0xf6, 0x2e, 0xf5,
    0x0, 0x0, 0x1, 0xfc, 0x0, 0x0, 0x3e, 0xff,
    0xf8, 0x0, 0x0, 0x0, 0x1f, 0xc0, 0x0, 0x0,
    0x4f, 0xfe, 0x0, 0x0, 0x0, 0x1, 0xfc, 0x0,
    0x0, 0x2e, 0xff, 0xfc, 0x10, 0x0, 0x0, 0x1f,
    0xc0, 0x0, 0x4f, 0xfa, 0x1c, 0xfd, 0x10, 0x0,
    0x1, 0xfc, 0x0, 0x9f, 0xf8, 0x0, 0xc, 0xfd,
    0x10, 0x0, 0x1f, 0xc1, 0xef, 0xf5, 0x0, 0x0,
    0xc, 0xfc, 0x0, 0x1, 0xfc, 0x7, 0xc2, 0x0,
    0x0, 0x0, 0x1c, 0x30, 0x0, 0x1f, 0xc0, 0x0,
    0x0, 0x0, 0x0, 0x0, 0x0, 0x0, 0x1, 0xff,
    0xcc, 0xcc, 0xcc, 0xcc, 0xcc, 0xcc, 0xcc, 0xc2,
    0x1f, 0xff, 0xff, 0xff, 0xff, 0xff, 0xff, 0xff,
    0xff, 0x30, 0x0, 0x0, 0x0, 0x0, 0x0, 0x0,
    0x0, 0x0, 0x0,

    /* U+5360 "占" */
    0x0, 0x0, 0x0, 0xa, 0x90, 0x0, 0x0, 0x0,
    0x0, 0x0, 0x0, 0x0, 0xfe, 0x0, 0x0, 0x0,
    0x0, 0x0, 0x0, 0x0, 0xf, 0xe0, 0x0, 0x0,
    0x0, 0x0, 0x0, 0x0, 0x0, 0xfe, 0x11, 0x11,
    0x11, 0x11, 0x0, 0x0, 0x0, 0xf, 0xff, 0xff,
    0xff, 0xff, 0xd0, 0x0, 0x0, 0x0, 0xff, 0xbb,
    0xbb, 0xbb, 0xb9, 0x0, 0x0, 0x0, 0xf, 0xe0,
    0x0, 0x0, 0x0, 0x0, 0x0, 0x0, 0x0, 0xfe,
    0x0, 0x0, 0x0, 0x0, 0x0, 0x0, 0x0, 0xf,
    0xe0, 0x0, 0x0, 0x0, 0x1, 0xdd, 0xdd, 0xdd,
    0xff, 0xdd, 0xdd, 0xdd, 0x0, 0x1f, 0xfe, 0xee,
    0xee, 0xee, 0xee, 0xef, 0xf1, 0x1, 0xfc, 0x0,
    0x0, 0x0, 0x0, 0x0, 0xef, 0x10, 0x1f, 0xc0,
    0x0, 0x0, 0x0, 0x0, 0xe, 0xf1, 0x1, 0xfc,
    0x0, 0x0, 0x0, 0x0, 0x0, 0xef, 0x10, 0x1f,
    0xc0, 0x0, 0x0, 0x0, 0x0, 0xe, 0xf1, 0x1,
    0xfc, 0x11, 0x11, 0x11, 0x11, 0x11, 0xef, 0x10,
    0x1f, 0xff, 0xff, 0xff, 0xff, 0xff, 0xff, 0xf1,
    0x1, 0xff, 0xbb, 0xbb, 0xbb, 0xbb, 0xbb, 0xff,
    0x10, 0x1f, 0xc0, 0x0, 0x0, 0x0, 0x0, 0xe,
    0xf1, 0x0, 0x11, 0x0, 0x0, 0x0, 0x0, 0x0,
    0x0, 0x0,

    /* U+5361 "卡" */
    0x0, 0x0, 0x0, 0x2, 0xa7, 0x0, 0x0, 0x0,
    0x0, 0x0, 0x0, 0x0, 0x0, 0x4f, 0xb0, 0x0,
    0x0, 0x0, 0x0, 0x0, 0x0, 0x0, 0x4, 0xfb,
    0x0, 0x0, 0x0, 0x0, 0x0, 0x0, 0x0, 0x0,
    0x4f, 0xff, 0xff, 0xff, 0xf4, 0x0, 0x0, 0x0,
    0x0, 0x4, 0xff, 0xcc, 0xcc, 0xcc, 0x30, 0x0,
    0x0, 0x0, 0x0, 0x4f, 0xb0, 0x0, 0x0, 0x0,
    0x0, 0x0, 0x0, 0x0, 0x4, 0xfb, 0x0, 0x0,
    0x0, 0x0, 0x9, 0xbb, 0xbb, 0xbb, 0xcf, 0xeb,
    0xbb, 0xbb, 0xbb, 0xb3, 0xcf, 0xff, 0xff, 0xff,
    0xff, 0xff, 0xff, 0xff, 0xff, 0x40, 0x0, 0x0,
    0x0, 0x3f, 0xc0, 0x0, 0x0, 0x0, 0x0, 0x0,
    0x0, 0x0, 0x3, 0xfc, 0x0, 0x0, 0x0, 0x0,
    0x0, 0x0, 0x0, 0x0, 0x3f, 0xc8, 0xa4, 0x0,
    0x0, 0x0, 0x0, 0x0, 0x0, 0x3, 0xfd, 0xdf,
    0xfd, 0x60, 0x0, 0x0, 0x0, 0x0, 0x0, 0x3f,
    0xc0, 0x5c, 0xff, 0xf8, 0x10, 0x0, 0x0, 0x0,
    0x3, 0xfc, 0x0, 0x4, 0xcf, 0xf2, 0x0, 0x0,
    0x0, 0x0, 0x3f, 0xc0, 0x0, 0x0, 0x46, 0x0,
    0x0, 0x0, 0x0, 0x3, 0xfc, 0x0, 0x0, 0x0,
    0x0, 0x0, 0x0, 0x0, 0x0, 0x3f, 0xc0, 0x0,
    0x0, 0x0, 0x0, 0x0, 0x0, 0x0, 0x3, 0xfc,
    0x0, 0x0, 0x0, 0x0, 0x0,

    /* U+5382 "厂" */
    0x0, 0xc, 0xdc, 0xcc, 0xcc, 0xcc, 0xcc, 0xcc,
    0xcc, 0xc0, 0x0, 0xff, 0xff, 0xff, 0xff, 0xff,
    0xff, 0xff, 0xff, 0x0, 0xf, 0xf3, 0x33, 0x33,
    0x33, 0x33, 0x33, 0x33, 0x20, 0x0, 0xff, 0x0,
    0x0, 0x0, 0x0, 0x0, 0x0, 0x0, 0x0, 0xf,
    0xf0, 0x0, 0x0, 0x0, 0x0, 0x0, 0x0, 0x0,
    0x0, 0xff, 0x0, 0x0, 0x0, 0x0, 0x0, 0x0,
    0x0, 0x0, 0xf, 0xf0, 0x0, 0x0, 0x0, 0x0,
    0x0, 0x0, 0x0, 0x0, 0xff, 0x0, 0x0, 0x0,
    0x0, 0x0, 0x0, 0x0, 0x0, 0xf, 0xf0, 0x0,
    0x0, 0x0, 0x0, 0x0, 0x0, 0x0, 0x1, 0xfe,
    0x0, 0x0, 0x0, 0x0, 0x0, 0x0, 0x0, 0x0,
    0x3f, 0xc0, 0x0, 0x0, 0x0, 0x0, 0x0, 0x0,
    0x0, 0x5, 0xfa, 0x0, 0x0, 0x0, 0x0, 0x0,
    0x0, 0x0, 0x0, 0x8f, 0x70, 0x0, 0x0, 0x0,
    0x0, 0x0, 0x0, 0x0, 0xd, 0xf4, 0x0, 0x0,
    0x0, 0x0, 0x0, 0x0, 0x0, 0x2, 0xff, 0x0,
    0x0, 0x0, 0x0, 0x0, 0x0, 0x0, 0x0, 0x9f,
    0xa0, 0x0, 0x0, 0x0, 0x0, 0x0, 0x0, 0x0,
    0xa, 0xf3, 0x0, 0x0, 0x0, 0x0, 0x0, 0x0,
    0x0, 0x0, 0x2, 0x0, 0x0, 0x0, 0x0, 0x0,
    0x0, 0x0, 0x0,

    /* U+53BB "去" */
    0x0, 0x0, 0x0, 0x0, 0xe, 0xe0, 0x0, 0x0,
    0x0, 0x0, 0x0, 0x0, 0x0, 0x0, 0xf, 0xf0,
    0x0, 0x0, 0x0, 0x0, 0x0, 0x0, 0x0, 0x0,
    0xf, 0xf0, 0x0, 0x0, 0x0, 0x0, 0x0, 0x6e,
    0xee, 0xee, 0xef, 0xfe, 0xee, 0xee, 0xe9, 0x0,
    0x0, 0x7f, 0xff, 0xff, 0xff, 0xff, 0xff, 0xff,
    0xfa, 0x0, 0x0, 0x0, 0x0, 0x0, 0xf, 0xf0,
    0x0, 0x0, 0x0, 0x0, 0x0, 0x0, 0x0, 0x0,
    0xf, 0xf0, 0x0, 0x0, 0x0, 0x0, 0x0, 0x0,
    0x0, 0x0, 0xf, 0xf0, 0x0, 0x0, 0x0, 0x0,
    0xd, 0xdd, 0xdd, 0xdd, 0xdf, 0xfd, 0xdd, 0xdd,
    0xdd, 0xd1, 0xf, 0xff, 0xff, 0xff, 0xff, 0xff,
    0xff, 0xff, 0xff, 0xf1, 0x0, 0x0, 0x0, 0x4f,
    0xf3, 0x0, 0x0, 0x0, 0x0, 0x0, 0x0, 0x0,
    0x0, 0xdf, 0x70, 0x0, 0x8e, 0x30, 0x0, 0x0,
    0x0, 0x0, 0x8, 0xfb, 0x0, 0x0, 0x5f, 0xe1,
    0x0, 0x0, 0x0, 0x0, 0x4f, 0xe1, 0x0, 0x0,
    0x9, 0xfc, 0x0, 0x0, 0x0, 0x2, 0xef, 0x30,
    0x0, 0x0, 0x0, 0xdf, 0x80, 0x0, 0x0, 0x2d,
    0xfc, 0x8a, 0xbc, 0xde, 0xff, 0xff, 0xf3, 0x0,
    0x0, 0x9f, 0xff, 0xff, 0xff, 0xfe, 0xdc, 0xbc,
    0xfd, 0x0, 0x0, 0x3b, 0x87, 0x54, 0x21, 0x0,
    0x0, 0x0, 0xec, 0x10, 0x0, 0x0, 0x0, 0x0,
    0x0, 0x0, 0x0, 0x0, 0x20, 0x0,

    /* U+53D1 "发" */
    0x0, 0x0, 0x0, 0x0, 0x2, 0x0, 0x0, 0x0,
    0x0, 0x0, 0x0, 0x0, 0x56, 0x20, 0xf, 0xf1,
    0x1, 0x96, 0x0, 0x0, 0x0, 0x0, 0xdf, 0x30,
    0x3f, 0xf0, 0x1, 0xef, 0x50, 0x0, 0x0, 0x3,
    0xfd, 0x0, 0x5f, 0xc0, 0x0, 0x2f, 0xf3, 0x0,
    0x0, 0xb, 0xf6, 0x0, 0x9f, 0x90, 0x0, 0x5,
    0x90, 0x0, 0x0, 0x5f, 0xfb, 0xaa, 0xef, 0xda,
    0xaa, 0xaa, 0xaa, 0x90, 0x0, 0x6f, 0xff, 0xff,
    0xff, 0xff, 0xff, 0xff, 0xff, 0xd0, 0x0, 0x14,
    0x22, 0x27, 0xfd, 0x22, 0x22, 0x22, 0x22, 0x10,
    0x0, 0x0, 0x0, 0xb, 0xf8, 0x0, 0x0, 0x0,
    0x0, 0x0, 0x0, 0x0, 0x0, 0x2f, 0xfd, 0xcc,
    0xcc, 0xcc, 0xa1, 0x0, 0x0, 0x0, 0x0, 0xaf,
    0xff, 0xff, 0xff, 0xff, 0xf1, 0x0, 0x0, 0x0,
    0x3, 0xff, 0xf4, 0x0, 0x0, 0x9f, 0xa0, 0x0,
    0x0, 0x0, 0xd, 0xfc, 0xfd, 0x0, 0x3, 0xff,
    0x20, 0x0, 0x0, 0x0, 0xaf, 0xe1, 0x7f, 0xb0,
    0x1d, 0xf8, 0x0, 0x0, 0x0, 0x9, 0xff, 0x40,
    0xb, 0xfb, 0xdf, 0xb0, 0x0, 0x0, 0x1, 0xbf,
    0xf5, 0x0, 0x0, 0xdf, 0xfd, 0x0, 0x0, 0x0,
    0x1e, 0xff, 0x40, 0x0, 0x3b, 0xff, 0xff, 0xa3,
    0x0, 0x0, 0x6, 0xc2, 0x2, 0x6c, 0xff, 0xd4,
    0x5e, 0xff, 0xc7, 0x30, 0x0, 0x0, 0xb, 0xff,
    0xc6, 0x0, 0x0, 0x6d, 0xff, 0xf2, 0x0, 0x0,
    0x2, 0x82, 0x0, 0x0, 0x0, 0x0, 0x27, 0x50,

    /* U+53D6 "取" */
    0xf, 0xff, 0xff, 0xff, 0xff, 0x0, 0x0, 0x0,
    0x0, 0x0, 0xc, 0xff, 0xcc, 0xcf, 0xec, 0x8a,
    0xaa, 0xaa, 0xab, 0x60, 0x0, 0xdf, 0x0, 0x2f,
    0xb0, 0xcf, 0xff, 0xff, 0xff, 0xa0, 0x0, 0xdf,
    0x0, 0x2f, 0xb0, 0xe, 0xc0, 0x0, 0x4f, 0x80,
    0x0, 0xdf, 0xff, 0xff, 0xb0, 0xb, 0xf0, 0x0,
    0x7f, 0x50, 0x0, 0xdf, 0xbb, 0xbf, 0xb0, 0x8,
    0xf3, 0x0, 0xaf, 0x20, 0x0, 0xdf, 0x0, 0x2f,
    0xb0, 0x4, 0xf7, 0x0, 0xee, 0x0, 0x0, 0xdf,
    0x0, 0x2f, 0xb0, 0x1, 0xfb, 0x3, 0xfa, 0x0,
    0x0, 0xdf, 0xaa, 0xbf, 0xb0, 0x0, 0xcf, 0x8,
    0xf5, 0x0, 0x0, 0xdf, 0xff, 0xff, 0xb0, 0x0,
    0x7f, 0x6e, 0xf0, 0x0, 0x0, 0xdf, 0x0, 0x2f,
    0xb0, 0x0, 0x2f, 0xff, 0x90, 0x0, 0x0, 0xdf,
    0x0, 0x2f, 0xb0, 0x0, 0xb, 0xff, 0x20, 0x0,
    0x0, 0xdf, 0x25, 0x8f, 0xff, 0x60, 0x8, 0xfe,
    0x0, 0x0, 0x2b, 0xff, 0xff, 0xff, 0xfb, 0x40,
    0x3f, 0xff, 0x70, 0x0, 0xf, 0xfd, 0xb8, 0x6f,
    0xb0, 0x1, 0xef, 0x8f, 0xf5, 0x0, 0x3, 0x0,
    0x0, 0x2f, 0xb0, 0x2d, 0xf9, 0x5, 0xff, 0x60,
    0x0, 0x0, 0x0, 0x2f, 0xb2, 0xef, 0xa0, 0x0,
    0x7f, 0xf3, 0x0, 0x0, 0x0, 0x2f, 0xb0, 0x98,
    0x0, 0x0, 0x5, 0x70, 0x0, 0x0, 0x0, 0x0,
    0x0, 0x0, 0x0, 0x0, 0x0, 0x0,

    /* U+53D7 "受" */
    0x0, 0x0, 0x0, 0x0, 0x0, 0x23, 0x57, 0xac,
    0xd1, 0x0, 0x3, 0x9a, 0xbb, 0xde, 0xff, 0xff,
    0xff, 0xff, 0xc6, 0x0, 0x3, 0xff, 0xfe, 0xdc,
    0xbc, 0xa7, 0x53, 0x13, 0x0, 0x0, 0x0, 0x6,
    0xe2, 0x0, 0x4f, 0x80, 0x0, 0x2f, 0xe1, 0x0,
    0x0, 0x4, 0xfb, 0x0, 0xe, 0xe0, 0x0, 0xaf,
    0x60, 0x0, 0x0, 0x0, 0xdd, 0x10, 0xa, 0xb2,
    0x4, 0xfc, 0x0, 0x0, 0xb, 0xff, 0xff, 0xff,
    0xff, 0xff, 0xff, 0xff, 0xff, 0xc0, 0xb, 0xfa,
    0xaa, 0xaa, 0xaa, 0xaa, 0xaa, 0xaa, 0xaf, 0xc0,
    0xb, 0xf1, 0x0, 0x0, 0x0, 0x0, 0x0, 0x0,
    0x1f, 0xc0, 0xb, 0xf1, 0xbb, 0xbb, 0xbb, 0xbb,
    0xbb, 0xc5, 0x1f, 0xc0, 0x1, 0x21, 0xff, 0xff,
    0xff, 0xff, 0xff, 0xff, 0x12, 0x10, 0x0, 0x0,
    0x5f, 0xd1, 0x0, 0x0, 0x2e, 0xf8, 0x0, 0x0,
    0x0, 0x0, 0x9, 0xfc, 0x10, 0x1, 0xcf, 0xc0,
    0x0, 0x0, 0x0, 0x0, 0x0, 0x9f, 0xe5, 0x4e,
    0xfc, 0x10, 0x0, 0x0, 0x0, 0x0, 0x0, 0x7,
    0xff, 0xff, 0xa0, 0x0, 0x0, 0x0, 0x0, 0x0,
    0x2, 0x7c, 0xff, 0xff, 0xe9, 0x40, 0x0, 0x0,
    0x6, 0x9b, 0xff, 0xff, 0xb4, 0x4b, 0xff, 0xff,
    0xda, 0x70, 0x8, 0xff, 0xea, 0x61, 0x0, 0x0,
    0x16, 0xae, 0xff, 0x70, 0x0, 0x41, 0x0, 0x0,
    0x0, 0x0, 0x0, 0x0, 0x14, 0x0,

    /* U+53F7 "号" */
    0x0, 0x0, 0x0, 0x0, 0x0, 0x0, 0x0, 0x0,
    0x0, 0x0, 0x7f, 0xff, 0xff, 0xff, 0xff, 0xff,
    0xf5, 0x0, 0x0, 0x7f, 0xca, 0xaa, 0xaa, 0xaa,
    0xae, 0xf5, 0x0, 0x0, 0x7f, 0x60, 0x0, 0x0,
    0x0, 0xb, 0xf5, 0x0, 0x0, 0x7f, 0x60, 0x0,
    0x0, 0x0, 0xb, 0xf5, 0x0, 0x0, 0x7f, 0xff,
    0xff, 0xff, 0xff, 0xff, 0xf5, 0x0, 0x0, 0x49,
    0x99, 0x99, 0x99, 0x99, 0x99, 0x93, 0x0, 0x0,
    0x0, 0x0, 0x0, 0x0, 0x0, 0x0, 0x0, 0x0,
    0xef, 0xff, 0xff, 0xff, 0xff, 0xff, 0xff, 0xff,
    0xfa, 0xbc, 0xcc, 0xff, 0xcc, 0xcc, 0xcc, 0xcc,
    0xcc, 0xc8, 0x0, 0x2, 0xff, 0x0, 0x0, 0x0,
    0x0, 0x0, 0x0, 0x0, 0x7, 0xfa, 0x0, 0x0,
    0x0, 0x1, 0x0, 0x0, 0x0, 0xd, 0xff, 0xff,
    0xff, 0xff, 0xff, 0xf4, 0x0, 0x0, 0x1a, 0xca,
    0xaa, 0xaa, 0xaa, 0xaf, 0xf2, 0x0, 0x0, 0x0,
    0x0, 0x0, 0x0, 0x0, 0xf, 0xf0, 0x0, 0x0,
    0x0, 0x0, 0x0, 0x0, 0x0, 0x3f, 0xd0, 0x0,
    0x0, 0x0, 0x0, 0x0, 0x0, 0x0, 0x9f, 0x90,
    0x0, 0x0, 0x0, 0x0, 0x2, 0xcb, 0xbb, 0xff,
    0x30, 0x0, 0x0, 0x0, 0x0, 0x0, 0xcf, 0xff,
    0xe6, 0x0, 0x0, 0x0, 0x0, 0x0, 0x0, 0x0,
    0x0, 0x0, 0x0, 0x0,

    /* U+540C "同" */
    0x1d, 0xdd, 0xdd, 0xdd, 0xdd, 0xdd, 0xdd, 0xdd,
    0xe9, 0x2f, 0xff, 0xff, 0xff, 0xff, 0xff, 0xff,
    0xff, 0xfb, 0x2f, 0xb0, 0x0, 0x0, 0x0, 0x0,
    0x0, 0x2, 0xfb, 0x2f, 0xb0, 0x11, 0x11, 0x11,
    0x11, 0x11, 0x2, 0xfb, 0x2f, 0xb0, 0xef, 0xff,
    0xff, 0xff, 0xff, 0x32, 0xfb, 0x2f, 0xb0, 0x78,
    0x88, 0x88, 0x88, 0x88, 0x12, 0xfb, 0x2f, 0xb0,
    0x0, 0x0, 0x0, 0x0, 0x0, 0x2, 0xfb, 0x2f,
    0xb0, 0xf, 0xff, 0xff, 0xff, 0xf2, 0x2, 0xfb,
    0x2f, 0xb0, 0xf, 0xea, 0xaa, 0xad, 0xf2, 0x2,
    0xfb, 0x2f, 0xb0, 0xf, 0xb0, 0x0, 0x9, 0xf2,
    0x2, 0xfb, 0x2f, 0xb0, 0xf, 0xb0, 0x0, 0x9,
    0xf2, 0x2, 0xfb, 0x2f, 0xb0, 0xf, 0xb0, 0x0,
    0x9, 0xf2, 0x2, 0xfb, 0x2f, 0xb0, 0xf, 0xff,
    0xff, 0xff, 0xf2, 0x2, 0xfb, 0x2f, 0xb0, 0xf,
    0xea, 0xaa, 0xaa, 0xa1, 0x2, 0xfb, 0x2f, 0xb0,
    0xf, 0xb0, 0x0, 0x0, 0x0, 0x2, 0xfb, 0x2f,
    0xb0, 0x0, 0x0, 0x0, 0x0, 0x0, 0x2, 0xfb,
    0x2f, 0xb0, 0x0, 0x0, 0x0, 0x0, 0x4d, 0xde,
    0xf9, 0x2f, 0xb0, 0x0, 0x0, 0x0, 0x0, 0xf,
    0xfe, 0xb2,

    /* U+540D "名" */
    0x0, 0x0, 0x0, 0x6, 0xe9, 0x0, 0x0, 0x0,
    0x0, 0x0, 0x0, 0x0, 0x4f, 0xf4, 0x0, 0x0,
    0x0, 0x0, 0x0, 0x0, 0x4, 0xff, 0xff, 0xff,
    0xff, 0xff, 0x80, 0x0, 0x0, 0x7f, 0xfc, 0xcc,
    0xcc, 0xcc, 0xff, 0x90, 0x0, 0x2b, 0xff, 0x60,
    0x0, 0x0, 0x6, 0xfe, 0x0, 0x6, 0xff, 0xd3,
    0x40, 0x0, 0x0, 0x5f, 0xf3, 0x0, 0x0, 0xc7,
    0xa, 0xfc, 0x10, 0x6, 0xff, 0x50, 0x0, 0x0,
    0x0, 0x1, 0xcf, 0xe4, 0xaf, 0xf4, 0x0, 0x0,
    0x0, 0x0, 0x0, 0xa, 0xff, 0xfd, 0x20, 0x0,
    0x0, 0x0, 0x0, 0x1, 0x7e, 0xff, 0x80, 0x0,
    0x0, 0x0, 0x0, 0x15, 0xaf, 0xff, 0xff, 0xff,
    0xff, 0xff, 0xf1, 0xc, 0xff, 0xff, 0xfb, 0xbb,
    0xbb, 0xbb, 0xbf, 0xf1, 0x8, 0xea, 0x6f, 0xc0,
    0x0, 0x0, 0x0, 0xe, 0xf1, 0x0, 0x0, 0x1f,
    0xc0, 0x0, 0x0, 0x0, 0xe, 0xf1, 0x0, 0x0,
    0x1f, 0xc0, 0x0, 0x0, 0x0, 0xe, 0xf1, 0x0,
    0x0, 0x1f, 0xc0, 0x0, 0x0, 0x0, 0xe, 0xf1,
    0x0, 0x0, 0x1f, 0xff, 0xff, 0xff, 0xff, 0xff,
    0xf1, 0x0, 0x0, 0x1f, 0xfb, 0xbb, 0xbb, 0xbb,
    0xbf, 0xf1, 0x0, 0x0, 0x1f, 0xc0, 0x0, 0x0,
    0x0, 0xe, 0xf1,

    /* U+542F "启" */
    0x0, 0x0, 0x0, 0x0, 0x2a, 0x90, 0x0, 0x0,
    0x0, 0x0, 0x0, 0x0, 0x0, 0x1, 0xff, 0x30,
    0x0, 0x0, 0x0, 0x0, 0x0, 0x10, 0x0, 0xa,
    0xf9, 0x0, 0x0, 0x0, 0x0, 0x0, 0xef, 0xff,
    0xff, 0xff, 0xff, 0xff, 0xff, 0xd0, 0x0, 0xe,
    0xfb, 0xbb, 0xbb, 0xbb, 0xbb, 0xbb, 0xfd, 0x0,
    0x0, 0xef, 0x0, 0x0, 0x0, 0x0, 0x0, 0x1f,
    0xd0, 0x0, 0xe, 0xf0, 0x0, 0x0, 0x0, 0x0,
    0x1, 0xfd, 0x0, 0x0, 0xef, 0xff, 0xff, 0xff,
    0xff, 0xff, 0xff, 0xd0, 0x0, 0xe, 0xfd, 0xdd,
    0xdd, 0xdd, 0xdd, 0xdd, 0xdb, 0x0, 0x0, 0xff,
    0x0, 0x0, 0x0, 0x0, 0x0, 0x0, 0x0, 0x0,
    0xf, 0xe0, 0x11, 0x11, 0x11, 0x11, 0x11, 0x11,
    0x0, 0x1, 0xfd, 0x8f, 0xff, 0xff, 0xff, 0xff,
    0xff, 0xf3, 0x0, 0x3f, 0xb8, 0xfc, 0xaa, 0xaa,
    0xaa, 0xaa, 0xef, 0x30, 0x6, 0xf9, 0x8f, 0x50,
    0x0, 0x0, 0x0, 0xb, 0xf3, 0x0, 0xbf, 0x58,
    0xf5, 0x0, 0x0, 0x0, 0x0, 0xbf, 0x30, 0x1f,
    0xf1, 0x8f, 0x61, 0x11, 0x11, 0x11, 0x1b, 0xf3,
    0x8, 0xfb, 0x8, 0xff, 0xff, 0xff, 0xff, 0xff,
    0xff, 0x31, 0xff, 0x50, 0x8f, 0xca, 0xaa, 0xaa,
    0xaa, 0xae, 0xf3, 0x5, 0xb0, 0x8, 0xf5, 0x0,
    0x0, 0x0, 0x0, 0xbf, 0x30, 0x0, 0x0, 0x0,
    0x0, 0x0, 0x0, 0x0, 0x0, 0x0,

    /* U+5468 "周" */
    0x0, 0x1f, 0xff, 0xff, 0xff, 0xff, 0xff, 0xff,
    0xfd, 0x0, 0x2f, 0xfd, 0xdd, 0xdd, 0xdd, 0xdd,
    0xdd, 0xfe, 0x0, 0x2f, 0xb0, 0x0, 0x9, 0xc1,
    0x0, 0x0, 0xfe, 0x0, 0x2f, 0xb0, 0x44, 0x4c,
    0xf5, 0x44, 0x20, 0xfe, 0x0, 0x2f, 0xb0, 0xff,
    0xff, 0xff, 0xff, 0x90, 0xfe, 0x0, 0x2f, 0xb0,
    0x33, 0x3c, 0xf4, 0x33, 0x20, 0xfe, 0x0, 0x2f,
    0xb0, 0x0, 0xb, 0xf1, 0x0, 0x0, 0xfe, 0x0,
    0x2f, 0xb8, 0xff, 0xff, 0xff, 0xff, 0xf0, 0xfe,
    0x0, 0x2f, 0xb4, 0x88, 0x88, 0x88, 0x88, 0x80,
    0xfe, 0x0, 0x3f, 0xa0, 0x13, 0x22, 0x22, 0x22,
    0x0, 0xfe, 0x0, 0x4f, 0x90, 0xbf, 0xff, 0xff,
    0xff, 0x10, 0xfe, 0x0, 0x7f, 0x70, 0xbf, 0x55,
    0x55, 0xcf, 0x10, 0xfe, 0x0, 0x9f, 0x40, 0xbf,
    0x0, 0x0, 0xbf, 0x10, 0xfe, 0x0, 0xdf, 0x10,
    0xbf, 0x44, 0x44, 0xcf, 0x10, 0xfe, 0x3, 0xfd,
    0x0, 0xbf, 0xff, 0xff, 0xff, 0x10, 0xfe, 0xa,
    0xf8, 0x0, 0xbf, 0x33, 0x33, 0x33, 0x0, 0xfe,
    0x2f, 0xf2, 0x0, 0x34, 0x0, 0x0, 0x1b, 0xbb,
    0xfd, 0x6, 0x90, 0x0, 0x0, 0x0, 0x0, 0xd,
    0xff, 0xd4, 0x0, 0x0, 0x0, 0x0, 0x0, 0x0,
    0x0, 0x0, 0x0,

    /* U+548C "和" */
    0x0, 0x0, 0x0, 0x4, 0x91, 0x0, 0x0, 0x0,
    0x0, 0x0, 0x3, 0x58, 0xcf, 0xff, 0xb0, 0x0,
    0x0, 0x0, 0x0, 0x7, 0xff, 0xff, 0xf8, 0x40,
    0x8f, 0xff, 0xff, 0xff, 0x30, 0x16, 0x42, 0xfd,
    0x0, 0x8, 0xfd, 0xcc, 0xcf, 0xf3, 0x0, 0x0,
    0x1f, 0xd0, 0x0, 0x8f, 0x50, 0x0, 0xcf, 0x30,
    0x0, 0x1, 0xfd, 0x0, 0x8, 0xf5, 0x0, 0xc,
    0xf3, 0xd, 0xff, 0xff, 0xff, 0xff, 0x9f, 0x50,
    0x0, 0xcf, 0x30, 0xac, 0xce, 0xff, 0xcc, 0xc9,
    0xf5, 0x0, 0xc, 0xf3, 0x0, 0x0, 0xcf, 0xf2,
    0x0, 0x8f, 0x50, 0x0, 0xcf, 0x30, 0x0, 0x3f,
    0xff, 0xe1, 0x8, 0xf5, 0x0, 0xc, 0xf3, 0x0,
    0xc, 0xff, 0xef, 0xd0, 0x8f, 0x50, 0x0, 0xcf,
    0x30, 0x5, 0xf8, 0xfd, 0x5f, 0xb8, 0xf5, 0x0,
    0xc, 0xf3, 0x1, 0xee, 0x2f, 0xd0, 0xa9, 0x8f,
    0x50, 0x0, 0xcf, 0x30, 0xbf, 0x61, 0xfd, 0x1,
    0x8, 0xf5, 0x0, 0xc, 0xf3, 0x1f, 0xc0, 0x1f,
    0xd0, 0x0, 0x8f, 0xdc, 0xcc, 0xff, 0x30, 0x72,
    0x1, 0xfd, 0x0, 0x8, 0xff, 0xff, 0xff, 0xf3,
    0x0, 0x0, 0x1f, 0xd0, 0x0, 0x8f, 0x50, 0x0,
    0xcf, 0x30, 0x0, 0x1, 0xfd, 0x0, 0x5, 0xb3,
    0x0, 0x6, 0x81, 0x0, 0x0, 0x1f, 0xd0, 0x0,
    0x0, 0x0, 0x0, 0x0, 0x0,

    /* U+5668 "器" */
    0x0, 0x0, 0x0, 0x0, 0x0, 0x0, 0x0, 0x0,
    0x0, 0x0, 0x0, 0x8f, 0xff, 0xff, 0xe0, 0xf,
    0xff, 0xff, 0xf9, 0x0, 0x0, 0x8f, 0xa9, 0x9f,
    0xe0, 0xf, 0xd9, 0x9a, 0xf9, 0x0, 0x0, 0x8f,
    0x30, 0xe, 0xe0, 0xf, 0xb0, 0x3, 0xf9, 0x0,
    0x0, 0x8f, 0x30, 0xe, 0xe0, 0xf, 0xb0, 0x4,
    0xf9, 0x0, 0x0, 0x8f, 0xff, 0xff, 0xe0, 0xf,
    0xff, 0xff, 0xf9, 0x0, 0x0, 0x49, 0x99, 0x99,
    0xd7, 0x29, 0xaf, 0xb9, 0x95, 0x0, 0x0, 0x0,
    0x0, 0x2, 0xfe, 0x0, 0x4d, 0xf9, 0x0, 0x0,
    0xa, 0xaa, 0xaa, 0xae, 0xfd, 0xaa, 0xaa, 0xfe,
    0xaa, 0xa0, 0xf, 0xff, 0xff, 0xff, 0xff, 0xff,
    0xff, 0xff, 0xff, 0xf0, 0x0, 0x0, 0x3d, 0xfb,
    0x10, 0x2, 0xef, 0x81, 0x0, 0x0, 0x0, 0x7,
    0xff, 0xa0, 0x0, 0x0, 0x2d, 0xfd, 0x50, 0x0,
    0x17, 0xef, 0xfe, 0x99, 0x80, 0x9, 0x9a, 0xff,
    0xfd, 0x72, 0x1f, 0xff, 0xff, 0xff, 0xe0, 0xf,
    0xff, 0xff, 0xff, 0xe1, 0x4, 0x9f, 0x40, 0xf,
    0xe0, 0xf, 0xb0, 0x4, 0xfb, 0x30, 0x0, 0x8f,
    0x40, 0xf, 0xe0, 0xf, 0xb0, 0x3, 0xf9, 0x0,
    0x0, 0x8f, 0x40, 0xf, 0xe0, 0xf, 0xb0, 0x3,
    0xf9, 0x0, 0x0, 0x8f, 0xba, 0xaf, 0xe0, 0xf,
    0xea, 0xab, 0xf9, 0x0, 0x0, 0x8f, 0xff, 0xff,
    0xe0, 0xf, 0xff, 0xff, 0xf9, 0x0, 0x0, 0x12,
    0x0, 0x0, 0x0, 0x2, 0x10, 0x0, 0x0, 0x0,

    /* U+56F3 "図" */
    0x2f, 0xff, 0xff, 0xff, 0xff, 0xff, 0xff, 0xff,
    0xfd, 0x2f, 0xfd, 0xdd, 0xdd, 0xdd, 0xdd, 0xdd,
    0xdd, 0xfd, 0x2f, 0xc0, 0x0, 0x0, 0xbb, 0x10,
    0x0, 0x1, 0xfd, 0x2f, 0xc0, 0x0, 0x0, 0x5f,
    0xe2, 0x2, 0x1, 0xfd, 0x2f, 0xc2, 0xf9, 0x1,
    0x33, 0xf8, 0x2f, 0xd1, 0xfd, 0x2f, 0xc0, 0xdf,
    0xb, 0xf4, 0x20, 0x8f, 0x71, 0xfd, 0x2f, 0xc0,
    0x6f, 0x80, 0xdf, 0x30, 0xef, 0x11, 0xfd, 0x2f,
    0xc0, 0xe, 0xf3, 0x1e, 0x59, 0xf8, 0x1, 0xfd,
    0x2f, 0xc0, 0x4, 0xfe, 0x10, 0x6f, 0xd0, 0x1,
    0xfd, 0x2f, 0xc0, 0x0, 0x8f, 0xe9, 0xfe, 0x20,
    0x1, 0xfd, 0x2f, 0xc0, 0x0, 0xb, 0xff, 0xf4,
    0x0, 0x1, 0xfd, 0x2f, 0xc0, 0x16, 0xcf, 0xff,
    0xff, 0xa5, 0x11, 0xfd, 0x2f, 0xcb, 0xff, 0xfa,
    0x21, 0x8e, 0xff, 0xfa, 0xfd, 0x2f, 0xc5, 0xb6,
    0x10, 0x0, 0x0, 0x59, 0xc2, 0xfd, 0x2f, 0xfb,
    0xbb, 0xbb, 0xbb, 0xbb, 0xbb, 0xbc, 0xfd, 0x2f,
    0xff, 0xff, 0xff, 0xff, 0xff, 0xff, 0xff, 0xfd,
    0x2f, 0xc1, 0x11, 0x11, 0x11, 0x11, 0x11, 0x13,
    0xfd, 0x2f, 0xc0, 0x0, 0x0, 0x0, 0x0, 0x0,
    0x1, 0xfd,

    /* U+56FE "图" */
    0x0, 0x0, 0x0, 0x0, 0x0, 0x0, 0x0, 0x0,
    0x0, 0x3f, 0xff, 0xff, 0xff, 0xff, 0xff, 0xff,
    0xff, 0xfc, 0x3f, 0xea, 0xaa, 0xab, 0xaa, 0xaa,
    0xaa, 0xab, 0xfc, 0x3f, 0xa0, 0x0, 0xd, 0xb0,
    0x0, 0x0, 0x1, 0xfc, 0x3f, 0xa0, 0x0, 0xbf,
    0xc7, 0x77, 0x77, 0x11, 0xfc, 0x3f, 0xa0, 0x1c,
    0xff, 0xff, 0xff, 0xff, 0x41, 0xfc, 0x3f, 0xa4,
    0xef, 0xfa, 0x0, 0xa, 0xf7, 0x1, 0xfc, 0x3f,
    0xa5, 0xe4, 0x6f, 0xd7, 0xef, 0x50, 0x1, 0xfc,
    0x3f, 0xa0, 0x0, 0x19, 0xff, 0xf8, 0x0, 0x1,
    0xfc, 0x3f, 0xa3, 0x6b, 0xff, 0xd8, 0xdf, 0xfa,
    0x64, 0xfc, 0x3f, 0xad, 0xff, 0xa9, 0x40, 0x4,
    0xae, 0xf6, 0xfc, 0x3f, 0xa3, 0x40, 0x1c, 0xff,
    0xb6, 0x0, 0x21, 0xfc, 0x3f, 0xa0, 0x0, 0x0,
    0x15, 0xbe, 0x10, 0x1, 0xfc, 0x3f, 0xa0, 0xd,
    0xfd, 0xa7, 0x41, 0x0, 0x1, 0xfc, 0x3f, 0xa0,
    0x4, 0x69, 0xcf, 0xff, 0xc6, 0x1, 0xfc, 0x3f,
    0xa0, 0x0, 0x0, 0x0, 0x37, 0xc4, 0x1, 0xfc,
    0x3f, 0xeb, 0xbb, 0xbb, 0xbb, 0xbb, 0xbb, 0xbc,
    0xfc, 0x3f, 0xff, 0xff, 0xff, 0xff, 0xff, 0xff,
    0xff, 0xfc, 0x3f, 0xa0, 0x0, 0x0, 0x0, 0x0,
    0x0, 0x1, 0xfc,

    /* U+5728 "在" */
    0x0, 0x0, 0x0, 0x7, 0xb4, 0x0, 0x0, 0x0,
    0x0, 0x0, 0x0, 0x0, 0x0, 0xcf, 0x40, 0x0,
    0x0, 0x0, 0x0, 0x0, 0x0, 0x0, 0x2f, 0xe0,
    0x0, 0x0, 0x0, 0x0, 0x0, 0xbf, 0xff, 0xff,
    0xff, 0xff, 0xff, 0xff, 0xff, 0xfe, 0xa, 0xee,
    0xee, 0xff, 0xee, 0xee, 0xee, 0xee, 0xee, 0xc0,
    0x0, 0x0, 0x8f, 0xa0, 0x0, 0x5, 0x40, 0x0,
    0x0, 0x0, 0x0, 0x2f, 0xf2, 0x0, 0x2, 0xfc,
    0x0, 0x0, 0x0, 0x0, 0xc, 0xf8, 0x0, 0x0,
    0x2f, 0xc0, 0x0, 0x0, 0x0, 0x9, 0xfd, 0x0,
    0x0, 0x2, 0xfc, 0x0, 0x0, 0x0, 0x8, 0xff,
    0x90, 0x5b, 0xbb, 0xbf, 0xeb, 0xbb, 0xb0, 0xa,
    0xff, 0xf9, 0x7, 0xff, 0xff, 0xff, 0xff, 0xff,
    0x0, 0xee, 0x8f, 0x90, 0x0, 0x0, 0x3f, 0xc0,
    0x0, 0x0, 0x5, 0x24, 0xf9, 0x0, 0x0, 0x2,
    0xfc, 0x0, 0x0, 0x0, 0x0, 0x4f, 0x90, 0x0,
    0x0, 0x2f, 0xc0, 0x0, 0x0, 0x0, 0x4, 0xf9,
    0x0, 0x0, 0x2, 0xfc, 0x0, 0x0, 0x0, 0x0,
    0x4f, 0x90, 0x0, 0x0, 0x2f, 0xc0, 0x0, 0x0,
    0x0, 0x4, 0xf9, 0x3c, 0xcc, 0xcd, 0xff, 0xcc,
    0xcc, 0xb0, 0x0, 0x4f, 0x94, 0xff, 0xff, 0xff,
    0xff, 0xff, 0xfe, 0x0, 0x4, 0xf9, 0x4f, 0xff,
    0xff, 0xff, 0xff, 0xff, 0xe0,

    /* U+5730 "地" */
    0x0, 0x7, 0xa0, 0x0, 0x0, 0x0, 0xaf, 0x10,
    0x0, 0x0, 0x0, 0xc, 0xf0, 0x0, 0x0, 0x0,
    0xaf, 0x20, 0x0, 0x0, 0x0, 0xc, 0xf0, 0x0,
    0xbf, 0x10, 0xaf, 0x20, 0x0, 0x0, 0x0, 0xc,
    0xf0, 0x0, 0xbf, 0x10, 0xaf, 0x20, 0x16, 0x20,
    0x2, 0x2c, 0xf2, 0x20, 0xbf, 0x10, 0xaf, 0x38,
    0xef, 0xa0, 0x3f, 0xff, 0xff, 0xf3, 0xbf, 0x10,
    0xbf, 0xff, 0xff, 0xa0, 0x2a, 0xae, 0xfa, 0xa2,
    0xbf, 0x7d, 0xff, 0xd6, 0x4f, 0x90, 0x0, 0xc,
    0xf0, 0x2, 0xdf, 0xff, 0xff, 0x20, 0x3f, 0x90,
    0x0, 0xc, 0xf0, 0x5f, 0xff, 0x92, 0xaf, 0x20,
    0x3f, 0x90, 0x0, 0xc, 0xf0, 0x1c, 0xdf, 0x10,
    0xaf, 0x20, 0x3f, 0x90, 0x0, 0xc, 0xf0, 0x0,
    0xbf, 0x10, 0xaf, 0x20, 0x3f, 0x80, 0x0, 0xc,
    0xf2, 0x92, 0xbf, 0x10, 0xaf, 0x34, 0x9f, 0x70,
    0x0, 0xc, 0xff, 0xf6, 0xbf, 0x10, 0xaf, 0x2f,
    0xfe, 0x20, 0x6, 0xcf, 0xfd, 0x50, 0xbf, 0x10,
    0xaf, 0x23, 0x31, 0x0, 0x4f, 0xfe, 0x60, 0x0,
    0xbf, 0x10, 0x0, 0x0, 0x2, 0xc3, 0xd, 0x70,
    0x0, 0x0, 0xbf, 0x10, 0x0, 0x0, 0x4, 0xf7,
    0x0, 0x0, 0x0, 0x0, 0xaf, 0x20, 0x0, 0x0,
    0x8, 0xf4, 0x0, 0x0, 0x0, 0x0, 0x7f, 0xeb,
    0xbb, 0xbb, 0xbf, 0xf0, 0x0, 0x0, 0x0, 0x0,
    0xa, 0xef, 0xff, 0xff, 0xfd, 0x40,

    /* U+57CE "城" */
    0x0, 0xa, 0x70, 0x0, 0x0, 0x0, 0xb, 0xe3,
    0xb1, 0x0, 0x0, 0x1f, 0xb0, 0x0, 0x0, 0x0,
    0xc, 0xf3, 0xfe, 0x10, 0x0, 0x1f, 0xb0, 0x0,
    0x0, 0x0, 0xb, 0xf0, 0x3f, 0x70, 0x0, 0x1f,
    0xb0, 0xc, 0xff, 0xff, 0xff, 0xff, 0xff, 0xf1,
    0x0, 0x1f, 0xb0, 0xc, 0xfc, 0xcc, 0xce, 0xfc,
    0xcc, 0xc1, 0xf, 0xff, 0xff, 0x7c, 0xf0, 0x0,
    0xa, 0xf1, 0x0, 0x0, 0xd, 0xdf, 0xfd, 0x6c,
    0xf0, 0x0, 0x9, 0xf2, 0x0, 0x0, 0x0, 0x1f,
    0xb0, 0xc, 0xf9, 0x9a, 0x68, 0xf3, 0xd, 0x90,
    0x0, 0x1f, 0xb0, 0xc, 0xff, 0xff, 0xa7, 0xf4,
    0x3f, 0x90, 0x0, 0x1f, 0xb0, 0xc, 0xf0, 0xf,
    0xa6, 0xf5, 0x8f, 0x40, 0x0, 0x1f, 0xb0, 0xd,
    0xe0, 0xf, 0x94, 0xf7, 0xdf, 0x0, 0x0, 0x1f,
    0xb0, 0xd, 0xe0, 0xf, 0x92, 0xfd, 0xf9, 0x0,
    0x0, 0x1f, 0xc6, 0x6e, 0xc0, 0xf, 0x80, 0xff,
    0xf2, 0x0, 0x0, 0x4f, 0xff, 0xcf, 0xb2, 0x5f,
    0x70, 0xdf, 0xa0, 0x20, 0x2d, 0xff, 0xe8, 0x5f,
    0x8d, 0xff, 0x31, 0xef, 0x30, 0xd4, 0xf, 0xd6,
    0x0, 0x8f, 0x44, 0x63, 0xb, 0xff, 0x60, 0xf6,
    0x3, 0x0, 0x0, 0xef, 0x0, 0x0, 0xbf, 0xbf,
    0xc1, 0xf4, 0x0, 0x0, 0x8, 0xf8, 0x0, 0x2d,
    0xfb, 0x9, 0xfe, 0xf1, 0x0, 0x0, 0x7, 0xe1,
    0x0, 0x1d, 0x90, 0x1, 0xbf, 0x80, 0x0, 0x0,
    0x0, 0x10, 0x0, 0x0, 0x0, 0x0, 0x0, 0x0,

    /* U+57DF "域" */
    0x0, 0xa, 0x70, 0x0, 0x0, 0x0, 0x9, 0xd1,
    0x94, 0x0, 0x0, 0x1f, 0xb0, 0x0, 0x0, 0x0,
    0xb, 0xf2, 0xcf, 0x50, 0x0, 0x1f, 0xb0, 0x0,
    0x0, 0x0, 0xa, 0xf1, 0xc, 0x90, 0x0, 0x1f,
    0xb0, 0x7f, 0xff, 0xff, 0xff, 0xff, 0xff, 0xf1,
    0x0, 0x1f, 0xb0, 0x5b, 0xbb, 0xbb, 0xbe, 0xfc,
    0xbb, 0xb0, 0x1f, 0xff, 0xff, 0x60, 0x0, 0x0,
    0x9, 0xf2, 0x0, 0x0, 0xd, 0xdf, 0xfd, 0x54,
    0x88, 0x88, 0x38, 0xf3, 0x7, 0x30, 0x0, 0x1f,
    0xb0, 0x8, 0xff, 0xff, 0x67, 0xf4, 0x3f, 0x80,
    0x0, 0x1f, 0xb0, 0x8, 0xe0, 0x1f, 0x66, 0xf5,
    0x7f, 0x40, 0x0, 0x1f, 0xb0, 0x8, 0xe0, 0x1f,
    0x65, 0xf6, 0xce, 0x0, 0x0, 0x1f, 0xb0, 0x8,
    0xe0, 0x1f, 0x63, 0xfa, 0xf9, 0x0, 0x0, 0x1f,
    0xb0, 0x18, 0xff, 0xff, 0x61, 0xff, 0xf2, 0x0,
    0x0, 0x1f, 0xdd, 0x93, 0x77, 0x77, 0x30, 0xff,
    0xb0, 0x0, 0x0, 0x6f, 0xff, 0x60, 0x0, 0x37,
    0xb2, 0xdf, 0x30, 0x0, 0x1e, 0xff, 0xa1, 0x37,
    0xbf, 0xff, 0xe9, 0xff, 0x20, 0x40, 0xc, 0xc3,
    0x0, 0xdf, 0xfd, 0x83, 0x3f, 0xff, 0x60, 0xf4,
    0x2, 0x0, 0x0, 0x67, 0x20, 0x4, 0xff, 0x4f,
    0xd1, 0xf4, 0x0, 0x0, 0x0, 0x0, 0x0, 0x5f,
    0xf4, 0x9, 0xfe, 0xf0, 0x0, 0x0, 0x0, 0x0,
    0x0, 0x9, 0x30, 0x0, 0xbf, 0x70,

    /* U+5806 "堆" */
    0x0, 0x8, 0xa0, 0x0, 0x0, 0x88, 0x15, 0x70,
    0x0, 0x0, 0x0, 0xcf, 0x0, 0x0, 0x1f, 0xe0,
    0xcf, 0x30, 0x0, 0x0, 0xc, 0xf0, 0x0, 0x7,
    0xf8, 0x4, 0xfb, 0x0, 0x0, 0x0, 0xcf, 0x0,
    0x0, 0xef, 0x98, 0x8e, 0xa8, 0x85, 0x15, 0x5d,
    0xf6, 0x51, 0x7f, 0xff, 0xff, 0xff, 0xff, 0xb3,
    0xff, 0xff, 0xff, 0x6f, 0xfd, 0x33, 0xbf, 0x53,
    0x32, 0x16, 0x6e, 0xf7, 0x7e, 0xff, 0xd0, 0xa,
    0xf2, 0x0, 0x0, 0x0, 0xcf, 0x1, 0xeb, 0xff,
    0x99, 0xdf, 0xa9, 0x91, 0x0, 0xc, 0xf0, 0x2,
    0x1f, 0xff, 0xff, 0xff, 0xff, 0x30, 0x0, 0xcf,
    0x0, 0x0, 0xfd, 0x11, 0xbf, 0x31, 0x10, 0x0,
    0xc, 0xf0, 0x0, 0xf, 0xd0, 0xa, 0xf2, 0x0,
    0x0, 0x0, 0xcf, 0x6d, 0x70, 0xff, 0xaa, 0xef,
    0xba, 0xa2, 0x0, 0x1d, 0xff, 0xf7, 0xf, 0xff,
    0xff, 0xff, 0xff, 0x31, 0x9f, 0xff, 0xb2, 0x0,
    0xfd, 0x0, 0xaf, 0x30, 0x0, 0x2f, 0xfb, 0x30,
    0x0, 0xf, 0xd0, 0xa, 0xf2, 0x0, 0x0, 0x94,
    0x0, 0x0, 0x0, 0xfd, 0x33, 0xbf, 0x53, 0x33,
    0x0, 0x0, 0x0, 0x0, 0xf, 0xff, 0xff, 0xff,
    0xff, 0xf0, 0x0, 0x0, 0x0, 0x0, 0xfe, 0x88,
    0x88, 0x88, 0x88, 0x0, 0x0, 0x0, 0x0, 0xf,
    0xd0, 0x0, 0x0, 0x0, 0x0,

    /* U+5834 "場" */
    0x0, 0x8, 0xa0, 0x0, 0x25, 0x55, 0x55, 0x55,
    0x54, 0x0, 0x0, 0xd, 0xf0, 0x0, 0x7f, 0xff,
    0xff, 0xff, 0xfe, 0x0, 0x0, 0xd, 0xf0, 0x0,
    0x7f, 0x40, 0x0, 0x0, 0xde, 0x0, 0x0, 0xd,
    0xf0, 0x0, 0x7f, 0xee, 0xee, 0xee, 0xfe, 0x0,
    0xd, 0xdf, 0xfd, 0xd0, 0x7f, 0x86, 0x66, 0x66,
    0xee, 0x0, 0xf, 0xff, 0xff, 0xf0, 0x7f, 0x41,
    0x11, 0x11, 0xde, 0x0, 0x3, 0x3d, 0xf3, 0x30,
    0x7f, 0xff, 0xff, 0xff, 0xfe, 0x0, 0x0, 0xd,
    0xf0, 0x0, 0x24, 0x44, 0x44, 0x44, 0x44, 0x0,
    0x0, 0xd, 0xf0, 0x5a, 0xaa, 0xaa, 0xaa, 0xaa,
    0xaa, 0xa0, 0x0, 0xd, 0xf0, 0x8f, 0xff, 0xff,
    0xff, 0xff, 0xff, 0xf1, 0x0, 0xd, 0xf0, 0x20,
    0x2f, 0xc0, 0x0, 0x0, 0x0, 0x0, 0x0, 0xd,
    0xfd, 0xf2, 0xdf, 0xff, 0xff, 0xff, 0xff, 0xc0,
    0x0, 0x6f, 0xff, 0xce, 0xf9, 0xbf, 0xc9, 0xfe,
    0x9f, 0xb0, 0x3e, 0xff, 0xb7, 0xff, 0x50, 0xcf,
    0x22, 0xf7, 0x1f, 0xa0, 0xf, 0xc3, 0x0, 0xa3,
    0x9, 0xf7, 0xb, 0xf1, 0x3f, 0x90, 0x2, 0x0,
    0x0, 0x0, 0x9f, 0xb0, 0x4f, 0x80, 0x5f, 0x70,
    0x0, 0x0, 0x0, 0x1b, 0xfc, 0x1, 0xee, 0x0,
    0x8f, 0x40, 0x0, 0x0, 0x0, 0x3e, 0xb0, 0x1d,
    0xf4, 0x77, 0xef, 0x10, 0x0, 0x0, 0x0, 0x1,
    0x0, 0x2d, 0x60, 0xaf, 0xf7, 0x0, 0x0, 0x0,
    0x0, 0x0, 0x0, 0x0, 0x0, 0x0, 0x0, 0x0,

    /* U+58F0 "声" */
    0x0, 0x0, 0x0, 0x0, 0xb, 0xa0, 0x0, 0x0,
    0x0, 0x0, 0x1, 0x11, 0x11, 0x11, 0xfe, 0x11,
    0x11, 0x11, 0x10, 0xb, 0xff, 0xff, 0xff, 0xff,
    0xff, 0xff, 0xff, 0xff, 0xa0, 0x69, 0x99, 0x99,
    0x99, 0xff, 0x99, 0x99, 0x99, 0x95, 0x0, 0x0,
    0x0, 0x0, 0xf, 0xe0, 0x0, 0x0, 0x0, 0x0,
    0x7, 0xff, 0xff, 0xff, 0xff, 0xff, 0xff, 0xff,
    0xc0, 0x0, 0x49, 0x99, 0x99, 0x99, 0x99, 0x99,
    0x99, 0x97, 0x0, 0x0, 0x0, 0x0, 0x0, 0x0,
    0x0, 0x0, 0x0, 0x0, 0x0, 0xd, 0xed, 0xdd,
    0xdd, 0xdd, 0xdd, 0xdd, 0xd3, 0x0, 0x0, 0xff,
    0xbb, 0xbb, 0xff, 0xbb, 0xbb, 0xef, 0x40, 0x0,
    0xf, 0xd0, 0x0, 0xf, 0xe0, 0x0, 0xa, 0xf4,
    0x0, 0x1, 0xfc, 0x0, 0x0, 0xfe, 0x0, 0x0,
    0xaf, 0x40, 0x0, 0x2f, 0xfe, 0xee, 0xef, 0xfe,
    0xee, 0xef, 0xf4, 0x0, 0x5, 0xfd, 0xbb, 0xbb,
    0xbb, 0xbb, 0xbb, 0xef, 0x40, 0x0, 0x9f, 0x50,
    0x0, 0x0, 0x0, 0x0, 0x7, 0xb3, 0x0, 0x1f,
    0xf1, 0x0, 0x0, 0x0, 0x0, 0x0, 0x0, 0x0,
    0xb, 0xf9, 0x0, 0x0, 0x0, 0x0, 0x0, 0x0,
    0x0, 0x3, 0xfe, 0x10, 0x0, 0x0, 0x0, 0x0,
    0x0, 0x0, 0x0, 0x3, 0x30, 0x0, 0x0, 0x0,
    0x0, 0x0, 0x0, 0x0, 0x0,

    /* U+5907 "备" */
    0x0, 0x0, 0x0, 0xa, 0x81, 0x0, 0x0, 0x0,
    0x0, 0x0, 0x0, 0x0, 0x0, 0xaf, 0xb0, 0x0,
    0x0, 0x10, 0x0, 0x0, 0x0, 0x0, 0x9, 0xff,
    0xff, 0xff, 0xff, 0xfd, 0x20, 0x0, 0x0, 0x1,
    0xbf, 0xf9, 0x99, 0x99, 0x9f, 0xfc, 0x0, 0x0,
    0x0, 0x6e, 0xff, 0xf9, 0x0, 0x1, 0xbf, 0xd1,
    0x0, 0x0, 0x3, 0xff, 0x72, 0xdf, 0xd5, 0x6e,
    0xfb, 0x10, 0x0, 0x0, 0x0, 0x42, 0x0, 0x9,
    0xff, 0xff, 0x80, 0x0, 0x0, 0x0, 0x0, 0x0,
    0x26, 0xbf, 0xff, 0xff, 0xfc, 0x74, 0x10, 0x0,
    0x28, 0xbe, 0xff, 0xfd, 0x81, 0x18, 0xdf, 0xff,
    0xfe, 0xc3, 0xf, 0xff, 0xc7, 0x30, 0x0, 0x0,
    0x2, 0x6a, 0xdf, 0xc0, 0x4, 0x2b, 0xee, 0xee,
    0xee, 0xee, 0xee, 0xee, 0x90, 0x0, 0x0, 0xc,
    0xfc, 0xbb, 0xcf, 0xfb, 0xbb, 0xdf, 0xa0, 0x0,
    0x0, 0xc, 0xf3, 0x0, 0xf, 0xe0, 0x0, 0x7f,
    0xa0, 0x0, 0x0, 0xc, 0xff, 0xff, 0xff, 0xff,
    0xff, 0xff, 0xa0, 0x0, 0x0, 0xc, 0xfa, 0x88,
    0x9f, 0xf8, 0x88, 0xcf, 0xa0, 0x0, 0x0, 0xc,
    0xf3, 0x0, 0xf, 0xe0, 0x0, 0x7f, 0xa0, 0x0,
    0x0, 0xc, 0xfd, 0xcc, 0xcf, 0xfc, 0xcc, 0xef,
    0xa0, 0x0, 0x0, 0xc, 0xfe, 0xdd, 0xdd, 0xdd,
    0xdd, 0xef, 0xa0, 0x0, 0x0, 0xc, 0xf3, 0x0,
    0x0, 0x0, 0x0, 0x7f, 0xa0, 0x0, 0x0, 0x0,
    0x0, 0x0, 0x0, 0x0, 0x0, 0x0, 0x0, 0x0,

    /* U+590D "复" */
    0x0, 0x0, 0x1b, 0x60, 0x0, 0x0, 0x0, 0x0,
    0x0, 0x0, 0x0, 0x0, 0x9f, 0x70, 0x0, 0x0,
    0x0, 0x0, 0x0, 0x0, 0x0, 0x6, 0xff, 0xff,
    0xff, 0xff, 0xff, 0xff, 0xff, 0x70, 0x0, 0x5f,
    0xe8, 0x88, 0x88, 0x88, 0x88, 0x88, 0x88, 0x30,
    0x7, 0xff, 0x85, 0x55, 0x55, 0x55, 0x55, 0x55,
    0x50, 0x0, 0xa, 0xf4, 0xdf, 0xff, 0xff, 0xff,
    0xff, 0xff, 0xf1, 0x0, 0x0, 0x20, 0xdf, 0x0,
    0x0, 0x0, 0x0, 0xe, 0xf1, 0x0, 0x0, 0x0,
    0xdf, 0xff, 0xff, 0xff, 0xff, 0xff, 0xf1, 0x0,
    0x0, 0x0, 0xdf, 0x44, 0x44, 0x44, 0x44, 0x4f,
    0xf1, 0x0, 0x0, 0x0, 0xdf, 0x66, 0x66, 0x66,
    0x66, 0x6f, 0xf1, 0x0, 0x0, 0x0, 0xcf, 0xff,
    0xff, 0xff, 0xff, 0xff, 0xf0, 0x0, 0x0, 0x0,
    0x3, 0xff, 0x43, 0x33, 0x33, 0x33, 0x0, 0x0,
    0x0, 0x0, 0x5f, 0xff, 0xff, 0xff, 0xff, 0xff,
    0x90, 0x0, 0x0, 0x2a, 0xff, 0xf6, 0x33, 0x33,
    0x3b, 0xfd, 0x10, 0x0, 0x0, 0xcf, 0x92, 0xcf,
    0x91, 0x5, 0xdf, 0xc1, 0x0, 0x0, 0x0, 0x13,
    0x0, 0x8, 0xff, 0xef, 0xe6, 0x0, 0x0, 0x0,
    0x1, 0x24, 0x69, 0xcf, 0xff, 0xff, 0xfd, 0xa8,
    0x64, 0x31, 0x2f, 0xff, 0xff, 0xeb, 0x62, 0x4,
    0x8c, 0xff, 0xff, 0xf2, 0x8, 0x86, 0x41, 0x0,
    0x0, 0x0, 0x0, 0x2, 0x46, 0x50,

    /* U+5929 "天" */
    0x0, 0x99, 0x99, 0x99, 0x99, 0x99, 0x99, 0x99,
    0x98, 0x0, 0x0, 0xff, 0xff, 0xff, 0xff, 0xff,
    0xff, 0xff, 0xfe, 0x0, 0x0, 0x55, 0x55, 0x55,
    0x6f, 0xe5, 0x55, 0x55, 0x54, 0x0, 0x0, 0x0,
    0x0, 0x0, 0x2f, 0xd0, 0x0, 0x0, 0x0, 0x0,
    0x0, 0x0, 0x0, 0x0, 0x2f, 0xd0, 0x0, 0x0,
    0x0, 0x0, 0x0, 0x0, 0x0, 0x0, 0x2f, 0xd0,
    0x0, 0x0, 0x0, 0x0, 0x1, 0x22, 0x22, 0x22,
    0x5f, 0xc2, 0x22, 0x22, 0x22, 0x10, 0x8, 0xff,
    0xff, 0xff, 0xff, 0xff, 0xff, 0xff, 0xff, 0xe0,
    0x6, 0xdd, 0xdd, 0xdd, 0xff, 0xfe, 0xdd, 0xdd,
    0xdd, 0xc0, 0x0, 0x0, 0x0, 0x0, 0xef, 0xfb,
    0x0, 0x0, 0x0, 0x0, 0x0, 0x0, 0x0, 0x4,
    0xfe, 0xdf, 0x30, 0x0, 0x0, 0x0, 0x0, 0x0,
    0x0, 0xd, 0xf7, 0x5f, 0xd0, 0x0, 0x0, 0x0,
    0x0, 0x0, 0x0, 0x9f, 0xd0, 0xc, 0xfa, 0x0,
    0x0, 0x0, 0x0, 0x0, 0x9, 0xff, 0x30, 0x2,
    0xef, 0xa0, 0x0, 0x0, 0x0, 0x1, 0xbf, 0xf4,
    0x0, 0x0, 0x3f, 0xfd, 0x30, 0x0, 0x1, 0x8f,
    0xfe, 0x30, 0x0, 0x0, 0x3, 0xef, 0xfb, 0x40,
    0xc, 0xff, 0x91, 0x0, 0x0, 0x0, 0x0, 0x19,
    0xff, 0xf3, 0x3, 0x92, 0x0, 0x0, 0x0, 0x0,
    0x0, 0x0, 0x28, 0x50,

    /* U+5931 "失" */
    0x0, 0x0, 0x0, 0x0, 0x1, 0x10, 0x0, 0x0,
    0x0, 0x0, 0x0, 0x0, 0x89, 0x20, 0x1f, 0xe0,
    0x0, 0x0, 0x0, 0x0, 0x0, 0x0, 0xef, 0x20,
    0x1f, 0xe0, 0x0, 0x0, 0x0, 0x0, 0x0, 0x4,
    0xfd, 0x0, 0x1f, 0xe0, 0x0, 0x0, 0x0, 0x0,
    0x0, 0xb, 0xfe, 0xbb, 0xcf, 0xfb, 0xbb, 0xbb,
    0xb3, 0x0, 0x0, 0x3f, 0xff, 0xff, 0xff, 0xff,
    0xff, 0xff, 0xf4, 0x0, 0x0, 0xbf, 0x93, 0x33,
    0x4f, 0xe3, 0x33, 0x33, 0x30, 0x0, 0x6, 0xff,
    0x10, 0x0, 0x1f, 0xe0, 0x0, 0x0, 0x0, 0x0,
    0x6, 0xe6, 0x0, 0x0, 0x2f, 0xd0, 0x0, 0x0,
    0x0, 0x0, 0x0, 0x10, 0x0, 0x0, 0x3f, 0xc0,
    0x0, 0x0, 0x0, 0x0, 0xf, 0xff, 0xff, 0xff,
    0xff, 0xff, 0xff, 0xff, 0xff, 0xf0, 0xe, 0xee,
    0xee, 0xee, 0xff, 0xff, 0xee, 0xee, 0xee, 0xe0,
    0x0, 0x0, 0x0, 0x1, 0xff, 0xfe, 0x0, 0x0,
    0x0, 0x0, 0x0, 0x0, 0x0, 0x9, 0xfc, 0xaf,
    0x80, 0x0, 0x0, 0x0, 0x0, 0x0, 0x0, 0x5f,
    0xf3, 0x1f, 0xf5, 0x0, 0x0, 0x0, 0x0, 0x0,
    0x6, 0xff, 0x80, 0x6, 0xff, 0x50, 0x0, 0x0,
    0x0, 0x2, 0xbf, 0xf9, 0x0, 0x0, 0x8f, 0xfa,
    0x10, 0x0, 0x4, 0xaf, 0xff, 0x60, 0x0, 0x0,
    0x6, 0xff, 0xfa, 0x51, 0xd, 0xff, 0xa2, 0x0,
    0x0, 0x0, 0x0, 0x2a, 0xff, 0xe1, 0x2, 0x71,
    0x0, 0x0, 0x0, 0x0, 0x0, 0x0, 0x17, 0x40,

    /* U+59CB "始" */
    0x0, 0x8, 0xb0, 0x0, 0x0, 0x0, 0xb8, 0x0,
    0x0, 0x0, 0x0, 0xd, 0xe0, 0x0, 0x0, 0x5,
    0xfb, 0x0, 0x0, 0x0, 0x0, 0xf, 0xc0, 0x0,
    0x0, 0xc, 0xf4, 0x0, 0x0, 0x0, 0x0, 0x2f,
    0x90, 0x0, 0x0, 0x5f, 0xc0, 0x2c, 0x50, 0x0,
    0x2d, 0xdf, 0xed, 0xd9, 0x0, 0xdf, 0x30, 0x1e,
    0xf1, 0x0, 0x2f, 0xff, 0xff, 0xfb, 0x7, 0xf9,
    0x0, 0x5, 0xfb, 0x0, 0x0, 0xbf, 0x1, 0xfa,
    0x3f, 0xf6, 0x67, 0x89, 0xff, 0x40, 0x0, 0xec,
    0x3, 0xf8, 0xef, 0xff, 0xff, 0xff, 0xff, 0xd0,
    0x2, 0xf8, 0x5, 0xf6, 0x9b, 0x98, 0x65, 0x32,
    0x1a, 0xe2, 0x6, 0xf5, 0x9, 0xf3, 0x0, 0x0,
    0x0, 0x0, 0x2, 0x0, 0xb, 0xf6, 0xd, 0xf0,
    0x9, 0xaa, 0xaa, 0xaa, 0xaa, 0x0, 0x4, 0xef,
    0xaf, 0xc0, 0xd, 0xff, 0xff, 0xff, 0xff, 0x0,
    0x0, 0x1d, 0xff, 0x70, 0xd, 0xe0, 0x0, 0x0,
    0xcf, 0x0, 0x0, 0x1, 0xff, 0xc0, 0xd, 0xe0,
    0x0, 0x0, 0xcf, 0x0, 0x0, 0x9, 0xff, 0xfb,
    0xd, 0xe0, 0x0, 0x0, 0xcf, 0x0, 0x0, 0x5f,
    0xf3, 0xcd, 0xd, 0xe0, 0x0, 0x0, 0xcf, 0x0,
    0x7, 0xff, 0x70, 0x12, 0xd, 0xff, 0xff, 0xff,
    0xff, 0x0, 0x1e, 0xfa, 0x0, 0x0, 0xd, 0xfb,
    0xbb, 0xbb, 0xff, 0x0, 0x6, 0x80, 0x0, 0x0,
    0xd, 0xe0, 0x0, 0x0, 0xcf, 0x0, 0x0, 0x0,
    0x0, 0x0, 0x0, 0x0, 0x0, 0x0, 0x0, 0x0,

    /* U+5B57 "字" */
    0x0, 0x0, 0x0, 0x0, 0x0, 0x0, 0x0, 0x0,
    0x0, 0x0, 0x0, 0x0, 0x5, 0xd7, 0x0, 0x0,
    0x0, 0x0, 0x0, 0x0, 0x0, 0x3, 0xff, 0x10,
    0x0, 0x0, 0x0, 0x9d, 0xdd, 0xdd, 0xdd, 0xff,
    0xed, 0xdd, 0xdd, 0xd1, 0xbf, 0xff, 0xff, 0xff,
    0xff, 0xff, 0xff, 0xff, 0xf1, 0xbf, 0x20, 0x0,
    0x0, 0x0, 0x0, 0x0, 0xe, 0xf1, 0xbf, 0x20,
    0x0, 0x0, 0x0, 0x0, 0x10, 0xe, 0xf1, 0x57,
    0x18, 0xff, 0xff, 0xff, 0xff, 0xfc, 0x16, 0x70,
    0x0, 0x6, 0xbb, 0xbb, 0xbb, 0xcf, 0xf9, 0x0,
    0x0, 0x0, 0x0, 0x0, 0x0, 0x3, 0xef, 0x70,
    0x0, 0x0, 0x0, 0x0, 0x0, 0x0, 0x9f, 0xe4,
    0x0, 0x0, 0x0, 0x0, 0x0, 0x0, 0x2, 0xff,
    0x10, 0x0, 0x0, 0x0, 0xcf, 0xff, 0xff, 0xff,
    0xff, 0xff, 0xff, 0xff, 0xf9, 0x9c, 0xcc, 0xcc,
    0xcc, 0xff, 0xcc, 0xcc, 0xcc, 0xc6, 0x0, 0x0,
    0x0, 0x1, 0xfe, 0x0, 0x0, 0x0, 0x0, 0x0,
    0x0, 0x0, 0x1, 0xfe, 0x0, 0x0, 0x0, 0x0,
    0x0, 0x0, 0x0, 0x1, 0xfe, 0x0, 0x0, 0x0,
    0x0, 0x0, 0x0, 0x0, 0x1, 0xfe, 0x0, 0x0,
    0x0, 0x0, 0x0, 0x0, 0x6d, 0xde, 0xfd, 0x0,
    0x0, 0x0, 0x0, 0x0, 0x0, 0x1f, 0xff, 0xc4,
    0x0, 0x0, 0x0, 0x0, 0x0, 0x0, 0x0, 0x0,
    0x0, 0x0, 0x0, 0x0, 0x0,

    /* U+5B58 "存" */
    0x0, 0x0, 0x0, 0x5, 0x72, 0x0, 0x0, 0x0,
    0x0, 0x0, 0x0, 0x0, 0x0, 0xc, 0xf4, 0x0,
    0x0, 0x0, 0x0, 0x0, 0x0, 0x11, 0x11, 0x3f,
    0xe1, 0x11, 0x11, 0x11, 0x11, 0x0, 0xb, 0xff,
    0xff, 0xff, 0xff, 0xff, 0xff, 0xff, 0xff, 0xe0,
    0x9, 0xcc, 0xcd, 0xff, 0xcc, 0xcc, 0xcc, 0xcc,
    0xcc, 0xb0, 0x0, 0x0, 0x8, 0xf9, 0x0, 0x0,
    0x0, 0x0, 0x0, 0x0, 0x0, 0x0, 0x2f, 0xf1,
    0x5a, 0xaa, 0xaa, 0xaa, 0xb4, 0x0, 0x0, 0x0,
    0xcf, 0x70, 0x8f, 0xff, 0xff, 0xff, 0xfb, 0x0,
    0x0, 0xa, 0xfc, 0x0, 0x0, 0x0, 0x2, 0xcf,
    0xa0, 0x0, 0x0, 0x8f, 0xf8, 0x0, 0x0, 0x0,
    0x5e, 0xf7, 0x0, 0x0, 0x1a, 0xff, 0xf8, 0x0,
    0x0, 0x0, 0xcf, 0x40, 0x0, 0x0, 0x2f, 0xe8,
    0xf8, 0x1a, 0xaa, 0xaa, 0xef, 0xba, 0xaa, 0xa1,
    0x5, 0x15, 0xf8, 0x3f, 0xff, 0xff, 0xff, 0xff,
    0xff, 0xf3, 0x0, 0x5, 0xf8, 0x2, 0x22, 0x22,
    0xdf, 0x42, 0x22, 0x20, 0x0, 0x5, 0xf8, 0x0,
    0x0, 0x0, 0xcf, 0x20, 0x0, 0x0, 0x0, 0x5,
    0xf8, 0x0, 0x0, 0x0, 0xcf, 0x20, 0x0, 0x0,
    0x0, 0x5, 0xf8, 0x0, 0x0, 0x0, 0xcf, 0x20,
    0x0, 0x0, 0x0, 0x5, 0xf8, 0x0, 0x9, 0xbb,
    0xff, 0x10, 0x0, 0x0, 0x0, 0x5, 0xf8, 0x0,
    0x8, 0xff, 0xe8, 0x0, 0x0, 0x0, 0x0, 0x0,
    0x0, 0x0, 0x0, 0x0, 0x0, 0x0, 0x0, 0x0,

    /* U+5B8C "完" */
    0x0, 0x0, 0x0, 0x0, 0x0, 0x0, 0x0, 0x0,
    0x0, 0x0, 0x0, 0x0, 0x0, 0x0, 0x9f, 0x50,
    0x0, 0x0, 0x0, 0x0, 0x0, 0x0, 0x0, 0x0,
    0x6f, 0xd0, 0x0, 0x0, 0x0, 0x0, 0x8, 0xcc,
    0xcc, 0xcc, 0xdf, 0xfc, 0xcc, 0xcc, 0xcc, 0x10,
    0xa, 0xff, 0xff, 0xff, 0xff, 0xff, 0xff, 0xff,
    0xff, 0x10, 0xa, 0xf3, 0x0, 0x0, 0x0, 0x0,
    0x0, 0x0, 0xef, 0x10, 0xa, 0xf3, 0x0, 0x0,
    0x0, 0x0, 0x0, 0x0, 0xef, 0x10, 0x9, 0xe3,
    0x9f, 0xff, 0xff, 0xff, 0xff, 0xf1, 0xde, 0x10,
    0x0, 0x0, 0x6b, 0xbb, 0xbb, 0xbb, 0xbb, 0xb0,
    0x0, 0x0, 0x0, 0x0, 0x0, 0x0, 0x0, 0x0,
    0x0, 0x0, 0x0, 0x0, 0x3, 0x33, 0x33, 0x33,
    0x33, 0x33, 0x33, 0x33, 0x33, 0x30, 0xe, 0xff,
    0xff, 0xff, 0xff, 0xff, 0xff, 0xff, 0xff, 0xe0,
    0x8, 0x99, 0x99, 0xff, 0x99, 0x9f, 0xf9, 0x99,
    0x99, 0x80, 0x0, 0x0, 0x0, 0xfe, 0x0, 0xd,
    0xf1, 0x0, 0x0, 0x0, 0x0, 0x0, 0x2, 0xfc,
    0x0, 0xd, 0xf1, 0x0, 0x0, 0x0, 0x0, 0x0,
    0x6, 0xf9, 0x0, 0xd, 0xf1, 0x0, 0x4, 0x0,
    0x0, 0x0, 0xd, 0xf3, 0x0, 0xd, 0xf1, 0x0,
    0xe, 0xe2, 0x0, 0x2, 0xcf, 0xb0, 0x0, 0xd,
    0xf1, 0x0, 0xf, 0xf1, 0x7, 0xbf, 0xfb, 0x0,
    0x0, 0xb, 0xfd, 0xbb, 0xdf, 0xe0, 0xc, 0xfc,
    0x50, 0x0, 0x0, 0x4, 0xdf, 0xff, 0xfe, 0x40,
    0x2, 0x10, 0x0, 0x0, 0x0, 0x0, 0x0, 0x0,
    0x0, 0x0,

    /* U+5B9A "定" */
    0x0, 0x0, 0x0, 0x0, 0x0, 0x0, 0x0, 0x0,
    0x0, 0x0, 0x0, 0x0, 0x0, 0x6, 0xe7, 0x0,
    0x0, 0x0, 0x0, 0x0, 0x0, 0x0, 0x0, 0x3f,
    0xe0, 0x0, 0x0, 0x0, 0x0, 0x8c, 0xcc, 0xcc,
    0xcc, 0xff, 0xcc, 0xcc, 0xcc, 0xc0, 0xa, 0xff,
    0xff, 0xff, 0xff, 0xff, 0xff, 0xff, 0xff, 0x10,
    0xaf, 0x30, 0x0, 0x0, 0x0, 0x0, 0x0, 0xd,
    0xf1, 0xa, 0xf3, 0x0, 0x0, 0x0, 0x0, 0x0,
    0x0, 0xdf, 0x10, 0xaf, 0x29, 0xcc, 0xcc, 0xcc,
    0xcc, 0xcc, 0x8c, 0xf1, 0x0, 0x0, 0xcf, 0xff,
    0xff, 0xff, 0xff, 0xfa, 0x0, 0x0, 0x0, 0x0,
    0x0, 0x1, 0xfe, 0x0, 0x0, 0x0, 0x0, 0x0,
    0x0, 0x77, 0x0, 0x1f, 0xe0, 0x0, 0x0, 0x0,
    0x0, 0x0, 0xf, 0xf0, 0x1, 0xfe, 0x0, 0x0,
    0x0, 0x0, 0x0, 0x2, 0xfd, 0x0, 0x1f, 0xff,
    0xff, 0xff, 0xa0, 0x0, 0x0, 0x6f, 0xc0, 0x1,
    0xff, 0xcc, 0xcc, 0xc8, 0x0, 0x0, 0xa, 0xff,
    0x20, 0x1f, 0xe0, 0x0, 0x0, 0x0, 0x0, 0x1,
    0xff, 0xfb, 0x1, 0xfe, 0x0, 0x0, 0x0, 0x0,
    0x0, 0x7f, 0x9a, 0xfa, 0x1f, 0xe0, 0x0, 0x0,
    0x0, 0x0, 0x2f, 0xf2, 0x1d, 0xfe, 0xfe, 0x0,
    0x0, 0x0, 0x0, 0x1d, 0xf8, 0x0, 0x1b, 0xff,
    0xff, 0xee, 0xee, 0xee, 0x92, 0xdb, 0x0, 0x0,
    0x3, 0x9c, 0xef, 0xff, 0xff, 0xf5, 0x1, 0x0,
    0x0, 0x0, 0x0, 0x0, 0x0, 0x0, 0x0, 0x0,

    /* U+5BA2 "客" */
    0x0, 0x0, 0x0, 0x0, 0x7d, 0x50, 0x0, 0x0,
    0x0, 0x0, 0x0, 0x0, 0x0, 0x5, 0xfe, 0x10,
    0x0, 0x0, 0x0, 0xb, 0xff, 0xff, 0xff, 0xff,
    0xff, 0xff, 0xff, 0xff, 0x10, 0xbf, 0xba, 0xaa,
    0xdb, 0xaa, 0xaa, 0xaa, 0xaf, 0xf1, 0xb, 0xf2,
    0x0, 0x5f, 0xe0, 0x0, 0x0, 0x0, 0xdf, 0x10,
    0xbf, 0x20, 0x5f, 0xff, 0xff, 0xff, 0xfd, 0x3d,
    0xf1, 0x0, 0x0, 0x8f, 0xf9, 0x88, 0x88, 0xdf,
    0xf5, 0x0, 0x0, 0x6, 0xef, 0xef, 0xd2, 0x0,
    0x7f, 0xf7, 0x0, 0x0, 0x0, 0xcf, 0x80, 0x8f,
    0xf7, 0xbf, 0xf7, 0x0, 0x0, 0x0, 0x1, 0x20,
    0x0, 0x7f, 0xff, 0xf4, 0x0, 0x0, 0x0, 0x0,
    0x0, 0x4, 0xaf, 0xff, 0xff, 0xfa, 0x51, 0x0,
    0x0, 0x37, 0xbf, 0xff, 0xe7, 0x12, 0x9f, 0xff,
    0xfe, 0xb7, 0x4f, 0xff, 0xff, 0xc8, 0x88, 0x88,
    0x9d, 0xff, 0xff, 0x30, 0x86, 0x2d, 0xff, 0xff,
    0xff, 0xff, 0xff, 0xb1, 0x30, 0x0, 0x0, 0xdf,
    0x0, 0x0, 0x0, 0x9, 0xfb, 0x0, 0x0, 0x0,
    0xd, 0xf0, 0x0, 0x0, 0x0, 0x8f, 0xb0, 0x0,
    0x0, 0x0, 0xdf, 0x99, 0x99, 0x99, 0x9d, 0xfb,
    0x0, 0x0, 0x0, 0xd, 0xff, 0xff, 0xff, 0xff,
    0xff, 0xb0, 0x0, 0x0, 0x0, 0xdf, 0x0, 0x0,
    0x0, 0x8, 0xfb, 0x0, 0x0, 0x0, 0x0, 0x0,
    0x0, 0x0, 0x0, 0x0, 0x0, 0x0,

    /* U+5BC6 "密" */
    0x0, 0x0, 0x0, 0x0, 0x3c, 0x70, 0x0, 0x0,
    0x0, 0x0, 0x0, 0x0, 0x0, 0x2, 0xfd, 0x0,
    0x0, 0x0, 0x0, 0xb, 0xff, 0xff, 0xff, 0xff,
    0xff, 0xff, 0xff, 0xff, 0x50, 0xbf, 0xba, 0xaa,
    0xbb, 0xaa, 0xaa, 0xaa, 0xad, 0xf5, 0xb, 0xf2,
    0x0, 0xd, 0xf8, 0x10, 0x9, 0x30, 0x9f, 0x50,
    0xbf, 0x20, 0x6, 0x5a, 0xfe, 0x1c, 0xf8, 0x9,
    0xf5, 0x0, 0xb, 0x61, 0xfa, 0x4, 0x9d, 0xf9,
    0x19, 0x20, 0x0, 0x8, 0xf7, 0x1f, 0xa0, 0x7f,
    0xf6, 0x4, 0xfe, 0x30, 0x5, 0xfd, 0x1, 0xfd,
    0xdf, 0xd3, 0x4, 0xa5, 0xfe, 0x21, 0xde, 0x21,
    0x8f, 0xff, 0x71, 0x0, 0x8f, 0x14, 0xfc, 0x2,
    0x8b, 0xff, 0xff, 0xff, 0xff, 0xff, 0xc0, 0x5,
    0x13, 0xff, 0xfb, 0x51, 0x57, 0x77, 0x77, 0x61,
    0x0, 0x0, 0x6, 0x61, 0x0, 0x0, 0x1f, 0xd0,
    0x0, 0x3, 0x20, 0x0, 0x1, 0xfd, 0x0, 0x1,
    0xfd, 0x0, 0x1, 0xfc, 0x0, 0x0, 0x1f, 0xe0,
    0x0, 0x1f, 0xd0, 0x0, 0x1f, 0xc0, 0x0, 0x1,
    0xfe, 0x0, 0x1, 0xfd, 0x0, 0x1, 0xfc, 0x0,
    0x0, 0x1f, 0xff, 0xff, 0xff, 0xff, 0xff, 0xff,
    0xc0, 0x0, 0x1, 0xdd, 0xdd, 0xdd, 0xdd, 0xdd,
    0xdd, 0xfc, 0x0, 0x0, 0x0, 0x0, 0x0, 0x0,
    0x0, 0x0, 0x1f, 0xc0, 0x0,

    /* U+5BFE "対" */
    0x0, 0x0, 0x43, 0x0, 0x0, 0x0, 0x0, 0x8,
    0xb0, 0x0, 0x0, 0x1, 0xfe, 0x20, 0x0, 0x0,
    0x0, 0xc, 0xf1, 0x0, 0x0, 0x0, 0x5f, 0xc0,
    0x0, 0x0, 0x0, 0xc, 0xf1, 0x0, 0x6, 0x66,
    0x6e, 0xa6, 0x64, 0x0, 0x0, 0xc, 0xf1, 0x0,
    0x1f, 0xff, 0xff, 0xff, 0xfa, 0x0, 0x0, 0xc,
    0xf2, 0x0, 0x6, 0x66, 0x66, 0x6c, 0x97, 0xff,
    0xff, 0xff, 0xff, 0xf3, 0x0, 0x0, 0x0, 0x2f,
    0xb2, 0xcc, 0xcc, 0xcf, 0xfc, 0xc2, 0x0, 0x95,
    0x0, 0x5f, 0x80, 0x0, 0x0, 0xc, 0xf1, 0x0,
    0x2, 0xef, 0x40, 0x9f, 0x40, 0x14, 0x0, 0xc,
    0xf1, 0x0, 0x0, 0x4f, 0xf2, 0xdf, 0x0, 0xdf,
    0x20, 0xc, 0xf1, 0x0, 0x0, 0x6, 0xfe, 0xfb,
    0x0, 0x5f, 0xa0, 0xc, 0xf1, 0x0, 0x0, 0x0,
    0xaf, 0xf6, 0x0, 0xd, 0xf2, 0xc, 0xf1, 0x0,
    0x0, 0x0, 0x2f, 0xf7, 0x0, 0x6, 0xf8, 0xc,
    0xf1, 0x0, 0x0, 0x0, 0x9f, 0xff, 0x20, 0x1,
    0xa2, 0xc, 0xf1, 0x0, 0x0, 0x4, 0xfe, 0x9f,
    0xb0, 0x0, 0x0, 0xc, 0xf1, 0x0, 0x0, 0x2e,
    0xf4, 0xe, 0xf4, 0x0, 0x0, 0xc, 0xf1, 0x0,
    0x4, 0xef, 0x80, 0x5, 0xb0, 0x0, 0x0, 0xd,
    0xf1, 0x0, 0x2f, 0xf9, 0x0, 0x0, 0x0, 0x0,
    0xbf, 0xff, 0xf0, 0x0, 0x6, 0x60, 0x0, 0x0,
    0x0, 0x0, 0x6f, 0xfd, 0x50, 0x0,

    /* U+5C4F "屏" */
    0x0, 0x4f, 0xff, 0xff, 0xff, 0xff, 0xff, 0xff,
    0xff, 0x60, 0x0, 0x4f, 0xea, 0xaa, 0xaa, 0xaa,
    0xaa, 0xaa, 0xdf, 0x70, 0x0, 0x4f, 0xa0, 0x0,
    0x0, 0x0, 0x0, 0x0, 0x9f, 0x70, 0x0, 0x4f,
    0xea, 0xaa, 0xaa, 0xaa, 0xaa, 0xaa, 0xdf, 0x70,
    0x0, 0x4f, 0xff, 0xff, 0xff, 0xff, 0xff, 0xff,
    0xff, 0x70, 0x0, 0x4f, 0xa0, 0x6, 0xc2, 0x0,
    0x0, 0x4c, 0x60, 0x0, 0x0, 0x4f, 0xa0, 0x5,
    0xfb, 0x0, 0x0, 0xcf, 0x40, 0x0, 0x0, 0x4f,
    0x95, 0x88, 0xd9, 0x88, 0x89, 0xfe, 0x88, 0x70,
    0x0, 0x5f, 0x9a, 0xff, 0xff, 0xff, 0xff, 0xff,
    0xff, 0xd0, 0x0, 0x5f, 0x80, 0x0, 0xcf, 0x20,
    0x3, 0xfc, 0x0, 0x0, 0x0, 0x6f, 0x70, 0x0,
    0xcf, 0x10, 0x2, 0xfb, 0x0, 0x0, 0x0, 0x8f,
    0x79, 0x99, 0xef, 0x99, 0x9a, 0xfe, 0x99, 0x93,
    0x0, 0xaf, 0x6f, 0xff, 0xff, 0xff, 0xff, 0xff,
    0xff, 0xf6, 0x0, 0xef, 0x10, 0x3, 0xfd, 0x0,
    0x3, 0xfc, 0x0, 0x0, 0x2, 0xfd, 0x0, 0xb,
    0xf8, 0x0, 0x2, 0xfb, 0x0, 0x0, 0x8, 0xf8,
    0x0, 0xaf, 0xe1, 0x0, 0x2, 0xfb, 0x0, 0x0,
    0x1f, 0xf3, 0x1e, 0xff, 0x30, 0x0, 0x2, 0xfb,
    0x0, 0x0, 0x6, 0xa0, 0x7, 0xb2, 0x0, 0x0,
    0x2, 0xfb, 0x0, 0x0, 0x0, 0x0, 0x0, 0x0,
    0x0, 0x0, 0x0, 0x0, 0x0, 0x0,

    /* U+5C65 "履" */
    0x0, 0x13, 0x33, 0x33, 0x33, 0x33, 0x33, 0x33,
    0x33, 0x0, 0x0, 0x6f, 0xff, 0xff, 0xff, 0xff,
    0xff, 0xff, 0xff, 0x10, 0x0, 0x6f, 0xa4, 0x44,
    0x44, 0x44, 0x44, 0x44, 0xdf, 0x10, 0x0, 0x6f,
    0xa4, 0x44, 0x44, 0x44, 0x44, 0x44, 0xdf, 0x10,
    0x0, 0x6f, 0xff, 0xff, 0xff, 0xff, 0xff, 0xff,
    0xff, 0x10, 0x0, 0x6f, 0x93, 0x37, 0x43, 0x4b,
    0x53, 0x33, 0x33, 0x0, 0x0, 0x6f, 0x70, 0x6f,
    0x80, 0x9f, 0x86, 0x66, 0x66, 0x30, 0x0, 0x6f,
    0x88, 0xfa, 0x5, 0xfe, 0xdd, 0xdd, 0xdd, 0x80,
    0x0, 0x6f, 0x8d, 0x83, 0x6f, 0xf7, 0x77, 0x77,
    0x76, 0x0, 0x0, 0x7f, 0x60, 0x1e, 0xeb, 0xfc,
    0x66, 0x66, 0xce, 0x0, 0x0, 0x8f, 0x51, 0xdf,
    0x30, 0xef, 0xee, 0xee, 0xfe, 0x0, 0x0, 0x9f,
    0x8e, 0xfa, 0x0, 0xea, 0x11, 0x11, 0xbe, 0x0,
    0x0, 0xbf, 0xcf, 0xfa, 0x0, 0xde, 0xff, 0xee,
    0xed, 0x0, 0x0, 0xef, 0x25, 0xfa, 0x0, 0x9,
    0xf8, 0x44, 0x53, 0x0, 0x1, 0xfd, 0x0, 0xfa,
    0x1, 0xbf, 0xdc, 0xcc, 0xff, 0x10, 0x5, 0xfa,
    0x0, 0xfa, 0x6f, 0xee, 0xb1, 0x1b, 0xf4, 0x0,
    0xa, 0xf6, 0x0, 0xfa, 0x18, 0x12, 0xdf, 0xff,
    0x40, 0x0, 0x1f, 0xf1, 0x0, 0xfa, 0x6, 0x9d,
    0xff, 0xdf, 0xeb, 0x91, 0x6, 0x90, 0x0, 0xfa,
    0xc, 0xda, 0x50, 0x3, 0x7b, 0xa0, 0x0, 0x0,
    0x0, 0x0, 0x0, 0x0, 0x0, 0x0, 0x0, 0x0,

    /* U+5DE5 "工" */
    0x0, 0xee, 0xee, 0xee, 0xee, 0xee, 0xee, 0xee,
    0xee, 0x0, 0x0, 0xff, 0xff, 0xff, 0xff, 0xff,
    0xff, 0xff, 0xff, 0x0, 0x0, 0x0, 0x0, 0x0,
    0x2f, 0xf0, 0x0, 0x0, 0x0, 0x0, 0x0, 0x0,
    0x0, 0x0, 0x2f, 0xf0, 0x0, 0x0, 0x0, 0x0,
    0x0, 0x0, 0x0, 0x0, 0x2f, 0xf0, 0x0, 0x0,
    0x0, 0x0, 0x0, 0x0, 0x0, 0x0, 0x2f, 0xf0,
    0x0, 0x0, 0x0, 0x0, 0x0, 0x0, 0x0, 0x0,
    0x2f, 0xf0, 0x0, 0x0, 0x0, 0x0, 0x0, 0x0,
    0x0, 0x0, 0x2f, 0xf0, 0x0, 0x0, 0x0, 0x0,
    0x0, 0x0, 0x0, 0x0, 0x2f, 0xf0, 0x0, 0x0,
    0x0, 0x0, 0x0, 0x0, 0x0, 0x0, 0x2f, 0xf0,
    0x0, 0x0, 0x0, 0x0, 0x0, 0x0, 0x0, 0x0,
    0x2f, 0xf0, 0x0, 0x0, 0x0, 0x0, 0x0, 0x0,
    0x0, 0x0, 0x2f, 0xf0, 0x0, 0x0, 0x0, 0x0,
    0x0, 0x0, 0x0, 0x0, 0x2f, 0xf0, 0x0, 0x0,
    0x0, 0x0, 0xc, 0xcc, 0xcc, 0xcc, 0xcf, 0xfc,
    0xcc, 0xcc, 0xcc, 0xc0, 0xf, 0xff, 0xff, 0xff,
    0xff, 0xff, 0xff, 0xff, 0xff, 0xf1, 0x2, 0x22,
    0x22, 0x22, 0x22, 0x22, 0x22, 0x22, 0x22, 0x20,

    /* U+5DF2 "已" */
    0xd, 0xdd, 0xdd, 0xdd, 0xdd, 0xdd, 0xdd, 0xdc,
    0x0, 0x0, 0xff, 0xff, 0xff, 0xff, 0xff, 0xff,
    0xff, 0xf0, 0x0, 0x0, 0x0, 0x0, 0x0, 0x0,
    0x0, 0x1, 0xff, 0x0, 0x0, 0x0, 0x0, 0x0,
    0x0, 0x0, 0x0, 0xf, 0xf0, 0x0, 0x1, 0xfd,
    0x0, 0x0, 0x0, 0x0, 0x0, 0xff, 0x0, 0x0,
    0x1f, 0xd0, 0x0, 0x0, 0x0, 0x0, 0xf, 0xf0,
    0x0, 0x1, 0xfd, 0x0, 0x0, 0x0, 0x0, 0x0,
    0xff, 0x0, 0x0, 0x1f, 0xff, 0xff, 0xff, 0xff,
    0xff, 0xff, 0xf0, 0x0, 0x1, 0xff, 0xee, 0xee,
    0xee, 0xee, 0xee, 0xff, 0x0, 0x0, 0x1f, 0xd0,
    0x0, 0x0, 0x0, 0x0, 0xd, 0xc0, 0x0, 0x1,
    0xfd, 0x0, 0x0, 0x0, 0x0, 0x0, 0x0, 0x0,
    0x0, 0x1f, 0xd0, 0x0, 0x0, 0x0, 0x0, 0x0,
    0x0, 0x0, 0x1, 0xfd, 0x0, 0x0, 0x0, 0x0,
    0x0, 0x0, 0x7b, 0x30, 0x1f, 0xd0, 0x0, 0x0,
    0x0, 0x0, 0x0, 0x9, 0xf6, 0x1, 0xfd, 0x0,
    0x0, 0x0, 0x0, 0x0, 0x0, 0xcf, 0x40, 0xf,
    0xf2, 0x0, 0x0, 0x0, 0x0, 0x0, 0x5f, 0xf0,
    0x0, 0xaf, 0xfe, 0xee, 0xee, 0xee, 0xee, 0xff,
    0xf9, 0x0, 0x1, 0x9d, 0xff, 0xff, 0xff, 0xff,
    0xff, 0xd8, 0x0,

    /* U+5E02 "市" */
    0x0, 0x0, 0x0, 0x0, 0x0, 0x0, 0x0, 0x0,
    0x0, 0x0, 0x0, 0x0, 0x0, 0x6e, 0x60, 0x0,
    0x0, 0x0, 0x0, 0x0, 0x0, 0x0, 0x4, 0xfe,
    0x0, 0x0, 0x0, 0x0, 0x0, 0x0, 0x0, 0x0,
    0xc, 0xf7, 0x0, 0x0, 0x0, 0x0, 0xef, 0xff,
    0xff, 0xff, 0xff, 0xff, 0xff, 0xff, 0xff, 0x3b,
    0xcc, 0xcc, 0xcc, 0xcf, 0xfd, 0xcc, 0xcc, 0xcc,
    0xc3, 0x0, 0x0, 0x0, 0x0, 0xef, 0x10, 0x0,
    0x0, 0x0, 0x0, 0x0, 0x0, 0x0, 0xe, 0xf1,
    0x0, 0x0, 0x0, 0x0, 0x1, 0xcc, 0xcc, 0xcc,
    0xff, 0xdc, 0xcc, 0xdc, 0x60, 0x0, 0x1f, 0xff,
    0xff, 0xff, 0xff, 0xff, 0xff, 0xf7, 0x0, 0x1,
    0xfd, 0x0, 0x0, 0xef, 0x10, 0x0, 0x8f, 0x70,
    0x0, 0x1f, 0xd0, 0x0, 0xe, 0xf1, 0x0, 0x7,
    0xf7, 0x0, 0x1, 0xfd, 0x0, 0x0, 0xef, 0x10,
    0x0, 0x7f, 0x70, 0x0, 0x1f, 0xd0, 0x0, 0xe,
    0xf1, 0x0, 0x7, 0xf7, 0x0, 0x1, 0xfd, 0x0,
    0x0, 0xef, 0x10, 0x0, 0x7f, 0x70, 0x0, 0x1f,
    0xd0, 0x0, 0xe, 0xf1, 0x12, 0x29, 0xf7, 0x0,
    0x1, 0xfd, 0x0, 0x0, 0xef, 0x14, 0xff, 0xff,
    0x40, 0x0, 0xa, 0x80, 0x0, 0xe, 0xf1, 0xa,
    0x98, 0x40, 0x0, 0x0, 0x0, 0x0, 0x0, 0xef,
    0x10, 0x0, 0x0, 0x0, 0x0, 0x0, 0x0, 0x0,
    0xe, 0xf1, 0x0, 0x0, 0x0, 0x0,

    /* U+5E2F "帯" */
    0x0, 0x0, 0xdb, 0x0, 0xf, 0xc0, 0x1, 0xda,
    0x0, 0x0, 0x0, 0xf, 0xd0, 0x0, 0xfc, 0x0,
    0x1f, 0xc0, 0x0, 0x2f, 0xff, 0xff, 0xff, 0xff,
    0xff, 0xff, 0xff, 0xff, 0xe1, 0x99, 0x9f, 0xf9,
    0x9a, 0xfe, 0x99, 0xaf, 0xe9, 0x99, 0x0, 0x0,
    0xfd, 0x0, 0xf, 0xc0, 0x1, 0xfc, 0x0, 0x0,
    0x0, 0xf, 0xe9, 0x99, 0xfe, 0x99, 0xaf, 0xc0,
    0x0, 0x0, 0x0, 0xee, 0xee, 0xee, 0xee, 0xee,
    0xeb, 0x0, 0x0, 0x0, 0x0, 0x0, 0x0, 0x0,
    0x0, 0x0, 0x0, 0x0, 0xb, 0xff, 0xff, 0xff,
    0xff, 0xff, 0xff, 0xff, 0xff, 0x70, 0xbf, 0x88,
    0x88, 0x88, 0xfe, 0x88, 0x88, 0x8a, 0xf7, 0xb,
    0xf1, 0x0, 0x0, 0x1f, 0xc0, 0x0, 0x0, 0x5f,
    0x70, 0xbf, 0x59, 0x99, 0x9a, 0xfe, 0x99, 0x9a,
    0xaa, 0xf7, 0x1, 0x27, 0xff, 0xff, 0xff, 0xff,
    0xff, 0xff, 0x92, 0x10, 0x0, 0x7f, 0x60, 0x1,
    0xfc, 0x0, 0x5, 0xf8, 0x0, 0x0, 0x7, 0xf6,
    0x0, 0x1f, 0xc0, 0x0, 0x5f, 0x80, 0x0, 0x0,
    0x7f, 0x60, 0x1, 0xfc, 0x5, 0x8b, 0xf8, 0x0,
    0x0, 0x7, 0xf6, 0x0, 0x1f, 0xc0, 0x6f, 0xfd,
    0x20, 0x0, 0x0, 0x0, 0x0, 0x1, 0xfc, 0x0,
    0x10, 0x0, 0x0, 0x0, 0x0, 0x0, 0x0, 0x1f,
    0xc0, 0x0, 0x0, 0x0, 0x0,

    /* U+5E45 "幅" */
    0x0, 0x6c, 0x10, 0x0, 0x0, 0x0, 0x0, 0x0,
    0x0, 0x0, 0x8f, 0x10, 0x6, 0xff, 0xff, 0xff,
    0xff, 0xfe, 0x0, 0x8f, 0x10, 0x4, 0x99, 0x99,
    0x99, 0x99, 0x99, 0x0, 0x8f, 0x21, 0x0, 0x0,
    0x0, 0x0, 0x0, 0x0, 0xef, 0xff, 0xff, 0xb0,
    0x7f, 0xff, 0xff, 0xff, 0xf1, 0xed, 0xdf, 0xae,
    0xb0, 0x7f, 0x86, 0x66, 0x6c, 0xf1, 0xe7, 0x8f,
    0x1a, 0xb0, 0x7f, 0x30, 0x0, 0x9, 0xf1, 0xe7,
    0x8f, 0x1a, 0xb0, 0x7f, 0xff, 0xff, 0xff, 0xf1,
    0xe7, 0x8f, 0x1a, 0xb0, 0x37, 0x77, 0x77, 0x77,
    0x70, 0xe7, 0x8f, 0x1a, 0xb0, 0x0, 0x0, 0x0,
    0x0, 0x0, 0xe7, 0x8f, 0x1a, 0xb4, 0xcc, 0xcc,
    0xcc, 0xcc, 0xca, 0xe7, 0x8f, 0x1a, 0xb6, 0xfd,
    0xbc, 0xfd, 0xbb, 0xfe, 0xe7, 0x8f, 0x1a, 0xb6,
    0xf5, 0x3, 0xf7, 0x0, 0xee, 0xe7, 0x8f, 0x5f,
    0xa6, 0xfb, 0x8a, 0xfb, 0x88, 0xfe, 0x94, 0x8f,
    0x16, 0x16, 0xff, 0xff, 0xff, 0xff, 0xfe, 0x0,
    0x8f, 0x10, 0x6, 0xf5, 0x3, 0xf7, 0x0, 0xee,
    0x0, 0x8f, 0x10, 0x6, 0xf8, 0x46, 0xf9, 0x44,
    0xfe, 0x0, 0x8f, 0x10, 0x6, 0xff, 0xff, 0xff,
    0xff, 0xfe, 0x0, 0x8f, 0x10, 0x5, 0xf7, 0x33,
    0x33, 0x33, 0xed,

    /* U+5E55 "幕" */
    0x0, 0x0, 0x3, 0xb6, 0x0, 0x0, 0x9b, 0x0,
    0x0, 0x0, 0x6, 0x99, 0x9b, 0xfd, 0x99, 0x99,
    0xef, 0x99, 0x99, 0x50, 0xa, 0xff, 0xff, 0xff,
    0xff, 0xff, 0xff, 0xff, 0xff, 0x90, 0x0, 0x0,
    0x3, 0xc7, 0x0, 0x0, 0x9c, 0x0, 0x0, 0x0,
    0x0, 0xb, 0xee, 0xee, 0xee, 0xee, 0xee, 0xee,
    0xd0, 0x0, 0x0, 0xc, 0xf2, 0x22, 0x22, 0x22,
    0x22, 0x2f, 0xe0, 0x0, 0x0, 0xc, 0xff, 0xff,
    0xff, 0xff, 0xff, 0xff, 0xe0, 0x0, 0x0, 0xc,
    0xf3, 0x33, 0x33, 0x33, 0x33, 0x3f, 0xe0, 0x0,
    0x0, 0xc, 0xf6, 0x55, 0x55, 0x55, 0x55, 0x5f,
    0xe0, 0x0, 0x0, 0xa, 0xdd, 0xef, 0xfd, 0xdd,
    0xdd, 0xdd, 0xc0, 0x0, 0x7, 0x88, 0x88, 0xbf,
    0xc8, 0x88, 0x88, 0x88, 0x88, 0x70, 0xf, 0xff,
    0xff, 0xff, 0xff, 0xff, 0xff, 0xff, 0xff, 0xf0,
    0x0, 0x0, 0x9f, 0xc0, 0xf, 0xd0, 0xa, 0xf8,
    0x0, 0x0, 0x0, 0x4d, 0xff, 0x98, 0x8f, 0xe8,
    0x89, 0xff, 0xd6, 0x0, 0x2c, 0xfe, 0xff, 0xff,
    0xff, 0xff, 0xff, 0xff, 0xef, 0xe2, 0x8, 0x70,
    0xdf, 0x0, 0xf, 0xd0, 0x0, 0xef, 0x16, 0x50,
    0x0, 0x0, 0xdf, 0x0, 0xf, 0xd0, 0x56, 0xff,
    0x0, 0x0, 0x0, 0x0, 0xdf, 0x0, 0xf, 0xd0,
    0x7e, 0xe9, 0x0, 0x0, 0x0, 0x0, 0x0, 0x0,
    0xf, 0xd0, 0x0, 0x0, 0x0, 0x0,

    /* U+5E93 "库" */
    0x0, 0x0, 0x0, 0x0, 0x5, 0xc7, 0x0, 0x0,
    0x0, 0x0, 0x0, 0x0, 0x0, 0x0, 0x2, 0xfe,
    0x0, 0x0, 0x0, 0x0, 0x0, 0xcf, 0xff, 0xff,
    0xff, 0xff, 0xff, 0xff, 0xff, 0xf1, 0x0, 0xdf,
    0xdd, 0xdd, 0xdd, 0xdd, 0xdd, 0xdd, 0xdd, 0xd1,
    0x0, 0xdf, 0x10, 0x0, 0xa, 0xa2, 0x0, 0x0,
    0x0, 0x0, 0x0, 0xdf, 0x10, 0x0, 0x2f, 0xf2,
    0x0, 0x0, 0x0, 0x0, 0x0, 0xdf, 0x1e, 0xff,
    0xff, 0xff, 0xff, 0xff, 0xff, 0x20, 0x0, 0xdf,
    0x19, 0xab, 0xff, 0xaa, 0xaa, 0xaa, 0xaa, 0x10,
    0x0, 0xdf, 0x10, 0x7, 0xf8, 0x2, 0x95, 0x0,
    0x0, 0x0, 0x0, 0xdf, 0x0, 0x2f, 0xe0, 0x4,
    0xf9, 0x0, 0x0, 0x0, 0x0, 0xef, 0x0, 0xdf,
    0xda, 0xac, 0xfd, 0xaa, 0xa8, 0x0, 0x0, 0xef,
    0x0, 0xcf, 0xff, 0xff, 0xff, 0xff, 0xfc, 0x0,
    0x0, 0xfd, 0x0, 0x21, 0x0, 0x5, 0xf9, 0x0,
    0x0, 0x0, 0x2, 0xfb, 0x0, 0x0, 0x0, 0x4,
    0xf9, 0x0, 0x0, 0x0, 0x5, 0xf8, 0x4f, 0xff,
    0xff, 0xff, 0xff, 0xff, 0xff, 0xf1, 0x9, 0xf5,
    0x3c, 0xcc, 0xcc, 0xcd, 0xfe, 0xcc, 0xcc, 0xc1,
    0xe, 0xf1, 0x0, 0x0, 0x0, 0x4, 0xf9, 0x0,
    0x0, 0x0, 0x6f, 0xc0, 0x0, 0x0, 0x0, 0x4,
    0xf9, 0x0, 0x0, 0x0, 0xa, 0x50, 0x0, 0x0,
    0x0, 0x4, 0xf9, 0x0, 0x0, 0x0, 0x0, 0x0,
    0x0, 0x0, 0x0, 0x0, 0x0, 0x0, 0x0, 0x0,

    /* U+5EA6 "度" */
    0x0, 0x0, 0x0, 0x0, 0x9, 0xe4, 0x0, 0x0,
    0x0, 0x0, 0x0, 0x0, 0x0, 0x0, 0x8, 0xfc,
    0x0, 0x0, 0x0, 0x0, 0x0, 0xcf, 0xff, 0xff,
    0xff, 0xff, 0xff, 0xff, 0xff, 0xd0, 0x0, 0xcf,
    0xcc, 0xcc, 0xcc, 0xcc, 0xcc, 0xcc, 0xcc, 0x90,
    0x0, 0xcf, 0x10, 0x6, 0x90, 0x0, 0x1, 0x97,
    0x0, 0x0, 0x0, 0xcf, 0x10, 0xb, 0xf2, 0x0,
    0x2, 0xfc, 0x0, 0x0, 0x0, 0xcf, 0xcf, 0xff,
    0xff, 0xff, 0xff, 0xff, 0xff, 0xd0, 0x0, 0xcf,
    0x67, 0x7d, 0xf8, 0x77, 0x78, 0xfd, 0x77, 0x60,
    0x0, 0xdf, 0x0, 0xb, 0xf1, 0x0, 0x2, 0xfb,
    0x0, 0x0, 0x0, 0xdf, 0x0, 0xb, 0xfd, 0xdd,
    0xdd, 0xfb, 0x0, 0x0, 0x0, 0xef, 0x0, 0x6,
    0x88, 0x88, 0x88, 0x86, 0x0, 0x0, 0x0, 0xfe,
    0x7, 0x77, 0x77, 0x77, 0x77, 0x77, 0x71, 0x0,
    0x1, 0xfc, 0x1f, 0xff, 0xff, 0xff, 0xff, 0xff,
    0xf5, 0x0, 0x3, 0xfa, 0x0, 0x5f, 0xc1, 0x0,
    0x1, 0xbf, 0x90, 0x0, 0x7, 0xf7, 0x0, 0x8,
    0xfd, 0x40, 0x4d, 0xf9, 0x0, 0x0, 0xb, 0xf4,
    0x0, 0x0, 0x5f, 0xfe, 0xfe, 0x50, 0x0, 0x0,
    0x1f, 0xf1, 0x35, 0x7a, 0xdf, 0xff, 0xff, 0xc9,
    0x63, 0x10, 0x5f, 0xa0, 0xef, 0xff, 0xc8, 0x30,
    0x5a, 0xef, 0xff, 0xc0, 0x3, 0x20, 0x44, 0x20,
    0x0, 0x0, 0x0, 0x2, 0x57, 0x30,

    /* U+5EF6 "延" */
    0x0, 0x0, 0x0, 0x0, 0x0, 0x0, 0x0, 0x4,
    0x8a, 0x0, 0x1b, 0xbb, 0xbd, 0x50, 0x13, 0x58,
    0xad, 0xff, 0xff, 0x80, 0x1f, 0xff, 0xff, 0x63,
    0xff, 0xff, 0xff, 0xf8, 0x51, 0x0, 0x0, 0x0,
    0xde, 0x0, 0x86, 0x52, 0xf, 0xe0, 0x0, 0x0,
    0x0, 0x6, 0xf7, 0x0, 0x0, 0x0, 0xf, 0xe0,
    0x0, 0x0, 0x0, 0xe, 0xe0, 0x0, 0x12, 0x0,
    0xf, 0xe0, 0x0, 0x0, 0x0, 0x9f, 0x50, 0x0,
    0xaf, 0x20, 0xf, 0xf6, 0x66, 0x60, 0x6, 0xff,
    0xff, 0xe1, 0xaf, 0x20, 0xf, 0xff, 0xff, 0xf0,
    0x9, 0xcb, 0xbe, 0xf0, 0xaf, 0x20, 0xf, 0xe3,
    0x33, 0x30, 0x0, 0x0, 0xc, 0xd0, 0xaf, 0x20,
    0xf, 0xe0, 0x0, 0x0, 0x4, 0xb0, 0xf, 0xb0,
    0xaf, 0x20, 0xf, 0xe0, 0x0, 0x0, 0x6, 0xf4,
    0x3f, 0x70, 0xaf, 0x20, 0xf, 0xe0, 0x0, 0x0,
    0x1, 0xfb, 0x8f, 0x30, 0xaf, 0x20, 0xf, 0xe0,
    0x0, 0x0, 0x0, 0x9f, 0xfe, 0x0, 0xaf, 0xff,
    0xff, 0xff, 0xff, 0xf3, 0x0, 0x1f, 0xf9, 0x0,
    0x7b, 0xbb, 0xbb, 0xbb, 0xbb, 0xb2, 0x0, 0xd,
    0xfe, 0x40, 0x0, 0x0, 0x0, 0x0, 0x0, 0x0,
    0x0, 0x8f, 0xdf, 0xfc, 0x62, 0x0, 0x0, 0x0,
    0x0, 0x0, 0x7, 0xfe, 0x13, 0xcf, 0xff, 0xfd,
    0xdc, 0xcc, 0xcd, 0xd4, 0x2e, 0xf3, 0x0, 0x3,
    0x7b, 0xdf, 0xff, 0xff, 0xff, 0xf0, 0x2, 0x30,
    0x0, 0x0, 0x0, 0x0, 0x0, 0x0, 0x0, 0x0,

    /* U+5F00 "开" */
    0x1c, 0xcc, 0xcc, 0xcc, 0xcc, 0xcc, 0xcc, 0xcc,
    0xc8, 0x1, 0xff, 0xff, 0xff, 0xff, 0xff, 0xff,
    0xff, 0xff, 0xa0, 0x0, 0x0, 0x1f, 0xd0, 0x0,
    0x0, 0xff, 0x0, 0x0, 0x0, 0x0, 0x1, 0xfd,
    0x0, 0x0, 0xf, 0xf0, 0x0, 0x0, 0x0, 0x0,
    0x1f, 0xd0, 0x0, 0x0, 0xff, 0x0, 0x0, 0x0,
    0x0, 0x1, 0xfd, 0x0, 0x0, 0xf, 0xf0, 0x0,
    0x0, 0x0, 0x0, 0x1f, 0xd0, 0x0, 0x0, 0xff,
    0x0, 0x0, 0x8, 0xbb, 0xbb, 0xff, 0xbb, 0xbb,
    0xbf, 0xfb, 0xbb, 0xb3, 0xcf, 0xff, 0xff, 0xff,
    0xff, 0xff, 0xff, 0xff, 0xff, 0x41, 0x11, 0x15,
    0xfb, 0x11, 0x11, 0x1f, 0xf1, 0x11, 0x10, 0x0,
    0x0, 0x7f, 0x90, 0x0, 0x0, 0xff, 0x0, 0x0,
    0x0, 0x0, 0xb, 0xf6, 0x0, 0x0, 0xf, 0xf0,
    0x0, 0x0, 0x0, 0x1, 0xff, 0x10, 0x0, 0x0,
    0xff, 0x0, 0x0, 0x0, 0x0, 0xaf, 0xb0, 0x0,
    0x0, 0xf, 0xf0, 0x0, 0x0, 0x0, 0x5f, 0xf3,
    0x0, 0x0, 0x0, 0xff, 0x0, 0x0, 0x0, 0x6f,
    0xf8, 0x0, 0x0, 0x0, 0xf, 0xf0, 0x0, 0x0,
    0x6f, 0xfa, 0x0, 0x0, 0x0, 0x0, 0xff, 0x0,
    0x0, 0x0, 0xb8, 0x0, 0x0, 0x0, 0x0, 0xf,
    0xf0, 0x0, 0x0, 0x0, 0x0, 0x0, 0x0, 0x0,
    0x0, 0x0, 0x0, 0x0, 0x0,

    /* U+5F03 "弃" */
    0x0, 0x0, 0x0, 0x0, 0x4c, 0x60, 0x0, 0x0,
    0x0, 0x0, 0x0, 0x0, 0x0, 0x0, 0x2f, 0xf1,
    0x0, 0x0, 0x0, 0x0, 0xa, 0xbb, 0xbb, 0xbb,
    0xbf, 0xfd, 0xbb, 0xbb, 0xbb, 0xa0, 0xe, 0xff,
    0xff, 0xff, 0xff, 0xff, 0xff, 0xff, 0xff, 0xd0,
    0x0, 0x0, 0x1, 0xdf, 0xb0, 0x0, 0x8c, 0x20,
    0x0, 0x0, 0x0, 0x0, 0x4e, 0xf8, 0x0, 0x0,
    0x7f, 0xe4, 0x0, 0x0, 0x0, 0x19, 0xff, 0xb7,
    0x88, 0x99, 0xae, 0xff, 0x60, 0x0, 0x0, 0x2f,
    0xff, 0xff, 0xff, 0xff, 0xfe, 0xef, 0xf8, 0x0,
    0x0, 0x8, 0x65, 0x43, 0x22, 0x10, 0x0, 0x3,
    0xf9, 0x0, 0x0, 0x0, 0x6, 0xd5, 0x0, 0x0,
    0x6e, 0x60, 0x10, 0x0, 0x0, 0x0, 0x8, 0xf6,
    0x0, 0x0, 0x7f, 0x70, 0x0, 0x0, 0xa, 0xaa,
    0xad, 0xfc, 0xaa, 0xaa, 0xdf, 0xda, 0xaa, 0xa0,
    0xf, 0xff, 0xff, 0xff, 0xff, 0xff, 0xff, 0xff,
    0xff, 0xf0, 0x0, 0x0, 0xc, 0xf4, 0x0, 0x0,
    0x8f, 0x80, 0x0, 0x0, 0x0, 0x0, 0x2f, 0xf0,
    0x0, 0x0, 0x7f, 0x70, 0x0, 0x0, 0x0, 0x1,
    0xdf, 0x80, 0x0, 0x0, 0x7f, 0x70, 0x0, 0x0,
    0x0, 0x5e, 0xfd, 0x0, 0x0, 0x0, 0x7f, 0x70,
    0x0, 0x0, 0xd, 0xff, 0xb1, 0x0, 0x0, 0x0,
    0x7f, 0x70, 0x0, 0x0, 0x6, 0xd5, 0x0, 0x0,
    0x0, 0x0, 0x7f, 0x70, 0x0, 0x0, 0x0, 0x0,
    0x0, 0x0, 0x0, 0x0, 0x0, 0x0, 0x0, 0x0,

    /* U+5F0F "式" */
    0x0, 0x0, 0x0, 0x0, 0x0, 0x89, 0x10, 0x60,
    0x0, 0x0, 0x0, 0x0, 0x0, 0x0, 0xe, 0xf2,
    0x7f, 0xc1, 0x0, 0x0, 0x0, 0x0, 0x0, 0x0,
    0xdf, 0x20, 0x7f, 0xe1, 0x1, 0x11, 0x11, 0x11,
    0x11, 0x1d, 0xf3, 0x11, 0x78, 0x10, 0xff, 0xff,
    0xff, 0xff, 0xff, 0xff, 0xff, 0xff, 0xff, 0xb,
    0xcc, 0xcc, 0xcc, 0xcc, 0xcf, 0xfd, 0xcc, 0xcc,
    0xc0, 0x0, 0x0, 0x0, 0x0, 0x0, 0xaf, 0x50,
    0x0, 0x0, 0x0, 0x0, 0x0, 0x0, 0x0, 0x9,
    0xf6, 0x0, 0x0, 0x0, 0x2d, 0xdd, 0xdd, 0xdd,
    0xd7, 0x7f, 0x80, 0x0, 0x0, 0x3, 0xff, 0xff,
    0xff, 0xff, 0x85, 0xfa, 0x0, 0x0, 0x0, 0x0,
    0x0, 0xdf, 0x0, 0x0, 0x3f, 0xd0, 0x0, 0x0,
    0x0, 0x0, 0xd, 0xf0, 0x0, 0x0, 0xff, 0x0,
    0x0, 0x0, 0x0, 0x0, 0xdf, 0x0, 0x0, 0xc,
    0xf3, 0x0, 0x0, 0x0, 0x0, 0xd, 0xf0, 0x0,
    0x0, 0x8f, 0x80, 0x3, 0x70, 0x0, 0x0, 0xdf,
    0x3, 0x7a, 0x14, 0xfd, 0x0, 0x5f, 0x60, 0x2,
    0x5e, 0xff, 0xff, 0xf2, 0xe, 0xf4, 0x6, 0xf4,
    0x9f, 0xff, 0xff, 0xea, 0x51, 0x0, 0x6f, 0xe2,
    0xaf, 0x19, 0xfe, 0xa6, 0x20, 0x0, 0x0, 0x0,
    0xcf, 0xff, 0xd0, 0x23, 0x0, 0x0, 0x0, 0x0,
    0x0, 0x1, 0xaf, 0xd3, 0x0,

    /* U+5F37 "強" */
    0x0, 0x0, 0x0, 0x0, 0x0, 0x9, 0x71, 0x0,
    0x0, 0x0, 0x9, 0xcc, 0xcc, 0xc5, 0x0, 0x4f,
    0xd0, 0x0, 0x0, 0x0, 0xc, 0xff, 0xff, 0xf7,
    0x0, 0xdf, 0x30, 0x5e, 0x40, 0x0, 0x0, 0x0,
    0x4, 0xf7, 0x9, 0xf7, 0x0, 0x1e, 0xf2, 0x0,
    0x0, 0x0, 0x4, 0xf7, 0x6f, 0xe6, 0x89, 0xad,
    0xfd, 0x0, 0x1, 0x43, 0x37, 0xf7, 0xcf, 0xff,
    0xfe, 0xdc, 0xbf, 0x90, 0x6, 0xff, 0xff, 0xf7,
    0x35, 0x31, 0xad, 0x10, 0x9, 0x50, 0x8, 0xf8,
    0x77, 0x73, 0x0, 0x0, 0xcf, 0x20, 0x0, 0x0,
    0xa, 0xf1, 0x0, 0x0, 0xaf, 0xff, 0xff, 0xff,
    0xff, 0x10, 0xb, 0xf0, 0x0, 0x0, 0xaf, 0x88,
    0xef, 0x88, 0xcf, 0x10, 0xe, 0xfd, 0xdd, 0xd8,
    0xaf, 0x0, 0xcf, 0x10, 0x9f, 0x10, 0xf, 0xff,
    0xff, 0xf9, 0xaf, 0x0, 0xcf, 0x20, 0xaf, 0x10,
    0x0, 0x0, 0x4, 0xf8, 0xaf, 0xff, 0xff, 0xff,
    0xff, 0x10, 0x0, 0x0, 0x5, 0xf7, 0x57, 0x77,
    0xdf, 0x87, 0x98, 0x0, 0x0, 0x0, 0x7, 0xf6,
    0x0, 0x0, 0xcf, 0x13, 0xf8, 0x0, 0x0, 0x0,
    0x9, 0xf4, 0x0, 0x0, 0xcf, 0x11, 0xef, 0x10,
    0x0, 0x0, 0xc, 0xf5, 0xab, 0xcd, 0xff, 0xff,
    0xff, 0x80, 0x0, 0x8b, 0xbf, 0xd3, 0xff, 0xff,
    0xff, 0xff, 0xff, 0xf0, 0x0, 0x5f, 0xfd, 0x41,
    0xa8, 0x76, 0x54, 0x21, 0x8, 0xd2, 0x0, 0x0,
    0x0, 0x0, 0x0, 0x0, 0x0, 0x0, 0x1, 0x0,

    /* U+5F39 "弹" */
    0x0, 0x0, 0x0, 0x0, 0x58, 0x0, 0x0, 0x3b,
    0x60, 0xd, 0xff, 0xff, 0xd0, 0xa, 0xf4, 0x0,
    0xb, 0xf8, 0x0, 0x9b, 0xbb, 0xfe, 0x0, 0x1f,
    0xd0, 0x4, 0xfe, 0x0, 0x0, 0x0, 0xe, 0xe0,
    0x0, 0x7b, 0x10, 0xdf, 0x40, 0x0, 0x0, 0x0,
    0xee, 0x8, 0xaa, 0xaa, 0xcf, 0xfa, 0xa7, 0x5,
    0xa9, 0x9f, 0xe0, 0xcf, 0xee, 0xff, 0xee, 0xef,
    0xb0, 0x9f, 0xff, 0xfe, 0xc, 0xe0, 0xd, 0xf1,
    0x1, 0xfb, 0x9, 0xf3, 0x22, 0x20, 0xcf, 0x77,
    0xef, 0x87, 0x8f, 0xb0, 0xaf, 0x0, 0x0, 0xc,
    0xff, 0xff, 0xff, 0xff, 0xfb, 0xa, 0xf0, 0x0,
    0x0, 0xce, 0x0, 0xdf, 0x10, 0x1f, 0xb0, 0xbf,
    0xff, 0xfd, 0xc, 0xf8, 0x8e, 0xf8, 0x88, 0xfb,
    0x8, 0xb9, 0x9f, 0xd0, 0xcf, 0xff, 0xff, 0xff,
    0xff, 0xb0, 0x0, 0x0, 0xfc, 0x0, 0x0, 0xd,
    0xf1, 0x0, 0x0, 0x0, 0x0, 0xf, 0xca, 0xaa,
    0xaa, 0xff, 0xaa, 0xaa, 0xa1, 0x0, 0x1, 0xfb,
    0xff, 0xff, 0xff, 0xff, 0xff, 0xff, 0x20, 0x0,
    0x3f, 0x80, 0x0, 0x0, 0xdf, 0x20, 0x0, 0x0,
    0x0, 0x7, 0xf6, 0x0, 0x0, 0xd, 0xf1, 0x0,
    0x0, 0x4, 0xcc, 0xff, 0x30, 0x0, 0x0, 0xdf,
    0x10, 0x0, 0x0, 0x1f, 0xff, 0x80, 0x0, 0x0,
    0xd, 0xf1, 0x0, 0x0, 0x0, 0x0, 0x0, 0x0,
    0x0, 0x0, 0x12, 0x0, 0x0, 0x0,

    /* U+5F55 "录" */
    0x5, 0xdd, 0xdd, 0xdd, 0xdd, 0xdd, 0xdd, 0xd7,
    0x0, 0x0, 0x6f, 0xff, 0xff, 0xff, 0xff, 0xff,
    0xff, 0x80, 0x0, 0x0, 0x0, 0x0, 0x0, 0x0,
    0x0, 0x6, 0xf8, 0x0, 0x0, 0x8, 0xaa, 0xaa,
    0xaa, 0xaa, 0xaa, 0xdf, 0x70, 0x0, 0x0, 0xcf,
    0xff, 0xff, 0xff, 0xff, 0xff, 0xf6, 0x0, 0x0,
    0x0, 0x0, 0x0, 0x0, 0x0, 0x0, 0x9f, 0x50,
    0x0, 0x68, 0x88, 0x88, 0x88, 0x88, 0x88, 0x8d,
    0xfa, 0x87, 0xb, 0xff, 0xff, 0xff, 0xff, 0xff,
    0xff, 0xff, 0xff, 0xe0, 0x1, 0x43, 0x11, 0x11,
    0xff, 0x11, 0x11, 0x35, 0x11, 0x0, 0x2f, 0xf7,
    0x0, 0xf, 0xf6, 0x0, 0x2e, 0xf6, 0x0, 0x0,
    0x5f, 0xfb, 0x10, 0xff, 0xf1, 0x4f, 0xfa, 0x0,
    0x0, 0x0, 0x2d, 0xf2, 0x1f, 0xff, 0xef, 0xf6,
    0x0, 0x0, 0x0, 0x0, 0x6, 0x9f, 0xfe, 0x9f,
    0xf4, 0x0, 0x0, 0x0, 0x0, 0x5c, 0xff, 0xef,
    0xe0, 0xbf, 0xd3, 0x0, 0x0, 0x28, 0xef, 0xfd,
    0x60, 0xfe, 0x0, 0xbf, 0xf9, 0x20, 0x7, 0xff,
    0xc4, 0x0, 0xf, 0xe0, 0x0, 0x8f, 0xff, 0xa0,
    0x8, 0x30, 0x7, 0x99, 0xfe, 0x0, 0x0, 0x2a,
    0xf5, 0x0, 0x0, 0x0, 0x7f, 0xfd, 0x60, 0x0,
    0x0, 0x1, 0x0, 0x0, 0x0, 0x0, 0x0, 0x0,
    0x0, 0x0, 0x0, 0x0, 0x0,

    /* U+5F62 "形" */
    0x0, 0x0, 0x0, 0x0, 0x0, 0x0, 0x0, 0x0,
    0x34, 0x0, 0xa, 0xbb, 0xbb, 0xbb, 0xbb, 0xb6,
    0x0, 0x3, 0xef, 0x40, 0xe, 0xff, 0xff, 0xff,
    0xff, 0xf9, 0x0, 0x4f, 0xf6, 0x0, 0x1, 0x1c,
    0xf1, 0x12, 0xfd, 0x10, 0x8, 0xff, 0x50, 0x0,
    0x0, 0xc, 0xf0, 0x1, 0xfc, 0x2, 0xdf, 0xe3,
    0x0, 0x0, 0x0, 0xc, 0xf0, 0x1, 0xfc, 0x0,
    0x9a, 0x10, 0x0, 0x0, 0x0, 0xc, 0xf0, 0x1,
    0xfc, 0x0, 0x0, 0x0, 0x2d, 0x80, 0x0, 0xc,
    0xf1, 0x2, 0xfc, 0x0, 0x0, 0x2, 0xef, 0x60,
    0x4f, 0xff, 0xff, 0xff, 0xff, 0xfd, 0x0, 0x4e,
    0xf7, 0x0, 0x3b, 0xbf, 0xfb, 0xbb, 0xff, 0xb9,
    0x8, 0xff, 0x60, 0x0, 0x0, 0xd, 0xf0, 0x1,
    0xfc, 0x0, 0xdf, 0xe3, 0x0, 0x0, 0x0, 0xe,
    0xe0, 0x1, 0xfc, 0x0, 0x4a, 0x10, 0x3, 0x40,
    0x0, 0xf, 0xc0, 0x1, 0xfc, 0x0, 0x0, 0x0,
    0x1e, 0xf4, 0x0, 0x3f, 0xa0, 0x1, 0xfc, 0x0,
    0x0, 0x0, 0xbf, 0xa0, 0x0, 0x8f, 0x60, 0x1,
    0xfc, 0x0, 0x0, 0xb, 0xfc, 0x0, 0x0, 0xdf,
    0x20, 0x1, 0xfc, 0x0, 0x2, 0xdf, 0xc1, 0x0,
    0x6, 0xfb, 0x0, 0x1, 0xfc, 0x0, 0x8f, 0xfb,
    0x10, 0x0, 0x2f, 0xf3, 0x0, 0x1, 0xfc, 0x1e,
    0xff, 0x80, 0x0, 0x0, 0x9, 0x80, 0x0, 0x1,
    0xfc, 0x5, 0xc2, 0x0, 0x0, 0x0, 0x0, 0x0,
    0x0, 0x0, 0x0, 0x0, 0x0, 0x0, 0x0, 0x0,

    /* U+5F97 "得" */
    0x0, 0x0, 0x78, 0x10, 0x44, 0x44, 0x44, 0x44,
    0x43, 0x0, 0x0, 0x4f, 0xe1, 0xf, 0xff, 0xff,
    0xff, 0xff, 0xc0, 0x0, 0x4f, 0xf3, 0x0, 0xfd,
    0x11, 0x11, 0x13, 0xfc, 0x0, 0x5f, 0xf4, 0x0,
    0xf, 0xe5, 0x55, 0x55, 0x7f, 0xc0, 0x4f, 0xe3,
    0x2, 0x0, 0xff, 0xff, 0xff, 0xff, 0xfc, 0x0,
    0x81, 0x6, 0xf8, 0xf, 0xd0, 0x0, 0x0, 0x2f,
    0xc0, 0x0, 0x3, 0xfe, 0x10, 0xff, 0xff, 0xff,
    0xff, 0xfc, 0x0, 0x2, 0xef, 0x50, 0x7, 0x77,
    0x77, 0x77, 0x77, 0x50, 0x2, 0xef, 0xf2, 0x5,
    0x55, 0x55, 0x55, 0x55, 0x55, 0x35, 0xff, 0xff,
    0x22, 0xff, 0xff, 0xff, 0xff, 0xff, 0xf9, 0x6f,
    0x7b, 0xf2, 0x3, 0x33, 0x33, 0x33, 0xef, 0x43,
    0x20, 0x40, 0xbf, 0x25, 0x88, 0x88, 0x88, 0x8e,
    0xf9, 0x88, 0x0, 0xb, 0xf2, 0xaf, 0xff, 0xff,
    0xff, 0xff, 0xff, 0xf0, 0x0, 0xbf, 0x20, 0x14,
    0x81, 0x11, 0x1d, 0xf2, 0x11, 0x0, 0xb, 0xf2,
    0x0, 0xcf, 0x60, 0x0, 0xdf, 0x10, 0x0, 0x0,
    0xbf, 0x20, 0x1, 0xef, 0x20, 0xd, 0xf1, 0x0,
    0x0, 0xb, 0xf2, 0x0, 0x5, 0xf7, 0x0, 0xdf,
    0x10, 0x0, 0x0, 0xbf, 0x20, 0x0, 0x4, 0x3a,
    0xaf, 0xf0, 0x0, 0x0, 0xb, 0xf2, 0x0, 0x0,
    0x0, 0xff, 0xe8, 0x0, 0x0, 0x0, 0x0, 0x0,
    0x0, 0x0, 0x0, 0x0, 0x0, 0x0,

    /* U+5FA9 "復" */
    0x0, 0x0, 0x98, 0x10, 0xc, 0x80, 0x0, 0x0,
    0x0, 0x0, 0x0, 0x7, 0xfb, 0x0, 0x6f, 0x90,
    0x0, 0x0, 0x0, 0x0, 0x0, 0x6f, 0xd1, 0x0,
    0xdf, 0xff, 0xff, 0xff, 0xff, 0xe0, 0x8, 0xfd,
    0x10, 0x7, 0xfc, 0x99, 0x99, 0x99, 0x99, 0x90,
    0x3f, 0xc1, 0x28, 0x5f, 0xf4, 0x33, 0x33, 0x33,
    0x32, 0x0, 0x5, 0x0, 0xbf, 0xdf, 0xdf, 0xff,
    0xff, 0xff, 0xfb, 0x0, 0x0, 0x6, 0xfb, 0x3,
    0xaf, 0x10, 0x0, 0x1, 0xfb, 0x0, 0x0, 0x4f,
    0xf2, 0x0, 0xaf, 0xff, 0xff, 0xff, 0xfb, 0x0,
    0x3, 0xff, 0xf1, 0x0, 0xaf, 0x43, 0x33, 0x34,
    0xfb, 0x0, 0x4f, 0xfe, 0xf1, 0x0, 0xaf, 0x54,
    0x44, 0x45, 0xfb, 0x0, 0x4f, 0x6b, 0xf1, 0x0,
    0x9f, 0xff, 0xff, 0xff, 0xfa, 0x0, 0x3, 0xb,
    0xf1, 0x0, 0x2, 0xee, 0x10, 0x0, 0x10, 0x0,
    0x0, 0xb, 0xf1, 0x0, 0x2d, 0xff, 0xff, 0xff,
    0xf8, 0x0, 0x0, 0xb, 0xf1, 0x5, 0xef, 0xf5,
    0x44, 0x5f, 0xf3, 0x0, 0x0, 0xb, 0xf1, 0x7f,
    0xe7, 0xfd, 0x22, 0xcf, 0x70, 0x0, 0x0, 0xb,
    0xf1, 0x7, 0x10, 0x5f, 0xff, 0xf7, 0x0, 0x0,
    0x0, 0xb, 0xf1, 0x0, 0x15, 0xaf, 0xff, 0xf9,
    0x41, 0x0, 0x0, 0xb, 0xf1, 0x8e, 0xff, 0xfb,
    0x57, 0xef, 0xff, 0xd2, 0x0, 0xb, 0xf1, 0x4d,
    0xa6, 0x10, 0x0, 0x4, 0x8c, 0x80,

    /* U+5FD7 "志" */
    0x0, 0x0, 0x0, 0x0, 0xb, 0xa0, 0x0, 0x0,
    0x0, 0x0, 0x0, 0x0, 0x0, 0x1, 0xfe, 0x0,
    0x0, 0x0, 0x0, 0x0, 0x0, 0x0, 0x0, 0x2f,
    0xe0, 0x0, 0x0, 0x0, 0x0, 0xff, 0xff, 0xff,
    0xff, 0xff, 0xff, 0xff, 0xff, 0xfe, 0xb, 0xcc,
    0xcc, 0xcc, 0xcf, 0xfc, 0xcc, 0xcc, 0xcc, 0xa0,
    0x0, 0x0, 0x0, 0x1, 0xfe, 0x0, 0x0, 0x0,
    0x0, 0x0, 0x0, 0x0, 0x0, 0x1f, 0xe0, 0x0,
    0x0, 0x0, 0x0, 0x3, 0x55, 0x55, 0x55, 0xfe,
    0x55, 0x55, 0x55, 0x30, 0x0, 0xaf, 0xff, 0xff,
    0xff, 0xff, 0xff, 0xff, 0xfa, 0x0, 0x4, 0x77,
    0x77, 0x79, 0x77, 0x77, 0x77, 0x77, 0x50, 0x0,
    0x0, 0x0, 0x3, 0xec, 0x20, 0x0, 0x0, 0x0,
    0x0, 0x0, 0x0, 0x0, 0x9, 0xff, 0x60, 0x0,
    0x0, 0x0, 0x0, 0x47, 0x1c, 0xf1, 0x6, 0xff,
    0x80, 0x1a, 0x90, 0x0, 0x9, 0xf3, 0xdf, 0x10,
    0x4, 0xfd, 0x0, 0xef, 0x20, 0x0, 0xef, 0xd,
    0xf1, 0x0, 0x3, 0x10, 0x6, 0xfa, 0x0, 0x4f,
    0xa0, 0xdf, 0x10, 0x0, 0x0, 0x3d, 0x5e, 0xf2,
    0xb, 0xf5, 0xc, 0xf1, 0x0, 0x0, 0x6, 0xf6,
    0x8f, 0x80, 0xbe, 0x0, 0xbf, 0xdb, 0xbb, 0xbb,
    0xff, 0x22, 0xfb, 0x0, 0x10, 0x2, 0xcf, 0xff,
    0xff, 0xfe, 0x80, 0x2, 0x0,

    /* U+5FEB "快" */
    0x0, 0x6, 0x80, 0x0, 0x0, 0x7, 0x80, 0x0,
    0x0, 0x0, 0x0, 0xd, 0xf1, 0x0, 0x0, 0xd,
    0xf1, 0x0, 0x0, 0x0, 0x0, 0xd, 0xf1, 0x0,
    0x0, 0xd, 0xf1, 0x0, 0x0, 0x0, 0x0, 0xd,
    0xf6, 0x36, 0xcc, 0xcf, 0xfc, 0xcc, 0xc9, 0x0,
    0x9, 0xad, 0xfd, 0xb9, 0xff, 0xff, 0xff, 0xff,
    0xfc, 0x0, 0xb, 0xbd, 0xf7, 0xf1, 0x0, 0xd,
    0xf1, 0x1, 0xfc, 0x0, 0xe, 0x8d, 0xf1, 0xf5,
    0x0, 0xd, 0xf1, 0x1, 0xfc, 0x0, 0x1f, 0x6d,
    0xf1, 0x61, 0x0, 0xd, 0xf1, 0x1, 0xfc, 0x0,
    0x6f, 0x3d, 0xf1, 0x0, 0x0, 0xd, 0xf0, 0x1,
    0xfc, 0x0, 0x16, 0xd, 0xf1, 0x4f, 0xff, 0xff,
    0xff, 0xff, 0xff, 0xf4, 0x0, 0xd, 0xf1, 0x3d,
    0xdd, 0xef, 0xff, 0xdd, 0xdd, 0xd4, 0x0, 0xd,
    0xf1, 0x0, 0x0, 0x3f, 0xff, 0x10, 0x0, 0x0,
    0x0, 0xd, 0xf1, 0x0, 0x0, 0x8f, 0xef, 0x90,
    0x0, 0x0, 0x0, 0xd, 0xf1, 0x0, 0x0, 0xef,
    0x3f, 0xf2, 0x0, 0x0, 0x0, 0xd, 0xf1, 0x0,
    0x8, 0xfa, 0x8, 0xfd, 0x0, 0x0, 0x0, 0xd,
    0xf1, 0x0, 0x5f, 0xf2, 0x0, 0xef, 0xc1, 0x0,
    0x0, 0xd, 0xf1, 0x7, 0xff, 0x50, 0x0, 0x3f,
    0xfe, 0x40, 0x0, 0xd, 0xf1, 0xbf, 0xf6, 0x0,
    0x0, 0x4, 0xff, 0xf4, 0x0, 0xd, 0xf1, 0x4d,
    0x30, 0x0, 0x0, 0x0, 0x2b, 0x90, 0x0, 0x0,
    0x0, 0x0, 0x0, 0x0, 0x0, 0x0, 0x0, 0x0,

    /* U+6062 "恢" */
    0x0, 0x6, 0x80, 0x0, 0x1, 0x84, 0x0, 0x0,
    0x0, 0x0, 0x0, 0xc, 0xf0, 0x0, 0x3, 0xf8,
    0x0, 0x0, 0x0, 0x0, 0x0, 0xc, 0xf0, 0x0,
    0x5, 0xf6, 0x0, 0x0, 0x0, 0x0, 0x0, 0xc,
    0xf6, 0x3f, 0xff, 0xff, 0xff, 0xff, 0xff, 0xe0,
    0x7, 0xdc, 0xfd, 0xab, 0xbe, 0xfc, 0xbb, 0xbb,
    0xbb, 0xa0, 0x8, 0xec, 0xf8, 0xf0, 0xc, 0xf0,
    0x0, 0x94, 0x0, 0x0, 0xa, 0xcc, 0xf3, 0xf4,
    0xf, 0xc0, 0x0, 0xf8, 0x0, 0x0, 0xd, 0xac,
    0xf0, 0xb2, 0x2f, 0x94, 0x81, 0xf7, 0x9, 0x50,
    0x1f, 0x7c, 0xf0, 0x0, 0x6f, 0x68, 0xe3, 0xf6,
    0x1f, 0x70, 0x19, 0x2c, 0xf0, 0x0, 0xbf, 0x1c,
    0xa5, 0xf4, 0x5f, 0x30, 0x0, 0xc, 0xf0, 0x1,
    0xfc, 0xf, 0x67, 0xf2, 0x9e, 0x0, 0x0, 0xc,
    0xf0, 0x7, 0xf7, 0x6f, 0x1a, 0xf1, 0xf9, 0x0,
    0x0, 0xc, 0xf0, 0xe, 0xf1, 0x27, 0xe, 0xf4,
    0x63, 0x0, 0x0, 0xc, 0xf0, 0x8f, 0x90, 0x0,
    0x4f, 0xfa, 0x0, 0x0, 0x0, 0xc, 0xf3, 0xfe,
    0x10, 0x0, 0xcf, 0xbf, 0x30, 0x0, 0x0, 0xc,
    0xf0, 0x95, 0x0, 0x8, 0xfa, 0x1f, 0xd0, 0x0,
    0x0, 0xc, 0xf0, 0x0, 0x0, 0x9f, 0xe1, 0x7,
    0xfc, 0x10, 0x0, 0xc, 0xf0, 0x0, 0x4e, 0xfe,
    0x20, 0x0, 0xaf, 0xe1, 0x0, 0xc, 0xf0, 0x0,
    0xc, 0x91, 0x0, 0x0, 0x8, 0x60, 0x0, 0x0,
    0x0, 0x0, 0x0, 0x0, 0x0, 0x0, 0x0, 0x0,

    /* U+606F "息" */
    0x0, 0x0, 0x0, 0x0, 0x0, 0x0, 0x0, 0x0,
    0x0, 0x0, 0x0, 0x0, 0x0, 0x0, 0xfe, 0x10,
    0x0, 0x0, 0x0, 0x0, 0x0, 0x11, 0x11, 0x6f,
    0xb1, 0x11, 0x11, 0x0, 0x0, 0x0, 0x1f, 0xff,
    0xff, 0xff, 0xff, 0xff, 0xf2, 0x0, 0x0, 0x1,
    0xfd, 0x66, 0x66, 0x66, 0x66, 0xef, 0x20, 0x0,
    0x0, 0x1f, 0xd4, 0x44, 0x44, 0x44, 0x4d, 0xf2,
    0x0, 0x0, 0x1, 0xff, 0xff, 0xff, 0xff, 0xff,
    0xff, 0x20, 0x0, 0x0, 0x1f, 0xc1, 0x11, 0x11,
    0x11, 0x1c, 0xf2, 0x0, 0x0, 0x1, 0xfd, 0x66,
    0x66, 0x66, 0x66, 0xef, 0x20, 0x0, 0x0, 0x1f,
    0xff, 0xff, 0xff, 0xff, 0xff, 0xf2, 0x0, 0x0,
    0x1, 0xfb, 0x0, 0x0, 0x0, 0x0, 0xcf, 0x20,
    0x0, 0x0, 0x1f, 0xff, 0xff, 0xff, 0xff, 0xff,
    0xf2, 0x0, 0x0, 0x0, 0x88, 0x88, 0x8e, 0x98,
    0x88, 0x88, 0x10, 0x0, 0x0, 0x0, 0x0, 0x5,
    0xfd, 0x0, 0x0, 0x6, 0x0, 0x0, 0x4c, 0x4a,
    0xf2, 0x9, 0xfa, 0x0, 0xc, 0xf5, 0x0, 0xa,
    0xf4, 0xbf, 0x20, 0xd, 0xf3, 0x10, 0x4f, 0xd0,
    0x1, 0xfe, 0xb, 0xf2, 0x0, 0x47, 0x5, 0xd4,
    0xcf, 0x50, 0x8f, 0x80, 0xaf, 0x30, 0x0, 0x0,
    0x7f, 0x55, 0xfb, 0xc, 0xf1, 0x8, 0xfe, 0xcc,
    0xcc, 0xcf, 0xf1, 0xc, 0x50, 0x2, 0x0, 0x1b,
    0xff, 0xff, 0xff, 0xe7, 0x0, 0x0,

    /* U+611F "感" */
    0x0, 0x0, 0x0, 0x0, 0x0, 0xa, 0xe1, 0x7c,
    0x30, 0x0, 0x0, 0x0, 0x0, 0x0, 0x0, 0xb,
    0xf2, 0x2c, 0xf3, 0x0, 0x0, 0xbf, 0xff, 0xff,
    0xff, 0xff, 0xff, 0xff, 0xff, 0xf0, 0x0, 0xbf,
    0x99, 0x99, 0x99, 0x9c, 0xfb, 0x99, 0x99, 0x90,
    0x0, 0xbf, 0x14, 0x44, 0x44, 0x46, 0xf6, 0x0,
    0x76, 0x0, 0x0, 0xbf, 0x5f, 0xff, 0xff, 0xd3,
    0xf9, 0x2, 0xfb, 0x0, 0x0, 0xcf, 0x0, 0x0,
    0x0, 0x0, 0xfd, 0xb, 0xf4, 0x0, 0x0, 0xed,
    0x2f, 0xff, 0xff, 0x80, 0xcf, 0x7f, 0xb0, 0x0,
    0x0, 0xfb, 0x3f, 0x96, 0x6f, 0x90, 0x7f, 0xfe,
    0x11, 0x0, 0x4, 0xf8, 0x3f, 0x50, 0xe, 0x90,
    0x5f, 0xf5, 0x4, 0xe2, 0x9, 0xf4, 0x3f, 0xdc,
    0xcf, 0x96, 0xff, 0xfb, 0x18, 0xf1, 0x2f, 0xe0,
    0x19, 0x99, 0x99, 0x8f, 0xe5, 0xcf, 0xff, 0xd0,
    0xa, 0x60, 0x0, 0x0, 0x38, 0x4, 0x10, 0x7,
    0xbb, 0x30, 0x0, 0x10, 0xc, 0xa0, 0x8f, 0xa0,
    0x0, 0x4, 0x90, 0x0, 0x0, 0xae, 0x2f, 0xd0,
    0xb, 0xf7, 0x0, 0x9, 0xf8, 0x0, 0x1, 0xfd,
    0xf, 0xd0, 0x1, 0xed, 0x6, 0xb4, 0xff, 0x10,
    0x9, 0xf6, 0xf, 0xd0, 0x0, 0x20, 0x8, 0xf5,
    0x8f, 0x80, 0x1f, 0xe0, 0xe, 0xf8, 0x88, 0x88,
    0x8e, 0xf1, 0x1f, 0xa0, 0x2, 0x40, 0x5, 0xdf,
    0xff, 0xff, 0xfe, 0x70, 0x1, 0x0,

    /* U+6162 "慢" */
    0x0, 0x8, 0x70, 0x0, 0x33, 0x33, 0x33, 0x33,
    0x31, 0x0, 0x0, 0xf, 0xd0, 0x1, 0xff, 0xff,
    0xff, 0xff, 0xfa, 0x0, 0x0, 0xf, 0xd0, 0x1,
    0xf8, 0x0, 0x0, 0x4, 0xfa, 0x0, 0x0, 0xf,
    0xd5, 0x31, 0xff, 0xff, 0xff, 0xff, 0xfa, 0x0,
    0xa, 0x5f, 0xdc, 0xa1, 0xf9, 0x0, 0x0, 0x5,
    0xfa, 0x0, 0xe, 0x6f, 0xd7, 0xf1, 0xff, 0xff,
    0xff, 0xff, 0xfa, 0x0, 0xf, 0x4f, 0xd4, 0xf5,
    0x33, 0x33, 0x33, 0x33, 0x33, 0x10, 0x3f, 0x2f,
    0xd0, 0x2f, 0xff, 0xff, 0xff, 0xff, 0xff, 0xa0,
    0x6f, 0xf, 0xd0, 0x1f, 0x91, 0xe9, 0x19, 0xe1,
    0x2f, 0xa0, 0x37, 0xf, 0xd0, 0x1f, 0xa3, 0xfa,
    0x3a, 0xf3, 0x4f, 0xa0, 0x0, 0xf, 0xd0, 0x1f,
    0xff, 0xff, 0xff, 0xff, 0xff, 0x90, 0x0, 0xf,
    0xd0, 0x0, 0x0, 0x0, 0x0, 0x0, 0x10, 0x0,
    0x0, 0xf, 0xd0, 0x6f, 0xff, 0xff, 0xff, 0xff,
    0xfd, 0x10, 0x0, 0xf, 0xd0, 0x27, 0xef, 0xa7,
    0x77, 0x7e, 0xfb, 0x0, 0x0, 0xf, 0xd0, 0x0,
    0x3f, 0xf5, 0x1, 0xaf, 0xc1, 0x0, 0x0, 0xf,
    0xd0, 0x0, 0x3, 0xef, 0xce, 0xfb, 0x10, 0x0,
    0x0, 0xf, 0xd0, 0x0, 0x15, 0xbf, 0xff, 0xf7,
    0x30, 0x0, 0x0, 0xf, 0xd0, 0xbe, 0xff, 0xfd,
    0x7a, 0xff, 0xff, 0xc1, 0x0, 0xf, 0xd0, 0x9e,
    0xa7, 0x20, 0x0, 0x15, 0xae, 0x90, 0x0, 0x0,
    0x0, 0x0, 0x0, 0x0, 0x0, 0x0, 0x0, 0x0,

    /* U+6210 "成" */
    0x0, 0x0, 0x0, 0x0, 0x0, 0x0, 0x0, 0x0,
    0x0, 0x0, 0x0, 0x0, 0x0, 0x0, 0xb, 0xf4,
    0x6e, 0x50, 0x0, 0x0, 0x0, 0x0, 0x0, 0x0,
    0xbf, 0x45, 0xef, 0xb1, 0x0, 0x0, 0x0, 0x0,
    0x0, 0xa, 0xf4, 0x1, 0xaf, 0x50, 0x0, 0xbd,
    0xdd, 0xdd, 0xdd, 0xff, 0xed, 0xdd, 0xfd, 0x90,
    0xd, 0xff, 0xff, 0xff, 0xff, 0xff, 0xff, 0xff,
    0xfc, 0x0, 0xdf, 0x30, 0x0, 0x0, 0x8f, 0x80,
    0x0, 0x0, 0x0, 0xd, 0xf2, 0x0, 0x0, 0x6,
    0xf8, 0x0, 0x47, 0x20, 0x0, 0xdf, 0xa9, 0x9a,
    0x91, 0x4f, 0xa0, 0xa, 0xf5, 0x0, 0xd, 0xff,
    0xff, 0xff, 0x12, 0xfc, 0x1, 0xff, 0x0, 0x0,
    0xdf, 0x42, 0x2c, 0xf1, 0xf, 0xf0, 0x7f, 0xa0,
    0x0, 0xd, 0xf1, 0x0, 0xcf, 0x0, 0xdf, 0x2e,
    0xf3, 0x0, 0x0, 0xef, 0x10, 0xc, 0xf0, 0xa,
    0xfc, 0xfa, 0x0, 0x0, 0xf, 0xf0, 0x0, 0xdf,
    0x0, 0x6f, 0xff, 0x20, 0x0, 0x1, 0xfe, 0x0,
    0xf, 0xe0, 0x3, 0xff, 0x80, 0x9, 0x20, 0x4f,
    0xb6, 0xff, 0xfb, 0x0, 0xbf, 0xf3, 0x0, 0xce,
    0x7, 0xf8, 0x2c, 0xca, 0x20, 0xbf, 0xff, 0xb0,
    0xe, 0xc0, 0xdf, 0x40, 0x0, 0x2, 0xdf, 0xe3,
    0xef, 0x62, 0xf9, 0x4f, 0xe0, 0x0, 0x2, 0xff,
    0xd2, 0x5, 0xff, 0xff, 0x52, 0xc7, 0x0, 0x0,
    0x7, 0xa1, 0x0, 0x5, 0xdf, 0xa0, 0x0, 0x0,
    0x0, 0x0, 0x0, 0x0, 0x0, 0x0, 0x0, 0x0,

    /* U+6237 "户" */
    0x0, 0x0, 0x0, 0x0, 0x2b, 0x90, 0x0, 0x0,
    0x0, 0x0, 0x0, 0x0, 0x0, 0xf, 0xf1, 0x0,
    0x0, 0x0, 0x0, 0x0, 0x0, 0x0, 0xa, 0xf7,
    0x0, 0x0, 0x0, 0x0, 0xb, 0xdc, 0xcc, 0xce,
    0xfc, 0xcc, 0xcc, 0xc0, 0x0, 0xe, 0xff, 0xff,
    0xff, 0xff, 0xff, 0xff, 0xf0, 0x0, 0xe, 0xf1,
    0x0, 0x0, 0x0, 0x0, 0xe, 0xf0, 0x0, 0xe,
    0xf1, 0x0, 0x0, 0x0, 0x0, 0xe, 0xf0, 0x0,
    0xe, 0xf1, 0x0, 0x0, 0x0, 0x0, 0xe, 0xf0,
    0x0, 0xe, 0xfa, 0xaa, 0xaa, 0xaa, 0xaa, 0xaf,
    0xf0, 0x0, 0xf, 0xff, 0xff, 0xff, 0xff, 0xff,
    0xff, 0xf0, 0x0, 0xf, 0xf2, 0x22, 0x22, 0x22,
    0x22, 0x2f, 0xf0, 0x0, 0x2f, 0xd0, 0x0, 0x0,
    0x0, 0x0, 0x4, 0x50, 0x0, 0x4f, 0xb0, 0x0,
    0x0, 0x0, 0x0, 0x0, 0x0, 0x0, 0x8f, 0x70,
    0x0, 0x0, 0x0, 0x0, 0x0, 0x0, 0x0, 0xdf,
    0x30, 0x0, 0x0, 0x0, 0x0, 0x0, 0x0, 0x3,
    0xfe, 0x0, 0x0, 0x0, 0x0, 0x0, 0x0, 0x0,
    0xc, 0xf7, 0x0, 0x0, 0x0, 0x0, 0x0, 0x0,
    0x0, 0x2e, 0xe0, 0x0, 0x0, 0x0, 0x0, 0x0,
    0x0, 0x0, 0x1, 0x30, 0x0, 0x0, 0x0, 0x0,
    0x0, 0x0, 0x0,

    /* U+626B "扫" */
    0x0, 0x1, 0xc9, 0x0, 0x0, 0x0, 0x0, 0x0,
    0x0, 0x0, 0x0, 0x1f, 0xc0, 0x0, 0x0, 0x0,
    0x0, 0x0, 0x0, 0x0, 0x1, 0xfc, 0x0, 0x7f,
    0xff, 0xff, 0xff, 0xff, 0x20, 0x0, 0x2f, 0xc0,
    0x5, 0xbb, 0xbb, 0xbb, 0xbe, 0xf2, 0xe, 0xff,
    0xff, 0xff, 0x30, 0x0, 0x0, 0x0, 0xaf, 0x20,
    0xab, 0xbf, 0xeb, 0xb2, 0x0, 0x0, 0x0, 0xa,
    0xf2, 0x0, 0x1, 0xfc, 0x0, 0x0, 0x0, 0x0,
    0x0, 0xaf, 0x20, 0x0, 0x1f, 0xc0, 0x0, 0x0,
    0x0, 0x0, 0xa, 0xf2, 0x0, 0x1, 0xfc, 0x3,
    0x3d, 0xdd, 0xdd, 0xdd, 0xff, 0x20, 0x0, 0x5f,
    0xff, 0xf7, 0xff, 0xff, 0xff, 0xff, 0xf2, 0xd,
    0xff, 0xff, 0xd8, 0x20, 0x0, 0x0, 0x0, 0xaf,
    0x20, 0xdd, 0xaf, 0xc0, 0x0, 0x0, 0x0, 0x0,
    0xa, 0xf2, 0x0, 0x1, 0xfc, 0x0, 0x0, 0x0,
    0x0, 0x0, 0xaf, 0x20, 0x0, 0x1f, 0xc0, 0x0,
    0x0, 0x0, 0x0, 0xa, 0xf2, 0x0, 0x1, 0xfc,
    0x0, 0x0, 0x0, 0x0, 0x0, 0xaf, 0x20, 0x0,
    0x1f, 0xc0, 0x7, 0xbb, 0xbb, 0xbb, 0xbe, 0xf2,
    0x0, 0x1, 0xfc, 0x0, 0xaf, 0xff, 0xff, 0xff,
    0xff, 0x20, 0x3b, 0xbf, 0xb0, 0x0, 0x0, 0x0,
    0x0, 0xa, 0xf2, 0x0, 0xff, 0xd3, 0x0, 0x0,
    0x0, 0x0, 0x0, 0xaf, 0x20,

    /* U+627E "找" */
    0x0, 0x9, 0xe2, 0x0, 0x0, 0x9d, 0x20, 0x50,
    0x0, 0x0, 0x0, 0xa, 0xf3, 0x0, 0x0, 0xbf,
    0x36, 0xfb, 0x0, 0x0, 0x0, 0xa, 0xf3, 0x0,
    0x0, 0xaf, 0x40, 0xaf, 0xb0, 0x0, 0x0, 0xa,
    0xf3, 0x0, 0x0, 0x9f, 0x50, 0xb, 0xe2, 0x0,
    0x5f, 0xff, 0xff, 0xf7, 0x0, 0x8f, 0x60, 0x3,
    0x55, 0x40, 0x4c, 0xcf, 0xfd, 0xc8, 0x78, 0xcf,
    0xff, 0xff, 0xff, 0xa0, 0x0, 0xa, 0xf3, 0x3,
    0xff, 0xff, 0xfe, 0xca, 0x87, 0x40, 0x0, 0xa,
    0xf3, 0x0, 0x65, 0x6f, 0xb0, 0x0, 0x20, 0x0,
    0x0, 0xa, 0xf3, 0x1, 0x0, 0x1f, 0xd0, 0x2,
    0xf7, 0x0, 0x0, 0xa, 0xfc, 0xe9, 0x0, 0xf,
    0xf0, 0xb, 0xf5, 0x0, 0x39, 0xdf, 0xff, 0xf7,
    0x0, 0xc, 0xf3, 0x5f, 0xd0, 0x0, 0x6f, 0xff,
    0xf6, 0x0, 0x0, 0x9, 0xf8, 0xff, 0x30, 0x0,
    0x17, 0x2a, 0xf3, 0x0, 0x0, 0x5, 0xff, 0xf8,
    0x0, 0x0, 0x0, 0xa, 0xf3, 0x0, 0x0, 0x2,
    0xff, 0xb0, 0x2, 0x0, 0x0, 0xa, 0xf3, 0x0,
    0x0, 0x1d, 0xff, 0x60, 0x7, 0xd1, 0x0, 0xa,
    0xf3, 0x0, 0x5, 0xef, 0xdf, 0xe1, 0x9, 0xf1,
    0x0, 0xa, 0xf3, 0x3, 0xbf, 0xf9, 0xc, 0xfc,
    0x5e, 0xd0, 0xa, 0xbe, 0xf2, 0x6, 0xfe, 0x50,
    0x1, 0xef, 0xff, 0x80, 0x9, 0xfe, 0x80, 0x0,
    0x40, 0x0, 0x0, 0x19, 0xdb, 0x0,

    /* U+629E "択" */
    0x0, 0x1, 0xea, 0x0, 0x0, 0x0, 0x0, 0x0,
    0x0, 0x0, 0x0, 0x1, 0xfb, 0x0, 0x9, 0xcc,
    0xcc, 0xcc, 0xcc, 0x90, 0x0, 0x1, 0xfb, 0x0,
    0xc, 0xff, 0xff, 0xff, 0xff, 0xd0, 0x0, 0x1,
    0xfb, 0x0, 0xc, 0xf3, 0x0, 0x0, 0x1f, 0xd0,
    0xe, 0xff, 0xff, 0xff, 0x5c, 0xf2, 0x0, 0x0,
    0x1f, 0xd0, 0xc, 0xdd, 0xff, 0xdd, 0x4c, 0xf2,
    0x0, 0x0, 0x1f, 0xd0, 0x0, 0x1, 0xfb, 0x0,
    0xc, 0xf2, 0x0, 0x0, 0x1f, 0xd0, 0x0, 0x1,
    0xfb, 0x0, 0xc, 0xf3, 0x0, 0x0, 0x1f, 0xd0,
    0x0, 0x1, 0xfb, 0x0, 0xc, 0xff, 0xff, 0xff,
    0xff, 0xd0, 0x0, 0x1, 0xfd, 0x8c, 0x5c, 0xfc,
    0xbf, 0xfc, 0xbb, 0x90, 0x17, 0xae, 0xff, 0xff,
    0x6d, 0xf0, 0xa, 0xf4, 0x0, 0x0, 0xf, 0xff,
    0xfd, 0x40, 0xe, 0xf0, 0x5, 0xf8, 0x0, 0x0,
    0x6, 0x41, 0xfb, 0x0, 0x1f, 0xd0, 0x1, 0xfe,
    0x0, 0x0, 0x0, 0x1, 0xfb, 0x0, 0x4f, 0xa0,
    0x0, 0xbf, 0x50, 0x0, 0x0, 0x1, 0xfb, 0x0,
    0x8f, 0x60, 0x0, 0x5f, 0xd0, 0x0, 0x0, 0x1,
    0xfb, 0x0, 0xef, 0x10, 0x0, 0xd, 0xf9, 0x0,
    0x0, 0x1, 0xfb, 0x8, 0xfa, 0x0, 0x0, 0x3,
    0xff, 0x80, 0x6, 0xbc, 0xfa, 0x3f, 0xf2, 0x0,
    0x0, 0x0, 0x6f, 0xf8, 0x4, 0xff, 0xc3, 0x8,
    0x70, 0x0, 0x0, 0x0, 0x5, 0xc1, 0x0, 0x0,
    0x0, 0x0, 0x0, 0x0, 0x0, 0x0, 0x0, 0x0,

    /* U+62DB "招" */
    0x0, 0xc, 0xc0, 0x0, 0x0, 0x0, 0x0, 0x0,
    0x0, 0x0, 0x0, 0xef, 0x0, 0x2c, 0xcc, 0xcc,
    0xcc, 0xcc, 0xc7, 0x0, 0xe, 0xf0, 0x2, 0xff,
    0xff, 0xff, 0xff, 0xff, 0x80, 0x0, 0xef, 0x0,
    0x0, 0x5, 0xfa, 0x0, 0x6, 0xf7, 0x3f, 0xff,
    0xff, 0xf4, 0x0, 0x8f, 0x60, 0x0, 0x7f, 0x62,
    0xcc, 0xff, 0xcc, 0x30, 0xe, 0xf2, 0x0, 0x8,
    0xf5, 0x0, 0xe, 0xf0, 0x0, 0x9, 0xfa, 0x0,
    0x0, 0xbf, 0x30, 0x0, 0xef, 0x0, 0x1a, 0xfe,
    0x10, 0x59, 0x9f, 0xf0, 0x0, 0xe, 0xf0, 0x49,
    0xfd, 0x20, 0x3, 0xff, 0xf8, 0x0, 0x1, 0xff,
    0xff, 0x27, 0x0, 0x0, 0x2, 0x20, 0x0, 0x4d,
    0xff, 0xff, 0xa1, 0x8a, 0xaa, 0xaa, 0xaa, 0xaa,
    0x24, 0xfe, 0xff, 0x0, 0xd, 0xff, 0xff, 0xff,
    0xff, 0xf4, 0x3, 0xe, 0xf0, 0x0, 0xdf, 0x0,
    0x0, 0x0, 0xaf, 0x40, 0x0, 0xef, 0x0, 0xd,
    0xf0, 0x0, 0x0, 0xa, 0xf4, 0x0, 0xe, 0xf0,
    0x0, 0xdf, 0x0, 0x0, 0x0, 0xaf, 0x40, 0x0,
    0xef, 0x0, 0xd, 0xf0, 0x0, 0x0, 0xa, 0xf4,
    0x0, 0xe, 0xf0, 0x0, 0xdf, 0xff, 0xff, 0xff,
    0xff, 0x40, 0xbd, 0xfd, 0x0, 0xd, 0xfc, 0xcc,
    0xcc, 0xce, 0xf4, 0x9, 0xfd, 0x50, 0x0, 0xcf,
    0x0, 0x0, 0x0, 0x9e, 0x30,

    /* U+62E9 "择" */
    0x0, 0xa, 0xd1, 0x0, 0x0, 0x0, 0x0, 0x0,
    0x0, 0x0, 0x0, 0xb, 0xf1, 0x1, 0xff, 0xff,
    0xff, 0xff, 0xfc, 0x10, 0x0, 0xb, 0xf1, 0x1,
    0xbf, 0xfc, 0xbb, 0xbd, 0xfb, 0x0, 0x0, 0xb,
    0xf1, 0x0, 0x6, 0xf8, 0x0, 0x2e, 0xe1, 0x0,
    0x3f, 0xff, 0xff, 0xf5, 0x0, 0xaf, 0x83, 0xef,
    0x40, 0x0, 0x2c, 0xcf, 0xfc, 0xc4, 0x0, 0xb,
    0xff, 0xf4, 0x0, 0x0, 0x0, 0xb, 0xf1, 0x0,
    0x0, 0x5d, 0xff, 0xf7, 0x10, 0x0, 0x0, 0xb,
    0xf1, 0x3, 0x8e, 0xff, 0x75, 0xef, 0xfa, 0x51,
    0x0, 0xb, 0xf1, 0x4b, 0xfe, 0x71, 0x45, 0x7,
    0xdf, 0xe1, 0x0, 0x1d, 0xff, 0xf4, 0x40, 0x0,
    0xdf, 0x0, 0x3, 0x30, 0x4d, 0xff, 0xfd, 0x81,
    0x7a, 0xaa, 0xff, 0xaa, 0xa7, 0x0, 0x3f, 0xce,
    0xf1, 0x0, 0xcf, 0xff, 0xff, 0xff, 0xfb, 0x0,
    0x1, 0xb, 0xf1, 0x0, 0x0, 0x0, 0xdf, 0x10,
    0x0, 0x0, 0x0, 0xb, 0xf1, 0x0, 0x0, 0x0,
    0xdf, 0x10, 0x0, 0x0, 0x0, 0xb, 0xf1, 0xc,
    0xff, 0xff, 0xff, 0xff, 0xff, 0xf1, 0x0, 0xb,
    0xf1, 0x8, 0xaa, 0xaa, 0xff, 0xaa, 0xaa, 0xa1,
    0x0, 0xb, 0xf1, 0x0, 0x0, 0x0, 0xdf, 0x0,
    0x0, 0x0, 0x8, 0xcf, 0xf0, 0x0, 0x0, 0x0,
    0xdf, 0x0, 0x0, 0x0, 0x7, 0xfe, 0x70, 0x0,
    0x0, 0x0, 0xdf, 0x0, 0x0, 0x0, 0x0, 0x0,
    0x0, 0x0, 0x0, 0x0, 0x1, 0x0, 0x0, 0x0,

    /* U+633F "挿" */
    0x0, 0x9, 0xd1, 0x0, 0x0, 0x0, 0x0, 0x1,
    0x40, 0x0, 0x0, 0xbf, 0x10, 0x37, 0x89, 0xab,
    0xdf, 0xff, 0xa0, 0x0, 0xb, 0xf1, 0x3, 0xff,
    0xfe, 0xff, 0x97, 0x52, 0x0, 0x0, 0xbf, 0x10,
    0x0, 0x0, 0xe, 0xd0, 0x0, 0x0, 0x4f, 0xff,
    0xff, 0xde, 0xff, 0xff, 0xff, 0xff, 0xff, 0xf3,
    0xcc, 0xff, 0xda, 0x9a, 0xaa, 0xaf, 0xfa, 0xaa,
    0xaa, 0x0, 0xb, 0xf1, 0x0, 0x0, 0x0, 0xed,
    0x0, 0x0, 0x0, 0x0, 0xbf, 0x10, 0x1f, 0xff,
    0xff, 0xff, 0xff, 0xf3, 0x0, 0xb, 0xf1, 0x2,
    0xfd, 0x99, 0xff, 0x99, 0xdf, 0x30, 0x0, 0xcf,
    0xde, 0x2f, 0x90, 0xe, 0xd0, 0x9, 0xf3, 0x5b,
    0xff, 0xfe, 0x92, 0xff, 0xff, 0xff, 0xff, 0xff,
    0x36, 0xfd, 0xef, 0x10, 0x2f, 0xd8, 0x8f, 0xe8,
    0x8d, 0xf3, 0x12, 0xb, 0xf1, 0x2, 0xf9, 0x0,
    0xed, 0x0, 0x9f, 0x30, 0x0, 0xbf, 0x10, 0x2f,
    0xd9, 0x9f, 0xf9, 0x9d, 0xf3, 0x0, 0xb, 0xf1,
    0x2, 0xff, 0xff, 0xff, 0xff, 0xff, 0x30, 0x0,
    0xbf, 0x10, 0x1b, 0x70, 0xe, 0xd0, 0x5, 0x92,
    0x0, 0xb, 0xf1, 0x0, 0x0, 0x0, 0xed, 0x0,
    0x0, 0x0, 0xbd, 0xff, 0x0, 0x0, 0x0, 0xe,
    0xd0, 0x0, 0x0, 0x9, 0xfe, 0x60, 0x0, 0x0,
    0x0, 0xed, 0x0, 0x0, 0x0,

    /* U+636E "据" */
    0x0, 0xc, 0xb0, 0x0, 0x1, 0x0, 0x0, 0x0,
    0x0, 0x0, 0x0, 0xe, 0xd0, 0x0, 0xff, 0xff,
    0xff, 0xff, 0xff, 0xb0, 0x0, 0xe, 0xd0, 0x0,
    0xfe, 0x99, 0x99, 0x99, 0xaf, 0xb0, 0x0, 0xe,
    0xd0, 0x0, 0xfc, 0x0, 0x0, 0x0, 0x1f, 0xb0,
    0x3f, 0xff, 0xff, 0xf0, 0xfd, 0x33, 0x33, 0x33,
    0x4f, 0xb0, 0x3c, 0xcf, 0xfc, 0xc0, 0xff, 0xff,
    0xff, 0xff, 0xff, 0xb0, 0x0, 0xe, 0xd0, 0x0,
    0xfe, 0x66, 0x6f, 0xe6, 0x66, 0x40, 0x0, 0xe,
    0xd0, 0x0, 0xfc, 0x0, 0xf, 0xd0, 0x0, 0x0,
    0x0, 0xe, 0xd0, 0x11, 0xfe, 0x99, 0x9f, 0xf9,
    0x99, 0x91, 0x0, 0xf, 0xfd, 0xd1, 0xff, 0xff,
    0xff, 0xff, 0xff, 0xf2, 0x3b, 0xff, 0xfe, 0xa2,
    0xfb, 0x0, 0xf, 0xd0, 0x0, 0x0, 0x4f, 0xdf,
    0xd0, 0x4, 0xf9, 0x0, 0xf, 0xd0, 0x0, 0x0,
    0x2, 0xe, 0xd0, 0x7, 0xfa, 0xbb, 0xbf, 0xfb,
    0xbb, 0x90, 0x0, 0xe, 0xd0, 0xa, 0xf9, 0xfe,
    0xdd, 0xdd, 0xdf, 0xc0, 0x0, 0xe, 0xd0, 0xe,
    0xf6, 0xf5, 0x0, 0x0, 0xe, 0xc0, 0x0, 0xe,
    0xd0, 0x4f, 0xc5, 0xf5, 0x0, 0x0, 0xe, 0xc0,
    0x0, 0xe, 0xd0, 0xbf, 0x75, 0xfb, 0x99, 0x99,
    0x9f, 0xc0, 0xb, 0xef, 0xb3, 0xff, 0x15, 0xff,
    0xff, 0xff, 0xff, 0xc0, 0x7, 0xdb, 0x30, 0x77,
    0x5, 0xf5, 0x0, 0x0, 0xe, 0xc0, 0x0, 0x0,
    0x0, 0x0, 0x0, 0x0, 0x0, 0x0, 0x0, 0x0,

    /* U+63A5 "接" */
    0x0, 0xd, 0xa0, 0x0, 0x0, 0x3, 0x95, 0x0,
    0x0, 0x0, 0x0, 0xf, 0xc0, 0x0, 0x0, 0x0,
    0xee, 0x0, 0x0, 0x0, 0x0, 0xf, 0xc0, 0x2,
    0xee, 0xee, 0xff, 0xfe, 0xee, 0xc0, 0x0, 0xf,
    0xc0, 0x1, 0xbb, 0xcb, 0xbb, 0xbc, 0xbb, 0x90,
    0x3f, 0xff, 0xff, 0x90, 0x7, 0xf3, 0x0, 0xe,
    0xd0, 0x0, 0x2c, 0xcf, 0xfc, 0x80, 0x2, 0xfc,
    0x0, 0x6f, 0x70, 0x0, 0x0, 0xf, 0xc0, 0x0,
    0x11, 0xaa, 0x11, 0xde, 0x11, 0x10, 0x0, 0xf,
    0xc0, 0xc, 0xff, 0xff, 0xff, 0xff, 0xff, 0xf4,
    0x0, 0xf, 0xc0, 0x7, 0x99, 0x9c, 0xda, 0x99,
    0x99, 0x92, 0x0, 0xf, 0xeb, 0x70, 0x0, 0xc,
    0xf1, 0x0, 0x0, 0x0, 0x39, 0xdf, 0xff, 0x8a,
    0xaa, 0xbf, 0xea, 0xaa, 0xaa, 0xa5, 0x4f, 0xef,
    0xd0, 0x1f, 0xff, 0xff, 0xff, 0xff, 0xff, 0xf7,
    0x3, 0xf, 0xc0, 0x0, 0x7, 0xf7, 0x0, 0xe,
    0xf0, 0x0, 0x0, 0xf, 0xc0, 0x0, 0x3f, 0xe1,
    0x0, 0x6f, 0xa0, 0x0, 0x0, 0xf, 0xc0, 0x0,
    0x9f, 0xff, 0xa5, 0xff, 0x20, 0x0, 0x0, 0xf,
    0xc0, 0x0, 0x0, 0x6c, 0xff, 0xfa, 0x0, 0x0,
    0x0, 0xf, 0xc0, 0x0, 0x1, 0x5b, 0xff, 0xff,
    0xc4, 0x0, 0xa, 0xcf, 0xb0, 0x3b, 0xdf, 0xff,
    0xa2, 0x2b, 0xff, 0x90, 0x8, 0xfc, 0x30, 0xd,
    0xd9, 0x51, 0x0, 0x0, 0x4d, 0x40, 0x0, 0x0,
    0x0, 0x0, 0x0, 0x0, 0x0, 0x0, 0x0, 0x0,

    /* U+63A7 "控" */
    0x0, 0xc, 0xa0, 0x0, 0x0, 0x2, 0xa7, 0x0,
    0x0, 0x0, 0x0, 0xe, 0xd0, 0x0, 0x0, 0x1,
    0xfe, 0x0, 0x0, 0x0, 0x0, 0xe, 0xd0, 0x4,
    0x66, 0x66, 0xdf, 0x96, 0x66, 0x60, 0x0, 0xe,
    0xd0, 0xb, 0xff, 0xff, 0xff, 0xff, 0xff, 0xf1,
    0x3f, 0xff, 0xff, 0xbb, 0xf3, 0x33, 0x33, 0x33,
    0x3c, 0xf1, 0x2b, 0xbf, 0xfb, 0x8b, 0xf0, 0x39,
    0x20, 0x74, 0xa, 0xe1, 0x0, 0xe, 0xd0, 0x0,
    0x3, 0xef, 0x21, 0xdf, 0x60, 0x0, 0x0, 0xe,
    0xd0, 0x0, 0x5f, 0xf4, 0x0, 0x1c, 0xf9, 0x0,
    0x0, 0xe, 0xd0, 0x6, 0xff, 0x40, 0x0, 0x0,
    0xbf, 0x70, 0x0, 0xe, 0xea, 0xa0, 0xa2, 0x0,
    0x0, 0x0, 0x7, 0x0, 0x16, 0xbf, 0xff, 0xb0,
    0xbe, 0xee, 0xee, 0xee, 0xec, 0x0, 0x4f, 0xff,
    0xe2, 0x0, 0xac, 0xcc, 0xff, 0xcc, 0xcb, 0x0,
    0x18, 0x2e, 0xd0, 0x0, 0x0, 0x0, 0xff, 0x0,
    0x0, 0x0, 0x0, 0xe, 0xd0, 0x0, 0x0, 0x0,
    0xff, 0x0, 0x0, 0x0, 0x0, 0xe, 0xd0, 0x0,
    0x0, 0x0, 0xff, 0x0, 0x0, 0x0, 0x0, 0xe,
    0xd0, 0x0, 0x0, 0x0, 0xff, 0x0, 0x0, 0x0,
    0x0, 0xe, 0xd0, 0x5d, 0xdd, 0xdd, 0xff, 0xdd,
    0xdd, 0xd4, 0xa, 0xbf, 0xc0, 0x5d, 0xdd, 0xdd,
    0xdd, 0xdd, 0xdd, 0xd4, 0xa, 0xfd, 0x40, 0x0,
    0x0, 0x0, 0x0, 0x0, 0x0, 0x0,

    /* U+63CF "描" */
    0x0, 0xc, 0xa0, 0x0, 0x2, 0xe8, 0x0, 0x2e,
    0xb0, 0x0, 0x0, 0xf, 0xc0, 0x0, 0x2, 0xf9,
    0x0, 0x2f, 0xd0, 0x0, 0x0, 0xf, 0xc0, 0x1,
    0x14, 0xfa, 0x11, 0x4f, 0xd1, 0x10, 0x0, 0xf,
    0xc0, 0xd, 0xff, 0xff, 0xff, 0xff, 0xff, 0xf1,
    0x3f, 0xff, 0xff, 0xc7, 0x9a, 0xfd, 0x99, 0xbf,
    0xf9, 0x90, 0x2c, 0xcf, 0xfc, 0xa0, 0x2, 0xf9,
    0x0, 0x2f, 0xd0, 0x0, 0x0, 0xf, 0xc0, 0x0,
    0x2, 0xf9, 0x0, 0x2f, 0xd0, 0x0, 0x0, 0xf,
    0xc0, 0x0, 0x0, 0x10, 0x0, 0x1, 0x0, 0x0,
    0x0, 0xf, 0xc0, 0x0, 0xff, 0xff, 0xff, 0xff,
    0xff, 0xa0, 0x0, 0xf, 0xea, 0xa0, 0xfe, 0xbb,
    0xef, 0xbb, 0xcf, 0xa0, 0x28, 0xdf, 0xff, 0xb0,
    0xfc, 0x0, 0xbf, 0x0, 0x2f, 0xa0, 0x4f, 0xff,
    0xd1, 0x0, 0xfc, 0x0, 0xbf, 0x0, 0x3f, 0xa0,
    0x4, 0xf, 0xc0, 0x0, 0xff, 0xff, 0xff, 0xff,
    0xff, 0xa0, 0x0, 0xf, 0xc0, 0x0, 0xfe, 0x99,
    0xef, 0x99, 0xaf, 0xa0, 0x0, 0xf, 0xc0, 0x0,
    0xfc, 0x0, 0xbf, 0x0, 0x2f, 0xa0, 0x0, 0xf,
    0xc0, 0x0, 0xfc, 0x0, 0xbf, 0x0, 0x3f, 0xa0,
    0x0, 0xf, 0xc0, 0x0, 0xff, 0xff, 0xff, 0xff,
    0xff, 0xa0, 0xa, 0xcf, 0xb0, 0x0, 0xfe, 0xaa,
    0xaa, 0xaa, 0xbf, 0xa0, 0x8, 0xfd, 0x40, 0x0,
    0xfc, 0x0, 0x0, 0x0, 0x2f, 0xa0, 0x0, 0x0,
    0x0, 0x0, 0x11, 0x0, 0x0, 0x0, 0x0, 0x0,

    /* U+63D0 "提" */
    0x0, 0xc, 0xb0, 0x0, 0x33, 0x33, 0x33, 0x33,
    0x33, 0x0, 0x0, 0xe, 0xd0, 0x0, 0xcf, 0xff,
    0xff, 0xff, 0xfd, 0x0, 0x0, 0xe, 0xd0, 0x0,
    0xce, 0x22, 0x22, 0x22, 0xfd, 0x0, 0x0, 0xe,
    0xd0, 0x0, 0xcf, 0x44, 0x44, 0x44, 0xfd, 0x0,
    0x3b, 0xbf, 0xfb, 0xb0, 0xcf, 0xff, 0xff, 0xff,
    0xfd, 0x0, 0x3d, 0xdf, 0xfd, 0xc0, 0xce, 0x0,
    0x0, 0x0, 0xfd, 0x0, 0x0, 0xe, 0xd0, 0x0,
    0xcf, 0xff, 0xff, 0xff, 0xfd, 0x0, 0x0, 0xe,
    0xd0, 0x0, 0x57, 0x77, 0x77, 0x77, 0x76, 0x0,
    0x0, 0xe, 0xd1, 0x46, 0x88, 0x88, 0x88, 0x88,
    0x88, 0x70, 0x0, 0x1f, 0xff, 0xec, 0xff, 0xff,
    0xff, 0xff, 0xff, 0xe0, 0x4c, 0xff, 0xfd, 0x80,
    0x0, 0x0, 0xfd, 0x0, 0x0, 0x0, 0x4f, 0xef,
    0xd0, 0x0, 0x8e, 0x20, 0xfd, 0x0, 0x0, 0x0,
    0x4, 0xe, 0xd0, 0x0, 0xbf, 0x0, 0xff, 0x99,
    0x97, 0x0, 0x0, 0xe, 0xd0, 0x0, 0xef, 0x0,
    0xff, 0xff, 0xfd, 0x0, 0x0, 0xe, 0xd0, 0x3,
    0xff, 0x40, 0xfd, 0x0, 0x0, 0x0, 0x0, 0xe,
    0xd0, 0x9, 0xfe, 0xd0, 0xfd, 0x0, 0x0, 0x0,
    0x0, 0xe, 0xd0, 0x2f, 0xd2, 0xfc, 0xfd, 0x0,
    0x0, 0x0, 0x9, 0xaf, 0xc0, 0xcf, 0x50, 0x5f,
    0xff, 0xba, 0xaa, 0xa3, 0xa, 0xfe, 0x51, 0xca,
    0x0, 0x2, 0x9d, 0xff, 0xff, 0xf1, 0x0, 0x10,
    0x0, 0x0, 0x0, 0x0, 0x0, 0x0, 0x0, 0x0,

    /* U+641C "搜" */
    0x0, 0xc, 0xc0, 0x0, 0x0, 0x20, 0xdb, 0x0,
    0x0, 0x0, 0x0, 0xe, 0xe0, 0x0, 0x3a, 0xfb,
    0xfc, 0x37, 0x77, 0x30, 0x0, 0xe, 0xe0, 0x7,
    0xfe, 0x92, 0xec, 0x7f, 0xff, 0x60, 0x0, 0xe,
    0xe0, 0x7, 0xf3, 0x0, 0xec, 0x0, 0x6f, 0x60,
    0x2f, 0xff, 0xff, 0xd7, 0xf5, 0x30, 0xec, 0x13,
    0x8f, 0x60, 0x2c, 0xcf, 0xfc, 0xa7, 0xff, 0xf1,
    0xec, 0x6f, 0xff, 0x60, 0x0, 0xe, 0xe0, 0x7,
    0xf5, 0x30, 0xec, 0x13, 0x8f, 0x60, 0x0, 0xe,
    0xe0, 0x7, 0xf3, 0x0, 0xec, 0x0, 0x6f, 0x60,
    0x0, 0xe, 0xe0, 0x37, 0xff, 0xff, 0xff, 0xff,
    0xff, 0x60, 0x0, 0xe, 0xfe, 0xe3, 0x87, 0x77,
    0xfe, 0x77, 0x77, 0x30, 0x29, 0xef, 0xfc, 0x70,
    0x0, 0x0, 0xec, 0x0, 0x0, 0x0, 0x1f, 0xef,
    0xe0, 0x6, 0xee, 0xee, 0xff, 0xee, 0xfd, 0x20,
    0x3, 0xe, 0xe0, 0x4, 0xff, 0xaa, 0xaa, 0xac,
    0xfe, 0x0, 0x0, 0xe, 0xe0, 0x0, 0x7f, 0xa0,
    0x0, 0xd, 0xf5, 0x0, 0x0, 0xe, 0xe0, 0x0,
    0x9, 0xfb, 0x11, 0xcf, 0x80, 0x0, 0x0, 0xe,
    0xe0, 0x0, 0x0, 0x8f, 0xff, 0xf8, 0x0, 0x0,
    0x0, 0xe, 0xe0, 0x0, 0x2, 0x8f, 0xff, 0xf8,
    0x30, 0x0, 0x9, 0xdf, 0xd0, 0x6b, 0xef, 0xfd,
    0x67, 0xdf, 0xfe, 0xb1, 0x6, 0xfd, 0x50, 0x5f,
    0xc7, 0x30, 0x0, 0x4, 0x9d, 0x90, 0x0, 0x0,
    0x0, 0x0, 0x0, 0x0, 0x0, 0x0, 0x0, 0x0,

    /* U+6536 "收" */
    0x0, 0x0, 0x3, 0x40, 0x0, 0x57, 0x20, 0x0,
    0x0, 0x0, 0x0, 0x0, 0xcf, 0x10, 0xb, 0xf5,
    0x0, 0x0, 0x0, 0x8, 0x60, 0xc, 0xf1, 0x0,
    0xef, 0x20, 0x0, 0x0, 0x1, 0xfc, 0x0, 0xcf,
    0x10, 0x2f, 0xe0, 0x0, 0x0, 0x0, 0x1f, 0xc0,
    0xc, 0xf1, 0x8, 0xff, 0xff, 0xff, 0xff, 0x31,
    0xfc, 0x0, 0xcf, 0x10, 0xdf, 0xcb, 0xbb, 0xff,
    0xb2, 0x1f, 0xc0, 0xc, 0xf1, 0x5f, 0xf1, 0x0,
    0x2f, 0xb0, 0x1, 0xfc, 0x0, 0xcf, 0x2d, 0xff,
    0x50, 0x5, 0xf8, 0x0, 0x1f, 0xc0, 0xc, 0xfa,
    0xfe, 0xfa, 0x0, 0x9f, 0x40, 0x1, 0xfc, 0x0,
    0xcf, 0x5f, 0x4b, 0xf1, 0xe, 0xf0, 0x0, 0x1f,
    0xc0, 0xc, 0xf1, 0x30, 0x5f, 0x74, 0xfa, 0x0,
    0x1, 0xfc, 0x1, 0xdf, 0x10, 0x0, 0xee, 0xbf,
    0x40, 0x0, 0x1f, 0xec, 0xff, 0xf1, 0x0, 0x7,
    0xff, 0xd0, 0x0, 0x8, 0xff, 0xfc, 0xef, 0x10,
    0x0, 0x1f, 0xf6, 0x0, 0x0, 0x6f, 0x92, 0xc,
    0xf1, 0x0, 0x9, 0xff, 0xd1, 0x0, 0x1, 0x20,
    0x0, 0xcf, 0x10, 0x8, 0xfe, 0xbf, 0xc1, 0x0,
    0x0, 0x0, 0xc, 0xf1, 0x1b, 0xff, 0x30, 0xcf,
    0xd3, 0x0, 0x0, 0x0, 0xcf, 0x3f, 0xfd, 0x20,
    0x0, 0xcf, 0xf2, 0x0, 0x0, 0xc, 0xf1, 0x89,
    0x0, 0x0, 0x0, 0x85, 0x0, 0x0, 0x0, 0x0,
    0x0, 0x0, 0x0, 0x0, 0x0, 0x0,

    /* U+6548 "效" */
    0x0, 0x0, 0x58, 0x0, 0x0, 0x0, 0x39, 0x30,
    0x0, 0x0, 0x0, 0x0, 0xaf, 0x50, 0x0, 0x0,
    0x7f, 0x50, 0x0, 0x0, 0x0, 0x0, 0x1f, 0xb0,
    0x0, 0x0, 0xaf, 0x20, 0x0, 0x0, 0xc, 0xdd,
    0xdf, 0xdd, 0xdd, 0x40, 0xee, 0x11, 0x11, 0x10,
    0xd, 0xee, 0xee, 0xee, 0xee, 0x52, 0xff, 0xff,
    0xff, 0xf1, 0x0, 0xa, 0x50, 0x1a, 0x40, 0x6,
    0xfc, 0xaa, 0xff, 0xa0, 0x0, 0x6f, 0x70, 0x1e,
    0xe1, 0xc, 0xf1, 0x0, 0xee, 0x0, 0x0, 0xee,
    0x0, 0x4, 0xfa, 0x3f, 0xf0, 0x1, 0xfb, 0x0,
    0x9, 0xf6, 0x0, 0x46, 0xcf, 0xdf, 0xf4, 0x5,
    0xf7, 0x0, 0x3f, 0xc7, 0x60, 0xbf, 0x56, 0xfd,
    0xf9, 0x9, 0xf3, 0x0, 0x6, 0x3e, 0xf7, 0xfc,
    0x0, 0x72, 0xde, 0xe, 0xe0, 0x0, 0x0, 0x2,
    0xef, 0xf6, 0x0, 0x0, 0x7f, 0xaf, 0x80, 0x0,
    0x0, 0x0, 0x5f, 0xf3, 0x0, 0x0, 0x1f, 0xff,
    0x20, 0x0, 0x0, 0x0, 0xaf, 0xfe, 0x10, 0x0,
    0xa, 0xfb, 0x0, 0x0, 0x0, 0x6, 0xfc, 0x9f,
    0xb0, 0x0, 0x3f, 0xff, 0x20, 0x0, 0x0, 0x5f,
    0xf2, 0xd, 0xf4, 0x3, 0xef, 0xaf, 0xd1, 0x0,
    0x8, 0xff, 0x40, 0x3, 0x70, 0x6f, 0xf6, 0xa,
    0xfe, 0x30, 0x1d, 0xe3, 0x0, 0x0, 0xc, 0xff,
    0x50, 0x0, 0xbf, 0xf1, 0x1, 0x10, 0x0, 0x0,
    0x6, 0xb2, 0x0, 0x0, 0x8, 0x50,

    /* U+6557 "敗" */
    0x0, 0x0, 0x0, 0x0, 0x0, 0x4, 0xb6, 0x0,
    0x0, 0x0, 0x1, 0xff, 0xff, 0xff, 0xf1, 0x7,
    0xf7, 0x0, 0x0, 0x0, 0x1, 0xfd, 0x77, 0x7e,
    0xf1, 0xb, 0xf3, 0x0, 0x0, 0x0, 0x1, 0xfb,
    0x0, 0xd, 0xf1, 0xf, 0xf3, 0x33, 0x33, 0x30,
    0x1, 0xfd, 0x66, 0x6e, 0xf1, 0x5f, 0xff, 0xff,
    0xff, 0xf3, 0x1, 0xff, 0xff, 0xff, 0xf1, 0xbf,
    0xb9, 0x9a, 0xfd, 0x92, 0x1, 0xfb, 0x11, 0x1d,
    0xf3, 0xff, 0x70, 0x6, 0xf8, 0x0, 0x1, 0xfb,
    0x0, 0xd, 0xfb, 0xff, 0xb0, 0x9, 0xf5, 0x0,
    0x1, 0xfd, 0x77, 0x7e, 0xff, 0xed, 0xf0, 0xd,
    0xf1, 0x0, 0x1, 0xff, 0xff, 0xff, 0xfd, 0x58,
    0xf5, 0x2f, 0xd0, 0x0, 0x1, 0xfb, 0x0, 0xd,
    0xf1, 0x3, 0xfb, 0x8f, 0x80, 0x0, 0x1, 0xfb,
    0x0, 0xd, 0xf1, 0x0, 0xdf, 0xff, 0x20, 0x0,
    0x1, 0xff, 0xff, 0xff, 0xf1, 0x0, 0x6f, 0xfb,
    0x0, 0x0, 0x0, 0x89, 0x88, 0x89, 0x80, 0x0,
    0x3f, 0xf7, 0x0, 0x0, 0x0, 0x2f, 0xb0, 0xce,
    0x10, 0x1, 0xdf, 0xff, 0x30, 0x0, 0x0, 0xaf,
    0x60, 0x5f, 0xb0, 0x2d, 0xfc, 0xaf, 0xe3, 0x0,
    0x4, 0xfd, 0x0, 0xb, 0xfa, 0xff, 0xc1, 0xb,
    0xff, 0x81, 0x1e, 0xf4, 0x0, 0x2, 0x7e, 0xfa,
    0x0, 0x0, 0xaf, 0xe2, 0x3, 0x60, 0x0, 0x0,
    0x4, 0x40, 0x0, 0x0, 0x4, 0x30,

    /* U+6570 "数" */
    0x0, 0x40, 0x1e, 0xa0, 0x33, 0x0, 0x79, 0x0,
    0x0, 0x0, 0x3, 0xf8, 0x1f, 0xb0, 0xde, 0x10,
    0xcf, 0x0, 0x0, 0x0, 0x0, 0xbf, 0x1f, 0xb5,
    0xf5, 0x0, 0xfc, 0x0, 0x0, 0x0, 0x3, 0x79,
    0x4f, 0xc6, 0xa3, 0x22, 0xf9, 0x0, 0x0, 0x0,
    0x1f, 0xff, 0xff, 0xff, 0xff, 0xa6, 0xff, 0xff,
    0xff, 0xf1, 0x5, 0x55, 0xff, 0xfd, 0x55, 0x3b,
    0xfc, 0xbb, 0xfe, 0xb0, 0x0, 0x1c, 0xff, 0xef,
    0xe4, 0x1f, 0xf5, 0x2, 0xf9, 0x0, 0x6, 0xef,
    0x5f, 0xb2, 0xdb, 0x7f, 0xf9, 0x4, 0xf6, 0x0,
    0x1e, 0xd3, 0x1f, 0xa0, 0x12, 0xee, 0xdd, 0x8,
    0xf3, 0x0, 0x3, 0x0, 0x89, 0x0, 0x3, 0xe7,
    0x8f, 0x2c, 0xf0, 0x0, 0x6, 0x99, 0xfe, 0x99,
    0x96, 0x20, 0x4f, 0x9f, 0xa0, 0x0, 0xb, 0xff,
    0xff, 0xff, 0xfc, 0x0, 0xe, 0xff, 0x50, 0x0,
    0x0, 0x2f, 0xb0, 0x6, 0xf6, 0x0, 0x8, 0xfe,
    0x0, 0x0, 0x0, 0xbf, 0xa1, 0x2e, 0xd0, 0x0,
    0x9, 0xfe, 0x0, 0x0, 0x0, 0x4a, 0xff, 0xef,
    0x30, 0x0, 0x5f, 0xff, 0xa0, 0x0, 0x0, 0x0,
    0x8f, 0xff, 0x60, 0x5, 0xff, 0x3d, 0xf8, 0x0,
    0x1, 0x6d, 0xfd, 0x6d, 0xc2, 0xaf, 0xf3, 0x2,
    0xef, 0xa1, 0x1e, 0xfe, 0x60, 0x0, 0x1b, 0xfd,
    0x20, 0x0, 0x3e, 0xe2, 0x4, 0x40, 0x0, 0x0,
    0x2, 0x70, 0x0, 0x0, 0x1, 0x30,

    /* U+6587 "文" */
    0x0, 0x0, 0x0, 0x0, 0x0, 0x10, 0x0, 0x0,
    0x0, 0x0, 0x0, 0x0, 0x0, 0x0, 0x5f, 0xc0,
    0x0, 0x0, 0x0, 0x0, 0x0, 0x0, 0x0, 0x0,
    0x1f, 0xf5, 0x0, 0x0, 0x0, 0x0, 0x0, 0x0,
    0x0, 0x0, 0x9, 0xfa, 0x0, 0x0, 0x0, 0x0,
    0xa, 0xaa, 0xaa, 0xaa, 0xac, 0xda, 0xaa, 0xaa,
    0xaa, 0xa1, 0xf, 0xff, 0xff, 0xff, 0xff, 0xff,
    0xff, 0xff, 0xff, 0xf2, 0x3, 0x33, 0xcf, 0x63,
    0x33, 0x33, 0x37, 0xfe, 0x33, 0x30, 0x0, 0x0,
    0x6f, 0xa0, 0x0, 0x0, 0xa, 0xf8, 0x0, 0x0,
    0x0, 0x0, 0xe, 0xf2, 0x0, 0x0, 0x2f, 0xf1,
    0x0, 0x0, 0x0, 0x0, 0x6, 0xfc, 0x0, 0x0,
    0xbf, 0x80, 0x0, 0x0, 0x0, 0x0, 0x0, 0xcf,
    0x70, 0x5, 0xfe, 0x10, 0x0, 0x0, 0x0, 0x0,
    0x0, 0x2f, 0xf4, 0x2f, 0xf5, 0x0, 0x0, 0x0,
    0x0, 0x0, 0x0, 0x6, 0xff, 0xef, 0x90, 0x0,
    0x0, 0x0, 0x0, 0x0, 0x0, 0x0, 0xaf, 0xfd,
    0x0, 0x0, 0x0, 0x0, 0x0, 0x0, 0x0, 0x6,
    0xff, 0xff, 0x80, 0x0, 0x0, 0x0, 0x0, 0x0,
    0x3, 0xbf, 0xf9, 0x7f, 0xfd, 0x40, 0x0, 0x0,
    0x0, 0x5, 0xbf, 0xfe, 0x40, 0x3, 0xdf, 0xfd,
    0x60, 0x0, 0x19, 0xef, 0xfe, 0x70, 0x0, 0x0,
    0x7, 0xef, 0xff, 0xb2, 0xb, 0xfd, 0x60, 0x0,
    0x0, 0x0, 0x0, 0x6, 0xcf, 0xa0, 0x2, 0x20,
    0x0, 0x0, 0x0, 0x0, 0x0, 0x0, 0x1, 0x10,

    /* U+65AD "断" */
    0x23, 0x0, 0xa, 0xa0, 0x0, 0x0, 0x0, 0x6,
    0xb1, 0xa, 0xf0, 0x30, 0xcc, 0x3, 0x0, 0x4,
    0xaf, 0xff, 0x90, 0xaf, 0x2f, 0x3c, 0xc1, 0xf8,
    0x9f, 0xff, 0xe8, 0x20, 0xa, 0xf0, 0xd8, 0xcc,
    0x6f, 0x1d, 0xf7, 0x30, 0x0, 0x0, 0xaf, 0xa,
    0xbc, 0xcb, 0xa0, 0xdf, 0x0, 0x0, 0x0, 0xa,
    0xf0, 0x43, 0xcc, 0x62, 0xd, 0xf0, 0x0, 0x0,
    0x0, 0xaf, 0x4c, 0xcf, 0xfc, 0xc8, 0xdf, 0x0,
    0x0, 0x0, 0xa, 0xf4, 0xdd, 0xff, 0xdd, 0x9d,
    0xff, 0xff, 0xff, 0xf0, 0xaf, 0x0, 0x4f, 0xf5,
    0x0, 0xdf, 0xcc, 0xef, 0xcc, 0xa, 0xf0, 0xd,
    0xff, 0xf4, 0xd, 0xf0, 0xb, 0xf1, 0x0, 0xaf,
    0x8, 0xfe, 0xcb, 0xf3, 0xde, 0x0, 0xbf, 0x10,
    0xa, 0xf5, 0xf9, 0xcc, 0x1d, 0x3e, 0xd0, 0xb,
    0xf1, 0x0, 0xaf, 0x9d, 0xc, 0xc0, 0x0, 0xfc,
    0x0, 0xbf, 0x10, 0xa, 0xf1, 0x20, 0xcc, 0x0,
    0x1f, 0xb0, 0xb, 0xf1, 0x0, 0xaf, 0x0, 0x6,
    0x60, 0x4, 0xf9, 0x0, 0xbf, 0x10, 0xa, 0xff,
    0xff, 0xff, 0xfe, 0x8f, 0x60, 0xb, 0xf1, 0x0,
    0x7b, 0xbb, 0xbb, 0xbb, 0xad, 0xf2, 0x0, 0xbf,
    0x10, 0x0, 0x0, 0x0, 0x0, 0x3, 0xfd, 0x0,
    0xb, 0xf1, 0x0, 0x0, 0x0, 0x0, 0x0, 0x7,
    0x60, 0x0, 0xbf, 0x10, 0x0, 0x0, 0x0, 0x0,
    0x0, 0x0, 0x0, 0x0, 0x0, 0x0,

    /* U+65B0 "新" */
    0x0, 0x0, 0x0, 0x0, 0x0, 0x0, 0x0, 0x0,
    0x0, 0x0, 0x0, 0x0, 0x9f, 0x20, 0x0, 0x0,
    0x0, 0x1, 0x75, 0x0, 0x0, 0x0, 0x5f, 0x90,
    0x0, 0x2, 0x59, 0xdf, 0xff, 0x30, 0xc, 0xff,
    0xff, 0xff, 0xff, 0xc, 0xff, 0xd9, 0x51, 0x0,
    0x8, 0xad, 0x99, 0x9c, 0xb9, 0xc, 0xf0, 0x0,
    0x0, 0x0, 0x0, 0x7f, 0x20, 0xe, 0xe0, 0xc,
    0xf0, 0x0, 0x0, 0x0, 0x0, 0x3f, 0x70, 0x3f,
    0x80, 0xc, 0xf0, 0x0, 0x0, 0x0, 0x1, 0x1f,
    0x71, 0x9f, 0x41, 0xc, 0xf0, 0x0, 0x0, 0x0,
    0x2f, 0xff, 0xff, 0xff, 0xff, 0x6c, 0xff, 0xff,
    0xff, 0xf1, 0x17, 0x77, 0x9f, 0xc7, 0x77, 0x2c,
    0xfc, 0xcf, 0xfc, 0xc1, 0x0, 0x0, 0x2f, 0x80,
    0x0, 0xc, 0xf0, 0xc, 0xf1, 0x0, 0xf, 0xff,
    0xff, 0xff, 0xff, 0x1c, 0xf0, 0xc, 0xf1, 0x0,
    0xa, 0xaa, 0xbf, 0xda, 0xaa, 0x1d, 0xe0, 0xc,
    0xf1, 0x0, 0x0, 0x44, 0x2f, 0x83, 0x60, 0xe,
    0xd0, 0xc, 0xf1, 0x0, 0x0, 0xdc, 0x2f, 0x8a,
    0xf1, 0xf, 0xb0, 0xc, 0xf1, 0x0, 0x5, 0xf6,
    0x2f, 0x82, 0xf8, 0x3f, 0x90, 0xc, 0xf1, 0x0,
    0xd, 0xe0, 0x2f, 0x80, 0xbe, 0x7f, 0x50, 0xc,
    0xf1, 0x0, 0x1b, 0x60, 0x2f, 0x80, 0x32, 0xdf,
    0x10, 0xc, 0xf1, 0x0, 0x0, 0x7, 0xaf, 0x80,
    0x6, 0xfb, 0x0, 0xc, 0xf1, 0x0, 0x0, 0x8,
    0xfd, 0x20, 0x2, 0xb3, 0x0, 0xc, 0xf1, 0x0,

    /* U+65E0 "无" */
    0x0, 0x7b, 0xbb, 0xbb, 0xbb, 0xbb, 0xbb, 0xbb,
    0xbb, 0x10, 0x0, 0xaf, 0xff, 0xff, 0xff, 0xff,
    0xff, 0xff, 0xff, 0x20, 0x0, 0x12, 0x22, 0x22,
    0x5f, 0xc2, 0x22, 0x22, 0x22, 0x0, 0x0, 0x0,
    0x0, 0x0, 0x3f, 0xa0, 0x0, 0x0, 0x0, 0x0,
    0x0, 0x0, 0x0, 0x0, 0x4f, 0x90, 0x0, 0x0,
    0x0, 0x0, 0x0, 0x0, 0x0, 0x0, 0x5f, 0x80,
    0x0, 0x0, 0x0, 0x0, 0xd, 0xdd, 0xdd, 0xdd,
    0xef, 0xed, 0xdd, 0xdd, 0xdd, 0xd1, 0xf, 0xff,
    0xff, 0xff, 0xff, 0xff, 0xff, 0xff, 0xff, 0xf1,
    0x0, 0x0, 0x0, 0x0, 0xdf, 0xcf, 0x40, 0x0,
    0x0, 0x0, 0x0, 0x0, 0x0, 0x2, 0xfd, 0xbf,
    0x40, 0x0, 0x0, 0x0, 0x0, 0x0, 0x0, 0x8,
    0xf8, 0xbf, 0x40, 0x0, 0x0, 0x0, 0x0, 0x0,
    0x0, 0xe, 0xf3, 0xbf, 0x40, 0x0, 0x0, 0x0,
    0x0, 0x0, 0x0, 0x9f, 0xb0, 0xbf, 0x40, 0x0,
    0x1, 0x0, 0x0, 0x0, 0x5, 0xff, 0x20, 0xbf,
    0x40, 0x0, 0x6, 0xc2, 0x0, 0x0, 0x5f, 0xf7,
    0x0, 0xbf, 0x40, 0x0, 0x8, 0xf3, 0x0, 0x8,
    0xff, 0x80, 0x0, 0xaf, 0x50, 0x0, 0xb, 0xf0,
    0x7, 0xef, 0xf7, 0x0, 0x0, 0x8f, 0xfd, 0xdd,
    0xef, 0xd0, 0xa, 0xfc, 0x30, 0x0, 0x0, 0x1b,
    0xff, 0xff, 0xfd, 0x30, 0x0, 0x40, 0x0, 0x0,
    0x0, 0x0, 0x0, 0x0, 0x0, 0x0,

    /* U+65E5 "日" */
    0xbd, 0xdd, 0xdd, 0xdd, 0xdd, 0xdd, 0xd4, 0xef,
    0xff, 0xff, 0xff, 0xff, 0xff, 0xf6, 0xef, 0x21,
    0x11, 0x11, 0x11, 0x1b, 0xf6, 0xef, 0x10, 0x0,
    0x0, 0x0, 0xa, 0xf6, 0xef, 0x10, 0x0, 0x0,
    0x0, 0xa, 0xf6, 0xef, 0x10, 0x0, 0x0, 0x0,
    0xa, 0xf6, 0xef, 0x10, 0x0, 0x0, 0x0, 0xa,
    0xf6, 0xef, 0xdd, 0xdd, 0xdd, 0xdd, 0xdf, 0xf6,
    0xef, 0xff, 0xff, 0xff, 0xff, 0xff, 0xf6, 0xef,
    0x10, 0x0, 0x0, 0x0, 0xa, 0xf6, 0xef, 0x10,
    0x0, 0x0, 0x0, 0xa, 0xf6, 0xef, 0x10, 0x0,
    0x0, 0x0, 0xa, 0xf6, 0xef, 0x10, 0x0, 0x0,
    0x0, 0xa, 0xf6, 0xef, 0x10, 0x0, 0x0, 0x0,
    0xa, 0xf6, 0xef, 0xed, 0xdd, 0xdd, 0xdd, 0xdf,
    0xf6, 0xef, 0xff, 0xff, 0xff, 0xff, 0xff, 0xf6,
    0xef, 0x10, 0x0, 0x0, 0x0, 0xa, 0xf6, 0xef,
    0x10, 0x0, 0x0, 0x0, 0xa, 0xf6, 0x11, 0x0,
    0x0, 0x0, 0x0, 0x0, 0x0,

    /* U+65F6 "时" */
    0x0, 0x0, 0x0, 0x0, 0x0, 0x0, 0x0, 0xca,
    0x0, 0x3, 0x44, 0x44, 0x43, 0x0, 0x0, 0x0,
    0x1f, 0xd0, 0x0, 0xbf, 0xff, 0xff, 0xd0, 0x0,
    0x0, 0x1, 0xfd, 0x0, 0xb, 0xf7, 0x77, 0xfd,
    0x0, 0x0, 0x0, 0x1f, 0xd0, 0x0, 0xbf, 0x10,
    0xf, 0xd5, 0xff, 0xff, 0xff, 0xff, 0xff, 0x1b,
    0xf1, 0x0, 0xfd, 0x4d, 0xdd, 0xdd, 0xef, 0xfd,
    0xd1, 0xbf, 0x10, 0xf, 0xd0, 0x0, 0x0, 0x1,
    0xfd, 0x0, 0xb, 0xfa, 0x99, 0xfd, 0x1, 0x80,
    0x0, 0x1f, 0xd0, 0x0, 0xbf, 0xff, 0xff, 0xd0,
    0x9f, 0x80, 0x1, 0xfd, 0x0, 0xb, 0xf1, 0x0,
    0xfd, 0x1, 0xef, 0x30, 0x1f, 0xd0, 0x0, 0xbf,
    0x10, 0xf, 0xd0, 0x5, 0xfd, 0x1, 0xfd, 0x0,
    0xb, 0xf1, 0x0, 0xfd, 0x0, 0xb, 0xf8, 0x1f,
    0xd0, 0x0, 0xbf, 0x10, 0xf, 0xd0, 0x0, 0x2a,
    0x21, 0xfd, 0x0, 0xb, 0xfb, 0xbb, 0xfd, 0x0,
    0x0, 0x0, 0x1f, 0xd0, 0x0, 0xbf, 0xff, 0xff,
    0xd0, 0x0, 0x0, 0x1, 0xfd, 0x0, 0xb, 0xf1,
    0x0, 0x0, 0x0, 0x0, 0x0, 0x1f, 0xd0, 0x0,
    0x69, 0x0, 0x0, 0x0, 0x0, 0x0, 0x1, 0xfd,
    0x0, 0x0, 0x0, 0x0, 0x0, 0x0, 0xb, 0xdd,
    0xdf, 0xb0, 0x0, 0x0, 0x0, 0x0, 0x0, 0x0,
    0x8f, 0xff, 0xc3, 0x0, 0x0, 0x0, 0x0, 0x0,
    0x0, 0x0, 0x0, 0x0, 0x0, 0x0,

    /* U+660E "明" */
    0x0, 0x0, 0x0, 0x0, 0x0, 0x10, 0x0, 0x1,
    0x0, 0x8b, 0xbb, 0xbb, 0xb0, 0x2f, 0xff, 0xff,
    0xff, 0xf4, 0xbf, 0xff, 0xff, 0xf0, 0x2f, 0xeb,
    0xbb, 0xbe, 0xf4, 0xbf, 0x10, 0xb, 0xf0, 0x2f,
    0xb0, 0x0, 0xa, 0xf4, 0xbf, 0x0, 0xb, 0xf0,
    0x2f, 0xb0, 0x0, 0xa, 0xf4, 0xbf, 0x0, 0xb,
    0xf0, 0x2f, 0xc4, 0x44, 0x4b, 0xf4, 0xbf, 0xaa,
    0xae, 0xf0, 0x2f, 0xff, 0xff, 0xff, 0xf4, 0xbf,
    0xff, 0xff, 0xf0, 0x2f, 0xd7, 0x77, 0x7c, 0xf4,
    0xbf, 0x10, 0xb, 0xf0, 0x2f, 0xb0, 0x0, 0xa,
    0xf4, 0xbf, 0x0, 0xb, 0xf0, 0x2f, 0xb0, 0x0,
    0xa, 0xf4, 0xbf, 0x0, 0xb, 0xf0, 0x3f, 0xb4,
    0x44, 0x4b, 0xf4, 0xbf, 0x32, 0x2c, 0xf0, 0x5f,
    0xff, 0xff, 0xff, 0xf4, 0xbf, 0xff, 0xff, 0xf0,
    0x8f, 0xa8, 0x88, 0x8d, 0xf4, 0xbf, 0x99, 0x99,
    0x90, 0xcf, 0x20, 0x0, 0xa, 0xf4, 0xbf, 0x0,
    0x0, 0x3, 0xfd, 0x0, 0x0, 0xa, 0xf4, 0x46,
    0x0, 0x0, 0xb, 0xf6, 0x0, 0x0, 0xa, 0xf4,
    0x0, 0x0, 0x0, 0x7f, 0xd0, 0x0, 0x0, 0xa,
    0xf4, 0x0, 0x0, 0x7, 0xff, 0x30, 0x0, 0x5c,
    0xcf, 0xf2, 0x0, 0x0, 0x5, 0xf4, 0x0, 0x0,
    0x2f, 0xff, 0x90, 0x0, 0x0, 0x0, 0x0, 0x0,
    0x0, 0x0, 0x0, 0x0,

    /* U+6642 "時" */
    0x0, 0x0, 0x0, 0x0, 0x0, 0xb, 0xe1, 0x0,
    0x0, 0x7, 0xba, 0xaa, 0x90, 0x0, 0x0, 0xcf,
    0x10, 0x0, 0x0, 0xcf, 0xff, 0xff, 0x8, 0x99,
    0x9e, 0xfa, 0x99, 0x92, 0xc, 0xf1, 0x1c, 0xf0,
    0xdf, 0xff, 0xff, 0xff, 0xff, 0x40, 0xcf, 0x0,
    0xcf, 0x0, 0x0, 0xc, 0xf2, 0x0, 0x0, 0xc,
    0xf0, 0xc, 0xf0, 0x0, 0x0, 0xcf, 0x10, 0x0,
    0x0, 0xcf, 0x0, 0xcf, 0x7d, 0xdd, 0xdf, 0xfd,
    0xdd, 0xdd, 0x2c, 0xff, 0xff, 0xf8, 0xdd, 0xdd,
    0xdd, 0xdf, 0xfd, 0xd2, 0xcf, 0xbb, 0xff, 0x0,
    0x0, 0x0, 0x0, 0xfd, 0x0, 0xc, 0xf0, 0xc,
    0xf0, 0x0, 0x0, 0x0, 0x1f, 0xd0, 0x0, 0xcf,
    0x0, 0xcf, 0x8f, 0xff, 0xff, 0xff, 0xff, 0xff,
    0xc, 0xf0, 0xc, 0xf5, 0xaa, 0xaa, 0xaa, 0xaf,
    0xfa, 0x90, 0xcf, 0x0, 0xcf, 0x1, 0x95, 0x0,
    0x0, 0xfd, 0x0, 0xc, 0xff, 0xff, 0xf0, 0x2e,
    0xf3, 0x0, 0xf, 0xd0, 0x0, 0xcf, 0xcc, 0xcb,
    0x0, 0x4f, 0xe1, 0x0, 0xfd, 0x0, 0xc, 0xf0,
    0x0, 0x0, 0x0, 0x9f, 0x40, 0xf, 0xd0, 0x0,
    0x57, 0x0, 0x0, 0x0, 0x1, 0x20, 0x0, 0xfd,
    0x0, 0x0, 0x0, 0x0, 0x0, 0x0, 0x0, 0xbb,
    0xbf, 0xc0, 0x0, 0x0, 0x0, 0x0, 0x0, 0x0,
    0xa, 0xff, 0xd4, 0x0, 0x0, 0x0, 0x0, 0x0,
    0x0, 0x0, 0x0, 0x0, 0x0, 0x0,

    /* U+6682 "暂" */
    0x0, 0x7, 0x71, 0x0, 0x0, 0x0, 0x0, 0x2,
    0x50, 0x6, 0x77, 0xff, 0x77, 0x77, 0x25, 0x89,
    0xce, 0xff, 0x50, 0xff, 0xff, 0xff, 0xff, 0xf6,
    0xbf, 0xdb, 0x97, 0x40, 0x0, 0x6f, 0x82, 0x83,
    0x0, 0xb, 0xf0, 0x0, 0x0, 0x0, 0x4f, 0xd4,
    0x7f, 0x94, 0x41, 0xbf, 0x77, 0x77, 0x77, 0x9,
    0xff, 0xff, 0xff, 0xff, 0x7c, 0xff, 0xff, 0xff,
    0xf1, 0x24, 0x33, 0x7f, 0x93, 0x31, 0xdd, 0x11,
    0xbf, 0x21, 0x0, 0x13, 0x49, 0xfc, 0xab, 0x4f,
    0xa0, 0xa, 0xf1, 0x0, 0xef, 0xff, 0xff, 0xec,
    0xa8, 0xf6, 0x0, 0xaf, 0x10, 0x7, 0x64, 0x36,
    0xf7, 0x0, 0xef, 0x10, 0xa, 0xf1, 0x0, 0x0,
    0x0, 0x3a, 0x40, 0x3, 0x50, 0x0, 0x7a, 0x0,
    0x0, 0x9, 0xff, 0xff, 0xff, 0xff, 0xff, 0xff,
    0xd0, 0x0, 0x0, 0xaf, 0x97, 0x77, 0x77, 0x77,
    0x77, 0xfe, 0x0, 0x0, 0xa, 0xf4, 0x22, 0x22,
    0x22, 0x22, 0x2f, 0xe0, 0x0, 0x0, 0xaf, 0xff,
    0xff, 0xff, 0xff, 0xff, 0xfe, 0x0, 0x0, 0xa,
    0xf5, 0x33, 0x33, 0x33, 0x33, 0x3f, 0xe0, 0x0,
    0x0, 0xaf, 0x87, 0x77, 0x77, 0x77, 0x77, 0xfe,
    0x0, 0x0, 0xa, 0xff, 0xff, 0xff, 0xff, 0xff,
    0xff, 0xe0, 0x0, 0x0, 0xaf, 0x20, 0x0, 0x0,
    0x0, 0x0, 0xfe, 0x0, 0x0, 0x0, 0x0, 0x0,
    0x0, 0x0, 0x0, 0x0, 0x0, 0x0,

    /* U+66F8 "書" */
    0x0, 0x0, 0x0, 0x0, 0xb9, 0x0, 0x0, 0x0,
    0x0, 0x0, 0x55, 0x55, 0x56, 0xfe, 0x55, 0x55,
    0x50, 0x0, 0x0, 0xbd, 0xdd, 0xdd, 0xff, 0xdd,
    0xdf, 0xf2, 0x0, 0x66, 0x66, 0x66, 0x67, 0xfe,
    0x66, 0x6d, 0xf7, 0x63, 0xef, 0xff, 0xff, 0xff,
    0xff, 0xff, 0xff, 0xff, 0xf7, 0x0, 0x11, 0x11,
    0x12, 0xfd, 0x11, 0x1c, 0xf2, 0x0, 0x1, 0xff,
    0xff, 0xff, 0xff, 0xff, 0xff, 0xf2, 0x0, 0x0,
    0x11, 0x11, 0x12, 0xfd, 0x11, 0x11, 0x10, 0x0,
    0x9, 0xff, 0xff, 0xff, 0xff, 0xff, 0xff, 0xff,
    0x80, 0x1, 0x33, 0x33, 0x34, 0xfe, 0x33, 0x33,
    0x33, 0x10, 0xdd, 0xdd, 0xdd, 0xde, 0xff, 0xdd,
    0xdd, 0xdd, 0xd7, 0x78, 0x88, 0x88, 0x88, 0x88,
    0x88, 0x88, 0x88, 0x84, 0x0, 0x46, 0x66, 0x66,
    0x66, 0x66, 0x66, 0x61, 0x0, 0x0, 0xaf, 0xed,
    0xdd, 0xdd, 0xdd, 0xdf, 0xf3, 0x0, 0x0, 0xaf,
    0x53, 0x33, 0x33, 0x33, 0x3b, 0xf3, 0x0, 0x0,
    0xaf, 0xff, 0xff, 0xff, 0xff, 0xff, 0xf3, 0x0,
    0x0, 0xaf, 0x30, 0x0, 0x0, 0x0, 0xa, 0xf3,
    0x0, 0x0, 0xaf, 0x64, 0x44, 0x44, 0x44, 0x4c,
    0xf3, 0x0, 0x0, 0xaf, 0xff, 0xff, 0xff, 0xff,
    0xff, 0xf3, 0x0, 0x0, 0x0, 0x0, 0x0, 0x0,
    0x0, 0x0, 0x0, 0x0,

    /* U+6709 "有" */
    0x0, 0x0, 0x0, 0x5, 0x72, 0x0, 0x0, 0x0,
    0x0, 0x0, 0x0, 0x0, 0x0, 0xcf, 0x40, 0x0,
    0x0, 0x0, 0x0, 0x1, 0x22, 0x22, 0x3f, 0xf2,
    0x22, 0x22, 0x22, 0x22, 0x20, 0xbf, 0xff, 0xff,
    0xff, 0xff, 0xff, 0xff, 0xff, 0xfe, 0x7, 0xaa,
    0xab, 0xff, 0xaa, 0xaa, 0xaa, 0xaa, 0xaa, 0x90,
    0x0, 0x0, 0x8f, 0x90, 0x0, 0x0, 0x0, 0x0,
    0x0, 0x0, 0x0, 0x2f, 0xfb, 0xaa, 0xaa, 0xaa,
    0xaa, 0x50, 0x0, 0x0, 0xc, 0xff, 0xff, 0xff,
    0xff, 0xff, 0xf8, 0x0, 0x0, 0x9, 0xff, 0xc0,
    0x0, 0x0, 0x0, 0x5f, 0x80, 0x0, 0x8, 0xfe,
    0xfc, 0x0, 0x0, 0x0, 0x5, 0xf8, 0x0, 0xa,
    0xfe, 0x3f, 0xff, 0xff, 0xff, 0xff, 0xff, 0x80,
    0x0, 0xac, 0x11, 0xfe, 0x99, 0x99, 0x99, 0x9b,
    0xf8, 0x0, 0x0, 0x0, 0x1f, 0xc0, 0x0, 0x0,
    0x0, 0x5f, 0x80, 0x0, 0x0, 0x1, 0xff, 0xff,
    0xff, 0xff, 0xff, 0xf8, 0x0, 0x0, 0x0, 0x1f,
    0xfa, 0xaa, 0xaa, 0xaa, 0xcf, 0x80, 0x0, 0x0,
    0x1, 0xfc, 0x0, 0x0, 0x0, 0x5, 0xf8, 0x0,
    0x0, 0x0, 0x1f, 0xc0, 0x0, 0x0, 0x0, 0x5f,
    0x80, 0x0, 0x0, 0x1, 0xfc, 0x0, 0x0, 0x4c,
    0xce, 0xf7, 0x0, 0x0, 0x0, 0x1f, 0xc0, 0x0,
    0x0, 0xff, 0xeb, 0x10, 0x0,

    /* U+671F "期" */
    0x0, 0x9e, 0x10, 0xc, 0xb0, 0x1, 0x42, 0x22,
    0x23, 0x10, 0xa, 0xf1, 0x0, 0xed, 0x0, 0xcf,
    0xff, 0xff, 0xfa, 0x29, 0xdf, 0x99, 0x9f, 0xf9,
    0x2c, 0xf9, 0x99, 0xaf, 0xa4, 0xff, 0xff, 0xff,
    0xff, 0xf4, 0xcf, 0x0, 0x3, 0xfa, 0x1, 0xaf,
    0x21, 0x1f, 0xd1, 0xc, 0xf0, 0x0, 0x3f, 0xa0,
    0xa, 0xf7, 0x66, 0xfd, 0x0, 0xcf, 0x99, 0x9a,
    0xfa, 0x0, 0xaf, 0xff, 0xff, 0xd0, 0xc, 0xff,
    0xff, 0xff, 0xa0, 0xa, 0xf2, 0x11, 0xfd, 0x0,
    0xcf, 0x11, 0x14, 0xfa, 0x0, 0xaf, 0x20, 0xe,
    0xd0, 0xc, 0xf0, 0x0, 0x3f, 0xa0, 0xa, 0xff,
    0xff, 0xfd, 0x0, 0xcf, 0x0, 0x3, 0xfa, 0x0,
    0xaf, 0x87, 0x7f, 0xd0, 0xd, 0xfc, 0xcc, 0xcf,
    0xa0, 0xa, 0xf1, 0x0, 0xed, 0x0, 0xdf, 0xff,
    0xff, 0xfa, 0x6d, 0xff, 0xdd, 0xdf, 0xfd, 0x2e,
    0xd0, 0x0, 0x3f, 0xa6, 0xdd, 0xdd, 0xdd, 0xdd,
    0xd3, 0xfb, 0x0, 0x3, 0xfa, 0x0, 0x19, 0x40,
    0x58, 0x0, 0x3f, 0x90, 0x0, 0x3f, 0xa0, 0x8,
    0xf8, 0xb, 0xf5, 0x7, 0xf5, 0x0, 0x3, 0xfa,
    0x4, 0xfe, 0x0, 0x1f, 0xf1, 0xdf, 0x10, 0x0,
    0x3f, 0xa2, 0xef, 0x40, 0x0, 0x6f, 0x9f, 0xc0,
    0xa, 0xcd, 0xf8, 0x1b, 0x70, 0x0, 0x0, 0x12,
    0xb5, 0x0, 0x8f, 0xeb, 0x20, 0x0, 0x0, 0x0,
    0x0, 0x0, 0x0, 0x0, 0x0, 0x0,

    /* U+672A "未" */
    0x0, 0x0, 0x0, 0x0, 0xf, 0xf0, 0x0, 0x0,
    0x0, 0x0, 0x0, 0x0, 0x0, 0x0, 0xf, 0xf0,
    0x0, 0x0, 0x0, 0x0, 0x0, 0x0, 0x0, 0x0,
    0xf, 0xf0, 0x0, 0x0, 0x0, 0x0, 0x0, 0x5d,
    0xdd, 0xdd, 0xdf, 0xfd, 0xdd, 0xdd, 0xd6, 0x0,
    0x0, 0x6f, 0xff, 0xff, 0xff, 0xff, 0xff, 0xff,
    0xf8, 0x0, 0x0, 0x0, 0x0, 0x0, 0x1f, 0xf0,
    0x0, 0x0, 0x0, 0x0, 0x0, 0x0, 0x0, 0x0,
    0xf, 0xf0, 0x0, 0x0, 0x0, 0x0, 0x0, 0x0,
    0x0, 0x0, 0xf, 0xf0, 0x0, 0x0, 0x0, 0x0,
    0xb, 0xdd, 0xdd, 0xdd, 0xdf, 0xfd, 0xdd, 0xdd,
    0xdd, 0xc0, 0xd, 0xff, 0xff, 0xff, 0xff, 0xff,
    0xff, 0xff, 0xff, 0xe0, 0x0, 0x0, 0x0, 0x6,
    0xff, 0xff, 0x50, 0x0, 0x0, 0x0, 0x0, 0x0,
    0x0, 0x3f, 0xff, 0xff, 0xf2, 0x0, 0x0, 0x0,
    0x0, 0x0, 0x3, 0xef, 0x6f, 0xf5, 0xfe, 0x20,
    0x0, 0x0, 0x0, 0x0, 0x4f, 0xf8, 0xf, 0xf0,
    0x7f, 0xe4, 0x0, 0x0, 0x0, 0x7, 0xff, 0x80,
    0xf, 0xf0, 0x8, 0xff, 0x70, 0x0, 0x3, 0xcf,
    0xf7, 0x0, 0xf, 0xf0, 0x0, 0x7f, 0xfc, 0x30,
    0x2f, 0xfe, 0x40, 0x0, 0xf, 0xf0, 0x0, 0x4,
    0xef, 0xf2, 0x5, 0xa1, 0x0, 0x0, 0xf, 0xf0,
    0x0, 0x0, 0x1a, 0x50, 0x0, 0x0, 0x0, 0x0,
    0xf, 0xf0, 0x0, 0x0, 0x0, 0x0,

    /* U+672C "本" */
    0x0, 0x0, 0x0, 0x0, 0xf, 0xf0, 0x0, 0x0,
    0x0, 0x0, 0x0, 0x0, 0x0, 0x0, 0xf, 0xf0,
    0x0, 0x0, 0x0, 0x0, 0x0, 0x0, 0x0, 0x0,
    0xf, 0xf0, 0x0, 0x0, 0x0, 0x0, 0x0, 0x0,
    0x0, 0x0, 0xf, 0xf0, 0x0, 0x0, 0x0, 0x0,
    0xa, 0xee, 0xee, 0xee, 0xef, 0xfe, 0xee, 0xee,
    0xee, 0xb0, 0xc, 0xff, 0xff, 0xff, 0xff, 0xff,
    0xff, 0xff, 0xff, 0xc0, 0x0, 0x0, 0x0, 0x6f,
    0x9f, 0xfa, 0xf5, 0x0, 0x0, 0x0, 0x0, 0x0,
    0x0, 0xdf, 0x2f, 0xf3, 0xfc, 0x0, 0x0, 0x0,
    0x0, 0x0, 0x6, 0xfa, 0xf, 0xf0, 0xbf, 0x50,
    0x0, 0x0, 0x0, 0x0, 0x1f, 0xf2, 0xf, 0xf0,
    0x3f, 0xe1, 0x0, 0x0, 0x0, 0x0, 0xbf, 0x80,
    0xf, 0xf0, 0x9, 0xfb, 0x0, 0x0, 0x0, 0x8,
    0xfd, 0x0, 0xf, 0xf0, 0x1, 0xef, 0x90, 0x0,
    0x0, 0x8f, 0xf2, 0x0, 0xf, 0xf0, 0x0, 0x3f,
    0xf9, 0x0, 0x9, 0xff, 0xbd, 0xdd, 0xdf, 0xfd,
    0xdd, 0xdb, 0xff, 0xc1, 0x1c, 0xf5, 0x7f, 0xff,
    0xff, 0xff, 0xff, 0xf7, 0x6f, 0xa0, 0x1, 0x30,
    0x0, 0x0, 0x1f, 0xf0, 0x0, 0x0, 0x3, 0x0,
    0x0, 0x0, 0x0, 0x0, 0xf, 0xf0, 0x0, 0x0,
    0x0, 0x0, 0x0, 0x0, 0x0, 0x0, 0xf, 0xf0,
    0x0, 0x0, 0x0, 0x0, 0x0, 0x0, 0x0, 0x0,
    0xf, 0xf0, 0x0, 0x0, 0x0, 0x0,

    /* U+673A "机" */
    0x0, 0x0, 0xde, 0x0, 0x0, 0x0, 0x0, 0x0,
    0x0, 0x0, 0x0, 0x0, 0xdf, 0x0, 0x1, 0xcc,
    0xcc, 0xcc, 0xa0, 0x0, 0x0, 0x0, 0xdf, 0x0,
    0x2, 0xff, 0xff, 0xff, 0xe0, 0x0, 0x0, 0x0,
    0xdf, 0x0, 0x2, 0xfb, 0x0, 0xf, 0xe0, 0x0,
    0xc, 0xcc, 0xff, 0xcc, 0x92, 0xfb, 0x0, 0xf,
    0xe0, 0x0, 0xf, 0xff, 0xff, 0xff, 0xc2, 0xfb,
    0x0, 0xf, 0xe0, 0x0, 0x0, 0x4, 0xff, 0x0,
    0x2, 0xfb, 0x0, 0xf, 0xe0, 0x0, 0x0, 0x8,
    0xff, 0x0, 0x2, 0xfb, 0x0, 0xf, 0xe0, 0x0,
    0x0, 0xd, 0xff, 0xa0, 0x2, 0xfb, 0x0, 0xf,
    0xe0, 0x0, 0x0, 0x3f, 0xff, 0xf8, 0x2, 0xfa,
    0x0, 0xf, 0xe0, 0x0, 0x0, 0xae, 0xdf, 0xaf,
    0x53, 0xf9, 0x0, 0xf, 0xe0, 0x0, 0x2, 0xf8,
    0xdf, 0x1e, 0xb5, 0xf7, 0x0, 0xf, 0xe0, 0x0,
    0xb, 0xf1, 0xdf, 0x5, 0x17, 0xf5, 0x0, 0xf,
    0xe0, 0x0, 0x5f, 0xa0, 0xdf, 0x0, 0xb, 0xf2,
    0x0, 0xf, 0xe0, 0x30, 0x1e, 0x20, 0xdf, 0x0,
    0xf, 0xd0, 0x0, 0xf, 0xe0, 0xb9, 0x2, 0x0,
    0xdf, 0x0, 0x6f, 0x80, 0x0, 0xf, 0xe0, 0xc9,
    0x0, 0x0, 0xdf, 0x0, 0xef, 0x20, 0x0, 0xf,
    0xe0, 0xd9, 0x0, 0x0, 0xdf, 0xa, 0xf8, 0x0,
    0x0, 0xe, 0xfc, 0xf7, 0x0, 0x0, 0xdf, 0x5,
    0xb0, 0x0, 0x0, 0x7, 0xff, 0xd1,

    /* U+6761 "条" */
    0x0, 0x0, 0x0, 0xa, 0xa2, 0x0, 0x0, 0x0,
    0x0, 0x0, 0x0, 0x0, 0x0, 0x8f, 0xc1, 0x0,
    0x0, 0x10, 0x0, 0x0, 0x0, 0x0, 0x7, 0xff,
    0xff, 0xff, 0xff, 0xf9, 0x0, 0x0, 0x0, 0x0,
    0x9f, 0xfb, 0x99, 0x99, 0xaf, 0xf6, 0x0, 0x0,
    0x0, 0x4d, 0xfe, 0xfd, 0x20, 0x1, 0xcf, 0x90,
    0x0, 0x0, 0x4, 0xff, 0x90, 0x6f, 0xf7, 0x6e,
    0xf9, 0x0, 0x0, 0x0, 0x0, 0x53, 0x0, 0x4,
    0xff, 0xff, 0x70, 0x0, 0x0, 0x0, 0x0, 0x0,
    0x4, 0x9e, 0xff, 0xff, 0xfa, 0x62, 0x0, 0x0,
    0x16, 0x9c, 0xff, 0xfe, 0x81, 0x17, 0xdf, 0xff,
    0xeb, 0x91, 0xd, 0xff, 0xc8, 0x30, 0xd, 0xc0,
    0x3, 0x7b, 0xef, 0xa0, 0x3, 0x30, 0x0, 0x0,
    0xf, 0xf0, 0x0, 0x0, 0x1, 0x0, 0x0, 0x1f,
    0xff, 0xff, 0xff, 0xff, 0xff, 0xff, 0xf3, 0x0,
    0x0, 0x1b, 0xbb, 0xbb, 0xbf, 0xfb, 0xbb, 0xbb,
    0xb2, 0x0, 0x0, 0x0, 0x4, 0x30, 0xf, 0xf0,
    0x5, 0x20, 0x0, 0x0, 0x0, 0x0, 0x4f, 0xe0,
    0xf, 0xf0, 0x2f, 0xe3, 0x0, 0x0, 0x0, 0x5,
    0xff, 0x30, 0xf, 0xf0, 0x4, 0xfe, 0x20, 0x0,
    0x0, 0x8f, 0xf3, 0x0, 0xf, 0xf0, 0x0, 0x5f,
    0xe1, 0x0, 0x0, 0xce, 0x30, 0x9, 0x9f, 0xe0,
    0x0, 0x8, 0xf6, 0x0, 0x0, 0x11, 0x0, 0xa,
    0xfe, 0x70, 0x0, 0x0, 0x40, 0x0, 0x0, 0x0,
    0x0, 0x0, 0x0, 0x0, 0x0, 0x0, 0x0, 0x0,

    /* U+6765 "来" */
    0x0, 0x0, 0x0, 0x0, 0x1, 0x10, 0x0, 0x0,
    0x0, 0x0, 0x0, 0x0, 0x0, 0x0, 0xf, 0xf0,
    0x0, 0x0, 0x0, 0x0, 0x0, 0x0, 0x0, 0x0,
    0xf, 0xf0, 0x0, 0x0, 0x0, 0x0, 0x0, 0xbc,
    0xcc, 0xcc, 0xcf, 0xfc, 0xcc, 0xcc, 0xcc, 0x10,
    0x0, 0xff, 0xff, 0xff, 0xff, 0xff, 0xff, 0xff,
    0xff, 0x20, 0x0, 0x1, 0x75, 0x0, 0xf, 0xf0,
    0x0, 0x39, 0x40, 0x0, 0x0, 0x2, 0xfe, 0x0,
    0xf, 0xf0, 0x0, 0x8f, 0x90, 0x0, 0x0, 0x0,
    0xaf, 0x60, 0xf, 0xf0, 0x1, 0xff, 0x10, 0x0,
    0x0, 0x0, 0x3f, 0xd0, 0xf, 0xf0, 0x8, 0xf8,
    0x0, 0x0, 0x0, 0x0, 0xb, 0x60, 0xf, 0xf0,
    0x7, 0xc1, 0x0, 0x0, 0xe, 0xff, 0xff, 0xff,
    0xff, 0xff, 0xff, 0xff, 0xff, 0xf0, 0xb, 0xcc,
    0xcc, 0xcd, 0xff, 0xff, 0xdc, 0xcc, 0xcc, 0xb0,
    0x0, 0x0, 0x0, 0xc, 0xff, 0xff, 0xc0, 0x0,
    0x0, 0x0, 0x0, 0x0, 0x0, 0xbf, 0xaf, 0xf9,
    0xfb, 0x0, 0x0, 0x0, 0x0, 0x0, 0xb, 0xfc,
    0xf, 0xf0, 0xbf, 0xb0, 0x0, 0x0, 0x0, 0x2,
    0xdf, 0xc0, 0xf, 0xf0, 0xc, 0xfd, 0x20, 0x0,
    0x0, 0x7f, 0xfb, 0x0, 0xf, 0xf0, 0x0, 0xbf,
    0xf7, 0x0, 0x2e, 0xff, 0x80, 0x0, 0xf, 0xf0,
    0x0, 0x9, 0xff, 0xd2, 0x8, 0xd4, 0x0, 0x0,
    0xf, 0xf0, 0x0, 0x0, 0x4e, 0x90, 0x0, 0x0,
    0x0, 0x0, 0xf, 0xf0, 0x0, 0x0, 0x0, 0x0,

    /* U+6781 "极" */
    0x0, 0x1, 0xd7, 0x0, 0x0, 0x0, 0x0, 0x0,
    0x0, 0x0, 0x0, 0x2, 0xf9, 0x0, 0xaa, 0xaa,
    0xaa, 0xaa, 0x80, 0x0, 0x0, 0x2, 0xf9, 0x1,
    0xff, 0xff, 0xff, 0xff, 0xa0, 0x0, 0x0, 0x3,
    0xf9, 0x0, 0x22, 0xfc, 0x22, 0x7f, 0x70, 0x0,
    0xa, 0xff, 0xff, 0xfa, 0x1, 0xfb, 0x0, 0x9f,
    0x30, 0x0, 0x7, 0xbc, 0xfe, 0xb7, 0x2, 0xfa,
    0x0, 0xde, 0x0, 0x0, 0x0, 0x7, 0xfc, 0x0,
    0x3, 0xf9, 0x1, 0xfb, 0x11, 0x0, 0x0, 0xb,
    0xff, 0x60, 0x4, 0xf8, 0x5, 0xff, 0xff, 0xb0,
    0x0, 0xf, 0xff, 0xe1, 0x6, 0xfc, 0x5, 0xa9,
    0xbf, 0xa0, 0x0, 0x6f, 0xfa, 0xea, 0x8, 0xff,
    0x30, 0x0, 0x7f, 0x50, 0x0, 0xcd, 0xf9, 0x89,
    0xb, 0xff, 0xa0, 0x0, 0xdf, 0x10, 0x4, 0xf8,
    0xf9, 0x0, 0xe, 0xdc, 0xf3, 0x4, 0xfa, 0x0,
    0xc, 0xf3, 0xf9, 0x0, 0x2f, 0xa3, 0xfc, 0xc,
    0xf3, 0x0, 0x1f, 0x92, 0xf9, 0x0, 0x7f, 0x60,
    0xaf, 0xcf, 0xb0, 0x0, 0x8, 0x12, 0xf9, 0x0,
    0xdf, 0x10, 0x1e, 0xff, 0x10, 0x0, 0x0, 0x2,
    0xf9, 0x5, 0xfa, 0x0, 0x3e, 0xff, 0x70, 0x0,
    0x0, 0x2, 0xf9, 0xe, 0xf3, 0x5, 0xff, 0xaf,
    0xfb, 0x20, 0x0, 0x2, 0xf9, 0xbf, 0xa0, 0xaf,
    0xf6, 0x2, 0xdf, 0xf4, 0x0, 0x2, 0xf9, 0x4c,
    0x10, 0x3d, 0x30, 0x0, 0x8, 0xa0, 0x0, 0x0,
    0x0, 0x0, 0x0, 0x0, 0x0, 0x0, 0x0, 0x0,

    /* U+6790 "析" */
    0x0, 0x0, 0xfc, 0x0, 0x0, 0x0, 0x0, 0x1,
    0x50, 0x0, 0x0, 0x0, 0xfc, 0x0, 0x0, 0x0,
    0x37, 0xbf, 0xfb, 0x0, 0x0, 0x0, 0xfc, 0x0,
    0x5, 0xbf, 0xff, 0xfc, 0x83, 0x0, 0x0, 0x0,
    0xfc, 0x0, 0xa, 0xfa, 0x63, 0x0, 0x0, 0x0,
    0xb, 0xcc, 0xff, 0xcc, 0x7a, 0xf2, 0x0, 0x0,
    0x0, 0x0, 0xe, 0xff, 0xff, 0xff, 0xaa, 0xf2,
    0x0, 0x0, 0x0, 0x0, 0x0, 0x6, 0xfc, 0x0,
    0xa, 0xf2, 0x0, 0x0, 0x0, 0x0, 0x0, 0xa,
    0xfe, 0x10, 0xa, 0xfe, 0xdd, 0xdd, 0xdd, 0xd6,
    0x0, 0xe, 0xff, 0xb0, 0xa, 0xff, 0xff, 0xff,
    0xff, 0xf6, 0x0, 0x5f, 0xff, 0xf7, 0xa, 0xf2,
    0x0, 0x3f, 0xa0, 0x0, 0x0, 0xbd, 0xfc, 0xbf,
    0x3b, 0xf1, 0x0, 0x3f, 0xa0, 0x0, 0x3, 0xf7,
    0xfc, 0x2e, 0x2b, 0xf0, 0x0, 0x3f, 0xa0, 0x0,
    0xb, 0xf1, 0xfc, 0x1, 0xd, 0xf0, 0x0, 0x3f,
    0xa0, 0x0, 0x4f, 0x80, 0xfc, 0x0, 0xf, 0xd0,
    0x0, 0x3f, 0xa0, 0x0, 0xd, 0x10, 0xfc, 0x0,
    0x2f, 0xa0, 0x0, 0x3f, 0xa0, 0x0, 0x1, 0x0,
    0xfc, 0x0, 0x6f, 0x70, 0x0, 0x3f, 0xa0, 0x0,
    0x0, 0x0, 0xfc, 0x0, 0xbf, 0x20, 0x0, 0x3f,
    0xa0, 0x0, 0x0, 0x0, 0xfc, 0x2, 0xfc, 0x0,
    0x0, 0x3f, 0xa0, 0x0, 0x0, 0x0, 0xfc, 0x0,
    0x84, 0x0, 0x0, 0x3f, 0xa0, 0x0,

    /* U+6807 "标" */
    0x0, 0x1, 0xea, 0x0, 0x0, 0x0, 0x0, 0x0,
    0x0, 0x0, 0x0, 0x1, 0xfc, 0x0, 0x5, 0x77,
    0x77, 0x77, 0x77, 0x0, 0x0, 0x1, 0xfc, 0x0,
    0xb, 0xff, 0xff, 0xff, 0xff, 0x10, 0x0, 0x1,
    0xfc, 0x0, 0x3, 0x44, 0x44, 0x44, 0x44, 0x0,
    0xc, 0xcc, 0xff, 0xcc, 0x30, 0x0, 0x0, 0x0,
    0x0, 0x0, 0xf, 0xff, 0xff, 0xff, 0x40, 0x0,
    0x0, 0x0, 0x0, 0x0, 0x0, 0x9, 0xfe, 0x0,
    0x6c, 0xcc, 0xcc, 0xcc, 0xcc, 0xc2, 0x0, 0xe,
    0xff, 0xa0, 0x9f, 0xff, 0xff, 0xff, 0xff, 0xf3,
    0x0, 0x4f, 0xff, 0xf6, 0x0, 0x0, 0x7f, 0x70,
    0x0, 0x0, 0x0, 0xaf, 0xfc, 0xaf, 0x20, 0x0,
    0x7f, 0x70, 0x0, 0x0, 0x1, 0xfa, 0xfc, 0x1d,
    0x5, 0x91, 0x7f, 0x73, 0xa3, 0x0, 0x9, 0xf4,
    0xfc, 0x1, 0xb, 0xf0, 0x7f, 0x72, 0xfa, 0x0,
    0x3f, 0xc1, 0xfc, 0x0, 0xf, 0xb0, 0x7f, 0x70,
    0xcf, 0x10, 0x1f, 0x41, 0xfc, 0x0, 0x5f, 0x60,
    0x7f, 0x70, 0x7f, 0x60, 0x4, 0x1, 0xfc, 0x0,
    0xcf, 0x10, 0x7f, 0x70, 0x2f, 0xb0, 0x0, 0x1,
    0xfc, 0x4, 0xf9, 0x0, 0x7f, 0x70, 0xd, 0xf0,
    0x0, 0x1, 0xfc, 0x5, 0xe1, 0x0, 0x7f, 0x70,
    0x9, 0xe2, 0x0, 0x1, 0xfc, 0x0, 0x0, 0xae,
    0xff, 0x60, 0x1, 0x0, 0x0, 0x1, 0xfc, 0x0,
    0x0, 0x7f, 0xfb, 0x10, 0x0, 0x0, 0x0, 0x0,
    0x11, 0x0, 0x0, 0x0, 0x0, 0x0, 0x0, 0x0,

    /* U+6821 "校" */
    0x0, 0x0, 0x0, 0x0, 0x0, 0x0, 0x0, 0x0,
    0x0, 0x0, 0x0, 0x1, 0xe8, 0x0, 0x0, 0x3,
    0xd8, 0x0, 0x0, 0x0, 0x0, 0x2, 0xfa, 0x0,
    0x0, 0x0, 0xef, 0x30, 0x0, 0x0, 0x0, 0x2,
    0xfa, 0x0, 0x0, 0x0, 0x5e, 0x50, 0x0, 0x0,
    0x0, 0x2, 0xfa, 0x0, 0xef, 0xff, 0xff, 0xff,
    0xff, 0xf1, 0x8, 0xcd, 0xfe, 0xc9, 0xab, 0xbb,
    0xbb, 0xbc, 0xbb, 0xb1, 0xa, 0xff, 0xff, 0xfc,
    0x0, 0x88, 0x10, 0x3e, 0x40, 0x0, 0x0, 0x9,
    0xfa, 0x0, 0x3, 0xfd, 0x0, 0x3f, 0xf3, 0x0,
    0x0, 0xd, 0xff, 0x10, 0x1d, 0xf2, 0x0, 0x4,
    0xfe, 0x10, 0x0, 0x1f, 0xff, 0xa0, 0xcf, 0x70,
    0x0, 0x2, 0x6f, 0xc0, 0x0, 0x6f, 0xfe, 0xf6,
    0xfc, 0xf7, 0x0, 0x2f, 0xcb, 0x90, 0x0, 0xcc,
    0xfa, 0xdc, 0x20, 0xee, 0x0, 0x8f, 0x70, 0x0,
    0x3, 0xf7, 0xfa, 0x67, 0x0, 0x8f, 0x70, 0xef,
    0x10, 0x0, 0xb, 0xf2, 0xfa, 0x0, 0x0, 0x1e,
    0xfa, 0xf8, 0x0, 0x0, 0x1f, 0x92, 0xfa, 0x0,
    0x0, 0x6, 0xff, 0xe1, 0x0, 0x0, 0xb, 0x22,
    0xfa, 0x0, 0x0, 0x3, 0xff, 0xd1, 0x0, 0x0,
    0x1, 0x2, 0xfa, 0x0, 0x0, 0x4f, 0xfe, 0xfe,
    0x40, 0x0, 0x0, 0x2, 0xfa, 0x0, 0x19, 0xff,
    0x61, 0xcf, 0xfa, 0x30, 0x0, 0x2, 0xfa, 0x5,
    0xff, 0xd3, 0x0, 0x8, 0xff, 0xf2, 0x0, 0x2,
    0xfa, 0x1, 0xd7, 0x0, 0x0, 0x0, 0x29, 0x60,
    0x0, 0x0, 0x0, 0x0, 0x0, 0x0, 0x0, 0x0,
    0x0, 0x0,

    /* U+683C "格" */
    0x0, 0x1, 0xea, 0x0, 0x0, 0x7, 0xb3, 0x0,
    0x0, 0x0, 0x0, 0x1, 0xfb, 0x0, 0x0, 0xe,
    0xf1, 0x0, 0x0, 0x0, 0x0, 0x1, 0xfb, 0x0,
    0x0, 0x8f, 0xfc, 0xcc, 0xd9, 0x0, 0x0, 0x1,
    0xfb, 0x0, 0x3, 0xff, 0xdd, 0xde, 0xfc, 0x0,
    0xa, 0xbb, 0xfe, 0xbb, 0x3e, 0xfd, 0x0, 0xa,
    0xf5, 0x0, 0xe, 0xff, 0xff, 0xff, 0xff, 0xdf,
    0x70, 0x4f, 0xc0, 0x0, 0x0, 0x6, 0xfc, 0x4,
    0xfb, 0xd, 0xf7, 0xef, 0x30, 0x0, 0x0, 0xa,
    0xff, 0x50, 0x20, 0x2, 0xff, 0xf6, 0x0, 0x0,
    0x0, 0xf, 0xff, 0xf3, 0x0, 0x4, 0xef, 0xf8,
    0x0, 0x0, 0x0, 0x5f, 0xfc, 0xee, 0x1, 0x9f,
    0xf8, 0xef, 0xd4, 0x0, 0x0, 0xbd, 0xfb, 0x4d,
    0x8e, 0xfd, 0x30, 0x1b, 0xff, 0xd4, 0x3, 0xf7,
    0xfb, 0xb, 0xff, 0xfa, 0xaa, 0xaa, 0xef, 0xe1,
    0xc, 0xe1, 0xfb, 0x2, 0x7b, 0xff, 0xff, 0xff,
    0xfe, 0x10, 0x3f, 0x71, 0xfb, 0x0, 0xb, 0xf1,
    0x0, 0x0, 0xfe, 0x0, 0x9, 0x1, 0xfb, 0x0,
    0xb, 0xf1, 0x0, 0x0, 0xfe, 0x0, 0x0, 0x1,
    0xfb, 0x0, 0xb, 0xf1, 0x0, 0x0, 0xfe, 0x0,
    0x0, 0x1, 0xfb, 0x0, 0xb, 0xfb, 0xbb, 0xbb,
    0xfe, 0x0, 0x0, 0x1, 0xfb, 0x0, 0xb, 0xff,
    0xff, 0xff, 0xfe, 0x0, 0x0, 0x1, 0xfb, 0x0,
    0xb, 0xf1, 0x0, 0x0, 0xfe, 0x0, 0x0, 0x0,
    0x0, 0x0, 0x0, 0x10, 0x0, 0x0, 0x0, 0x0,

    /* U+68C0 "检" */
    0x0, 0x0, 0x0, 0x0, 0x0, 0x0, 0x0, 0x0,
    0x0, 0x0, 0x0, 0x9, 0xe1, 0x0, 0x0, 0x0,
    0xd9, 0x0, 0x0, 0x0, 0x0, 0xa, 0xf1, 0x0,
    0x0, 0x9, 0xfd, 0x0, 0x0, 0x0, 0x0, 0xa,
    0xf1, 0x0, 0x0, 0x4f, 0xff, 0xa0, 0x0, 0x0,
    0x2, 0x2b, 0xf3, 0x10, 0x2, 0xff, 0x2a, 0xfa,
    0x0, 0x0, 0x2f, 0xff, 0xff, 0xf0, 0x2e, 0xf4,
    0x0, 0xbf, 0xc1, 0x0, 0x1a, 0xaf, 0xfa, 0x94,
    0xef, 0x60, 0x0, 0xa, 0xfe, 0x50, 0x0, 0xf,
    0xf3, 0x7f, 0xfd, 0xaa, 0xaa, 0xaa, 0xbf, 0xf4,
    0x0, 0x4f, 0xfd, 0x5e, 0x4a, 0xff, 0xff, 0xff,
    0x44, 0xb0, 0x0, 0x9f, 0xff, 0x81, 0x0, 0x0,
    0x0, 0x0, 0x0, 0x0, 0x0, 0xef, 0xf9, 0xf2,
    0x22, 0x1, 0xa4, 0x0, 0x49, 0x20, 0x5, 0xfc,
    0xf2, 0xc0, 0xea, 0x0, 0xf8, 0x0, 0xbf, 0x10,
    0xc, 0xda, 0xf1, 0x0, 0x9f, 0x0, 0xcb, 0x1,
    0xf9, 0x0, 0x4f, 0x7a, 0xf1, 0x0, 0x5f, 0x40,
    0xae, 0x7, 0xf2, 0x0, 0xc, 0xa, 0xf1, 0x0,
    0x1f, 0x80, 0x8f, 0x1e, 0xb0, 0x0, 0x1, 0xa,
    0xf1, 0x0, 0x9, 0x40, 0x0, 0x6f, 0x30, 0x0,
    0x0, 0xa, 0xf1, 0x0, 0x0, 0x0, 0x0, 0xdb,
    0x0, 0x0, 0x0, 0xa, 0xf1, 0x1f, 0xff, 0xff,
    0xff, 0xff, 0xff, 0xc0, 0x0, 0xa, 0xf1, 0xb,
    0xbb, 0xbb, 0xbb, 0xbb, 0xbb, 0x90, 0x0, 0xa,
    0xf1, 0x0, 0x0, 0x0, 0x0, 0x0, 0x0, 0x0,

    /* U+691C "検" */
    0x0, 0x2, 0xe8, 0x0, 0x0, 0x0, 0xcd, 0x50,
    0x0, 0x0, 0x0, 0x2, 0xfa, 0x0, 0x0, 0xa,
    0xff, 0xf3, 0x0, 0x0, 0x0, 0x2, 0xfa, 0x0,
    0x0, 0x8f, 0xe5, 0xfe, 0x30, 0x0, 0x0, 0x2,
    0xfa, 0x0, 0x8, 0xff, 0x30, 0x5f, 0xf6, 0x0,
    0x6, 0x78, 0xfc, 0x76, 0xcf, 0xe3, 0x0, 0x4,
    0xef, 0xc3, 0xc, 0xff, 0xff, 0xff, 0xff, 0xff,
    0xff, 0xff, 0xfc, 0xf8, 0x4, 0x58, 0xfc, 0x54,
    0x54, 0x99, 0xdf, 0x99, 0x90, 0x50, 0x0, 0x9,
    0xfc, 0x0, 0x0, 0x0, 0xaf, 0x10, 0x0, 0x0,
    0x0, 0xd, 0xff, 0x60, 0xbf, 0xff, 0xff, 0xff,
    0xff, 0xa0, 0x0, 0x3f, 0xff, 0xf2, 0xbf, 0x77,
    0xdf, 0x77, 0x7f, 0xa0, 0x0, 0xaf, 0xfa, 0xeb,
    0xbf, 0x0, 0xaf, 0x10, 0x1f, 0xa0, 0x1, 0xfa,
    0xfa, 0x69, 0xbf, 0x0, 0xbf, 0x10, 0x1f, 0xa0,
    0x9, 0xf4, 0xfa, 0x0, 0xbf, 0xff, 0xff, 0xff,
    0xff, 0xa0, 0x1f, 0xa2, 0xfa, 0x0, 0x57, 0x77,
    0xff, 0xe7, 0x77, 0x40, 0x9, 0x22, 0xfa, 0x0,
    0x0, 0x6, 0xff, 0xf5, 0x0, 0x0, 0x0, 0x2,
    0xfa, 0x0, 0x0, 0x3f, 0xf3, 0xff, 0x30, 0x0,
    0x0, 0x2, 0xfa, 0x0, 0x7, 0xff, 0x50, 0x5f,
    0xf8, 0x0, 0x0, 0x2, 0xfa, 0x7, 0xef, 0xe4,
    0x0, 0x5, 0xff, 0xf6, 0x0, 0x2, 0xfa, 0x6,
    0xe8, 0x10, 0x0, 0x0, 0x19, 0xe0, 0x0, 0x0,
    0x0, 0x0, 0x0, 0x0, 0x0, 0x0, 0x0, 0x0,

    /* U+69FD "槽" */
    0x0, 0x0, 0x0, 0x0, 0x0, 0x0, 0x0, 0x0,
    0x0, 0x0, 0x0, 0xa, 0xf1, 0x0, 0x0, 0x1f,
    0x91, 0xf9, 0x0, 0x0, 0x0, 0xa, 0xf1, 0x5,
    0x77, 0x8f, 0xc8, 0xfc, 0x77, 0x71, 0x0, 0xa,
    0xf1, 0xb, 0xff, 0xff, 0xff, 0xff, 0xff, 0xf3,
    0x0, 0xa, 0xf1, 0x0, 0x0, 0x2f, 0x92, 0xf9,
    0x0, 0x0, 0x1b, 0xbe, 0xfb, 0xb2, 0xcc, 0xcf,
    0xec, 0xfe, 0xcc, 0x70, 0x2f, 0xff, 0xff, 0xf3,
    0xfc, 0x9f, 0xc9, 0xfb, 0x9f, 0x90, 0x2, 0x2e,
    0xf3, 0x21, 0xf8, 0x2e, 0x93, 0xf7, 0x2f, 0x90,
    0x0, 0x2f, 0xf3, 0x1, 0xff, 0xff, 0xff, 0xff,
    0xff, 0x90, 0x0, 0x6f, 0xfd, 0x1, 0xf7, 0x1e,
    0x82, 0xf6, 0x1f, 0x90, 0x0, 0xcf, 0xff, 0x71,
    0xfd, 0xaf, 0xdb, 0xfc, 0xaf, 0x90, 0x2, 0xfe,
    0xf7, 0xf3, 0xaa, 0xaa, 0xaa, 0xaa, 0xaa, 0x50,
    0x9, 0xea, 0xf1, 0xd1, 0x27, 0x77, 0x77, 0x77,
    0x77, 0x0, 0x2f, 0x8a, 0xf1, 0x10, 0x4f, 0xff,
    0xff, 0xff, 0xff, 0x0, 0x7f, 0x1a, 0xf1, 0x0,
    0x4f, 0x80, 0x0, 0x0, 0xff, 0x0, 0x7, 0xa,
    0xf1, 0x0, 0x4f, 0xff, 0xff, 0xff, 0xff, 0x0,
    0x0, 0xa, 0xf1, 0x0, 0x4f, 0xb6, 0x66, 0x66,
    0xff, 0x0, 0x0, 0xa, 0xf1, 0x0, 0x4f, 0xa5,
    0x55, 0x55, 0xff, 0x0, 0x0, 0xa, 0xf1, 0x0,
    0x4f, 0xff, 0xff, 0xff, 0xff, 0x0, 0x0, 0x9,
    0xf1, 0x0, 0x4f, 0x91, 0x11, 0x11, 0xff, 0x0,
    0x0, 0x0, 0x0, 0x0, 0x0, 0x0, 0x0, 0x0,
    0x0, 0x0,

    /* U+6A21 "模" */
    0x0, 0x0, 0x0, 0x0, 0x0, 0x0, 0x0, 0x0,
    0x0, 0x0, 0x0, 0xb, 0xf1, 0x0, 0x0, 0xfc,
    0x0, 0x7f, 0x50, 0x0, 0x0, 0xb, 0xf1, 0x5,
    0x88, 0xfe, 0x88, 0xcf, 0xb8, 0x80, 0x0, 0xb,
    0xf1, 0xb, 0xff, 0xff, 0xff, 0xff, 0xff, 0xf0,
    0x4, 0x4c, 0xf4, 0x40, 0x0, 0xfc, 0x0, 0x8f,
    0x60, 0x0, 0x1f, 0xff, 0xff, 0xf0, 0x11, 0x76,
    0x11, 0x47, 0x30, 0x0, 0xa, 0xae, 0xfb, 0xa0,
    0xff, 0xff, 0xff, 0xff, 0xff, 0x0, 0x0, 0xd,
    0xf2, 0x0, 0xfd, 0x44, 0x44, 0x44, 0xef, 0x0,
    0x0, 0x1f, 0xfb, 0x0, 0xfd, 0x55, 0x55, 0x55,
    0xef, 0x0, 0x0, 0x6f, 0xff, 0x60, 0xff, 0xff,
    0xff, 0xff, 0xff, 0x0, 0x0, 0xcf, 0xfb, 0xf1,
    0xfc, 0x0, 0x0, 0x0, 0xef, 0x0, 0x2, 0xff,
    0xf3, 0xf4, 0xff, 0xff, 0xff, 0xff, 0xff, 0x0,
    0x9, 0xfc, 0xf1, 0x30, 0x45, 0x55, 0xfe, 0x55,
    0x54, 0x0, 0x2f, 0xbb, 0xf1, 0x0, 0x0, 0x3,
    0xfb, 0x0, 0x0, 0x0, 0x3f, 0x4b, 0xf1, 0x1f,
    0xff, 0xff, 0xff, 0xff, 0xff, 0xf0, 0x8, 0xb,
    0xf1, 0x8, 0x88, 0x8f, 0xff, 0xf8, 0x88, 0x70,
    0x0, 0xb, 0xf1, 0x0, 0x0, 0x8f, 0xb7, 0xfa,
    0x0, 0x0, 0x0, 0xb, 0xf1, 0x0, 0x3b, 0xfe,
    0x20, 0xbf, 0xd4, 0x0, 0x0, 0xb, 0xf1, 0x5d,
    0xff, 0xc2, 0x0, 0xa, 0xff, 0xe2, 0x0, 0xb,
    0xf1, 0x1e, 0xa4, 0x0, 0x0, 0x0, 0x4b, 0x90,
    0x0, 0x0, 0x0, 0x0, 0x0, 0x0, 0x0, 0x0,
    0x0, 0x0,

    /* U+6A2A "横" */
    0x0, 0x1, 0xc7, 0x0, 0x0, 0x8c, 0x10, 0xc,
    0x90, 0x0, 0x0, 0x2, 0xf9, 0x0, 0x0, 0xbf,
    0x20, 0x1f, 0xb0, 0x0, 0x0, 0x2, 0xf9, 0x0,
    0xff, 0xff, 0xff, 0xff, 0xff, 0xf1, 0x0, 0x2,
    0xf9, 0x0, 0x78, 0xdf, 0x88, 0x8f, 0xd8, 0x80,
    0x8, 0xab, 0xfe, 0xa8, 0x0, 0xbf, 0x10, 0x1f,
    0xb0, 0x0, 0xd, 0xff, 0xff, 0xff, 0xee, 0xff,
    0xee, 0xef, 0xfe, 0xe7, 0x1, 0x17, 0xfa, 0x15,
    0xbb, 0xbb, 0xdf, 0xdb, 0xbb, 0xb6, 0x0, 0xa,
    0xfc, 0x0, 0x0, 0x0, 0x7f, 0x50, 0x0, 0x0,
    0x0, 0xf, 0xff, 0x60, 0xbf, 0xff, 0xff, 0xff,
    0xff, 0xc0, 0x0, 0x5f, 0xff, 0xf2, 0xbf, 0x55,
    0xaf, 0x95, 0x5f, 0xc0, 0x0, 0xcd, 0xfa, 0xea,
    0xbf, 0x33, 0x9f, 0x73, 0x3f, 0xc0, 0x4, 0xf7,
    0xf9, 0x66, 0xbf, 0xff, 0xff, 0xff, 0xff, 0xc0,
    0xd, 0xd2, 0xf9, 0x0, 0xbf, 0x11, 0x8f, 0x61,
    0x1f, 0xc0, 0x1f, 0x62, 0xf9, 0x0, 0xbf, 0xaa,
    0xdf, 0xca, 0xaf, 0xc0, 0x5, 0x2, 0xf9, 0x0,
    0x7a, 0xaa, 0xaa, 0xaa, 0xaa, 0x80, 0x0, 0x2,
    0xf9, 0x0, 0x0, 0x88, 0x0, 0x9, 0x91, 0x0,
    0x0, 0x2, 0xf9, 0x0, 0x2c, 0xfe, 0x20, 0x2d,
    0xfe, 0x40, 0x0, 0x2, 0xf9, 0x8, 0xff, 0xb1,
    0x0, 0x0, 0x8f, 0xf6, 0x0, 0x2, 0xf9, 0x4,
    0xd5, 0x0, 0x0, 0x0, 0x5, 0xc1, 0x0, 0x0,
    0x0, 0x0, 0x0, 0x0, 0x0, 0x0, 0x0, 0x0,

    /* U+6B62 "止" */
    0x0, 0x0, 0x0, 0x0, 0xa, 0xa0, 0x0, 0x0,
    0x0, 0x0, 0x0, 0x0, 0x0, 0x0, 0xff, 0x0,
    0x0, 0x0, 0x0, 0x0, 0x0, 0x0, 0x0, 0xf,
    0xf0, 0x0, 0x0, 0x0, 0x0, 0x0, 0x0, 0x0,
    0x0, 0xff, 0x0, 0x0, 0x0, 0x0, 0x0, 0x16,
    0x40, 0x0, 0xf, 0xf0, 0x0, 0x0, 0x0, 0x0,
    0x3, 0xfc, 0x0, 0x0, 0xff, 0x0, 0x0, 0x0,
    0x0, 0x0, 0x3f, 0xc0, 0x0, 0xf, 0xf2, 0x22,
    0x22, 0x20, 0x0, 0x3, 0xfc, 0x0, 0x0, 0xff,
    0xff, 0xff, 0xff, 0x40, 0x0, 0x3f, 0xc0, 0x0,
    0xf, 0xfc, 0xcc, 0xcc, 0xc3, 0x0, 0x3, 0xfc,
    0x0, 0x0, 0xff, 0x0, 0x0, 0x0, 0x0, 0x0,
    0x3f, 0xc0, 0x0, 0xf, 0xf0, 0x0, 0x0, 0x0,
    0x0, 0x3, 0xfc, 0x0, 0x0, 0xff, 0x0, 0x0,
    0x0, 0x0, 0x0, 0x3f, 0xc0, 0x0, 0xf, 0xf0,
    0x0, 0x0, 0x0, 0x0, 0x3, 0xfc, 0x0, 0x0,
    0xff, 0x0, 0x0, 0x0, 0x0, 0x0, 0x3f, 0xc0,
    0x0, 0xf, 0xf0, 0x0, 0x0, 0x0, 0x0, 0x3,
    0xfc, 0x0, 0x0, 0xff, 0x0, 0x0, 0x0, 0x0,
    0xef, 0xff, 0xff, 0xff, 0xff, 0xff, 0xff, 0xff,
    0xff, 0x4b, 0xdd, 0xdd, 0xdd, 0xdd, 0xdd, 0xdd,
    0xdd, 0xdd, 0xd3,

    /* U+6B63 "正" */
    0xa, 0xaa, 0xaa, 0xaa, 0xaa, 0xaa, 0xaa, 0xaa,
    0xa8, 0x0, 0xff, 0xff, 0xff, 0xff, 0xff, 0xff,
    0xff, 0xff, 0xd0, 0x2, 0x33, 0x33, 0x33, 0x4f,
    0xf3, 0x33, 0x33, 0x32, 0x0, 0x0, 0x0, 0x0,
    0x1, 0xfe, 0x0, 0x0, 0x0, 0x0, 0x0, 0x0,
    0x0, 0x0, 0x1f, 0xe0, 0x0, 0x0, 0x0, 0x0,
    0x1, 0x54, 0x0, 0x1, 0xfe, 0x0, 0x0, 0x0,
    0x0, 0x0, 0x3f, 0xc0, 0x0, 0x1f, 0xe0, 0x0,
    0x0, 0x0, 0x0, 0x3, 0xfc, 0x0, 0x1, 0xff,
    0xcc, 0xcc, 0xcb, 0x0, 0x0, 0x3f, 0xc0, 0x0,
    0x1f, 0xff, 0xff, 0xff, 0xe0, 0x0, 0x3, 0xfc,
    0x0, 0x1, 0xfe, 0x0, 0x0, 0x0, 0x0, 0x0,
    0x3f, 0xc0, 0x0, 0x1f, 0xe0, 0x0, 0x0, 0x0,
    0x0, 0x3, 0xfc, 0x0, 0x1, 0xfe, 0x0, 0x0,
    0x0, 0x0, 0x0, 0x3f, 0xc0, 0x0, 0x1f, 0xe0,
    0x0, 0x0, 0x0, 0x0, 0x3, 0xfc, 0x0, 0x1,
    0xfe, 0x0, 0x0, 0x0, 0x0, 0x0, 0x3f, 0xc0,
    0x0, 0x1f, 0xe0, 0x0, 0x0, 0x0, 0xd, 0xff,
    0xff, 0xff, 0xff, 0xff, 0xff, 0xff, 0xff, 0xf7,
    0xbd, 0xdd, 0xdd, 0xdd, 0xdd, 0xdd, 0xdd, 0xdd,
    0xdd, 0x60,

    /* U+6B65 "步" */
    0x0, 0x0, 0x0, 0x0, 0x9, 0xe4, 0x0, 0x0,
    0x0, 0x0, 0x0, 0x7, 0x60, 0x0, 0xbf, 0x40,
    0x0, 0x0, 0x0, 0x0, 0x0, 0xfe, 0x0, 0xb,
    0xff, 0xff, 0xff, 0xf2, 0x0, 0x0, 0xf, 0xe0,
    0x0, 0xbf, 0xdc, 0xcc, 0xcc, 0x20, 0x0, 0x0,
    0xfe, 0x0, 0xb, 0xf4, 0x0, 0x0, 0x0, 0x0,
    0x0, 0xf, 0xe0, 0x0, 0xbf, 0x40, 0x0, 0x0,
    0x0, 0xc, 0xee, 0xff, 0xee, 0xef, 0xff, 0xee,
    0xee, 0xee, 0xc0, 0xce, 0xee, 0xee, 0xee, 0xff,
    0xee, 0xee, 0xee, 0xeb, 0x0, 0x0, 0x3, 0x10,
    0xe, 0xf1, 0x0, 0x1, 0x0, 0x0, 0x0, 0x1,
    0xef, 0x20, 0xef, 0x10, 0x0, 0xbd, 0x30, 0x0,
    0x0, 0xcf, 0x80, 0xe, 0xf1, 0x0, 0x5f, 0xf1,
    0x0, 0x1, 0xcf, 0xb0, 0x0, 0xef, 0x10, 0x3f,
    0xf5, 0x0, 0x2, 0xef, 0xc0, 0x0, 0xe, 0xf1,
    0x4f, 0xf8, 0x0, 0x0, 0x9, 0xb0, 0x0, 0x0,
    0xef, 0x9f, 0xf9, 0x0, 0x0, 0x0, 0x0, 0x0,
    0x0, 0x6, 0xef, 0xf6, 0x0, 0x0, 0x0, 0x0,
    0x0, 0x5, 0xaf, 0xff, 0xb2, 0x0, 0x0, 0x0,
    0x4, 0x69, 0xcf, 0xff, 0xfa, 0x30, 0x0, 0x0,
    0x0, 0x0, 0x9f, 0xff, 0xea, 0x61, 0x0, 0x0,
    0x0, 0x0, 0x0, 0x1, 0x85, 0x20, 0x0, 0x0,
    0x0, 0x0, 0x0, 0x0, 0x0,

    /* U+6B74 "歴" */
    0x0, 0x0, 0x0, 0x0, 0x0, 0x0, 0x0, 0x0,
    0x0, 0x0, 0x0, 0xbf, 0xff, 0xff, 0xff, 0xff,
    0xff, 0xff, 0xff, 0xf2, 0x0, 0xbf, 0xbb, 0xbb,
    0xbb, 0xbb, 0xbb, 0xbb, 0xbb, 0xb1, 0x0, 0xbf,
    0x0, 0xd, 0xa0, 0x0, 0x0, 0xe7, 0x0, 0x0,
    0x0, 0xbf, 0x12, 0x2e, 0xc2, 0x11, 0x23, 0xf9,
    0x22, 0x10, 0x0, 0xbf, 0x5f, 0xff, 0xff, 0xe9,
    0xff, 0xff, 0xff, 0xa0, 0x0, 0xbf, 0x25, 0xaf,
    0xe5, 0x53, 0x5c, 0xff, 0x95, 0x30, 0x0, 0xbf,
    0x0, 0xef, 0xfb, 0x10, 0x4f, 0xff, 0xe1, 0x0,
    0x0, 0xcf, 0xa, 0xef, 0xdd, 0xb2, 0xea, 0xfa,
    0xfd, 0x10, 0x0, 0xcf, 0xaf, 0x4e, 0xc1, 0x3e,
    0xd1, 0xf8, 0x5f, 0xe3, 0x0, 0xdf, 0x77, 0xe,
    0xc0, 0x7, 0x11, 0xf8, 0x4, 0x80, 0x0, 0xee,
    0x0, 0x5, 0x40, 0x3f, 0x90, 0x53, 0x0, 0x0,
    0x0, 0xfc, 0x0, 0x43, 0x0, 0x3f, 0xa0, 0x0,
    0x0, 0x0, 0x2, 0xfb, 0x0, 0xed, 0x0, 0x3f,
    0xff, 0xff, 0xf7, 0x0, 0x5, 0xf8, 0x0, 0xed,
    0x0, 0x3f, 0xd9, 0x99, 0x94, 0x0, 0x8, 0xf5,
    0x0, 0xed, 0x0, 0x3f, 0xa0, 0x0, 0x0, 0x0,
    0xd, 0xf3, 0x33, 0xfd, 0x33, 0x6f, 0xb3, 0x33,
    0x33, 0x30, 0x3f, 0xd6, 0xff, 0xff, 0xff, 0xff,
    0xff, 0xff, 0xff, 0xf4, 0x1b, 0x86, 0xff, 0xff,
    0xff, 0xff, 0xff, 0xff, 0xff, 0xf4, 0x0, 0x10,
    0x0, 0x0, 0x0, 0x0, 0x0, 0x0, 0x0, 0x0,

    /* U+6BB5 "段" */
    0x0, 0x0, 0x1, 0x7d, 0x20, 0x1, 0x10, 0x1,
    0x0, 0x0, 0x0, 0x5, 0xaf, 0xff, 0xa0, 0x2f,
    0xff, 0xff, 0xc0, 0x0, 0x0, 0xcf, 0xfb, 0x61,
    0x0, 0x2f, 0xd9, 0x9f, 0xc0, 0x0, 0x0, 0xcf,
    0x10, 0x0, 0x0, 0x2f, 0x90, 0xf, 0xc0, 0x0,
    0x0, 0xcf, 0x10, 0x0, 0x0, 0x4f, 0x70, 0xf,
    0xc0, 0x0, 0x0, 0xcf, 0xff, 0xff, 0x50, 0x8f,
    0x40, 0xf, 0xc0, 0x0, 0x0, 0xcf, 0x99, 0x99,
    0x33, 0xfe, 0x0, 0xf, 0xe7, 0x82, 0x0, 0xcf,
    0x10, 0x0, 0x3e, 0xf5, 0x0, 0x8, 0xff, 0xf4,
    0x0, 0xcf, 0x21, 0x11, 0x9, 0x50, 0x0, 0x0,
    0x0, 0x0, 0x0, 0xcf, 0xff, 0xff, 0x5b, 0xff,
    0xff, 0xff, 0xfd, 0x10, 0x0, 0xcf, 0x98, 0x88,
    0x27, 0xde, 0xaa, 0xab, 0xfe, 0x0, 0x0, 0xcf,
    0x10, 0x0, 0x0, 0xbf, 0x10, 0x5, 0xf9, 0x0,
    0x0, 0xcf, 0x10, 0x3, 0x30, 0x4f, 0x90, 0xd,
    0xf3, 0x0, 0x14, 0xdf, 0xce, 0xff, 0xb0, 0xc,
    0xf4, 0x8f, 0xa0, 0x0, 0x5f, 0xff, 0xff, 0xc9,
    0x50, 0x2, 0xff, 0xfe, 0x10, 0x0, 0x2b, 0xef,
    0x30, 0x0, 0x0, 0x0, 0xbf, 0xf8, 0x0, 0x0,
    0x0, 0xcf, 0x10, 0x0, 0x0, 0x4c, 0xff, 0xff,
    0xa2, 0x0, 0x0, 0xcf, 0x10, 0x0, 0x8d, 0xff,
    0xc2, 0x5f, 0xff, 0xc2, 0x0, 0xcf, 0x10, 0x0,
    0x9f, 0xd5, 0x0, 0x1, 0x9f, 0xd0, 0x0, 0x0,
    0x0, 0x0, 0x13, 0x0, 0x0, 0x0, 0x0, 0x10,

    /* U+6C14 "气" */
    0x0, 0x0, 0x1b, 0x60, 0x0, 0x0, 0x0, 0x0,
    0x0, 0x0, 0x0, 0x0, 0x8f, 0x80, 0x0, 0x0,
    0x0, 0x0, 0x0, 0x0, 0x0, 0x0, 0xef, 0xca,
    0xaa, 0xaa, 0xaa, 0xaa, 0xaa, 0x60, 0x0, 0x8,
    0xff, 0xff, 0xff, 0xff, 0xff, 0xff, 0xff, 0x90,
    0x0, 0x2f, 0xf1, 0x0, 0x0, 0x0, 0x0, 0x0,
    0x0, 0x0, 0x0, 0xcf, 0x7c, 0xff, 0xff, 0xff,
    0xff, 0xff, 0xf0, 0x0, 0xb, 0xfc, 0x8, 0x99,
    0x99, 0x99, 0x99, 0x99, 0x90, 0x0, 0x4f, 0xe1,
    0x0, 0x0, 0x0, 0x0, 0x0, 0x0, 0x0, 0x0,
    0x2, 0x2f, 0xff, 0xff, 0xff, 0xff, 0xff, 0xf8,
    0x0, 0x0, 0x0, 0x9, 0xaa, 0xaa, 0xaa, 0xaa,
    0xac, 0xf9, 0x0, 0x0, 0x0, 0x0, 0x0, 0x0,
    0x0, 0x0, 0x4, 0xfa, 0x0, 0x0, 0x0, 0x0,
    0x0, 0x0, 0x0, 0x0, 0x3, 0xfb, 0x0, 0x0,
    0x0, 0x0, 0x0, 0x0, 0x0, 0x0, 0x2, 0xfc,
    0x0, 0x0, 0x0, 0x0, 0x0, 0x0, 0x0, 0x0,
    0x0, 0xfe, 0x0, 0x0, 0x0, 0x0, 0x0, 0x0,
    0x0, 0x0, 0x0, 0xdf, 0x10, 0x30, 0x0, 0x0,
    0x0, 0x0, 0x0, 0x0, 0x0, 0xaf, 0x50, 0xf3,
    0x0, 0x0, 0x0, 0x0, 0x0, 0x0, 0x0, 0x5f,
    0xb1, 0xf4, 0x0, 0x0, 0x0, 0x0, 0x0, 0x0,
    0x0, 0xd, 0xff, 0xf1, 0x0, 0x0, 0x0, 0x0,
    0x0, 0x0, 0x0, 0x2, 0xcf, 0x90,

    /* U+6C17 "気" */
    0x0, 0x0, 0x0, 0x0, 0x0, 0x0, 0x0, 0x0,
    0x0, 0x0, 0x0, 0x0, 0x3e, 0x90, 0x0, 0x0,
    0x0, 0x0, 0x0, 0x0, 0x0, 0x0, 0x9f, 0x90,
    0x0, 0x0, 0x0, 0x0, 0x0, 0x0, 0x0, 0x1,
    0xff, 0xff, 0xff, 0xff, 0xff, 0xff, 0xff, 0x90,
    0x0, 0x8, 0xfd, 0xaa, 0xaa, 0xaa, 0xaa, 0xaa,
    0xaa, 0x60, 0x0, 0x3f, 0xf3, 0x0, 0x0, 0x0,
    0x0, 0x0, 0x0, 0x0, 0x1, 0xdf, 0x9d, 0xff,
    0xff, 0xff, 0xff, 0xff, 0xa0, 0x0, 0x1c, 0xfd,
    0x7, 0x99, 0x99, 0x99, 0x99, 0x99, 0x60, 0x0,
    0x8, 0xe3, 0x0, 0x0, 0x0, 0x0, 0x0, 0x10,
    0x0, 0x0, 0x0, 0x4f, 0xff, 0xff, 0xff, 0xff,
    0xff, 0xfe, 0x0, 0x0, 0x0, 0x29, 0x99, 0x99,
    0x99, 0x99, 0x99, 0xfe, 0x0, 0x0, 0x0, 0x0,
    0x30, 0x0, 0x3, 0xf9, 0x0, 0xfe, 0x0, 0x0,
    0x0, 0x7, 0xfc, 0x30, 0xd, 0xf5, 0x0, 0xff,
    0x0, 0x0, 0x0, 0x2, 0xbf, 0xf8, 0xaf, 0xa0,
    0x0, 0xef, 0x0, 0x0, 0x0, 0x0, 0x5, 0xff,
    0xfd, 0x10, 0x0, 0xdf, 0x10, 0x0, 0x0, 0x0,
    0x0, 0xaf, 0xff, 0x50, 0x0, 0xbf, 0x30, 0x40,
    0x0, 0x0, 0x1c, 0xfe, 0x9f, 0xf8, 0x0, 0x8f,
    0x60, 0xf3, 0x0, 0x6, 0xff, 0xc1, 0x6, 0xff,
    0x90, 0x4f, 0xb2, 0xf3, 0x4, 0xdf, 0xf8, 0x0,
    0x0, 0x4f, 0x50, 0xd, 0xff, 0xf0, 0x1, 0xec,
    0x20, 0x0, 0x0, 0x1, 0x0, 0x2, 0xcf, 0x80,
    0x0, 0x10, 0x0, 0x0, 0x0, 0x0, 0x0, 0x0,
    0x0, 0x0,

    /* U+6CE2 "波" */
    0x0, 0x45, 0x0, 0x0, 0x0, 0x1, 0xda, 0x0,
    0x0, 0x0, 0x0, 0xef, 0xc3, 0x0, 0x0, 0x1,
    0xfc, 0x0, 0x0, 0x0, 0x0, 0x2b, 0xff, 0x20,
    0x10, 0x2, 0xfc, 0x0, 0x1, 0x0, 0x0, 0x0,
    0x58, 0xf, 0xff, 0xff, 0xff, 0xff, 0xff, 0xf1,
    0x0, 0x0, 0x0, 0xf, 0xfb, 0xbb, 0xff, 0xbb,
    0xcf, 0xd0, 0x1, 0x0, 0x0, 0xf, 0xd0, 0x1,
    0xfc, 0x0, 0x7f, 0x70, 0xd, 0xd5, 0x0, 0xf,
    0xd0, 0x1, 0xfc, 0x0, 0xdf, 0x10, 0x19, 0xff,
    0xc1, 0xf, 0xd0, 0x1, 0xfc, 0x0, 0x24, 0x0,
    0x0, 0x3c, 0xc0, 0xf, 0xff, 0xff, 0xff, 0xff,
    0xfa, 0x0, 0x0, 0x0, 0x10, 0xf, 0xff, 0xfb,
    0xbb, 0xbd, 0xf9, 0x0, 0x0, 0x0, 0x0, 0xf,
    0xc9, 0xf3, 0x0, 0xb, 0xf4, 0x0, 0x0, 0x0,
    0xa2, 0x1f, 0xb2, 0xfc, 0x0, 0x3f, 0xd0, 0x0,
    0x0, 0x4, 0xfb, 0x3f, 0x90, 0x9f, 0x70, 0xcf,
    0x50, 0x0, 0x0, 0xc, 0xf4, 0x6f, 0x60, 0x1e,
    0xfb, 0xfb, 0x0, 0x0, 0x0, 0x4f, 0xd0, 0xaf,
    0x30, 0x4, 0xff, 0xe1, 0x0, 0x0, 0x0, 0xcf,
    0x50, 0xfe, 0x0, 0x1b, 0xff, 0xf9, 0x0, 0x0,
    0x5, 0xfd, 0x7, 0xf9, 0x18, 0xff, 0xd6, 0xef,
    0xe7, 0x10, 0x9, 0xf5, 0x1e, 0xf4, 0xff, 0xf8,
    0x0, 0x1a, 0xff, 0xf1, 0x0, 0x50, 0x3, 0x60,
    0x69, 0x10, 0x0, 0x0, 0x29, 0x50,

    /* U+6D3B "活" */
    0x0, 0x44, 0x0, 0x0, 0x0, 0x0, 0x0, 0x26,
    0xb4, 0x0, 0x1, 0xef, 0xc3, 0x0, 0x24, 0x69,
    0xbe, 0xff, 0xfe, 0x10, 0x0, 0x2b, 0xff, 0x47,
    0xff, 0xff, 0xff, 0xa7, 0x30, 0x0, 0x0, 0x0,
    0x5a, 0x1, 0x86, 0x52, 0xfe, 0x0, 0x0, 0x0,
    0x0, 0x0, 0x0, 0x0, 0x0, 0x0, 0xee, 0x0,
    0x0, 0x0, 0x0, 0x0, 0x0, 0x0, 0x0, 0x0,
    0xee, 0x0, 0x0, 0x0, 0xa, 0xc4, 0x0, 0x8f,
    0xff, 0xff, 0xff, 0xff, 0xff, 0xf3, 0xa, 0xff,
    0xc2, 0x6c, 0xcc, 0xcc, 0xff, 0xcc, 0xcc, 0xc2,
    0x0, 0x4d, 0xf2, 0x0, 0x0, 0x0, 0xee, 0x0,
    0x0, 0x0, 0x0, 0x0, 0x40, 0x0, 0x0, 0x0,
    0xee, 0x0, 0x0, 0x0, 0x0, 0x0, 0x0, 0x0,
    0x0, 0x0, 0xee, 0x0, 0x0, 0x0, 0x0, 0x0,
    0x49, 0x2, 0xff, 0xff, 0xff, 0xff, 0xff, 0x0,
    0x0, 0x0, 0xdf, 0x22, 0xfd, 0xaa, 0xaa, 0xaa,
    0xef, 0x0, 0x0, 0x6, 0xfb, 0x2, 0xf9, 0x0,
    0x0, 0x0, 0xcf, 0x0, 0x0, 0xe, 0xf3, 0x2,
    0xf9, 0x0, 0x0, 0x0, 0xcf, 0x0, 0x0, 0x8f,
    0xa0, 0x2, 0xf9, 0x0, 0x0, 0x0, 0xcf, 0x0,
    0x3, 0xff, 0x20, 0x2, 0xff, 0xff, 0xff, 0xff,
    0xff, 0x0, 0x9, 0xf8, 0x0, 0x2, 0xfe, 0xcc,
    0xcc, 0xcc, 0xff, 0x0, 0x0, 0x70, 0x0, 0x2,
    0xf9, 0x0, 0x0, 0x0, 0xcf, 0x0, 0x0, 0x0,
    0x0, 0x0, 0x10, 0x0, 0x0, 0x0, 0x0, 0x0,

    /* U+6D45 "浅" */
    0x0, 0x11, 0x0, 0x0, 0x1, 0x87, 0x1, 0x10,
    0x0, 0x0, 0x0, 0xdf, 0x80, 0x0, 0x1, 0xfd,
    0xd, 0xe5, 0x0, 0x0, 0x0, 0x4d, 0xfc, 0x10,
    0x1, 0xfd, 0x3, 0xef, 0x80, 0x0, 0x0, 0x0,
    0xab, 0x0, 0x0, 0xfe, 0x0, 0x1b, 0x30, 0x0,
    0x0, 0x0, 0x0, 0x0, 0x1, 0xff, 0x79, 0xac,
    0xef, 0x10, 0x0, 0x0, 0x0, 0x7d, 0xff, 0xff,
    0xff, 0xff, 0xdb, 0x10, 0xa, 0x91, 0x0, 0x7f,
    0xdb, 0xef, 0x63, 0x10, 0x0, 0x0, 0x1b, 0xff,
    0x60, 0x0, 0x0, 0xbf, 0x30, 0x0, 0x0, 0x0,
    0x0, 0x5e, 0xe0, 0x0, 0x0, 0x9f, 0x86, 0x8a,
    0xce, 0xd0, 0x0, 0x2, 0x30, 0x79, 0xce, 0xff,
    0xff, 0xff, 0xfd, 0xa0, 0x0, 0x0, 0x0, 0xdf,
    0xfe, 0xdf, 0xe5, 0x31, 0xa, 0x30, 0x0, 0x0,
    0xa2, 0x33, 0x0, 0xf, 0xf0, 0x0, 0xbf, 0x90,
    0x0, 0x4, 0xfa, 0x0, 0x0, 0xb, 0xf4, 0x1c,
    0xfb, 0x0, 0x0, 0xc, 0xf3, 0x0, 0x0, 0x7,
    0xfc, 0xef, 0xa1, 0x0, 0x0, 0x3f, 0xc0, 0x0,
    0x0, 0x4, 0xff, 0xf7, 0x5, 0xb1, 0x0, 0xbf,
    0x50, 0x0, 0x4, 0xbf, 0xff, 0xa0, 0x7, 0xf2,
    0x4, 0xfd, 0x0, 0x48, 0xef, 0xfd, 0x6f, 0xf6,
    0xb, 0xf0, 0xa, 0xf6, 0x0, 0x9f, 0xfb, 0x50,
    0x5, 0xff, 0xff, 0xb0, 0x0, 0x70, 0x0, 0x6,
    0x10, 0x0, 0x0, 0x4d, 0xfd, 0x20,

    /* U+6D4B "测" */
    0x0, 0x72, 0x0, 0x0, 0x0, 0x0, 0x0, 0x0,
    0x9, 0x50, 0x5f, 0xf9, 0xb, 0xcc, 0xcc, 0xcc,
    0x0, 0x0, 0xf9, 0x0, 0x5e, 0xf9, 0xed, 0xaa,
    0xad, 0xf0, 0x8e, 0xf, 0x90, 0x0, 0x19, 0x1e,
    0x80, 0x10, 0x8f, 0x8, 0xe0, 0xf9, 0x0, 0x0,
    0x0, 0xe8, 0x4f, 0x28, 0xf0, 0x8e, 0xf, 0x90,
    0x10, 0x0, 0xe, 0x84, 0xf2, 0x8f, 0x8, 0xe0,
    0xf9, 0x1e, 0xd4, 0x0, 0xe8, 0x4f, 0x28, 0xf0,
    0x8e, 0xf, 0x91, 0x9f, 0xfa, 0xe, 0x84, 0xf2,
    0x8f, 0x8, 0xe0, 0xf9, 0x0, 0x3d, 0x50, 0xe8,
    0x4f, 0x28, 0xf0, 0x8e, 0xf, 0x90, 0x0, 0x0,
    0xe, 0x84, 0xf2, 0x8f, 0x8, 0xe0, 0xf9, 0x0,
    0x0, 0x0, 0xe8, 0x4f, 0x28, 0xf0, 0x8e, 0xf,
    0x90, 0x0, 0x86, 0xe, 0x84, 0xf1, 0x8f, 0x8,
    0xe0, 0xf9, 0x0, 0xe, 0xf0, 0xe8, 0x5f, 0x18,
    0xf0, 0x8e, 0xf, 0x90, 0x4, 0xfa, 0xe, 0x87,
    0xf0, 0x8f, 0x8, 0xe0, 0xf9, 0x0, 0xaf, 0x40,
    0x0, 0xbc, 0x20, 0x0, 0x0, 0xf, 0x90, 0x1f,
    0xe0, 0x0, 0x2f, 0x9f, 0x80, 0x0, 0x0, 0xf9,
    0x7, 0xf9, 0x0, 0x1d, 0xd0, 0x7f, 0x50, 0x0,
    0xf, 0x90, 0xef, 0x20, 0x5e, 0xe2, 0x0, 0xbf,
    0x23, 0x99, 0xf8, 0x2, 0x80, 0x6, 0xb2, 0x0,
    0x1, 0xa2, 0x1f, 0xfc, 0x20, 0x0, 0x0, 0x0,
    0x0, 0x0, 0x0, 0x0, 0x0, 0x0,

    /* U+6D88 "消" */
    0x0, 0x35, 0x0, 0x0, 0x10, 0x0, 0xce, 0x0,
    0x2, 0x0, 0xd, 0xfc, 0x20, 0x7f, 0x40, 0xd,
    0xf1, 0x3, 0xfa, 0x0, 0x1a, 0xff, 0x32, 0xfe,
    0x0, 0xdf, 0x10, 0xbf, 0x40, 0x0, 0x6, 0xc0,
    0xa, 0xf7, 0xd, 0xf1, 0x3f, 0xb0, 0x0, 0x0,
    0x0, 0x0, 0x2f, 0x70, 0xdf, 0x17, 0xe2, 0x0,
    0x1, 0x0, 0x0, 0x3, 0x43, 0x3e, 0xf4, 0x34,
    0x30, 0xb, 0xf8, 0x0, 0x3, 0xff, 0xff, 0xff,
    0xff, 0xff, 0x10, 0x4d, 0xfd, 0x30, 0x3f, 0xd9,
    0x99, 0x99, 0x9e, 0xf1, 0x0, 0x9, 0xf2, 0x3,
    0xfa, 0x0, 0x0, 0x0, 0xcf, 0x10, 0x0, 0x2,
    0x0, 0x3f, 0xea, 0xaa, 0xaa, 0xae, 0xf1, 0x0,
    0x0, 0x0, 0x3, 0xff, 0xff, 0xff, 0xff, 0xff,
    0x10, 0x0, 0x5, 0xa0, 0x3f, 0xa0, 0x0, 0x0,
    0xc, 0xf1, 0x0, 0x0, 0xdf, 0x23, 0xfa, 0x0,
    0x0, 0x0, 0xcf, 0x10, 0x0, 0x5f, 0xb0, 0x3f,
    0xff, 0xff, 0xff, 0xff, 0xf1, 0x0, 0xc, 0xf4,
    0x3, 0xfd, 0x99, 0x99, 0x99, 0xef, 0x10, 0x5,
    0xfc, 0x0, 0x3f, 0xa0, 0x0, 0x0, 0xc, 0xf1,
    0x0, 0xdf, 0x50, 0x3, 0xfa, 0x0, 0x0, 0x0,
    0xcf, 0x10, 0x4f, 0xd0, 0x0, 0x3f, 0xa0, 0x0,
    0x2d, 0xcf, 0xf0, 0x0, 0x54, 0x0, 0x3, 0xfa,
    0x0, 0x0, 0xde, 0xd6, 0x0,

    /* U+6DF1 "深" */
    0x0, 0x93, 0x0, 0x0, 0x0, 0x0, 0x0, 0x0,
    0x0, 0x0, 0x5, 0xff, 0xa1, 0x9f, 0xff, 0xff,
    0xff, 0xff, 0xff, 0x90, 0x0, 0x4d, 0xf7, 0x9f,
    0xba, 0xaa, 0xaa, 0xaa, 0xbf, 0xa0, 0x0, 0x0,
    0x70, 0x9f, 0x11, 0x0, 0x0, 0x20, 0x2f, 0xa0,
    0x0, 0x0, 0x0, 0x8d, 0x1b, 0xe2, 0xb, 0xf4,
    0x1c, 0x70, 0x1, 0x0, 0x0, 0x0, 0x7f, 0xa0,
    0x3, 0xef, 0x40, 0x0, 0x1e, 0xb2, 0x0, 0x6,
    0xfe, 0x10, 0x0, 0x3f, 0xf4, 0x0, 0x2c, 0xff,
    0x70, 0x7f, 0xf3, 0x1, 0x20, 0x4, 0xfe, 0x20,
    0x0, 0x6f, 0xb0, 0x2d, 0x30, 0xd, 0xf1, 0x0,
    0x6a, 0x10, 0x0, 0x1, 0x20, 0x0, 0x0, 0xd,
    0xf2, 0x0, 0x0, 0x0, 0x0, 0x0, 0x0, 0xaf,
    0xff, 0xff, 0xff, 0xff, 0xff, 0xa0, 0x0, 0x1,
    0xb0, 0x7a, 0xaa, 0xff, 0xff, 0xca, 0xaa, 0x70,
    0x0, 0x8, 0xf4, 0x0, 0x5, 0xff, 0xff, 0xd0,
    0x0, 0x0, 0x0, 0xe, 0xd0, 0x0, 0x2f, 0xdd,
    0xf9, 0xfa, 0x0, 0x0, 0x0, 0x7f, 0x60, 0x2,
    0xef, 0x3d, 0xf1, 0xcf, 0x90, 0x0, 0x0, 0xee,
    0x0, 0x3e, 0xf7, 0xd, 0xf1, 0x1d, 0xfb, 0x10,
    0x7, 0xf8, 0x6, 0xff, 0x70, 0xd, 0xf1, 0x2,
    0xdf, 0xe0, 0xd, 0xf1, 0x1, 0xd5, 0x0, 0xd,
    0xf1, 0x0, 0x1b, 0x50, 0x1, 0x60, 0x0, 0x0,
    0x0, 0xd, 0xf1, 0x0, 0x0, 0x0,

    /* U+6E05 "清" */
    0x0, 0x41, 0x0, 0x0, 0x0, 0xb, 0xe1, 0x0,
    0x0, 0x0, 0x4f, 0xe6, 0x4, 0x66, 0x66, 0xef,
    0x76, 0x66, 0x61, 0x0, 0x7f, 0xf7, 0xbf, 0xff,
    0xff, 0xff, 0xff, 0xff, 0x20, 0x0, 0x2b, 0x10,
    0x0, 0x0, 0xcf, 0x10, 0x0, 0x0, 0x0, 0x0,
    0x0, 0x3f, 0xff, 0xff, 0xff, 0xff, 0xfa, 0x0,
    0x20, 0x0, 0x1, 0x55, 0x55, 0xef, 0x65, 0x55,
    0x30, 0x2f, 0xd3, 0x3, 0x77, 0x77, 0x7e, 0xf8,
    0x77, 0x77, 0x61, 0x9f, 0xf8, 0x7f, 0xff, 0xff,
    0xff, 0xff, 0xff, 0xfe, 0x0, 0x4e, 0x70, 0x0,
    0x11, 0x11, 0x11, 0x11, 0x10, 0x0, 0x0, 0x10,
    0x0, 0xcf, 0xff, 0xff, 0xff, 0xff, 0x60, 0x0,
    0x0, 0x0, 0xc, 0xf5, 0x55, 0x55, 0x5a, 0xf6,
    0x0, 0x0, 0x2d, 0x30, 0xcf, 0x66, 0x66, 0x66,
    0xaf, 0x60, 0x0, 0x8, 0xf7, 0xc, 0xff, 0xff,
    0xff, 0xff, 0xf6, 0x0, 0x0, 0xef, 0x10, 0xcf,
    0x0, 0x0, 0x0, 0x6f, 0x60, 0x0, 0x6f, 0xa0,
    0xc, 0xff, 0xff, 0xff, 0xff, 0xf6, 0x0, 0xd,
    0xf3, 0x0, 0xcf, 0x77, 0x77, 0x77, 0xaf, 0x60,
    0x5, 0xfc, 0x0, 0xc, 0xf0, 0x0, 0x0, 0x6,
    0xf6, 0x0, 0xaf, 0x50, 0x0, 0xcf, 0x0, 0x0,
    0x9a, 0xcf, 0x50, 0x0, 0x60, 0x0, 0xc, 0xf0,
    0x0, 0x8, 0xfe, 0xa0, 0x0,

    /* U+6E08 "済" */
    0x0, 0x0, 0x0, 0x0, 0x0, 0x0, 0x0, 0x0,
    0x0, 0x0, 0x0, 0x41, 0x0, 0x0, 0x0, 0x1d,
    0x80, 0x0, 0x0, 0x0, 0x1, 0xfe, 0x40, 0x0,
    0x0, 0xc, 0xf1, 0x0, 0x0, 0x0, 0x0, 0x5f,
    0xf5, 0xcf, 0xff, 0xff, 0xff, 0xff, 0xff, 0xf1,
    0x0, 0x3, 0xd2, 0x9b, 0xed, 0xbb, 0xbb, 0xbf,
    0xfb, 0xb0, 0x0, 0x0, 0x0, 0x1, 0xee, 0x30,
    0x0, 0x9f, 0x80, 0x0, 0x0, 0x0, 0x0, 0x0,
    0x2e, 0xf8, 0x3b, 0xfa, 0x0, 0x0, 0xd, 0x90,
    0x0, 0x0, 0x1, 0xdf, 0xff, 0xa0, 0x0, 0x0,
    0x1b, 0xfe, 0x20, 0x47, 0xae, 0xff, 0xcf, 0xff,
    0xca, 0x82, 0x0, 0x7f, 0x30, 0xef, 0xe9, 0x50,
    0x1, 0x6a, 0xef, 0xd0, 0x0, 0x2, 0x0, 0x23,
    0x95, 0x0, 0x0, 0x8, 0x90, 0x10, 0x0, 0x0,
    0x0, 0x2, 0xfb, 0x44, 0x44, 0x4d, 0xf0, 0x0,
    0x0, 0x1, 0xc1, 0x2, 0xff, 0xff, 0xff, 0xff,
    0xf0, 0x0, 0x0, 0x7, 0xf4, 0x3, 0xfa, 0x33,
    0x33, 0x3d, 0xf0, 0x0, 0x0, 0xe, 0xd0, 0x6,
    0xfb, 0x77, 0x77, 0x7e, 0xf0, 0x0, 0x0, 0x5f,
    0x70, 0x9, 0xff, 0xff, 0xff, 0xff, 0xf0, 0x0,
    0x0, 0xdf, 0x10, 0xf, 0xf1, 0x0, 0x0, 0xd,
    0xf0, 0x0, 0x5, 0xf9, 0x0, 0x8f, 0x90, 0x0,
    0x0, 0xd, 0xf0, 0x0, 0xa, 0xf2, 0x5, 0xff,
    0x10, 0x0, 0x0, 0xd, 0xf0, 0x0, 0x0, 0x70,
    0x4, 0xe5, 0x0, 0x0, 0x0, 0xd, 0xf0, 0x0,
    0x0, 0x0, 0x0, 0x0, 0x0, 0x0, 0x0, 0x0,
    0x0, 0x0,

    /* U+6EE4 "滤" */
    0x0, 0x0, 0x0, 0x0, 0x0, 0x9, 0x80, 0x0,
    0x0, 0x0, 0x1, 0xca, 0x10, 0x0, 0x0, 0xd,
    0xe7, 0x77, 0x77, 0x20, 0x0, 0x9f, 0xe3, 0x0,
    0x0, 0xd, 0xff, 0xff, 0xff, 0x50, 0x0, 0x5,
    0xf9, 0x1, 0x11, 0x1d, 0xd1, 0x11, 0x11, 0x0,
    0x0, 0x0, 0x20, 0xaf, 0xff, 0xff, 0xff, 0xff,
    0xff, 0xf1, 0x0, 0x0, 0x0, 0xaf, 0x54, 0xbf,
    0x54, 0x44, 0x4e, 0xc0, 0xc, 0xb2, 0x0, 0xaf,
    0x10, 0x9f, 0x22, 0x34, 0x2f, 0x60, 0x8, 0xff,
    0x60, 0xaf, 0x4d, 0xff, 0xff, 0xfe, 0x4, 0x0,
    0x0, 0x3e, 0xa0, 0xaf, 0x38, 0xcf, 0x53, 0x10,
    0x29, 0x20, 0x0, 0x1, 0x0, 0xaf, 0x0, 0x8f,
    0x87, 0x77, 0xaf, 0x30, 0x0, 0x0, 0x0, 0xbf,
    0x0, 0x2d, 0xff, 0xff, 0xfa, 0x0, 0x0, 0x4,
    0xb0, 0xcf, 0x0, 0x0, 0x0, 0x0, 0x0, 0x0,
    0x0, 0xa, 0xf4, 0xdd, 0x0, 0x0, 0x6d, 0x0,
    0x0, 0x0, 0x0, 0x1f, 0xe0, 0xfb, 0x1, 0x24,
    0x2f, 0x80, 0xa8, 0x0, 0x0, 0x6f, 0x82, 0xf9,
    0x5e, 0x9f, 0x8, 0xf2, 0x6f, 0x20, 0x0, 0xdf,
    0x26, 0xf5, 0x9b, 0x9f, 0x0, 0xd4, 0x1d, 0xa0,
    0x5, 0xfb, 0xa, 0xf1, 0xe6, 0x9f, 0x0, 0x2,
    0xf8, 0xf1, 0xa, 0xf4, 0x1f, 0xc5, 0xf1, 0x8f,
    0x44, 0x48, 0xf1, 0xe4, 0x0, 0x80, 0x3f, 0x50,
    0x30, 0x3e, 0xff, 0xff, 0x90, 0x0, 0x0, 0x0,
    0x2, 0x0, 0x0, 0x0, 0x0, 0x0, 0x0, 0x0,

    /* U+70B9 "点" */
    0x0, 0x0, 0x0, 0x0, 0x1e, 0xc0, 0x0, 0x0,
    0x0, 0x0, 0x0, 0x0, 0x0, 0x0, 0x1f, 0xd0,
    0x0, 0x0, 0x0, 0x0, 0x0, 0x0, 0x0, 0x0,
    0x1f, 0xff, 0xff, 0xff, 0xff, 0x40, 0x0, 0x0,
    0x0, 0x0, 0x1f, 0xfd, 0xdd, 0xdd, 0xdd, 0x30,
    0x0, 0x0, 0x0, 0x0, 0x1f, 0xd0, 0x0, 0x0,
    0x0, 0x0, 0x0, 0x0, 0x0, 0x0, 0x1f, 0xd0,
    0x0, 0x0, 0x0, 0x0, 0x0, 0xb, 0xee, 0xee,
    0xef, 0xfe, 0xee, 0xee, 0xb0, 0x0, 0x0, 0xc,
    0xfe, 0xee, 0xee, 0xee, 0xee, 0xef, 0xd0, 0x0,
    0x0, 0xc, 0xf0, 0x0, 0x0, 0x0, 0x0, 0x1f,
    0xd0, 0x0, 0x0, 0xc, 0xf0, 0x0, 0x0, 0x0,
    0x0, 0x1f, 0xd0, 0x0, 0x0, 0xc, 0xf0, 0x0,
    0x0, 0x0, 0x0, 0x1f, 0xd0, 0x0, 0x0, 0xc,
    0xff, 0xff, 0xff, 0xff, 0xff, 0xff, 0xd0, 0x0,
    0x0, 0x9, 0xcc, 0xcc, 0xcc, 0xcc, 0xcc, 0xcc,
    0xa0, 0x0, 0x0, 0x1, 0x0, 0x0, 0x0, 0x0,
    0x0, 0x0, 0x20, 0x0, 0x0, 0xe, 0xd0, 0x3a,
    0x50, 0x1b, 0x90, 0xd, 0xf2, 0x0, 0x0, 0x7f,
    0x90, 0x3f, 0xa0, 0xc, 0xf1, 0x5, 0xfd, 0x0,
    0x2, 0xff, 0x10, 0x1f, 0xc0, 0x7, 0xf8, 0x0,
    0xbf, 0x70, 0xd, 0xf6, 0x0, 0xf, 0xe0, 0x1,
    0xfd, 0x0, 0x2f, 0xe0, 0x2, 0x60, 0x0, 0x7,
    0x50, 0x0, 0x51, 0x0, 0x5, 0x10,

    /* U+7121 "無" */
    0x0, 0x0, 0x2b, 0x60, 0x0, 0x0, 0x0, 0x0,
    0x0, 0x0, 0x0, 0x0, 0xbf, 0x70, 0x0, 0x0,
    0x0, 0x0, 0x0, 0x0, 0x0, 0x6, 0xff, 0xaa,
    0xaa, 0xaa, 0xaa, 0xaa, 0xaa, 0x60, 0x0, 0x4f,
    0xff, 0xff, 0xff, 0xff, 0xff, 0xff, 0xff, 0xa0,
    0x5, 0xff, 0xf9, 0x8, 0xf1, 0xf, 0xa0, 0x2f,
    0x90, 0x0, 0xa, 0xf7, 0xf9, 0x8, 0xf1, 0xf,
    0xa0, 0x2f, 0x90, 0x0, 0x0, 0x21, 0xf9, 0x8,
    0xf1, 0xf, 0xa0, 0x2f, 0x90, 0x0, 0x3, 0xff,
    0xff, 0xff, 0xff, 0xff, 0xff, 0xff, 0xff, 0xa0,
    0x2, 0xbc, 0xfe, 0xbe, 0xfc, 0xbf, 0xeb, 0xcf,
    0xeb, 0x70, 0x0, 0x1, 0xf9, 0x8, 0xf1, 0xf,
    0xa0, 0x2f, 0x90, 0x0, 0x0, 0x1, 0xf9, 0x8,
    0xf1, 0xf, 0xa0, 0x2f, 0x90, 0x0, 0x0, 0x1,
    0xf9, 0x8, 0xf1, 0xf, 0xa0, 0x2f, 0x90, 0x0,
    0xc, 0xff, 0xff, 0xff, 0xff, 0xff, 0xff, 0xff,
    0xff, 0xf4, 0x8, 0xbb, 0xbb, 0xbb, 0xbb, 0xbb,
    0xbb, 0xbb, 0xbb, 0xb3, 0x0, 0x7, 0x50, 0x1,
    0x20, 0x1, 0x30, 0x3, 0x83, 0x0, 0x0, 0x2f,
    0xe0, 0xf, 0xc0, 0xd, 0xf2, 0x5, 0xfd, 0x0,
    0x0, 0xbf, 0x70, 0xd, 0xf0, 0x7, 0xf8, 0x0,
    0xaf, 0x90, 0x6, 0xfd, 0x0, 0xc, 0xf1, 0x3,
    0xfd, 0x0, 0x1f, 0xf3, 0x5, 0xc3, 0x0, 0x7,
    0x81, 0x0, 0xa7, 0x0, 0x7, 0xa3,

    /* U+7247 "片" */
    0x0, 0x5, 0x71, 0x0, 0x0, 0x3e, 0xb0, 0x0,
    0x0, 0x0, 0x0, 0xcf, 0x30, 0x0, 0x3, 0xfc,
    0x0, 0x0, 0x0, 0x0, 0xc, 0xf3, 0x0, 0x0,
    0x3f, 0xc0, 0x0, 0x0, 0x0, 0x0, 0xcf, 0x30,
    0x0, 0x3, 0xfc, 0x0, 0x0, 0x0, 0x0, 0xc,
    0xf3, 0x0, 0x0, 0x3f, 0xc0, 0x0, 0x0, 0x0,
    0x0, 0xcf, 0xdd, 0xdd, 0xdd, 0xff, 0xdd, 0xdd,
    0xd0, 0x0, 0xc, 0xff, 0xff, 0xff, 0xff, 0xff,
    0xff, 0xff, 0x0, 0x0, 0xcf, 0x41, 0x11, 0x11,
    0x11, 0x11, 0x11, 0x10, 0x0, 0xc, 0xf2, 0x0,
    0x0, 0x0, 0x0, 0x0, 0x0, 0x0, 0x0, 0xdf,
    0x20, 0x0, 0x0, 0x0, 0x0, 0x0, 0x0, 0x0,
    0xe, 0xff, 0xee, 0xee, 0xee, 0xee, 0xe3, 0x0,
    0x0, 0x0, 0xff, 0xff, 0xff, 0xff, 0xff, 0xff,
    0x40, 0x0, 0x0, 0x3f, 0xd0, 0x0, 0x0, 0x0,
    0xc, 0xf4, 0x0, 0x0, 0x7, 0xfa, 0x0, 0x0,
    0x0, 0x0, 0xcf, 0x40, 0x0, 0x0, 0xcf, 0x60,
    0x0, 0x0, 0x0, 0xc, 0xf4, 0x0, 0x0, 0x3f,
    0xf1, 0x0, 0x0, 0x0, 0x0, 0xcf, 0x40, 0x0,
    0xc, 0xfa, 0x0, 0x0, 0x0, 0x0, 0xc, 0xf4,
    0x0, 0x5, 0xff, 0x10, 0x0, 0x0, 0x0, 0x0,
    0xcf, 0x40, 0x0, 0x8, 0x60, 0x0, 0x0, 0x0,
    0x0, 0xc, 0xf4, 0x0, 0x0, 0x0, 0x0, 0x0,
    0x0, 0x0, 0x0, 0x0, 0x0, 0x0,

    /* U+7269 "物" */
    0x0, 0x0, 0x9d, 0x0, 0x0, 0x7a, 0x10, 0x0,
    0x0, 0x0, 0x3, 0x92, 0xbf, 0x10, 0x0, 0xdf,
    0x0, 0x0, 0x0, 0x0, 0x6, 0xf4, 0xbf, 0x10,
    0x1, 0xfb, 0x0, 0x0, 0x0, 0x0, 0x7, 0xf1,
    0xbf, 0x10, 0x7, 0xfc, 0x99, 0x99, 0x9b, 0x90,
    0xa, 0xfd, 0xff, 0xdc, 0xd, 0xff, 0xff, 0xff,
    0xff, 0xf1, 0xd, 0xff, 0xff, 0xfe, 0x5f, 0xa2,
    0xfa, 0x3f, 0xad, 0xf0, 0xf, 0x90, 0xbf, 0x10,
    0xdf, 0x24, 0xf5, 0x4f, 0x6d, 0xf0, 0x5f, 0x50,
    0xbf, 0x19, 0xf9, 0xa, 0xf0, 0x8f, 0x2e, 0xe0,
    0x19, 0x0, 0xbf, 0x12, 0xb0, 0x1f, 0xa0, 0xce,
    0xe, 0xd0, 0x0, 0x0, 0xbf, 0x59, 0x20, 0x9f,
    0x32, 0xf9, 0xf, 0xc0, 0x0, 0x16, 0xef, 0xff,
    0x52, 0xfc, 0x7, 0xf4, 0xf, 0xb0, 0x2d, 0xff,
    0xff, 0x94, 0xc, 0xf3, 0xe, 0xe0, 0x2f, 0xa0,
    0x1f, 0xd8, 0xcf, 0x10, 0x9f, 0x90, 0x5f, 0x70,
    0x3f, 0x90, 0x2, 0x0, 0xbf, 0x13, 0xfd, 0x0,
    0xdf, 0x10, 0x5f, 0x70, 0x0, 0x0, 0xbf, 0x10,
    0x21, 0x7, 0xf8, 0x0, 0x7f, 0x60, 0x0, 0x0,
    0xbf, 0x10, 0x0, 0x2f, 0xe1, 0x0, 0xaf, 0x30,
    0x0, 0x0, 0xbf, 0x10, 0x1, 0xef, 0x50, 0x0,
    0xef, 0x0, 0x0, 0x0, 0xbf, 0x10, 0x1d, 0xf8,
    0x8, 0xde, 0xfb, 0x0, 0x0, 0x0, 0xbf, 0x10,
    0x3, 0x80, 0x5, 0xff, 0xc2, 0x0, 0x0, 0x0,
    0x0, 0x0, 0x0, 0x0, 0x0, 0x0, 0x0, 0x0,

    /* U+7387 "率" */
    0x0, 0x0, 0x0, 0x0, 0x3a, 0x90, 0x0, 0x0,
    0x0, 0x0, 0x0, 0x0, 0x0, 0x0, 0x1e, 0xf5,
    0x0, 0x0, 0x0, 0x0, 0x8, 0xff, 0xff, 0xff,
    0xff, 0xff, 0xff, 0xff, 0xff, 0xe0, 0x5, 0xbb,
    0xbb, 0xbb, 0xef, 0xdb, 0xbb, 0xbb, 0xbb, 0xa0,
    0x0, 0x65, 0x0, 0x2, 0xfc, 0x1, 0xb5, 0x0,
    0x94, 0x0, 0x1, 0xdf, 0xa1, 0x2d, 0xf7, 0x6c,
    0xf4, 0xb, 0xfb, 0x0, 0x0, 0x9, 0xf9, 0x7f,
    0xff, 0xff, 0x50, 0xcf, 0x80, 0x0, 0x0, 0x0,
    0x50, 0x25, 0x4d, 0xf6, 0x20, 0x24, 0x0, 0x0,
    0x0, 0x0, 0x6d, 0x11, 0xcf, 0x5a, 0xf3, 0xca,
    0x10, 0x0, 0x1, 0x7e, 0xfc, 0x6d, 0xfa, 0x8b,
    0xfd, 0x9f, 0xe5, 0x0, 0xa, 0xfd, 0x50, 0xef,
    0xff, 0xfd, 0xdf, 0x54, 0xef, 0x80, 0x2, 0x60,
    0x0, 0x54, 0x29, 0x80, 0x9, 0x30, 0x19, 0x10,
    0x0, 0x0, 0x0, 0x0, 0xf, 0xf1, 0x0, 0x0,
    0x0, 0x0, 0xf, 0xff, 0xff, 0xff, 0xff, 0xff,
    0xff, 0xff, 0xff, 0xf1, 0xb, 0xbb, 0xbb, 0xbb,
    0xbf, 0xfb, 0xbb, 0xbb, 0xbb, 0xb0, 0x0, 0x0,
    0x0, 0x0, 0xf, 0xf0, 0x0, 0x0, 0x0, 0x0,
    0x0, 0x0, 0x0, 0x0, 0xf, 0xf0, 0x0, 0x0,
    0x0, 0x0, 0x0, 0x0, 0x0, 0x0, 0xf, 0xf0,
    0x0, 0x0, 0x0, 0x0, 0x0, 0x0, 0x0, 0x0,
    0xf, 0xf0, 0x0, 0x0, 0x0, 0x0,

    /* U+73B0 "现" */
    0x0, 0x0, 0x0, 0x0, 0x0, 0x0, 0x0, 0x0,
    0x0, 0x0, 0x2b, 0xbb, 0xbb, 0xb6, 0xbf, 0xff,
    0xff, 0xff, 0xfc, 0x0, 0x3f, 0xff, 0xff, 0xf9,
    0xbf, 0xa9, 0x99, 0x9a, 0xfc, 0x0, 0x0, 0xa,
    0xf3, 0x0, 0xbf, 0x10, 0x0, 0x1, 0xfc, 0x0,
    0x0, 0xa, 0xf2, 0x0, 0xbf, 0x10, 0xcb, 0x1,
    0xfc, 0x0, 0x0, 0xa, 0xf2, 0x0, 0xbf, 0x10,
    0xed, 0x1, 0xfc, 0x0, 0x0, 0xa, 0xf2, 0x0,
    0xbf, 0x10, 0xed, 0x1, 0xfc, 0x0, 0xb, 0xcf,
    0xfd, 0xc2, 0xbf, 0x10, 0xed, 0x1, 0xfc, 0x0,
    0xe, 0xff, 0xff, 0xf2, 0xbf, 0x10, 0xfd, 0x1,
    0xfc, 0x0, 0x0, 0xa, 0xf2, 0x0, 0xbf, 0x10,
    0xfc, 0x1, 0xfc, 0x0, 0x0, 0xa, 0xf2, 0x0,
    0xbf, 0x11, 0xfa, 0x1, 0xfc, 0x0, 0x0, 0xa,
    0xf2, 0x0, 0x8b, 0x4, 0xf7, 0x0, 0xb8, 0x0,
    0x0, 0xa, 0xf2, 0x0, 0x0, 0x9, 0xfd, 0x80,
    0x0, 0x0, 0x0, 0xa, 0xf6, 0x99, 0x0, 0xe,
    0xff, 0xb0, 0x0, 0x0, 0x1, 0x5d, 0xff, 0xfc,
    0x0, 0x8f, 0x8f, 0xb0, 0x6, 0xa0, 0x6f, 0xff,
    0xfd, 0x72, 0x4, 0xfe, 0x1f, 0xb0, 0x7, 0xf0,
    0x4f, 0xd7, 0x20, 0x0, 0x4f, 0xf3, 0x1f, 0xb0,
    0x8, 0xf0, 0x2, 0x0, 0x0, 0x8, 0xff, 0x50,
    0xf, 0xe6, 0x6d, 0xc0, 0x0, 0x0, 0x0, 0x4f,
    0xe4, 0x0, 0x9, 0xff, 0xfe, 0x40, 0x0, 0x0,
    0x0, 0x4, 0x0, 0x0, 0x0, 0x0, 0x0, 0x0,

    /* U+74E6 "瓦" */
    0xbd, 0xdd, 0xdd, 0xdd, 0xdd, 0xdd, 0xdd, 0xdd,
    0xd4, 0xe, 0xff, 0xff, 0xff, 0xff, 0xff, 0xff,
    0xff, 0xff, 0x50, 0x0, 0x0, 0x7f, 0xa0, 0x0,
    0x0, 0x0, 0x0, 0x0, 0x0, 0x0, 0xa, 0xf7,
    0x0, 0x0, 0x0, 0x0, 0x0, 0x0, 0x0, 0x0,
    0xcf, 0x50, 0x0, 0x0, 0x10, 0x0, 0x0, 0x0,
    0x0, 0xe, 0xff, 0xff, 0xff, 0xff, 0xe0, 0x0,
    0x0, 0x0, 0x1, 0xff, 0xbb, 0xbb, 0xbb, 0xfe,
    0x0, 0x0, 0x0, 0x0, 0x3f, 0xd0, 0x0, 0x0,
    0xf, 0xe0, 0x0, 0x0, 0x0, 0x6, 0xfa, 0x9,
    0x20, 0x0, 0xfe, 0x0, 0x0, 0x0, 0x0, 0x9f,
    0x86, 0xfe, 0x10, 0xf, 0xe0, 0x0, 0x0, 0x0,
    0xb, 0xf6, 0x9, 0xfd, 0x10, 0xfe, 0x0, 0x0,
    0x0, 0x0, 0xef, 0x30, 0xb, 0xfb, 0xf, 0xe0,
    0x0, 0x0, 0x0, 0x1f, 0xf1, 0x0, 0x1e, 0xa0,
    0xfe, 0x0, 0x30, 0x0, 0x4, 0xfe, 0x0, 0x0,
    0x10, 0xf, 0xe0, 0xa, 0xe0, 0x0, 0x8f, 0xb0,
    0x0, 0x0, 0x0, 0xfe, 0x0, 0xaf, 0x0, 0x4e,
    0xfa, 0x46, 0x8b, 0xdf, 0xf, 0xf0, 0xc, 0xd0,
    0xd, 0xff, 0xff, 0xff, 0xff, 0xc0, 0xef, 0xdd,
    0xfa, 0x0, 0x8f, 0xdb, 0x86, 0x31, 0x0, 0x6,
    0xff, 0xfe, 0x30, 0x1, 0x0, 0x0, 0x0, 0x0,
    0x0, 0x0, 0x0, 0x0, 0x0,

    /* U+7528 "用" */
    0x0, 0xa, 0xba, 0xaa, 0xaa, 0xaa, 0xaa, 0xaa,
    0xb9, 0x0, 0xf, 0xff, 0xff, 0xff, 0xff, 0xff,
    0xff, 0xfe, 0x0, 0xf, 0xe2, 0x22, 0x2d, 0xf3,
    0x22, 0x22, 0xfe, 0x0, 0xf, 0xd0, 0x0, 0xd,
    0xf1, 0x0, 0x0, 0xfe, 0x0, 0xf, 0xd0, 0x0,
    0xd, 0xf1, 0x0, 0x0, 0xfe, 0x0, 0xf, 0xfd,
    0xdd, 0xdf, 0xfd, 0xdd, 0xdd, 0xfe, 0x0, 0xf,
    0xff, 0xff, 0xff, 0xff, 0xff, 0xff, 0xfe, 0x0,
    0xf, 0xd0, 0x0, 0xd, 0xf1, 0x0, 0x0, 0xfe,
    0x0, 0xf, 0xd0, 0x0, 0xd, 0xf1, 0x0, 0x0,
    0xfe, 0x0, 0x1f, 0xc0, 0x0, 0xd, 0xf2, 0x0,
    0x0, 0xfe, 0x0, 0x2f, 0xff, 0xff, 0xff, 0xff,
    0xff, 0xff, 0xfe, 0x0, 0x4f, 0xec, 0xcc, 0xcf,
    0xfc, 0xcc, 0xcc, 0xfe, 0x0, 0x6f, 0x70, 0x0,
    0xd, 0xf1, 0x0, 0x0, 0xfe, 0x0, 0xaf, 0x40,
    0x0, 0xd, 0xf1, 0x0, 0x0, 0xfe, 0x0, 0xff,
    0x0, 0x0, 0xd, 0xf1, 0x0, 0x0, 0xfe, 0x6,
    0xfa, 0x0, 0x0, 0xd, 0xf1, 0x0, 0x0, 0xfe,
    0x1e, 0xf3, 0x0, 0x0, 0xd, 0xf1, 0x4c, 0xcc,
    0xfc, 0x1b, 0x90, 0x0, 0x0, 0xc, 0xf1, 0xf,
    0xff, 0xd4, 0x0, 0x0, 0x0, 0x0, 0x0, 0x0,
    0x0, 0x0, 0x0,

    /* U+7531 "由" */
    0x0, 0x0, 0x0, 0xe, 0xc0, 0x0, 0x0, 0x0,
    0x0, 0x0, 0x0, 0xf, 0xe0, 0x0, 0x0, 0x0,
    0x0, 0x0, 0x0, 0xf, 0xe0, 0x0, 0x0, 0x0,
    0x0, 0x0, 0x0, 0x1f, 0xe0, 0x0, 0x0, 0x0,
    0xdf, 0xff, 0xff, 0xff, 0xff, 0xff, 0xff, 0xff,
    0xdf, 0xdd, 0xdd, 0xdf, 0xfd, 0xdd, 0xdd, 0xff,
    0xdf, 0x10, 0x0, 0xf, 0xe0, 0x0, 0x0, 0xff,
    0xdf, 0x10, 0x0, 0xf, 0xe0, 0x0, 0x0, 0xff,
    0xdf, 0x10, 0x0, 0xf, 0xe0, 0x0, 0x0, 0xff,
    0xdf, 0x10, 0x0, 0x1f, 0xe0, 0x0, 0x0, 0xff,
    0xdf, 0xff, 0xff, 0xff, 0xff, 0xff, 0xff, 0xff,
    0xdf, 0xdc, 0xcc, 0xcf, 0xfc, 0xcc, 0xcc, 0xff,
    0xdf, 0x10, 0x0, 0xf, 0xe0, 0x0, 0x0, 0xff,
    0xdf, 0x10, 0x0, 0xf, 0xe0, 0x0, 0x0, 0xff,
    0xdf, 0x10, 0x0, 0xf, 0xe0, 0x0, 0x0, 0xff,
    0xdf, 0x32, 0x22, 0x3f, 0xe2, 0x22, 0x22, 0xff,
    0xdf, 0xff, 0xff, 0xff, 0xff, 0xff, 0xff, 0xff,
    0xdf, 0xcb, 0xbb, 0xbb, 0xbb, 0xbb, 0xbb, 0xff,
    0xdf, 0x10, 0x0, 0x0, 0x0, 0x0, 0x0, 0xff,
    0x1, 0x0, 0x0, 0x0, 0x0, 0x0, 0x0, 0x0,

    /* U+753B "画" */
    0x2b, 0xbb, 0xbb, 0xbb, 0xbb, 0xbb, 0xbb, 0xbb,
    0xb8, 0x3f, 0xff, 0xff, 0xff, 0xff, 0xff, 0xff,
    0xff, 0xfc, 0x0, 0x0, 0x0, 0x0, 0x0, 0x0,
    0x0, 0x0, 0x0, 0x0, 0x0, 0x0, 0x0, 0x0,
    0x0, 0x0, 0x0, 0x0, 0x0, 0x0, 0x7b, 0xbb,
    0xbb, 0xbb, 0xb9, 0x0, 0x0, 0x18, 0x60, 0xaf,
    0xee, 0xff, 0xee, 0xfe, 0x4, 0xa6, 0x2f, 0xc0,
    0xae, 0x0, 0xce, 0x0, 0xce, 0x7, 0xfa, 0x2f,
    0xc0, 0xae, 0x22, 0xce, 0x22, 0xce, 0x7, 0xfa,
    0x2f, 0xc0, 0xaf, 0xff, 0xff, 0xff, 0xfe, 0x7,
    0xfa, 0x2f, 0xc0, 0xaf, 0x55, 0xdf, 0x55, 0xde,
    0x7, 0xfa, 0x2f, 0xc0, 0xae, 0x0, 0xce, 0x0,
    0xce, 0x7, 0xfa, 0x2f, 0xc0, 0xae, 0x33, 0xce,
    0x33, 0xce, 0x7, 0xfa, 0x2f, 0xc0, 0xaf, 0xff,
    0xff, 0xff, 0xfe, 0x7, 0xfa, 0x2f, 0xc0, 0x36,
    0x66, 0x66, 0x66, 0x65, 0x7, 0xfa, 0x2f, 0xc0,
    0x0, 0x0, 0x0, 0x0, 0x0, 0x8, 0xfa, 0x2f,
    0xff, 0xff, 0xff, 0xff, 0xff, 0xff, 0xff, 0xfa,
    0x1b, 0xbb, 0xbb, 0xbb, 0xbb, 0xbb, 0xbb, 0xbd,
    0xfa, 0x0, 0x0, 0x0, 0x0, 0x0, 0x0, 0x0,
    0x7, 0xfa,

    /* U+76D8 "盘" */
    0x0, 0x0, 0x0, 0x0, 0x1, 0x0, 0x0, 0x0,
    0x0, 0x0, 0x0, 0x0, 0x0, 0x0, 0x2f, 0xd0,
    0x0, 0x0, 0x0, 0x0, 0x0, 0x0, 0x78, 0x77,
    0xbf, 0xd7, 0x77, 0x78, 0x50, 0x0, 0x0, 0x0,
    0xef, 0xff, 0xff, 0xff, 0xff, 0xff, 0xb0, 0x0,
    0x0, 0x0, 0xee, 0x0, 0x88, 0x10, 0x0, 0x3f,
    0xb0, 0x0, 0x0, 0x0, 0xee, 0x0, 0xaf, 0xe4,
    0x0, 0x3f, 0xb0, 0x0, 0x0, 0x0, 0xfe, 0x0,
    0x3, 0xd9, 0x0, 0x3f, 0xb0, 0x0, 0xf, 0xff,
    0xff, 0xff, 0xff, 0xff, 0xff, 0xff, 0xff, 0xf2,
    0x9, 0x9b, 0xfd, 0x99, 0xb9, 0x99, 0x99, 0xaf,
    0xe9, 0x91, 0x0, 0xb, 0xf5, 0x1, 0xee, 0x60,
    0x0, 0x3f, 0xb0, 0x0, 0x0, 0x7f, 0xd0, 0x0,
    0x2a, 0xf9, 0x45, 0x8f, 0xb0, 0x0, 0x4, 0xff,
    0x30, 0x0, 0x0, 0x41, 0x7f, 0xff, 0x50, 0x0,
    0x0, 0x59, 0x77, 0x77, 0x77, 0x77, 0x79, 0x87,
    0x71, 0x0, 0x0, 0xe, 0xff, 0xff, 0xff, 0xff,
    0xff, 0xff, 0xf2, 0x0, 0x0, 0xe, 0xd0, 0xe,
    0xd0, 0xe, 0xd0, 0xa, 0xf2, 0x0, 0x0, 0xe,
    0xd0, 0xe, 0xd0, 0xe, 0xd0, 0xa, 0xf2, 0x0,
    0x0, 0xe, 0xd0, 0xe, 0xd0, 0xe, 0xd0, 0xa,
    0xf2, 0x0, 0x1b, 0xbf, 0xfb, 0xbf, 0xfb, 0xbf,
    0xfb, 0xbe, 0xfc, 0xb1, 0x2f, 0xff, 0xff, 0xff,
    0xff, 0xff, 0xff, 0xff, 0xff, 0xf2, 0x2f, 0xff,
    0xff, 0xff, 0xff, 0xff, 0xff, 0xff, 0xff, 0xf2,

    /* U+76EE "目" */
    0xdd, 0xdd, 0xdd, 0xdd, 0xdd, 0xdd, 0xdc, 0xff,
    0xff, 0xff, 0xff, 0xff, 0xff, 0xff, 0xfe, 0x0,
    0x0, 0x0, 0x0, 0x0, 0xff, 0xfe, 0x0, 0x0,
    0x0, 0x0, 0x0, 0xff, 0xfe, 0x0, 0x0, 0x0,
    0x0, 0x0, 0xff, 0xff, 0xff, 0xff, 0xff, 0xff,
    0xff, 0xff, 0xff, 0xcc, 0xcc, 0xcc, 0xcc, 0xcc,
    0xff, 0xfe, 0x0, 0x0, 0x0, 0x0, 0x0, 0xff,
    0xfe, 0x0, 0x0, 0x0, 0x0, 0x0, 0xff, 0xfe,
    0x22, 0x22, 0x22, 0x22, 0x22, 0xff, 0xff, 0xff,
    0xff, 0xff, 0xff, 0xff, 0xff, 0xff, 0xaa, 0xaa,
    0xaa, 0xaa, 0xaa, 0xff, 0xfe, 0x0, 0x0, 0x0,
    0x0, 0x0, 0xff, 0xfe, 0x0, 0x0, 0x0, 0x0,
    0x0, 0xff, 0xff, 0xdd, 0xdd, 0xdd, 0xdd, 0xdd,
    0xff, 0xff, 0xff, 0xff, 0xff, 0xff, 0xff, 0xff,
    0xfe, 0x0, 0x0, 0x0, 0x0, 0x0, 0xff, 0xfe,
    0x0, 0x0, 0x0, 0x0, 0x0, 0xff,

    /* U+7740 "着" */
    0x0, 0x0, 0x8, 0xb0, 0x0, 0x0, 0x9, 0x82,
    0x0, 0x0, 0x0, 0x0, 0xbf, 0x90, 0x0, 0x4,
    0xfd, 0x0, 0x0, 0x0, 0x88, 0x8a, 0xfd, 0x88,
    0x88, 0xef, 0xb8, 0x87, 0x0, 0xe, 0xff, 0xff,
    0xff, 0xff, 0xff, 0xff, 0xff, 0xc0, 0x0, 0x0,
    0x0, 0x0, 0xef, 0x20, 0x0, 0x0, 0x0, 0x0,
    0x0, 0xff, 0xff, 0xff, 0xff, 0xff, 0xff, 0xfe,
    0x0, 0x0, 0x6, 0x66, 0x6f, 0xf8, 0x66, 0x66,
    0x66, 0x50, 0x0, 0x67, 0x77, 0x79, 0xff, 0x77,
    0x77, 0x77, 0x77, 0x74, 0xe, 0xff, 0xff, 0xff,
    0xff, 0xff, 0xff, 0xff, 0xff, 0x90, 0x0, 0x0,
    0xcf, 0xa1, 0x11, 0x11, 0x11, 0x11, 0x0, 0x0,
    0x0, 0x9f, 0xff, 0xff, 0xff, 0xff, 0xff, 0xe0,
    0x0, 0x0, 0x8f, 0xff, 0x64, 0x44, 0x44, 0x44,
    0xfe, 0x0, 0x0, 0xaf, 0xfe, 0xfd, 0xcc, 0xcc,
    0xcc, 0xcf, 0xe0, 0x3, 0xdf, 0xf4, 0xbf, 0x74,
    0x44, 0x44, 0x44, 0xfe, 0x0, 0x1d, 0xd2, 0xb,
    0xfb, 0xaa, 0xaa, 0xaa, 0xaf, 0xe0, 0x0, 0x10,
    0x0, 0xbf, 0xa8, 0x88, 0x88, 0x88, 0xfe, 0x0,
    0x0, 0x0, 0xb, 0xf8, 0x66, 0x66, 0x66, 0x6f,
    0xe0, 0x0, 0x0, 0x0, 0xbf, 0xff, 0xff, 0xff,
    0xff, 0xfe, 0x0, 0x0, 0x0, 0xb, 0xf3, 0x0,
    0x0, 0x0, 0xf, 0xe0, 0x0, 0x0, 0x0, 0x0,
    0x0, 0x0, 0x0, 0x0, 0x0, 0x0,

    /* U+77E5 "知" */
    0x0, 0x9, 0x50, 0x0, 0x0, 0x0, 0x0, 0x0,
    0x0, 0x0, 0x3, 0xfb, 0x0, 0x0, 0x0, 0x0,
    0x0, 0x0, 0x0, 0x0, 0x7f, 0x70, 0x0, 0x0,
    0xd, 0xff, 0xff, 0xff, 0x90, 0xd, 0xff, 0xff,
    0xff, 0xd0, 0xef, 0xdd, 0xde, 0xfa, 0x3, 0xfe,
    0xbf, 0xfb, 0xb9, 0xe, 0xe0, 0x0, 0x4f, 0xa0,
    0xbf, 0x41, 0xfd, 0x0, 0x0, 0xee, 0x0, 0x4,
    0xfa, 0x1e, 0xc0, 0x1f, 0xd0, 0x0, 0xe, 0xe0,
    0x0, 0x4f, 0xa0, 0x12, 0x1, 0xfd, 0x0, 0x0,
    0xee, 0x0, 0x4, 0xfa, 0xd, 0xdd, 0xdf, 0xfd,
    0xdd, 0x5e, 0xe0, 0x0, 0x4f, 0xa0, 0xff, 0xff,
    0xff, 0xff, 0xf6, 0xee, 0x0, 0x4, 0xfa, 0x0,
    0x0, 0x4f, 0xa0, 0x0, 0xe, 0xe0, 0x0, 0x4f,
    0xa0, 0x0, 0x7, 0xfd, 0x10, 0x0, 0xee, 0x0,
    0x4, 0xfa, 0x0, 0x0, 0xbf, 0xfc, 0x0, 0xe,
    0xe0, 0x0, 0x4f, 0xa0, 0x0, 0x1f, 0xe9, 0xfb,
    0x0, 0xee, 0x0, 0x4, 0xfa, 0x0, 0x9, 0xf8,
    0xc, 0xf9, 0xe, 0xe0, 0x0, 0x5f, 0xa0, 0x4,
    0xff, 0x10, 0x1e, 0xf3, 0xef, 0xff, 0xff, 0xfa,
    0x4, 0xff, 0x60, 0x0, 0x4a, 0xe, 0xfb, 0xbb,
    0xdf, 0xa1, 0xef, 0x80, 0x0, 0x0, 0x0, 0xee,
    0x0, 0x4, 0xfa, 0x3, 0x60, 0x0, 0x0, 0x0,
    0x3, 0x30, 0x0, 0x0, 0x0,

    /* U+77ED "短" */
    0x0, 0x8a, 0x10, 0x0, 0x0, 0x0, 0x0, 0x0,
    0x0, 0x0, 0x0, 0xcf, 0x0, 0x0, 0x1f, 0xff,
    0xff, 0xff, 0xff, 0xf0, 0x0, 0xfd, 0x33, 0x33,
    0x1b, 0xbb, 0xbb, 0xbb, 0xbb, 0xb0, 0x3, 0xff,
    0xff, 0xff, 0x40, 0x0, 0x0, 0x0, 0x0, 0x0,
    0x8, 0xf6, 0xef, 0x33, 0x14, 0xaa, 0xaa, 0xaa,
    0xaa, 0x30, 0xe, 0xe0, 0xde, 0x0, 0x7, 0xff,
    0xff, 0xff, 0xff, 0x50, 0x1b, 0x70, 0xde, 0x0,
    0x7, 0xf5, 0x0, 0x0, 0x8f, 0x50, 0x1, 0x21,
    0xef, 0x11, 0x7, 0xf4, 0x0, 0x0, 0x8f, 0x50,
    0x3f, 0xff, 0xff, 0xff, 0x87, 0xf4, 0x0, 0x0,
    0x8f, 0x50, 0x2a, 0xaa, 0xff, 0xaa, 0x57, 0xfb,
    0xaa, 0xaa, 0xdf, 0x50, 0x0, 0x0, 0xfc, 0x0,
    0x7, 0xff, 0xff, 0xff, 0xff, 0x50, 0x0, 0x2,
    0xfe, 0x10, 0x0, 0x2, 0x0, 0x1, 0x41, 0x0,
    0x0, 0x5, 0xff, 0xb0, 0x0, 0xce, 0x0, 0x4,
    0xfa, 0x0, 0x0, 0xa, 0xfd, 0xf5, 0x0, 0x8f,
    0x30, 0x8, 0xf5, 0x0, 0x0, 0xf, 0xe2, 0xfe,
    0x10, 0x4f, 0x80, 0xd, 0xf0, 0x0, 0x0, 0x7f,
    0x70, 0x9f, 0x50, 0xf, 0xc0, 0x2f, 0xa0, 0x0,
    0x2, 0xff, 0x10, 0x1b, 0x0, 0xb, 0x90, 0x7f,
    0x50, 0x0, 0xc, 0xf6, 0x0, 0x0, 0xab, 0xbb,
    0xbb, 0xef, 0xcb, 0xb2, 0xb, 0xa0, 0x0, 0x0,
    0xef, 0xff, 0xff, 0xff, 0xff, 0xf4, 0x0, 0x0,
    0x0, 0x0, 0x0, 0x0, 0x0, 0x0, 0x0, 0x0,

    /* U+7801 "码" */
    0xe, 0xee, 0xee, 0xed, 0x5c, 0xcc, 0xcc, 0xcc,
    0xc0, 0x0, 0xdd, 0xff, 0xdd, 0xc6, 0xff, 0xff,
    0xff, 0xff, 0x0, 0x0, 0xe, 0xe0, 0x0, 0x0,
    0x0, 0x0, 0xe, 0xe0, 0x0, 0x1, 0xfa, 0x0,
    0x0, 0x3d, 0x50, 0x0, 0xfc, 0x0, 0x0, 0x5f,
    0x60, 0x0, 0x5, 0xf6, 0x0, 0x1f, 0xb0, 0x0,
    0xa, 0xf1, 0x0, 0x0, 0x7f, 0x40, 0x3, 0xf9,
    0x0, 0x1, 0xff, 0x99, 0x94, 0x9, 0xf2, 0x0,
    0x4f, 0x70, 0x0, 0x7f, 0xff, 0xff, 0x70, 0xbf,
    0x20, 0x7, 0xf6, 0x10, 0x1f, 0xfd, 0x14, 0xf7,
    0xd, 0xff, 0xff, 0xff, 0xff, 0xd5, 0xff, 0xd0,
    0x3f, 0x70, 0x99, 0x99, 0x99, 0x99, 0xfc, 0xc,
    0xcd, 0x3, 0xf7, 0x0, 0x0, 0x0, 0x0, 0x2f,
    0xa0, 0xc, 0xd0, 0x3f, 0x73, 0x44, 0x44, 0x44,
    0x14, 0xf9, 0x0, 0xcd, 0x3, 0xf7, 0xdf, 0xff,
    0xff, 0xf7, 0x6f, 0x70, 0xc, 0xfa, 0xbf, 0x74,
    0x55, 0x55, 0x55, 0x28, 0xf5, 0x0, 0xcf, 0xff,
    0xf7, 0x0, 0x0, 0x0, 0x0, 0xbf, 0x20, 0xc,
    0xd0, 0x0, 0x0, 0x0, 0x0, 0x0, 0x1f, 0xf0,
    0x0, 0x78, 0x0, 0x0, 0x0, 0x0, 0x1b, 0xad,
    0xfa, 0x0, 0x0, 0x0, 0x0, 0x0, 0x0, 0x0,
    0xdf, 0xfb, 0x10, 0x0, 0x0, 0x0, 0x0, 0x0,
    0x0, 0x0, 0x0, 0x0, 0x0,

    /* U+786E "确" */
    0x0, 0x0, 0x0, 0x0, 0x0, 0x39, 0x30, 0x0,
    0x0, 0x0, 0xbb, 0xbb, 0xbb, 0xa0, 0xa, 0xf4,
    0x0, 0x10, 0x0, 0xf, 0xff, 0xff, 0xfe, 0x2,
    0xff, 0xff, 0xff, 0xc0, 0x0, 0x0, 0xcf, 0x0,
    0x0, 0xcf, 0x98, 0x8c, 0xfb, 0x0, 0x0, 0xf,
    0xc0, 0x0, 0x8f, 0x90, 0x1, 0xee, 0x10, 0x0,
    0x4, 0xf7, 0x0, 0x8f, 0xfd, 0xcc, 0xef, 0xec,
    0xc9, 0x0, 0x9f, 0x30, 0xc, 0xff, 0xfd, 0xef,
    0xfd, 0xdf, 0xc0, 0xe, 0xfb, 0xbb, 0x55, 0xf9,
    0x1, 0xf9, 0x0, 0xfc, 0x6, 0xff, 0xff, 0xf5,
    0x3f, 0xa4, 0x5f, 0xb4, 0x4f, 0xc1, 0xef, 0xe0,
    0x3f, 0x53, 0xff, 0xff, 0xff, 0xff, 0xfc, 0x3f,
    0xfe, 0x3, 0xf5, 0x3f, 0xa3, 0x4f, 0xb3, 0x3f,
    0xc0, 0xbc, 0xe0, 0x3f, 0x53, 0xf8, 0x1, 0xf9,
    0x0, 0xfc, 0x0, 0xbe, 0x3, 0xf5, 0x4f, 0xed,
    0xdf, 0xfd, 0xdf, 0xc0, 0xb, 0xe0, 0x3f, 0x56,
    0xfd, 0xcc, 0xfe, 0xcc, 0xfc, 0x0, 0xbf, 0xab,
    0xf5, 0xaf, 0x30, 0x1f, 0x90, 0xf, 0xc0, 0xb,
    0xff, 0xff, 0x5e, 0xf0, 0x1, 0xf9, 0x0, 0xfc,
    0x0, 0xbe, 0x0, 0x6, 0xfb, 0x0, 0x1f, 0x90,
    0xf, 0xc0, 0x6, 0x80, 0x1, 0xff, 0x40, 0x0,
    0xb6, 0x79, 0xfc, 0x0, 0x0, 0x0, 0x6, 0xb0,
    0x0, 0x0, 0x9, 0xfe, 0x50, 0x0, 0x0, 0x0,
    0x0, 0x0, 0x0, 0x0, 0x0, 0x0,

    /* U+793A "示" */
    0x0, 0xb, 0xbb, 0xbb, 0xbb, 0xbb, 0xbb, 0xbb,
    0xb0, 0x0, 0x1, 0xff, 0xff, 0xff, 0xff, 0xff,
    0xff, 0xff, 0x10, 0x0, 0x2, 0x22, 0x22, 0x22,
    0x22, 0x22, 0x22, 0x20, 0x0, 0x0, 0x0, 0x0,
    0x0, 0x0, 0x0, 0x0, 0x0, 0x0, 0x0, 0x0,
    0x0, 0x0, 0x0, 0x0, 0x0, 0x0, 0x0, 0x0,
    0xbd, 0xdd, 0xdd, 0xdd, 0xdd, 0xdd, 0xdd, 0xdd,
    0xdc, 0xd, 0xff, 0xff, 0xff, 0xff, 0xff, 0xff,
    0xff, 0xff, 0xe0, 0x0, 0x0, 0x0, 0x0, 0xff,
    0x10, 0x0, 0x0, 0x0, 0x0, 0x0, 0x0, 0x0,
    0xf, 0xf1, 0x0, 0x0, 0x0, 0x0, 0x0, 0xd,
    0xc2, 0x0, 0xff, 0x10, 0x2c, 0xc0, 0x0, 0x0,
    0x4, 0xfe, 0x0, 0xf, 0xf1, 0x0, 0xdf, 0x60,
    0x0, 0x0, 0xcf, 0x70, 0x0, 0xff, 0x10, 0x4,
    0xfe, 0x10, 0x0, 0x6f, 0xe0, 0x0, 0xf, 0xf1,
    0x0, 0xb, 0xf8, 0x0, 0x2f, 0xf5, 0x0, 0x0,
    0xff, 0x10, 0x0, 0x3f, 0xf1, 0x1d, 0xfb, 0x0,
    0x0, 0xf, 0xf1, 0x0, 0x0, 0xcf, 0x81, 0x9e,
    0x10, 0x0, 0x0, 0xff, 0x10, 0x0, 0x5, 0xf7,
    0x0, 0x0, 0x4, 0xee, 0xef, 0xf0, 0x0, 0x0,
    0x0, 0x0, 0x0, 0x0, 0xe, 0xff, 0xd6, 0x0,
    0x0, 0x0, 0x0, 0x0, 0x0, 0x0, 0x0, 0x0,
    0x0, 0x0, 0x0, 0x0, 0x0,

    /* U+79BB "离" */
    0x0, 0x0, 0x0, 0x4, 0xc5, 0x0, 0x0, 0x0,
    0x0, 0x0, 0x0, 0x0, 0x2, 0xfd, 0x0, 0x0,
    0x0, 0x0, 0xbf, 0xff, 0xff, 0xff, 0xff, 0xff,
    0xff, 0xff, 0xfe, 0x69, 0xab, 0x99, 0xb9, 0x99,
    0x9f, 0xb9, 0xba, 0x98, 0x0, 0x9f, 0x34, 0xfc,
    0x53, 0xcd, 0x31, 0xfc, 0x0, 0x0, 0x9f, 0x30,
    0x1a, 0xff, 0xd1, 0x1, 0xfc, 0x0, 0x0, 0x9f,
    0x35, 0xbf, 0xa7, 0xee, 0x71, 0xfc, 0x0, 0x0,
    0x9f, 0x37, 0xa2, 0x0, 0x7, 0x71, 0xfc, 0x0,
    0x0, 0x9f, 0xff, 0xff, 0xff, 0xff, 0xff, 0xfc,
    0x0, 0x0, 0x48, 0x88, 0x88, 0xff, 0x88, 0x88,
    0x86, 0x0, 0x0, 0x0, 0x0, 0x7, 0xfa, 0x0,
    0x0, 0x0, 0x0, 0xd, 0xff, 0xff, 0xff, 0xff,
    0xff, 0xff, 0xff, 0xf0, 0xd, 0xf9, 0x99, 0xef,
    0xa9, 0x9d, 0x99, 0x9e, 0xf0, 0xd, 0xf0, 0x5,
    0xfb, 0x0, 0x6f, 0x40, 0xd, 0xf0, 0xd, 0xf0,
    0x4f, 0xd2, 0x34, 0x6f, 0xe1, 0xd, 0xf0, 0xd,
    0xf0, 0x5f, 0xff, 0xff, 0xff, 0xfa, 0xd, 0xf0,
    0xd, 0xf0, 0x1e, 0xa8, 0x64, 0x20, 0x87, 0xd,
    0xf0, 0xd, 0xf0, 0x0, 0x0, 0x0, 0x0, 0x46,
    0x6e, 0xf0, 0xd, 0xf0, 0x0, 0x0, 0x0, 0x0,
    0x5f, 0xfe, 0x80, 0x0, 0x0, 0x0, 0x0, 0x0,
    0x0, 0x0, 0x0, 0x0,

    /* U+79C1 "私" */
    0x0, 0x0, 0x0, 0x3, 0x10, 0x0, 0x0, 0x0,
    0x0, 0x0, 0x0, 0x2, 0x6a, 0xef, 0xc0, 0x0,
    0xbe, 0x40, 0x0, 0x0, 0xc, 0xff, 0xff, 0xea,
    0x50, 0x0, 0xef, 0x20, 0x0, 0x0, 0x9, 0xa7,
    0xdf, 0x20, 0x0, 0x1, 0xff, 0x0, 0x0, 0x0,
    0x0, 0x0, 0xbf, 0x20, 0x0, 0x4, 0xfc, 0x0,
    0x0, 0x0, 0x0, 0x0, 0xbf, 0x20, 0x0, 0x8,
    0xf8, 0x0, 0x0, 0x0, 0x2f, 0xff, 0xff, 0xff,
    0xf4, 0xc, 0xf5, 0x0, 0x0, 0x0, 0x1b, 0xbc,
    0xff, 0xcb, 0xb3, 0xf, 0xf1, 0x0, 0x0, 0x0,
    0x0, 0x5, 0xff, 0xb0, 0x0, 0x4f, 0xc0, 0x3,
    0x0, 0x0, 0x0, 0xd, 0xff, 0xfa, 0x0, 0x8f,
    0x80, 0xcf, 0x20, 0x0, 0x0, 0x6f, 0xef, 0x8f,
    0x90, 0xdf, 0x40, 0x7f, 0x90, 0x0, 0x1, 0xec,
    0xbf, 0x2b, 0xe2, 0xff, 0x0, 0x1f, 0xf0, 0x0,
    0xb, 0xf4, 0xbf, 0x21, 0x46, 0xfa, 0x0, 0xb,
    0xf6, 0x0, 0x8f, 0xa0, 0xbf, 0x20, 0xc, 0xf5,
    0x0, 0x5, 0xfc, 0x0, 0x4e, 0x10, 0xbf, 0x20,
    0x2f, 0xf0, 0x0, 0x25, 0xff, 0x20, 0x3, 0x0,
    0xbf, 0x20, 0xbf, 0xeb, 0xef, 0xff, 0xff, 0x70,
    0x0, 0x0, 0xbf, 0x20, 0xef, 0xff, 0xfd, 0xa8,
    0x8f, 0xc0, 0x0, 0x0, 0xbf, 0x20, 0x88, 0x52,
    0x0, 0x0, 0x1f, 0xe0, 0x0, 0x0, 0xbf, 0x20,
    0x0, 0x0, 0x0, 0x0, 0x5, 0x0,

    /* U+79D2 "秒" */
    0x0, 0x0, 0x0, 0x55, 0x0, 0x0, 0xaf, 0x20,
    0x0, 0x0, 0x1, 0x48, 0xbf, 0xff, 0x20, 0x0,
    0xaf, 0x20, 0x0, 0x0, 0xd, 0xff, 0xff, 0x73,
    0x0, 0x0, 0xaf, 0x20, 0x0, 0x0, 0x3, 0x42,
    0xfd, 0x0, 0x2, 0x50, 0xaf, 0x25, 0xb1, 0x0,
    0x0, 0x0, 0xfd, 0x0, 0x8, 0xf3, 0xaf, 0x26,
    0xf7, 0x0, 0x14, 0x44, 0xfd, 0x44, 0x2a, 0xf0,
    0xaf, 0x20, 0xee, 0x0, 0x3f, 0xff, 0xff, 0xff,
    0x8d, 0xd0, 0xaf, 0x20, 0x9f, 0x50, 0x17, 0x7a,
    0xff, 0x77, 0x5f, 0x90, 0xaf, 0x20, 0x3f, 0xb0,
    0x0, 0xa, 0xff, 0x60, 0x6f, 0x50, 0xaf, 0x20,
    0xe, 0xb0, 0x0, 0x1f, 0xff, 0xf4, 0x6e, 0x0,
    0xaf, 0x20, 0x1, 0x0, 0x0, 0x9f, 0xfd, 0xcf,
    0x20, 0x0, 0xaf, 0x20, 0xbc, 0x10, 0x2, 0xf9,
    0xfd, 0x3e, 0x10, 0x0, 0xaf, 0x23, 0xfc, 0x0,
    0xc, 0xf2, 0xfd, 0x1, 0x0, 0x0, 0x46, 0x1c,
    0xf5, 0x0, 0x5f, 0x90, 0xfd, 0x0, 0x0, 0x0,
    0x0, 0xaf, 0xb0, 0x0, 0xd, 0x10, 0xfd, 0x0,
    0x0, 0x0, 0xa, 0xfe, 0x10, 0x0, 0x0, 0x0,
    0xfd, 0x0, 0x0, 0x5, 0xdf, 0xe2, 0x0, 0x0,
    0x0, 0x0, 0xfd, 0x0, 0x38, 0xdf, 0xfb, 0x10,
    0x0, 0x0, 0x0, 0x0, 0xfd, 0x8, 0xff, 0xfc,
    0x40, 0x0, 0x0, 0x0, 0x0, 0x0, 0xfd, 0x1,
    0xd9, 0x30, 0x0, 0x0, 0x0, 0x0,

    /* U+79D8 "秘" */
    0x0, 0x0, 0x1, 0x70, 0x0, 0x7, 0x30, 0x0,
    0x0, 0x0, 0x0, 0x48, 0xcf, 0xfa, 0x0, 0x3f,
    0xf7, 0x0, 0x35, 0x10, 0x6, 0xff, 0xfe, 0x72,
    0x0, 0x5, 0xff, 0xa0, 0xaf, 0x40, 0x1, 0x87,
    0xfa, 0x0, 0x0, 0x0, 0x3e, 0xf4, 0xef, 0x0,
    0x0, 0x2, 0xfa, 0x0, 0x0, 0x0, 0x2, 0x83,
    0xfa, 0x0, 0x0, 0x2, 0xfa, 0x0, 0x0, 0xc,
    0xb0, 0x9, 0xf5, 0x0, 0xb, 0xff, 0xff, 0xfe,
    0x26, 0xf, 0xd0, 0xe, 0xf0, 0x0, 0x8, 0xbd,
    0xfe, 0xba, 0x5f, 0x1f, 0xd0, 0x5f, 0xd9, 0x0,
    0x0, 0x8, 0xfe, 0x10, 0x7f, 0xf, 0xd0, 0xcf,
    0xcf, 0x30, 0x0, 0xe, 0xff, 0xa0, 0xad, 0xf,
    0xd4, 0xfb, 0x3f, 0x90, 0x0, 0x5f, 0xff, 0xf5,
    0xdb, 0xf, 0xdc, 0xf3, 0xe, 0xe0, 0x0, 0xcf,
    0xfa, 0xdd, 0xf7, 0xf, 0xff, 0xb0, 0xa, 0xf2,
    0x4, 0xf9, 0xfa, 0x69, 0xf3, 0xf, 0xff, 0x20,
    0x6, 0xf6, 0xe, 0xf3, 0xfa, 0x0, 0x40, 0xf,
    0xf7, 0x0, 0x2, 0xb4, 0xd, 0x82, 0xfa, 0x0,
    0x0, 0x8f, 0xe0, 0x0, 0x32, 0x0, 0x5, 0x12,
    0xfa, 0x0, 0x7, 0xff, 0xd0, 0x0, 0x7f, 0x20,
    0x0, 0x2, 0xfa, 0x0, 0x8f, 0xff, 0xd0, 0x0,
    0x9f, 0x0, 0x0, 0x2, 0xfa, 0x7, 0xff, 0x3e,
    0xfa, 0xaa, 0xfd, 0x0, 0x0, 0x2, 0xfa, 0x0,
    0x83, 0x6, 0xef, 0xff, 0xe5, 0x0,

    /* U+79F0 "称" */
    0x0, 0x0, 0x0, 0x53, 0x0, 0x58, 0x20, 0x0,
    0x0, 0x0, 0x1, 0x47, 0xbf, 0xfe, 0x10, 0xbf,
    0x20, 0x0, 0x0, 0x0, 0xb, 0xff, 0xfd, 0x72,
    0x0, 0xff, 0x44, 0x44, 0x45, 0x30, 0x2, 0x32,
    0xfa, 0x0, 0x4, 0xff, 0xff, 0xff, 0xff, 0xf0,
    0x0, 0x1, 0xfa, 0x0, 0xa, 0xf9, 0x8f, 0xe7,
    0x8f, 0x90, 0x0, 0x2, 0xfa, 0x0, 0x2f, 0xd0,
    0x1f, 0xc0, 0x7f, 0x30, 0xf, 0xff, 0xff, 0xff,
    0xcf, 0x60, 0x1f, 0xc0, 0xac, 0x0, 0xb, 0xbd,
    0xfe, 0xbb, 0xbd, 0x0, 0x1f, 0xc0, 0x0, 0x0,
    0x0, 0x9, 0xfd, 0x0, 0x2, 0xb6, 0x1f, 0xc4,
    0xd5, 0x0, 0x0, 0xf, 0xff, 0xb0, 0x4, 0xf9,
    0x1f, 0xc2, 0xfa, 0x0, 0x0, 0x7f, 0xfd, 0xfa,
    0x8, 0xf5, 0x1f, 0xc0, 0xdf, 0x0, 0x0, 0xea,
    0xfa, 0x8e, 0x1d, 0xf1, 0x1f, 0xc0, 0x8f, 0x40,
    0x9, 0xf3, 0xfa, 0x4, 0x2f, 0xb0, 0x1f, 0xc0,
    0x4f, 0x90, 0x3f, 0xa1, 0xfa, 0x0, 0x9f, 0x50,
    0x1f, 0xc0, 0xf, 0xd0, 0x1e, 0x11, 0xfa, 0x1,
    0xfe, 0x0, 0x1f, 0xc0, 0xc, 0xf0, 0x1, 0x1,
    0xfa, 0x0, 0x35, 0x0, 0x1f, 0xc0, 0x5, 0x30,
    0x0, 0x1, 0xfa, 0x0, 0x0, 0x0, 0x1f, 0xc0,
    0x0, 0x0, 0x0, 0x1, 0xfa, 0x0, 0x0, 0x4d,
    0xef, 0xb0, 0x0, 0x0, 0x0, 0x1, 0xfa, 0x0,
    0x0, 0xd, 0xeb, 0x30, 0x0, 0x0,

    /* U+7A0B "程" */
    0x0, 0x0, 0x0, 0x42, 0x0, 0x0, 0x0, 0x0,
    0x0, 0x0, 0x0, 0x36, 0xae, 0xfe, 0x1c, 0xff,
    0xff, 0xff, 0xff, 0x10, 0x1f, 0xff, 0xff, 0x84,
    0xc, 0xf8, 0x88, 0x88, 0xef, 0x10, 0x5, 0x52,
    0xfd, 0x0, 0xc, 0xf0, 0x0, 0x0, 0xcf, 0x10,
    0x0, 0x0, 0xfd, 0x0, 0xc, 0xf0, 0x0, 0x0,
    0xcf, 0x10, 0x2, 0x22, 0xfe, 0x22, 0xc, 0xf0,
    0x0, 0x0, 0xcf, 0x10, 0x1f, 0xff, 0xff, 0xff,
    0x3c, 0xff, 0xff, 0xff, 0xff, 0x10, 0x1a, 0xac,
    0xff, 0xaa, 0x27, 0x99, 0x99, 0x99, 0x99, 0x0,
    0x0, 0x9, 0xfe, 0x0, 0x0, 0x0, 0x0, 0x0,
    0x0, 0x0, 0x0, 0x1f, 0xff, 0xb0, 0x3d, 0xdd,
    0xdd, 0xdd, 0xdd, 0xd1, 0x0, 0x9f, 0xfe, 0xed,
    0x5c, 0xcc, 0xdf, 0xfc, 0xcc, 0xc1, 0x3, 0xf9,
    0xfd, 0x3f, 0x60, 0x0, 0x1f, 0xc0, 0x0, 0x0,
    0xd, 0xf2, 0xfd, 0x2, 0x7, 0x99, 0x9f, 0xe9,
    0x99, 0x50, 0x5f, 0x90, 0xfd, 0x0, 0xd, 0xff,
    0xff, 0xff, 0xff, 0xa0, 0xb, 0x0, 0xfd, 0x0,
    0x0, 0x11, 0x2f, 0xd1, 0x11, 0x0, 0x0, 0x0,
    0xfd, 0x0, 0x0, 0x0, 0x1f, 0xc0, 0x0, 0x0,
    0x0, 0x0, 0xfd, 0x0, 0x44, 0x44, 0x5f, 0xd4,
    0x44, 0x42, 0x0, 0x0, 0xfd, 0x1, 0xff, 0xff,
    0xff, 0xff, 0xff, 0xf8, 0x0, 0x0, 0xfd, 0x1,
    0xff, 0xff, 0xff, 0xff, 0xff, 0xf8,

    /* U+7A3C "稼" */
    0x0, 0x0, 0x6, 0x20, 0x0, 0x1, 0x98, 0x0,
    0x0, 0x0, 0x2, 0x6b, 0xff, 0xd0, 0x0, 0x0,
    0xff, 0x10, 0x0, 0x0, 0xd, 0xff, 0xf8, 0x26,
    0x88, 0x88, 0xdf, 0xa8, 0x88, 0x70, 0x3, 0x4b,
    0xf1, 0xc, 0xff, 0xff, 0xff, 0xff, 0xff, 0xe0,
    0x0, 0xa, 0xf1, 0xc, 0xf0, 0x0, 0x0, 0x0,
    0xf, 0xe0, 0x0, 0xb, 0xf2, 0x9, 0xe9, 0x99,
    0x99, 0x99, 0x9d, 0xb0, 0x1f, 0xff, 0xff, 0xf2,
    0x6d, 0xdd, 0xff, 0xdd, 0xd5, 0x0, 0x1b, 0xbf,
    0xfb, 0xb1, 0x0, 0x3c, 0xf5, 0x0, 0x1, 0x0,
    0x0, 0x3f, 0xf3, 0x0, 0x3a, 0xff, 0xf4, 0x0,
    0x8f, 0x40, 0x0, 0x8f, 0xfd, 0x1c, 0xfd, 0x61,
    0xfd, 0x3d, 0xfa, 0x10, 0x0, 0xef, 0xfe, 0xa5,
    0x50, 0x1b, 0xff, 0xff, 0xb0, 0x0, 0x5, 0xfd,
    0xf7, 0xe0, 0x7, 0xfd, 0x4f, 0xc7, 0xe0, 0x0,
    0xc, 0xda, 0xf1, 0x37, 0xef, 0x80, 0x4f, 0xd3,
    0xf4, 0x0, 0x5f, 0x6a, 0xf1, 0xa, 0xa2, 0x7,
    0xff, 0xf0, 0xdc, 0x0, 0x2e, 0xa, 0xf1, 0x0,
    0x2, 0xcf, 0x8a, 0xf0, 0x7f, 0x50, 0x2, 0xa,
    0xf1, 0x3, 0xaf, 0xd4, 0xb, 0xf0, 0xe, 0xe1,
    0x0, 0xa, 0xf1, 0x1f, 0xf7, 0x0, 0xe, 0xd0,
    0x5, 0xa0, 0x0, 0xa, 0xf1, 0x4, 0x0, 0x59,
    0xcf, 0x80, 0x0, 0x0, 0x0, 0xa, 0xf1, 0x0,
    0x0, 0x5f, 0xfa, 0x0, 0x0, 0x0, 0x0, 0x0,
    0x0, 0x0, 0x0, 0x0, 0x0, 0x0, 0x0, 0x0,

    /* U+7A7A "空" */
    0x0, 0x0, 0x0, 0x0, 0x0, 0x0, 0x0, 0x0,
    0x0, 0x0, 0x0, 0x0, 0x7, 0xf9, 0x0, 0x0,
    0x0, 0x0, 0x0, 0x0, 0x0, 0x3, 0xff, 0x10,
    0x0, 0x0, 0x0, 0x8a, 0xaa, 0xaa, 0xaa, 0xff,
    0xca, 0xaa, 0xaa, 0xa2, 0xcf, 0xff, 0xff, 0xff,
    0xff, 0xff, 0xff, 0xff, 0xf3, 0xcf, 0x10, 0x0,
    0x0, 0x0, 0x0, 0x0, 0xb, 0xf3, 0xcf, 0x10,
    0x2, 0xb2, 0x0, 0x3b, 0x30, 0xb, 0xf3, 0xcf,
    0x10, 0x8f, 0xf8, 0x0, 0x9f, 0xfa, 0x26, 0x92,
    0x0, 0x6e, 0xfe, 0x50, 0x0, 0x3, 0xcf, 0xf8,
    0x0, 0x5e, 0xff, 0xa1, 0x0, 0x0, 0x0, 0x6,
    0xff, 0xc0, 0x1e, 0xc4, 0x0, 0x0, 0x0, 0x0,
    0x0, 0x2b, 0x40, 0x1, 0x4f, 0xff, 0xff, 0xff,
    0xff, 0xff, 0xf6, 0x0, 0x0, 0x3b, 0xbb, 0xbc,
    0xff, 0xbb, 0xbb, 0xb4, 0x0, 0x0, 0x0, 0x0,
    0x1, 0xfe, 0x0, 0x0, 0x0, 0x0, 0x0, 0x0,
    0x0, 0x1, 0xfe, 0x0, 0x0, 0x0, 0x0, 0x0,
    0x0, 0x0, 0x1, 0xfe, 0x0, 0x0, 0x0, 0x0,
    0x0, 0x0, 0x0, 0x1, 0xfe, 0x0, 0x0, 0x0,
    0x0, 0x9d, 0xdd, 0xdd, 0xdd, 0xff, 0xdd, 0xdd,
    0xdd, 0xd2, 0xae, 0xee, 0xee, 0xee, 0xee, 0xee,
    0xee, 0xee, 0xe2,

    /* U+7AEF "端" */
    0x0, 0x6, 0x60, 0x0, 0x0, 0x0, 0x9d, 0x10,
    0x0, 0x0, 0x0, 0xd, 0xf1, 0x0, 0xad, 0x0,
    0xbf, 0x20, 0x1e, 0xa0, 0x0, 0x6, 0xf7, 0x0,
    0xcf, 0x0, 0xbf, 0x20, 0x1f, 0xb0, 0x0, 0x1,
    0xd6, 0x0, 0xcf, 0x0, 0xbf, 0x20, 0x1f, 0xb0,
    0x1f, 0xff, 0xff, 0xfa, 0xcf, 0x77, 0xdf, 0x87,
    0x7f, 0xb0, 0xb, 0xbb, 0xbb, 0xb7, 0xcf, 0xff,
    0xff, 0xff, 0xff, 0xb0, 0x2, 0x60, 0x5, 0x80,
    0x12, 0x22, 0x22, 0x22, 0x22, 0x10, 0x6, 0xf1,
    0x9, 0xf6, 0xbb, 0xbb, 0xbb, 0xbb, 0xbb, 0xb4,
    0x3, 0xf4, 0xb, 0xd8, 0xff, 0xff, 0xff, 0xff,
    0xff, 0xf6, 0x1, 0xf6, 0xd, 0xb0, 0x0, 0x0,
    0xff, 0x10, 0x0, 0x0, 0x0, 0xf8, 0xf, 0x80,
    0x88, 0x8a, 0xfe, 0x88, 0x89, 0x80, 0x0, 0xe9,
    0x1f, 0x50, 0xff, 0xff, 0xff, 0xff, 0xff, 0xf0,
    0x0, 0xcb, 0x3f, 0x20, 0xfa, 0xe, 0x80, 0xe9,
    0xb, 0xf0, 0x0, 0x64, 0x6f, 0x65, 0xfa, 0xe,
    0x80, 0xe8, 0xb, 0xf0, 0x2, 0x6a, 0xef, 0xfb,
    0xfa, 0xe, 0x80, 0xe8, 0xb, 0xf0, 0x2f, 0xff,
    0xfd, 0x94, 0xfa, 0xe, 0x80, 0xe8, 0xb, 0xf0,
    0xd, 0xa6, 0x10, 0x0, 0xfa, 0xe, 0x80, 0xe8,
    0xb, 0xf0, 0x0, 0x0, 0x0, 0x0, 0xfa, 0xe,
    0x80, 0xe9, 0x7d, 0xf0, 0x0, 0x0, 0x0, 0x0,
    0xfa, 0xe, 0x80, 0xe8, 0xcf, 0x80, 0x0, 0x0,
    0x0, 0x0, 0x21, 0x0, 0x0, 0x0, 0x0, 0x0,

    /* U+7B80 "简" */
    0x0, 0x2, 0xa4, 0x0, 0x0, 0x1, 0x94, 0x0,
    0x0, 0x0, 0x0, 0x9f, 0x60, 0x0, 0x0, 0x8f,
    0x70, 0x0, 0x0, 0x0, 0x2f, 0xff, 0xff, 0xff,
    0x1e, 0xff, 0xff, 0xff, 0xe0, 0xd, 0xf8, 0xbf,
    0xb8, 0x8a, 0xfb, 0x8f, 0xf8, 0x87, 0xb, 0xf8,
    0x1, 0xfd, 0x3, 0xfd, 0x0, 0x8f, 0x70, 0x0,
    0x48, 0x26, 0x6, 0x50, 0x2, 0x20, 0x0, 0x93,
    0x0, 0x0, 0xb, 0xf8, 0xe, 0xff, 0xff, 0xff,
    0xff, 0xff, 0x0, 0x0, 0x1d, 0xf5, 0xab, 0xbb,
    0xbb, 0xbb, 0xbf, 0xf1, 0x0, 0xa8, 0x28, 0x0,
    0x0, 0x0, 0x0, 0x0, 0xcf, 0x10, 0xf, 0xd0,
    0x9, 0xff, 0xff, 0xff, 0xc0, 0xc, 0xf1, 0x0,
    0xfd, 0x0, 0xaf, 0x77, 0x77, 0xed, 0x0, 0xcf,
    0x10, 0xf, 0xd0, 0xa, 0xf0, 0x0, 0xc, 0xd0,
    0xc, 0xf1, 0x0, 0xfd, 0x0, 0xaf, 0xff, 0xff,
    0xfd, 0x0, 0xcf, 0x10, 0xf, 0xd0, 0xa, 0xf6,
    0x66, 0x6d, 0xd0, 0xc, 0xf1, 0x0, 0xfd, 0x0,
    0xaf, 0x11, 0x11, 0xcd, 0x0, 0xcf, 0x10, 0xf,
    0xd0, 0xa, 0xff, 0xff, 0xff, 0xd0, 0xc, 0xf1,
    0x0, 0xfd, 0x0, 0x35, 0x55, 0x55, 0x54, 0x0,
    0xcf, 0x10, 0xf, 0xd0, 0x0, 0x0, 0x0, 0x0,
    0x49, 0x9e, 0xf0, 0x0, 0xfd, 0x0, 0x0, 0x0,
    0x0, 0x2, 0xff, 0xe8, 0x0, 0x0, 0x0, 0x0,
    0x0, 0x0, 0x0, 0x0, 0x0, 0x0,

    /* U+7D22 "索" */
    0x0, 0x0, 0x0, 0x0, 0xbb, 0x0, 0x0, 0x0,
    0x0, 0x0, 0x0, 0x0, 0x0, 0xff, 0x0, 0x0,
    0x0, 0x0, 0x8f, 0xff, 0xff, 0xff, 0xff, 0xff,
    0xff, 0xff, 0xf8, 0x49, 0x99, 0x99, 0x99, 0xff,
    0x99, 0x99, 0x99, 0x94, 0x0, 0x0, 0x0, 0x0,
    0xff, 0x0, 0x0, 0x0, 0x0, 0xcf, 0xff, 0xff,
    0xff, 0xff, 0xff, 0xff, 0xff, 0xfd, 0xcf, 0xaa,
    0xaa, 0xaf, 0xfa, 0xaa, 0xaa, 0xaa, 0xfd, 0xcf,
    0x0, 0x4, 0xdf, 0x91, 0x1, 0x60, 0x0, 0xfd,
    0xbe, 0x3, 0xbf, 0xb2, 0x1, 0x7f, 0xf6, 0x0,
    0xfc, 0x0, 0x6f, 0xff, 0xef, 0xff, 0xfd, 0x43,
    0x0, 0x0, 0x0, 0x29, 0x75, 0x9f, 0xfd, 0x50,
    0x7f, 0x80, 0x0, 0x0, 0x0, 0x6d, 0xfc, 0x50,
    0x0, 0xb, 0xf8, 0x0, 0x4, 0x9f, 0xff, 0xc9,
    0xab, 0xcd, 0xef, 0xff, 0x70, 0xc, 0xff, 0xfe,
    0xdc, 0xef, 0xb8, 0x76, 0x5d, 0xf4, 0x3, 0x31,
    0x31, 0x0, 0x9f, 0x40, 0x44, 0x2, 0xa1, 0x0,
    0x8, 0xfe, 0x10, 0x9f, 0x42, 0xef, 0xb1, 0x0,
    0x3, 0xcf, 0xd2, 0x0, 0x9f, 0x40, 0x19, 0xff,
    0x60, 0x8f, 0xf9, 0x4, 0xaa, 0xef, 0x30, 0x0,
    0x4e, 0xf8, 0x9, 0x30, 0x1, 0xff, 0xe9, 0x0,
    0x0, 0x1, 0x80, 0x0, 0x0, 0x0, 0x0, 0x0,
    0x0, 0x0, 0x0, 0x0,

    /* U+7D30 "細" */
    0x0, 0x0, 0xb4, 0x0, 0x0, 0x0, 0x0, 0x0,
    0x0, 0x0, 0x0, 0x5f, 0x70, 0x0, 0xee, 0xee,
    0xee, 0xee, 0xeb, 0x0, 0xc, 0xe1, 0x0, 0xf,
    0xff, 0xff, 0xff, 0xff, 0xc0, 0x5, 0xf7, 0xc,
    0x40, 0xfb, 0x1, 0xfa, 0x0, 0xfc, 0x0, 0xdd,
    0x8, 0xf5, 0xf, 0xb0, 0x1f, 0xa0, 0xf, 0xc0,
    0x9f, 0x64, 0xfc, 0x0, 0xfb, 0x1, 0xfa, 0x0,
    0xfc, 0x3f, 0xff, 0xff, 0x30, 0xf, 0xb0, 0x1f,
    0xa0, 0xf, 0xc0, 0x96, 0x9f, 0x84, 0x0, 0xfb,
    0x1, 0xfa, 0x0, 0xfc, 0x0, 0x1e, 0xc3, 0xf5,
    0xf, 0xeb, 0xbf, 0xeb, 0xbf, 0xc0, 0xc, 0xe1,
    0xd, 0xb0, 0xff, 0xff, 0xff, 0xff, 0xfc, 0xb,
    0xfe, 0xef, 0xff, 0x1f, 0xc0, 0x2f, 0xa0, 0xf,
    0xc0, 0xfe, 0xb8, 0x65, 0xa1, 0xfb, 0x1, 0xfa,
    0x0, 0xfc, 0x1, 0x0, 0x0, 0x72, 0xf, 0xb0,
    0x1f, 0xa0, 0xf, 0xc0, 0x9c, 0x4f, 0x1e, 0x80,
    0xfb, 0x1, 0xfa, 0x0, 0xfc, 0xc, 0xc3, 0xf3,
    0x9d, 0xf, 0xb0, 0x1f, 0xa0, 0xf, 0xc0, 0xea,
    0x1f, 0x54, 0xf2, 0xff, 0xdd, 0xff, 0xdd, 0xfc,
    0xf, 0x70, 0xf7, 0x6, 0xf, 0xfe, 0xee, 0xee,
    0xef, 0xc4, 0xf4, 0x9, 0x20, 0x0, 0xfb, 0x0,
    0x0, 0x0, 0xfc, 0x1b, 0x10, 0x0, 0x0, 0xf,
    0xb0, 0x0, 0x0, 0xf, 0xc0, 0x0, 0x0, 0x0,
    0x0, 0x21, 0x0, 0x0, 0x0, 0x0,

    /* U+7D4C "経" */
    0x0, 0x2, 0xd6, 0x0, 0x0, 0x0, 0x0, 0x0,
    0x0, 0x0, 0x0, 0x8, 0xf8, 0x0, 0xbf, 0xff,
    0xff, 0xff, 0xfe, 0x60, 0x0, 0x1f, 0xf1, 0x0,
    0x8b, 0xed, 0xbb, 0xbc, 0xff, 0x50, 0x0, 0x8f,
    0x70, 0xd8, 0x1, 0xfd, 0x0, 0x8, 0xfd, 0x0,
    0x2, 0xfd, 0x7, 0xfb, 0x0, 0x8f, 0x80, 0x3f,
    0xf4, 0x0, 0x1c, 0xf6, 0x5f, 0xf2, 0x0, 0xd,
    0xf8, 0xef, 0x90, 0x0, 0x4f, 0xff, 0xff, 0x60,
    0x0, 0x2, 0xff, 0xfa, 0x0, 0x0, 0xb, 0x9b,
    0xfb, 0x10, 0x0, 0x1a, 0xff, 0xfc, 0x40, 0x0,
    0x0, 0x2f, 0xe4, 0xf4, 0x4a, 0xff, 0xe6, 0xbf,
    0xfc, 0x61, 0x1, 0xdf, 0x30, 0xe9, 0xbf, 0xe7,
    0x18, 0x64, 0xcf, 0xf3, 0x1d, 0xfe, 0xdf, 0xfe,
    0x24, 0x0, 0x1f, 0xc0, 0x2, 0x40, 0xf, 0xff,
    0xca, 0xaf, 0x20, 0x0, 0x2f, 0xc0, 0x0, 0x0,
    0x5, 0x20, 0x0, 0x24, 0xb, 0xff, 0xff, 0xff,
    0xff, 0x70, 0x6, 0x73, 0xb1, 0xf8, 0x7, 0xaa,
    0xaf, 0xea, 0xaa, 0x40, 0xc, 0xd4, 0xf3, 0xad,
    0x0, 0x0, 0x1f, 0xc0, 0x0, 0x0, 0xe, 0xa2,
    0xf5, 0x5f, 0x10, 0x0, 0x1f, 0xc0, 0x0, 0x0,
    0x1f, 0x80, 0xf7, 0x1a, 0x44, 0x44, 0x5f, 0xd4,
    0x44, 0x41, 0x4f, 0x50, 0xf8, 0x0, 0xaf, 0xff,
    0xff, 0xff, 0xff, 0xf5, 0x6f, 0x20, 0x40, 0x0,
    0xaf, 0xff, 0xff, 0xff, 0xff, 0xf5, 0x2, 0x0,
    0x0, 0x0, 0x0, 0x0, 0x0, 0x0, 0x0, 0x0,

    /* U+7D71 "統" */
    0x0, 0x0, 0x0, 0x0, 0x0, 0x0, 0x0, 0x0,
    0x0, 0x0, 0x0, 0x1, 0xe7, 0x0, 0x0, 0x2,
    0xd9, 0x0, 0x0, 0x0, 0x0, 0x8, 0xf7, 0x0,
    0x0, 0x0, 0xdf, 0x10, 0x0, 0x0, 0x0, 0xe,
    0xe0, 0x0, 0x88, 0x88, 0xcf, 0xb8, 0x88, 0x70,
    0x0, 0x8f, 0x61, 0xc3, 0xef, 0xff, 0xff, 0xff,
    0xff, 0xd0, 0x2, 0xfc, 0x9, 0xf6, 0x22, 0x2c,
    0xf6, 0x23, 0x32, 0x10, 0x1d, 0xf4, 0x5f, 0xc0,
    0x0, 0x6f, 0xa0, 0x2e, 0x90, 0x0, 0x4f, 0xff,
    0xff, 0x20, 0x2, 0xfe, 0x10, 0xb, 0xf3, 0x0,
    0xf, 0xdf, 0xf7, 0x0, 0x5e, 0xf5, 0x23, 0x59,
    0xfc, 0x0, 0x0, 0x4f, 0xb3, 0xb1, 0xaf, 0xff,
    0xff, 0xff, 0xff, 0x50, 0x2, 0xfd, 0x12, 0xf6,
    0x7f, 0xfd, 0xb9, 0x75, 0x5f, 0xc0, 0x2e, 0xe2,
    0x13, 0xfb, 0x22, 0x33, 0x0, 0x31, 0x8, 0x30,
    0xf, 0xff, 0xff, 0xff, 0x0, 0xee, 0x3, 0xf9,
    0x0, 0x0, 0xc, 0xd9, 0x74, 0x7e, 0x20, 0xfd,
    0x3, 0xf9, 0x0, 0x0, 0x0, 0x0, 0x2, 0x80,
    0x1, 0xfc, 0x3, 0xf9, 0x0, 0x0, 0x9, 0xc5,
    0xf3, 0xf2, 0x4, 0xf9, 0x3, 0xf9, 0x2, 0x10,
    0xb, 0xb3, 0xf2, 0xe7, 0x9, 0xf5, 0x3, 0xf9,
    0x6, 0xf1, 0xe, 0x91, 0xf4, 0xa8, 0x3f, 0xf0,
    0x3, 0xf9, 0x7, 0xf1, 0x1f, 0x60, 0xf6, 0x5,
    0xef, 0x60, 0x2, 0xfd, 0xad, 0xe0, 0x3f, 0x20,
    0x72, 0x1e, 0xf7, 0x0, 0x0, 0xbf, 0xff, 0x60,
    0x0, 0x0, 0x0, 0x3, 0x30, 0x0, 0x0, 0x0,
    0x0, 0x0,

    /* U+7D9A "続" */
    0x0, 0x1, 0x71, 0x0, 0x0, 0x0, 0x2b, 0x70,
    0x0, 0x0, 0x0, 0x7, 0xf5, 0x0, 0x0, 0x0,
    0x3f, 0xa0, 0x0, 0x0, 0x0, 0xe, 0xd0, 0x0,
    0xbf, 0xff, 0xff, 0xff, 0xff, 0xf0, 0x0, 0x6f,
    0x51, 0x70, 0x68, 0x88, 0x9f, 0xd8, 0x88, 0x80,
    0x0, 0xed, 0x8, 0xf6, 0x0, 0x0, 0x2f, 0xa0,
    0x0, 0x0, 0x8, 0xf3, 0x2f, 0xd0, 0xf, 0xff,
    0xff, 0xff, 0xff, 0x60, 0x3f, 0xff, 0xff, 0x30,
    0x8, 0x88, 0x88, 0x88, 0x88, 0x30, 0x1b, 0x8a,
    0xf8, 0x0, 0x57, 0x77, 0x77, 0x77, 0x77, 0x70,
    0x0, 0x1e, 0xd7, 0xd0, 0xbf, 0xff, 0xff, 0xff,
    0xff, 0xf0, 0x0, 0xbf, 0x23, 0xf3, 0xbe, 0x0,
    0x0, 0x0, 0xb, 0xf0, 0x8, 0xfc, 0xad, 0xf8,
    0xbe, 0x1, 0x0, 0x1, 0xb, 0xf0, 0x1f, 0xfe,
    0xb8, 0xcc, 0x34, 0x1f, 0xa0, 0xaf, 0x13, 0x40,
    0x5, 0x20, 0x0, 0x51, 0x0, 0x1f, 0xa0, 0xaf,
    0x10, 0x0, 0x3, 0x82, 0xa2, 0xf4, 0x0, 0x2f,
    0x90, 0xaf, 0x10, 0x0, 0x7, 0xf3, 0xf3, 0xc9,
    0x0, 0x6f, 0x70, 0xaf, 0x10, 0x10, 0x9, 0xd0,
    0xf5, 0x7e, 0x0, 0xdf, 0x20, 0xaf, 0x10, 0xf5,
    0xc, 0xa0, 0xf7, 0x3f, 0x29, 0xfb, 0x0, 0xaf,
    0x11, 0xf6, 0x1f, 0x70, 0xd8, 0x2, 0x9f, 0xe1,
    0x0, 0x9f, 0xaa, 0xf4, 0x2a, 0x20, 0x20, 0x4,
    0xfd, 0x20, 0x0, 0x4e, 0xff, 0xc0, 0x0, 0x0,
    0x0, 0x0, 0x20, 0x0, 0x0, 0x0, 0x0, 0x0,

    /* U+7E2E "縮" */
    0x0, 0x0, 0x0, 0x0, 0x0, 0x0, 0x0, 0x0,
    0x0, 0x0, 0x0, 0x1, 0xa3, 0x0, 0x0, 0x0,
    0x9b, 0x0, 0x0, 0x0, 0x0, 0x7, 0xf4, 0x0,
    0x0, 0x0, 0x9f, 0x50, 0x0, 0x0, 0x0, 0xe,
    0xd0, 0x1, 0xff, 0xff, 0xff, 0xff, 0xff, 0xf0,
    0x0, 0x6f, 0x42, 0xb3, 0xfd, 0x99, 0x99, 0x99,
    0x9e, 0xf0, 0x0, 0xeb, 0xa, 0xf4, 0xf9, 0x10,
    0x0, 0x0, 0xc, 0xf0, 0x9, 0xf6, 0x6f, 0x90,
    0x76, 0xfb, 0x88, 0x88, 0x8a, 0xa0, 0x3f, 0xff,
    0xfe, 0x10, 0x6, 0xfc, 0xff, 0xff, 0xff, 0xf0,
    0x9, 0x69, 0xf6, 0x20, 0xb, 0xe0, 0x0, 0xcf,
    0x10, 0x0, 0x0, 0x1f, 0xa9, 0xd0, 0x1f, 0xa0,
    0x0, 0xfc, 0x0, 0x0, 0x0, 0xcd, 0x13, 0xf4,
    0x8f, 0x91, 0xff, 0xff, 0xff, 0xb0, 0xb, 0xfc,
    0xce, 0xfa, 0xff, 0x91, 0xfb, 0x77, 0x7f, 0xb0,
    0xf, 0xfd, 0xa8, 0xad, 0xff, 0x91, 0xf7, 0x0,
    0xf, 0xb0, 0x3, 0x0, 0x0, 0x52, 0x7e, 0x91,
    0xfb, 0x77, 0x7f, 0xb0, 0x8, 0x85, 0xc1, 0xf4,
    0xe, 0x91, 0xff, 0xff, 0xff, 0xb0, 0xc, 0xa5,
    0xf0, 0xc9, 0xe, 0x91, 0xf8, 0x0, 0xf, 0xb0,
    0xe, 0x83, 0xf2, 0x8d, 0xe, 0x91, 0xf7, 0x0,
    0xf, 0xb0, 0x1f, 0x51, 0xf3, 0x4b, 0xe, 0x91,
    0xfc, 0x88, 0x8f, 0xb0, 0x5f, 0x20, 0xa2, 0x0,
    0xe, 0x91, 0xff, 0xff, 0xff, 0xb0, 0x5, 0x0,
    0x0, 0x0, 0xe, 0x91, 0xf7, 0x0, 0xf, 0xb0,
    0x0, 0x0, 0x0, 0x0, 0x1, 0x0, 0x10, 0x0,
    0x0, 0x0,

    /* U+7EA7 "级" */
    0x0, 0x0, 0x0, 0x0, 0x0, 0x0, 0x0, 0x0,
    0x0, 0x0, 0x0, 0x0, 0xa9, 0x0, 0x0, 0x0,
    0x0, 0x0, 0x0, 0x0, 0x0, 0x1, 0xfe, 0x0,
    0xbb, 0xbb, 0xbb, 0xbc, 0xb0, 0x0, 0x0, 0x8,
    0xf6, 0x0, 0xff, 0xff, 0xff, 0xff, 0xd0, 0x0,
    0x0, 0x1f, 0xd0, 0x0, 0x11, 0xef, 0x11, 0x7f,
    0x80, 0x0, 0x0, 0x8f, 0x50, 0x72, 0x0, 0xfe,
    0x0, 0xaf, 0x40, 0x0, 0x3, 0xfb, 0x2, 0xfc,
    0x0, 0xfd, 0x0, 0xef, 0x0, 0x0, 0x1d, 0xf5,
    0x5c, 0xf4, 0x1, 0xfb, 0x3, 0xfb, 0x12, 0x0,
    0x2f, 0xff, 0xff, 0xa0, 0x2, 0xfc, 0x7, 0xff,
    0xff, 0xa0, 0x9, 0x87, 0xfe, 0x10, 0x4, 0xff,
    0x16, 0xa9, 0xbf, 0x90, 0x0, 0xc, 0xf3, 0x0,
    0x6, 0xff, 0x70, 0x0, 0x9f, 0x40, 0x0, 0x9f,
    0x85, 0xa8, 0x9, 0xff, 0xe0, 0x0, 0xee, 0x0,
    0x8, 0xff, 0xff, 0xf8, 0xc, 0xf8, 0xf7, 0x6,
    0xf8, 0x0, 0x2f, 0xfe, 0xa5, 0x0, 0xf, 0xd0,
    0xef, 0x3e, 0xf1, 0x0, 0x8, 0x40, 0x0, 0x14,
    0x4f, 0x90, 0x5f, 0xff, 0x80, 0x0, 0x0, 0x0,
    0x5b, 0xfd, 0xaf, 0x50, 0xc, 0xff, 0x0, 0x0,
    0x4, 0x9f, 0xff, 0xb6, 0xff, 0x0, 0x7f, 0xff,
    0xb0, 0x0, 0xe, 0xfe, 0x82, 0xa, 0xf8, 0x1a,
    0xff, 0x5d, 0xfd, 0x40, 0x7, 0x50, 0x0, 0x4f,
    0xf3, 0xef, 0xd2, 0x1, 0xbf, 0xf4, 0x0, 0x0,
    0x0, 0x7, 0x60, 0x79, 0x0, 0x0, 0x6, 0x70,

    /* U+7EBF "线" */
    0x0, 0x2, 0x20, 0x0, 0x0, 0x29, 0x50, 0x10,
    0x0, 0x0, 0x0, 0x8f, 0x50, 0x0, 0x4, 0xf9,
    0x6f, 0x91, 0x0, 0x0, 0xe, 0xf1, 0x0, 0x0,
    0x3f, 0x90, 0x8f, 0xc0, 0x0, 0x7, 0xf8, 0x0,
    0x0, 0x3, 0xfa, 0x0, 0x44, 0x0, 0x0, 0xee,
    0x11, 0x10, 0x0, 0x5f, 0xda, 0xcf, 0xf6, 0x0,
    0x8f, 0x60, 0xae, 0x4e, 0xff, 0xff, 0xfe, 0xc9,
    0x40, 0x3f, 0xc1, 0x5f, 0xd0, 0xca, 0x8f, 0xd1,
    0x0, 0x0, 0xd, 0xff, 0xff, 0xf3, 0x0, 0x0,
    0xfe, 0x0, 0x2, 0x40, 0x8b, 0x9d, 0xf8, 0x0,
    0x0, 0x1e, 0xfa, 0xcf, 0xff, 0x0, 0x3, 0xfc,
    0x0, 0x5b, 0xef, 0xff, 0xfe, 0xb8, 0x50, 0x1,
    0xee, 0x20, 0x26, 0xfd, 0xac, 0xf5, 0x0, 0x54,
    0x1, 0xdf, 0xdc, 0xfe, 0x0, 0x0, 0x6f, 0x70,
    0x3f, 0xe0, 0xaf, 0xff, 0xda, 0x60, 0x0, 0x3,
    0xfa, 0x2e, 0xf4, 0x5, 0x84, 0x10, 0x0, 0x0,
    0x0, 0xf, 0xfe, 0xf5, 0x0, 0x0, 0x0, 0x15,
    0xa0, 0x0, 0x0, 0xdf, 0xf5, 0x0, 0x0, 0x38,
    0xcf, 0xff, 0x10, 0x5, 0xdf, 0xfa, 0x0, 0x91,
    0xbf, 0xff, 0xa5, 0x1, 0x7d, 0xff, 0x8e, 0xf4,
    0xf, 0x77, 0xa5, 0x0, 0x0, 0xdf, 0xfa, 0x20,
    0x5f, 0xfe, 0xf3, 0x0, 0x0, 0x0, 0x3, 0x71,
    0x0, 0x0, 0x5e, 0xf9, 0x0,

    /* U+7EC4 "组" */
    0x0, 0x0, 0x98, 0x0, 0x0, 0x0, 0x0, 0x0,
    0x0, 0x0, 0x0, 0x1, 0xfe, 0x0, 0x9, 0xff,
    0xff, 0xff, 0xf8, 0x0, 0x0, 0x8, 0xf6, 0x0,
    0xa, 0xfd, 0xcc, 0xcd, 0xf9, 0x0, 0x0, 0x1f,
    0xd0, 0x0, 0xa, 0xf2, 0x0, 0x5, 0xf9, 0x0,
    0x0, 0x9f, 0x50, 0x43, 0xa, 0xf2, 0x0, 0x5,
    0xf9, 0x0, 0x3, 0xfb, 0x0, 0xee, 0xa, 0xf2,
    0x0, 0x5, 0xf9, 0x0, 0x1d, 0xf7, 0x6b, 0xf6,
    0xa, 0xfc, 0xcc, 0xcd, 0xf9, 0x0, 0x3f, 0xff,
    0xff, 0xb0, 0xa, 0xff, 0xff, 0xff, 0xf9, 0x0,
    0x8, 0x54, 0xfe, 0x10, 0xa, 0xf2, 0x0, 0x5,
    0xf9, 0x0, 0x0, 0xb, 0xf4, 0x0, 0xa, 0xf2,
    0x0, 0x5, 0xf9, 0x0, 0x0, 0x9f, 0x73, 0x57,
    0xa, 0xf2, 0x0, 0x5, 0xf9, 0x0, 0x9, 0xff,
    0xff, 0xfd, 0xa, 0xfb, 0xaa, 0xac, 0xf9, 0x0,
    0x1f, 0xfd, 0x96, 0x20, 0xa, 0xff, 0xff, 0xff,
    0xf9, 0x0, 0x4, 0x0, 0x0, 0x0, 0xa, 0xf2,
    0x0, 0x5, 0xf9, 0x0, 0x0, 0x0, 0x47, 0xba,
    0xa, 0xf2, 0x0, 0x5, 0xf9, 0x0, 0x19, 0xdf,
    0xff, 0xe8, 0xa, 0xf2, 0x0, 0x5, 0xf9, 0x0,
    0x1f, 0xea, 0x62, 0x5, 0xae, 0xfb, 0xaa, 0xac,
    0xfd, 0xa2, 0x2, 0x0, 0x0, 0x9, 0xff, 0xff,
    0xff, 0xff, 0xff, 0xf4, 0x0, 0x0, 0x0, 0x9,
    0xff, 0xff, 0xff, 0xff, 0xff, 0xf4,

    /* U+7EDF "统" */
    0x0, 0x0, 0x93, 0x0, 0x0, 0x1, 0x76, 0x0,
    0x0, 0x0, 0x0, 0x3, 0xff, 0x0, 0x0, 0x0,
    0xff, 0x10, 0x0, 0x0, 0x0, 0xa, 0xf8, 0x0,
    0x0, 0x0, 0x9f, 0x50, 0x0, 0x0, 0x0, 0x2f,
    0xf1, 0x0, 0xee, 0xee, 0xfe, 0xee, 0xee, 0xc0,
    0x0, 0xaf, 0x70, 0x50, 0xdd, 0xdf, 0xfe, 0xdd,
    0xdd, 0xb0, 0x4, 0xfd, 0x5, 0xf9, 0x0, 0x3f,
    0xf2, 0x2, 0x20, 0x0, 0x2e, 0xf4, 0x3e, 0xf4,
    0x1, 0xdf, 0x50, 0x2f, 0xc0, 0x0, 0x5f, 0xff,
    0xff, 0xa0, 0xb, 0xf9, 0x0, 0x9, 0xf6, 0x0,
    0xf, 0xdd, 0xfe, 0x13, 0xcf, 0xf7, 0x8a, 0xbd,
    0xff, 0x10, 0x0, 0x1d, 0xf4, 0x2, 0xff, 0xff,
    0xff, 0xfd, 0xdf, 0x90, 0x0, 0xbf, 0x70, 0x0,
    0xb9, 0xb8, 0x32, 0x42, 0xe, 0xa0, 0xa, 0xfe,
    0x9c, 0xf4, 0x1, 0xfc, 0x4, 0xf9, 0x1, 0x0,
    0x2f, 0xff, 0xff, 0xb2, 0x2, 0xfb, 0x4, 0xf9,
    0x0, 0x0, 0xd, 0xa6, 0x30, 0x0, 0x4, 0xf9,
    0x4, 0xf9, 0x0, 0x0, 0x0, 0x0, 0x0, 0x52,
    0x8, 0xf6, 0x4, 0xf9, 0x2, 0x0, 0x0, 0x15,
    0xaf, 0xf7, 0xe, 0xf2, 0x4, 0xf9, 0x7, 0xf1,
    0x2c, 0xff, 0xfc, 0x71, 0xaf, 0xb0, 0x4, 0xf9,
    0x8, 0xf1, 0x1f, 0xd8, 0x20, 0x3c, 0xfe, 0x20,
    0x3, 0xfd, 0x9e, 0xe0, 0x3, 0x0, 0x0, 0x2f,
    0xc2, 0x0, 0x0, 0xcf, 0xff, 0x70, 0x0, 0x0,
    0x0, 0x3, 0x0, 0x0, 0x0, 0x0, 0x0, 0x0,

    /* U+7EE7 "继" */
    0x0, 0x3, 0xb3, 0x0, 0x21, 0x0, 0x5, 0xb0,
    0x0, 0x0, 0x0, 0x8, 0xf7, 0x0, 0xfa, 0x23,
    0x8, 0xf1, 0x5, 0x10, 0x0, 0xe, 0xf0, 0x0,
    0xfa, 0x7e, 0x8, 0xf1, 0x5f, 0x30, 0x0, 0x6f,
    0x80, 0x0, 0xfa, 0x2f, 0x38, 0xf1, 0xac, 0x0,
    0x0, 0xdf, 0x11, 0x71, 0xfa, 0xd, 0x88, 0xf2,
    0xf5, 0x0, 0x6, 0xf7, 0x8, 0xf6, 0xfa, 0x5,
    0x48, 0xf2, 0x80, 0x0, 0x3f, 0xf6, 0x8f, 0xd1,
    0xfa, 0x9a, 0xad, 0xfa, 0xaa, 0x70, 0x5f, 0xff,
    0xff, 0x30, 0xfa, 0xef, 0xff, 0xff, 0xff, 0xa0,
    0x7, 0x48, 0xf8, 0x0, 0xfa, 0x0, 0x4f, 0xfb,
    0x0, 0x0, 0x0, 0x2f, 0xd0, 0x0, 0xfa, 0x0,
    0xcf, 0xff, 0x80, 0x0, 0x1, 0xdf, 0x33, 0x62,
    0xfa, 0x6, 0xfa, 0xf6, 0xf5, 0x0, 0x1c, 0xff,
    0xff, 0xf2, 0xfa, 0x2f, 0xa8, 0xf1, 0xaf, 0x30,
    0x3f, 0xfc, 0x95, 0x20, 0xfa, 0xcf, 0x18, 0xf1,
    0x1e, 0x60, 0x4, 0x0, 0x0, 0x0, 0xfa, 0x65,
    0x8, 0xf1, 0x2, 0x0, 0x0, 0x0, 0x25, 0x93,
    0xfa, 0x0, 0x8, 0xf1, 0x0, 0x0, 0x28, 0xbe,
    0xff, 0xf5, 0xfa, 0x0, 0x3, 0x70, 0x0, 0x0,
    0x4f, 0xfc, 0x84, 0x0, 0xff, 0xff, 0xff, 0xff,
    0xff, 0xf0, 0x14, 0x0, 0x0, 0x0, 0xbb, 0xbb,
    0xbb, 0xbb, 0xbb, 0xb0,

    /* U+7F16 "编" */
    0x0, 0x2, 0x82, 0x0, 0x0, 0x1, 0x99, 0x0,
    0x0, 0x0, 0x0, 0x7f, 0x70, 0x0, 0x0, 0xe,
    0xf3, 0x0, 0x0, 0x0, 0xd, 0xf1, 0x0, 0x9b,
    0x99, 0xef, 0xd9, 0x99, 0x30, 0x3, 0xf9, 0x0,
    0xe, 0xff, 0xff, 0xff, 0xff, 0xf6, 0x0, 0xaf,
    0x24, 0x50, 0xec, 0x0, 0x0, 0x0, 0x6f, 0x60,
    0x3f, 0x90, 0xdf, 0x1e, 0xe8, 0x88, 0x88, 0x8b,
    0xf6, 0xc, 0xfa, 0xbf, 0x80, 0xef, 0xff, 0xff,
    0xff, 0xff, 0x65, 0xff, 0xff, 0xe0, 0xe, 0xc0,
    0x0, 0x0, 0x0, 0x0, 0x6, 0x18, 0xf5, 0x0,
    0xfe, 0x88, 0x88, 0x88, 0x89, 0x50, 0x3, 0xfa,
    0x0, 0xf, 0xff, 0xff, 0xff, 0xff, 0xf9, 0x1,
    0xdf, 0x58, 0x61, 0xff, 0xf0, 0xd6, 0x4f, 0xd,
    0x91, 0xcf, 0xff, 0xf9, 0x2f, 0xff, 0xd, 0x64,
    0xf0, 0xd9, 0x1f, 0xfb, 0x62, 0x4, 0xfd, 0xf3,
    0xd8, 0x6f, 0x3e, 0x90, 0x40, 0x0, 0x13, 0x7f,
    0xaf, 0xff, 0xff, 0xff, 0xf9, 0x0, 0x3, 0xaf,
    0xab, 0xf7, 0xf4, 0xe8, 0x7f, 0x4e, 0x90, 0x6c,
    0xff, 0xc5, 0xfc, 0x6f, 0xd, 0x64, 0xf0, 0xd9,
    0x4f, 0xfb, 0x30, 0x5f, 0x76, 0xf0, 0xd6, 0x4f,
    0xd, 0x90, 0x92, 0x0, 0xc, 0xf1, 0x6f, 0xd,
    0x64, 0xf4, 0xe9, 0x0, 0x0, 0x0, 0x16, 0x6,
    0xe0, 0x0, 0x0, 0x8e, 0x40,

    /* U+7F6E "置" */
    0x2, 0x22, 0x22, 0x22, 0x22, 0x22, 0x22, 0x22,
    0x10, 0xe, 0xff, 0xff, 0xff, 0xff, 0xff, 0xff,
    0xff, 0xc0, 0xe, 0xf3, 0x24, 0xfa, 0x22, 0xaf,
    0x42, 0x2f, 0xc0, 0xe, 0xf5, 0x56, 0xfb, 0x55,
    0xbf, 0x65, 0x5f, 0xc0, 0xe, 0xff, 0xff, 0xff,
    0xff, 0xff, 0xff, 0xff, 0xc0, 0x0, 0x0, 0x0,
    0x2, 0xfc, 0x0, 0x0, 0x0, 0x0, 0xdf, 0xff,
    0xff, 0xff, 0xff, 0xff, 0xff, 0xff, 0xf3, 0x67,
    0x77, 0x77, 0x7b, 0xfa, 0x77, 0x77, 0x77, 0x71,
    0x0, 0x38, 0x88, 0x8c, 0xfa, 0x88, 0x88, 0x83,
    0x0, 0x0, 0x6f, 0xca, 0xaa, 0xaa, 0xaa, 0xad,
    0xf5, 0x0, 0x0, 0x6f, 0x82, 0x22, 0x22, 0x22,
    0x29, 0xf5, 0x0, 0x0, 0x6f, 0xfe, 0xee, 0xee,
    0xee, 0xef, 0xf5, 0x0, 0x0, 0x6f, 0x82, 0x22,
    0x22, 0x22, 0x29, 0xf5, 0x0, 0x0, 0x6f, 0xfe,
    0xee, 0xee, 0xee, 0xef, 0xf5, 0x0, 0x0, 0x6f,
    0x71, 0x11, 0x11, 0x11, 0x19, 0xf5, 0x0, 0x0,
    0x6f, 0xff, 0xff, 0xff, 0xff, 0xff, 0xf5, 0x0,
    0x1, 0x6f, 0x71, 0x11, 0x11, 0x11, 0x18, 0xf6,
    0x11, 0xef, 0xff, 0xff, 0xff, 0xff, 0xff, 0xff,
    0xff, 0xff, 0xef, 0xff, 0xff, 0xff, 0xff, 0xff,
    0xff, 0xff, 0xff,

    /* U+7FA4 "群" */
    0x0, 0x0, 0x0, 0x0, 0x0, 0x3, 0x40, 0x0,
    0x19, 0x40, 0x1, 0xbb, 0xbb, 0xbb, 0xb7, 0xc,
    0xf1, 0x0, 0x6f, 0x70, 0x2, 0xee, 0xff, 0xfe,
    0xfb, 0x4, 0xf8, 0x0, 0xcf, 0x10, 0x0, 0x0,
    0xdf, 0x1, 0xfb, 0x0, 0xe9, 0x2, 0xd7, 0x0,
    0x2a, 0xaa, 0xff, 0xaa, 0xfe, 0xbf, 0xff, 0xff,
    0xff, 0xf2, 0x3f, 0xff, 0xff, 0xff, 0xff, 0xfb,
    0xbb, 0xff, 0xbb, 0xb1, 0x0, 0x2, 0xfa, 0x1,
    0xfb, 0x0, 0x1, 0xfc, 0x0, 0x0, 0x1, 0x59,
    0xfa, 0x56, 0xfb, 0x0, 0x1, 0xfc, 0x0, 0x0,
    0x4, 0xff, 0xff, 0xff, 0xfb, 0xe, 0xff, 0xff,
    0xff, 0xb0, 0x1, 0x4f, 0xf4, 0x44, 0x43, 0xb,
    0xcc, 0xff, 0xcc, 0x90, 0x0, 0x5f, 0xa0, 0x0,
    0x0, 0x0, 0x1, 0xfc, 0x0, 0x0, 0x0, 0xdf,
    0xfe, 0xee, 0xed, 0x0, 0x1, 0xfc, 0x0, 0x0,
    0x8, 0xff, 0xfb, 0xbb, 0xff, 0x7b, 0xbc, 0xff,
    0xbb, 0xb6, 0x4f, 0xff, 0xc0, 0x0, 0xdf, 0xaf,
    0xff, 0xff, 0xff, 0xf9, 0xa, 0x4f, 0xc0, 0x0,
    0xdf, 0x0, 0x1, 0xfc, 0x0, 0x0, 0x0, 0xf,
    0xc0, 0x0, 0xdf, 0x0, 0x1, 0xfc, 0x0, 0x0,
    0x0, 0xf, 0xff, 0xff, 0xff, 0x0, 0x1, 0xfc,
    0x0, 0x0, 0x0, 0xf, 0xfa, 0xaa, 0xa9, 0x0,
    0x1, 0xfc, 0x0, 0x0, 0x0, 0xf, 0xc0, 0x0,
    0x0, 0x0, 0x1, 0xfc, 0x0, 0x0,

    /* U+804A "聊" */
    0x0, 0x11, 0x11, 0x10, 0x0, 0x4, 0x90, 0x0,
    0x0, 0x0, 0xef, 0xff, 0xff, 0xd0, 0x9, 0xff,
    0x40, 0x0, 0x0, 0x9, 0xfd, 0xae, 0xf8, 0x4e,
    0xf9, 0x10, 0xff, 0xff, 0xb0, 0xf, 0x80, 0x9e,
    0x7, 0xf3, 0x26, 0xf, 0xd9, 0xeb, 0x0, 0xf8,
    0x9, 0xe0, 0x7f, 0x17, 0xf1, 0xf9, 0xc, 0xb0,
    0xf, 0xff, 0xfe, 0x7, 0xf1, 0x7f, 0x1f, 0x90,
    0xcb, 0x0, 0xfd, 0x9d, 0xe0, 0x7f, 0x17, 0xf1,
    0xf9, 0xc, 0xb0, 0xf, 0x80, 0x9e, 0x7, 0xf1,
    0x7f, 0x1f, 0x90, 0xcb, 0x0, 0xf8, 0x9, 0xe0,
    0x7f, 0x17, 0xf1, 0xf9, 0xc, 0xb0, 0xf, 0xda,
    0xde, 0x7, 0xf1, 0x7f, 0x1f, 0x90, 0xcb, 0x0,
    0xff, 0xff, 0xe0, 0x7f, 0x17, 0xf0, 0xf9, 0xc,
    0xb0, 0xf, 0x80, 0x9e, 0x7, 0xf1, 0x9f, 0xf,
    0x90, 0xcb, 0x0, 0xf8, 0x9, 0xe0, 0x8f, 0x8e,
    0xd0, 0xf9, 0xc, 0xb0, 0xf, 0xa6, 0xdf, 0xae,
    0xff, 0xfa, 0xf, 0xb7, 0xeb, 0x1e, 0xff, 0xff,
    0xf8, 0x95, 0x5f, 0x60, 0xfa, 0xfe, 0x50, 0xb9,
    0x63, 0xae, 0x0, 0xd, 0xf0, 0xf, 0x90, 0x0,
    0x0, 0x0, 0x9, 0xe0, 0x9, 0xf7, 0x0, 0xf9,
    0x0, 0x0, 0x0, 0x0, 0x9e, 0xb, 0xfb, 0x0,
    0xf, 0x90, 0x0, 0x0, 0x0, 0x9, 0xe0, 0x99,
    0x0, 0x0, 0xf9, 0x0, 0x0, 0x0, 0x0, 0x0,
    0x0, 0x0, 0x0, 0x0, 0x0, 0x0,

    /* U+81EA "自" */
    0x0, 0x0, 0x2, 0xa8, 0x0, 0x0, 0x0, 0x0,
    0x0, 0x0, 0x6f, 0xb0, 0x0, 0x0, 0x0, 0x0,
    0x0, 0xb, 0xf6, 0x0, 0x0, 0x0, 0xe, 0xff,
    0xff, 0xff, 0xff, 0xff, 0xff, 0xf3, 0xef, 0xcc,
    0xcc, 0xcc, 0xcc, 0xcc, 0xff, 0x3e, 0xf0, 0x0,
    0x0, 0x0, 0x0, 0xc, 0xf3, 0xef, 0x0, 0x0,
    0x0, 0x0, 0x0, 0xcf, 0x3e, 0xfd, 0xdd, 0xdd,
    0xdd, 0xdd, 0xdf, 0xf3, 0xef, 0xff, 0xff, 0xff,
    0xff, 0xff, 0xff, 0x3e, 0xf0, 0x0, 0x0, 0x0,
    0x0, 0xc, 0xf3, 0xef, 0x0, 0x0, 0x0, 0x0,
    0x0, 0xcf, 0x3e, 0xfb, 0xbb, 0xbb, 0xbb, 0xbb,
    0xbf, 0xf3, 0xef, 0xff, 0xff, 0xff, 0xff, 0xff,
    0xff, 0x3e, 0xf0, 0x0, 0x0, 0x0, 0x0, 0xc,
    0xf3, 0xef, 0x0, 0x0, 0x0, 0x0, 0x0, 0xcf,
    0x3e, 0xf0, 0x0, 0x0, 0x0, 0x0, 0xc, 0xf3,
    0xef, 0xff, 0xff, 0xff, 0xff, 0xff, 0xff, 0x3e,
    0xfb, 0xbb, 0xbb, 0xbb, 0xbb, 0xbf, 0xf3, 0xef,
    0x0, 0x0, 0x0, 0x0, 0x0, 0xcf, 0x30, 0x10,
    0x0, 0x0, 0x0, 0x0, 0x0, 0x0,

    /* U+8272 "色" */
    0x0, 0x0, 0x0, 0x59, 0x20, 0x0, 0x0, 0x0,
    0x0, 0x0, 0x0, 0x0, 0x1, 0xef, 0x30, 0x0,
    0x10, 0x0, 0x0, 0x0, 0x0, 0x0, 0xc, 0xff,
    0xff, 0xff, 0xfe, 0x20, 0x0, 0x0, 0x0, 0x0,
    0xbf, 0xda, 0xaa, 0xad, 0xfc, 0x0, 0x0, 0x0,
    0x0, 0x1c, 0xfc, 0x0, 0x0, 0x4f, 0xd1, 0x0,
    0x0, 0x0, 0x4, 0xef, 0xf9, 0x88, 0x89, 0xff,
    0xa8, 0x88, 0x80, 0x0, 0x2f, 0xff, 0xff, 0xff,
    0xff, 0xff, 0xff, 0xff, 0xf0, 0x0, 0xa, 0x8d,
    0xf3, 0x33, 0x3d, 0xf4, 0x33, 0x3e, 0xf0, 0x0,
    0x0, 0xd, 0xf0, 0x0, 0xc, 0xf1, 0x0, 0xd,
    0xf0, 0x0, 0x0, 0xd, 0xf0, 0x0, 0xc, 0xf1,
    0x0, 0xd, 0xf0, 0x0, 0x0, 0xd, 0xf5, 0x55,
    0x5d, 0xf6, 0x55, 0x5e, 0xf0, 0x0, 0x0, 0xd,
    0xff, 0xff, 0xff, 0xff, 0xff, 0xff, 0xf0, 0x0,
    0x0, 0xd, 0xf7, 0x77, 0x77, 0x77, 0x77, 0x7e,
    0xf0, 0x0, 0x0, 0xd, 0xf0, 0x0, 0x0, 0x0,
    0x0, 0x3, 0x30, 0x0, 0x0, 0xd, 0xf0, 0x0,
    0x0, 0x0, 0x0, 0x0, 0xc, 0x90, 0x0, 0xd,
    0xf0, 0x0, 0x0, 0x0, 0x0, 0x0, 0xf, 0xe0,
    0x0, 0xc, 0xf2, 0x0, 0x0, 0x0, 0x0, 0x0,
    0x5f, 0xb0, 0x0, 0x7, 0xff, 0xcc, 0xcc, 0xcc,
    0xcc, 0xcc, 0xff, 0x50, 0x0, 0x0, 0x8d, 0xff,
    0xff, 0xff, 0xff, 0xff, 0xd6, 0x0,

    /* U+8282 "节" */
    0x0, 0x0, 0x2e, 0xa0, 0x0, 0x1, 0xed, 0x0,
    0x0, 0x0, 0x0, 0x3, 0xfb, 0x0, 0x0, 0x1f,
    0xe0, 0x0, 0x0, 0x8c, 0xcc, 0xcf, 0xec, 0xcc,
    0xcc, 0xff, 0xcc, 0xcc, 0x4b, 0xff, 0xff, 0xff,
    0xff, 0xff, 0xff, 0xff, 0xff, 0xf6, 0x0, 0x0,
    0x4f, 0xb0, 0x0, 0x2, 0xfe, 0x0, 0x0, 0x0,
    0x0, 0x3, 0xfb, 0x0, 0x0, 0x1f, 0xe0, 0x0,
    0x0, 0x0, 0x0, 0x3, 0x20, 0x0, 0x0, 0x32,
    0x0, 0x0, 0x0, 0xdd, 0xdd, 0xdd, 0xdd, 0xdd,
    0xdd, 0xdd, 0xd2, 0x0, 0x1f, 0xff, 0xff, 0xff,
    0xff, 0xff, 0xff, 0xff, 0x30, 0x0, 0x0, 0x0,
    0xd, 0xf3, 0x0, 0x0, 0x7, 0xf3, 0x0, 0x0,
    0x0, 0x0, 0xdf, 0x30, 0x0, 0x0, 0x7f, 0x30,
    0x0, 0x0, 0x0, 0xd, 0xf3, 0x0, 0x0, 0x7,
    0xf3, 0x0, 0x0, 0x0, 0x0, 0xdf, 0x30, 0x0,
    0x0, 0x7f, 0x30, 0x0, 0x0, 0x0, 0xd, 0xf3,
    0x0, 0x0, 0x7, 0xf3, 0x0, 0x0, 0x0, 0x0,
    0xdf, 0x30, 0xc, 0xee, 0xff, 0x10, 0x0, 0x0,
    0x0, 0xd, 0xf3, 0x0, 0x8f, 0xff, 0x90, 0x0,
    0x0, 0x0, 0x0, 0xdf, 0x30, 0x0, 0x0, 0x0,
    0x0, 0x0, 0x0, 0x0, 0xd, 0xf3, 0x0, 0x0,
    0x0, 0x0, 0x0, 0x0, 0x0, 0x0, 0xdf, 0x30,
    0x0, 0x0, 0x0, 0x0, 0x0,

    /* U+8377 "荷" */
    0x0, 0x0, 0x0, 0x10, 0x0, 0x0, 0x1, 0x0,
    0x0, 0x0, 0x0, 0x0, 0x9f, 0x50, 0x0, 0x8,
    0xf5, 0x0, 0x0, 0x8, 0xaa, 0xad, 0xfc, 0xaa,
    0xaa, 0xdf, 0xca, 0xaa, 0x70, 0xdf, 0xff, 0xff,
    0xff, 0xff, 0xff, 0xff, 0xff, 0xfc, 0x1, 0x11,
    0x19, 0xf5, 0x11, 0x11, 0x8f, 0x61, 0x11, 0x0,
    0x0, 0x0, 0x7c, 0x30, 0x0, 0x6, 0xc4, 0x0,
    0x0, 0x0, 0x0, 0x5e, 0x60, 0x0, 0x0, 0x0,
    0x0, 0x0, 0x0, 0x0, 0xd, 0xf4, 0xff, 0xff,
    0xff, 0xff, 0xff, 0xfd, 0x0, 0x7, 0xfa, 0xd,
    0xdd, 0xdd, 0xdd, 0xdf, 0xfd, 0xb0, 0x3, 0xff,
    0x20, 0x0, 0x0, 0x0, 0x0, 0xcf, 0x10, 0x2,
    0xef, 0xf1, 0x9, 0xb9, 0x99, 0x96, 0xc, 0xf1,
    0x2, 0xef, 0xff, 0x10, 0xef, 0xff, 0xff, 0xa0,
    0xcf, 0x10, 0x1e, 0xac, 0xf1, 0xe, 0xd0, 0x1,
    0xfa, 0xc, 0xf1, 0x0, 0x20, 0xcf, 0x10, 0xed,
    0x0, 0x1f, 0xa0, 0xcf, 0x10, 0x0, 0xc, 0xf1,
    0xe, 0xe9, 0x99, 0xfa, 0xc, 0xf1, 0x0, 0x0,
    0xcf, 0x10, 0xef, 0xff, 0xff, 0xa0, 0xcf, 0x10,
    0x0, 0xc, 0xf1, 0xe, 0xd0, 0x0, 0x0, 0xc,
    0xf1, 0x0, 0x0, 0xcf, 0x10, 0x21, 0x0, 0x0,
    0x0, 0xcf, 0x10, 0x0, 0xc, 0xf1, 0x0, 0x0,
    0x0, 0xab, 0xbf, 0xf0, 0x0, 0x0, 0xcf, 0x10,
    0x0, 0x0, 0x9, 0xff, 0xe7, 0x0, 0x0, 0x1,
    0x20, 0x0, 0x0, 0x0, 0x0, 0x0, 0x0, 0x0,

    /* U+83B7 "获" */
    0x0, 0x0, 0x0, 0x10, 0x0, 0x0, 0x1, 0x0,
    0x0, 0x0, 0x0, 0x0, 0x4, 0xfa, 0x0, 0x0,
    0x8f, 0x60, 0x0, 0x0, 0x7, 0x99, 0x9b, 0xfd,
    0x99, 0x99, 0xcf, 0xc9, 0x99, 0x80, 0xd, 0xff,
    0xff, 0xff, 0xff, 0xff, 0xff, 0xff, 0xff, 0xe0,
    0x1, 0x11, 0x15, 0xfa, 0x11, 0x11, 0x8f, 0x71,
    0x11, 0x10, 0x0, 0x12, 0x2, 0xa6, 0x0, 0x0,
    0x59, 0x20, 0x0, 0x0, 0x0, 0xef, 0x45, 0xe6,
    0x0, 0x0, 0xfd, 0x5f, 0x70, 0x0, 0x0, 0x3e,
    0xff, 0xe2, 0x0, 0x0, 0xfd, 0x1c, 0xf8, 0x0,
    0x0, 0x3d, 0xff, 0x20, 0x0, 0x0, 0xfd, 0x0,
    0xcb, 0x0, 0xa, 0xff, 0xcf, 0x74, 0xbb, 0xbb,
    0xff, 0xbb, 0xcb, 0x90, 0x8, 0xa1, 0x1f, 0xc6,
    0xff, 0xff, 0xff, 0xff, 0xff, 0xd0, 0x0, 0x0,
    0x3f, 0xf0, 0x11, 0x13, 0xff, 0x21, 0x11, 0x0,
    0x0, 0x3, 0xef, 0xf2, 0x0, 0x5, 0xff, 0x60,
    0x0, 0x0, 0x0, 0x5f, 0xec, 0xf3, 0x0, 0xa,
    0xff, 0xc0, 0x0, 0x0, 0x1a, 0xfe, 0x39, 0xf3,
    0x0, 0x1f, 0xf9, 0xf4, 0x0, 0x0, 0xb, 0xd2,
    0x9, 0xf2, 0x0, 0x9f, 0x82, 0xfd, 0x0, 0x0,
    0x1, 0x0, 0xb, 0xf0, 0x4, 0xfe, 0x10, 0x9f,
    0x80, 0x0, 0x0, 0x0, 0xe, 0xe0, 0x4f, 0xf5,
    0x0, 0xd, 0xf8, 0x0, 0x0, 0x79, 0xcf, 0x86,
    0xff, 0x70, 0x0, 0x2, 0xef, 0xc0, 0x0, 0x7f,
    0xfa, 0x5, 0xe5, 0x0, 0x0, 0x0, 0x2c, 0x50,
    0x0, 0x0, 0x0, 0x0, 0x0, 0x0, 0x0, 0x0,
    0x0, 0x0,

    /* U+85CF "藏" */
    0x0, 0x0, 0x5, 0xe5, 0x0, 0x0, 0x9e, 0x20,
    0x0, 0x0, 0x7, 0x99, 0x9b, 0xfc, 0x99, 0x99,
    0xef, 0xa9, 0x99, 0x80, 0xd, 0xff, 0xff, 0xff,
    0xff, 0xff, 0xff, 0xff, 0xff, 0xe0, 0x0, 0x0,
    0x5, 0xf6, 0x0, 0x0, 0xbf, 0x52, 0xc6, 0x0,
    0x0, 0x0, 0x1, 0x41, 0x0, 0x0, 0x3f, 0xb0,
    0xaf, 0x40, 0x5, 0xd0, 0xaf, 0xff, 0xff, 0xff,
    0xff, 0xff, 0xff, 0xf1, 0x6, 0xf0, 0xaf, 0x99,
    0x99, 0x99, 0x9f, 0xe9, 0x99, 0x90, 0x6, 0xf0,
    0xad, 0x25, 0x55, 0x55, 0x4d, 0xc0, 0x24, 0x0,
    0x6, 0xf9, 0xed, 0x5f, 0xee, 0xfe, 0xac, 0xd0,
    0xaf, 0x10, 0x6, 0xfe, 0xfd, 0x5f, 0x5, 0xf0,
    0xa, 0xf0, 0xee, 0x0, 0x2, 0x70, 0xad, 0x5f,
    0xef, 0xfe, 0xb9, 0xf3, 0xf9, 0x0, 0x2a, 0xaa,
    0xed, 0x5f, 0x43, 0x3a, 0xc6, 0xfb, 0xf4, 0x0,
    0x4f, 0xff, 0xfd, 0x5f, 0x44, 0x4a, 0xc4, 0xff,
    0xd0, 0x0, 0x3, 0xf2, 0xcc, 0x5f, 0xef, 0xfe,
    0xb1, 0xff, 0x70, 0x0, 0x4, 0xf1, 0xda, 0x5f,
    0x5, 0xf0, 0x2, 0xff, 0x0, 0x20, 0x6, 0xf0,
    0xf8, 0x5f, 0xcd, 0xfc, 0xcd, 0xff, 0x10, 0xe5,
    0xa, 0xd3, 0xf6, 0x5f, 0x77, 0x77, 0xff, 0xcf,
    0x90, 0xf5, 0x2f, 0x89, 0xf2, 0x39, 0x0, 0xc,
    0xfc, 0xb, 0xfc, 0xf2, 0x1a, 0x13, 0xa0, 0x0,
    0x0, 0x3, 0xc1, 0x1, 0xcf, 0x90, 0x0, 0x0,
    0x0, 0x0, 0x0, 0x0, 0x0, 0x0, 0x0, 0x0,

    /* U+8702 "蜂" */
    0x0, 0x0, 0xa4, 0x0, 0x0, 0x3, 0xc5, 0x0,
    0x0, 0x0, 0x0, 0x1, 0xf7, 0x0, 0x0, 0xc,
    0xf6, 0x33, 0x30, 0x0, 0x0, 0x1, 0xf7, 0x0,
    0x0, 0x7f, 0xff, 0xff, 0xfc, 0x0, 0x2, 0x34,
    0xf9, 0x32, 0x6, 0xff, 0x64, 0x4d, 0xf5, 0x0,
    0xb, 0xff, 0xff, 0xff, 0x8f, 0xee, 0xd1, 0x8f,
    0xb0, 0x0, 0xb, 0xc5, 0xf9, 0xaf, 0x6c, 0x24,
    0xfe, 0xfd, 0x10, 0x0, 0xb, 0xb0, 0xf5, 0x6f,
    0x0, 0x3, 0xdf, 0xf9, 0x10, 0x0, 0xb, 0xb0,
    0xf5, 0x6f, 0x5, 0xbf, 0xf8, 0xcf, 0xf9, 0x40,
    0xb, 0xb0, 0xf5, 0x6f, 0xef, 0xf9, 0x2b, 0x75,
    0xcf, 0xf6, 0xb, 0xc4, 0xf8, 0x9f, 0x59, 0x54,
    0x5f, 0xc4, 0x47, 0x70, 0xb, 0xff, 0xff, 0xff,
    0xa, 0xff, 0xff, 0xff, 0xff, 0x50, 0xb, 0xc5,
    0xfa, 0x44, 0x0, 0x11, 0x2f, 0xb1, 0x11, 0x0,
    0x1, 0x11, 0xf7, 0x78, 0x4, 0xff, 0xff, 0xff,
    0xfe, 0x0, 0x0, 0x1, 0xf7, 0x9e, 0x1, 0x66,
    0x7f, 0xc6, 0x65, 0x0, 0x0, 0x1, 0xf8, 0x8f,
    0x43, 0x33, 0x4f, 0xc3, 0x33, 0x30, 0x4, 0x6a,
    0xff, 0xff, 0xbf, 0xff, 0xff, 0xff, 0xff, 0xf3,
    0x3f, 0xff, 0xeb, 0x7f, 0xb3, 0x33, 0x4f, 0xb3,
    0x33, 0x30, 0xa, 0x62, 0x0, 0xb, 0x70, 0x0,
    0x1f, 0xa0, 0x0, 0x0, 0x0, 0x0, 0x0, 0x0,
    0x0, 0x0, 0x1f, 0xa0, 0x0, 0x0,

    /* U+884C "行" */
    0x0, 0x0, 0x1c, 0x70, 0x0, 0x0, 0x0, 0x0,
    0x0, 0x0, 0x0, 0x0, 0xcf, 0x90, 0xc, 0xcc,
    0xcc, 0xcc, 0xcc, 0x90, 0x0, 0xc, 0xfb, 0x0,
    0xf, 0xff, 0xff, 0xff, 0xff, 0xc0, 0x1, 0xcf,
    0xc0, 0x0, 0x0, 0x0, 0x0, 0x0, 0x0, 0x0,
    0xe, 0xfc, 0x0, 0x50, 0x0, 0x0, 0x0, 0x0,
    0x0, 0x0, 0x7, 0xa0, 0x8, 0xf9, 0x0, 0x0,
    0x0, 0x0, 0x0, 0x0, 0x0, 0x0, 0x4f, 0xe1,
    0x0, 0x0, 0x0, 0x0, 0x0, 0x0, 0x0, 0x1,
    0xef, 0x51, 0xff, 0xff, 0xff, 0xff, 0xff, 0xf2,
    0x0, 0x1d, 0xfd, 0x0, 0xdd, 0xdd, 0xdd, 0xef,
    0xed, 0xd2, 0x1, 0xdf, 0xfd, 0x0, 0x0, 0x0,
    0x0, 0x7f, 0x70, 0x0, 0x1e, 0xfd, 0xfd, 0x0,
    0x0, 0x0, 0x0, 0x7f, 0x70, 0x0, 0xb, 0xd2,
    0xfd, 0x0, 0x0, 0x0, 0x0, 0x7f, 0x70, 0x0,
    0x1, 0x11, 0xfd, 0x0, 0x0, 0x0, 0x0, 0x7f,
    0x70, 0x0, 0x0, 0x1, 0xfd, 0x0, 0x0, 0x0,
    0x0, 0x7f, 0x70, 0x0, 0x0, 0x1, 0xfd, 0x0,
    0x0, 0x0, 0x0, 0x7f, 0x70, 0x0, 0x0, 0x1,
    0xfd, 0x0, 0x0, 0x0, 0x0, 0x7f, 0x70, 0x0,
    0x0, 0x1, 0xfd, 0x0, 0x0, 0x0, 0x0, 0x7f,
    0x70, 0x0, 0x0, 0x1, 0xfd, 0x0, 0x0, 0xa,
    0xcc, 0xef, 0x50, 0x0, 0x0, 0x1, 0xfd, 0x0,
    0x0, 0x8, 0xff, 0xfa, 0x0, 0x0, 0x0, 0x0,
    0x21, 0x0, 0x0, 0x0, 0x0, 0x0, 0x0, 0x0,

    /* U+8868 "表" */
    0x0, 0x0, 0x0, 0x0, 0xa, 0x90, 0x0, 0x0,
    0x0, 0x0, 0x0, 0x0, 0x0, 0x0, 0xf, 0xe0,
    0x0, 0x0, 0x0, 0x0, 0x0, 0xff, 0xff, 0xff,
    0xff, 0xff, 0xff, 0xff, 0xff, 0x10, 0x0, 0x89,
    0x99, 0x99, 0x9f, 0xf9, 0x99, 0x99, 0x99, 0x0,
    0x0, 0x0, 0x0, 0x0, 0xf, 0xe0, 0x0, 0x0,
    0x0, 0x0, 0x0, 0xf, 0xff, 0xff, 0xff, 0xff,
    0xff, 0xff, 0xf4, 0x0, 0x0, 0x7, 0x77, 0x77,
    0x7f, 0xf7, 0x77, 0x77, 0x72, 0x0, 0x2, 0x33,
    0x33, 0x33, 0x3f, 0xe3, 0x33, 0x33, 0x33, 0x20,
    0xc, 0xff, 0xff, 0xff, 0xff, 0xff, 0xff, 0xff,
    0xff, 0xb0, 0x5, 0x77, 0x77, 0x7e, 0xfd, 0xfe,
    0x77, 0x77, 0x77, 0x50, 0x0, 0x0, 0x2, 0xcf,
    0xc1, 0xcf, 0x20, 0x0, 0xa6, 0x0, 0x0, 0x1,
    0x9f, 0xf9, 0x0, 0x4f, 0xb0, 0x2c, 0xfc, 0x10,
    0x2, 0x9f, 0xff, 0xe0, 0x0, 0xc, 0xfa, 0xef,
    0x80, 0x0, 0x1e, 0xfe, 0x8f, 0xe0, 0x0, 0x2,
    0xff, 0xe3, 0x0, 0x0, 0x4, 0x60, 0xf, 0xe0,
    0x0, 0x12, 0x4f, 0xf7, 0x0, 0x0, 0x0, 0x0,
    0xf, 0xe3, 0x7c, 0xfb, 0x5, 0xff, 0xc4, 0x0,
    0x0, 0x0, 0x6f, 0xff, 0xff, 0xc6, 0x0, 0x3d,
    0xff, 0xd1, 0x0, 0x0, 0x9f, 0xfb, 0x61, 0x0,
    0x0, 0x0, 0x6d, 0x80, 0x0, 0x0, 0x26, 0x0,
    0x0, 0x0, 0x0, 0x0, 0x0, 0x0,

    /* U+898B "見" */
    0x0, 0x0, 0x0, 0x0, 0x0, 0x0, 0x0, 0x0,
    0x0, 0x0, 0x0, 0x3, 0xff, 0xff, 0xff, 0xff,
    0xff, 0xff, 0xd0, 0x0, 0x0, 0x3, 0xfd, 0xaa,
    0xaa, 0xaa, 0xaa, 0xaf, 0xd0, 0x0, 0x0, 0x3,
    0xfa, 0x0, 0x0, 0x0, 0x0, 0x1f, 0xd0, 0x0,
    0x0, 0x3, 0xff, 0xff, 0xff, 0xff, 0xff, 0xff,
    0xd0, 0x0, 0x0, 0x3, 0xfd, 0xaa, 0xaa, 0xaa,
    0xaa, 0xaf, 0xd0, 0x0, 0x0, 0x3, 0xfa, 0x0,
    0x0, 0x0, 0x0, 0x1f, 0xd0, 0x0, 0x0, 0x3,
    0xfd, 0x99, 0x99, 0x99, 0x99, 0x9f, 0xd0, 0x0,
    0x0, 0x3, 0xff, 0xff, 0xff, 0xff, 0xff, 0xff,
    0xd0, 0x0, 0x0, 0x3, 0xfa, 0x0, 0x0, 0x0,
    0x0, 0x1f, 0xd0, 0x0, 0x0, 0x3, 0xfa, 0x11,
    0x11, 0x11, 0x11, 0x2f, 0xd0, 0x0, 0x0, 0x3,
    0xff, 0xff, 0xff, 0xff, 0xff, 0xff, 0xd0, 0x0,
    0x0, 0x1, 0x99, 0xef, 0xb9, 0x9f, 0xfa, 0x99,
    0x80, 0x0, 0x0, 0x0, 0x0, 0xdf, 0x20, 0xd,
    0xf1, 0x0, 0x0, 0x0, 0x0, 0x0, 0x2, 0xfe,
    0x0, 0xd, 0xf1, 0x0, 0x0, 0x60, 0x0, 0x0,
    0xc, 0xf9, 0x0, 0xd, 0xf1, 0x0, 0x1, 0xfa,
    0x0, 0x4, 0xdf, 0xe1, 0x0, 0xd, 0xf1, 0x0,
    0x4, 0xf8, 0x8, 0xef, 0xfc, 0x20, 0x0, 0xc,
    0xfd, 0xcc, 0xce, 0xf4, 0x5, 0xfc, 0x50, 0x0,
    0x0, 0x4, 0xdf, 0xff, 0xff, 0xa0, 0x0, 0x10,
    0x0, 0x0, 0x0, 0x0, 0x0, 0x0, 0x0, 0x0,

    /* U+89D2 "角" */
    0x0, 0x0, 0x7, 0xc6, 0x0, 0x0, 0x0, 0x0,
    0x0, 0x0, 0x2, 0xff, 0xca, 0xaa, 0xab, 0x60,
    0x0, 0x0, 0x1, 0xdf, 0xff, 0xff, 0xff, 0xff,
    0x10, 0x0, 0x0, 0xcf, 0xb0, 0x0, 0x1, 0xdf,
    0x50, 0x0, 0x1, 0xcf, 0xf8, 0x77, 0x77, 0xcf,
    0xd7, 0x78, 0x73, 0xef, 0xff, 0xff, 0xff, 0xff,
    0xff, 0xff, 0xff, 0x3f, 0xcf, 0xd3, 0x33, 0x4f,
    0xd3, 0x33, 0x3f, 0xf0, 0x21, 0xfd, 0x0, 0x1,
    0xfd, 0x0, 0x0, 0xff, 0x0, 0x1f, 0xf9, 0x99,
    0xaf, 0xf9, 0x99, 0x9f, 0xf0, 0x1, 0xff, 0xff,
    0xff, 0xff, 0xff, 0xff, 0xff, 0x0, 0x2f, 0xd0,
    0x0, 0x2f, 0xd0, 0x0, 0xf, 0xf0, 0x2, 0xfc,
    0x0, 0x1, 0xfd, 0x0, 0x0, 0xff, 0x0, 0x3f,
    0xea, 0xaa, 0xaf, 0xfa, 0xaa, 0xaf, 0xf0, 0x5,
    0xff, 0xff, 0xff, 0xff, 0xff, 0xff, 0xff, 0x0,
    0x9f, 0x50, 0x0, 0x2f, 0xd0, 0x0, 0xf, 0xf0,
    0xe, 0xf1, 0x0, 0x1, 0xfd, 0x0, 0x0, 0xff,
    0x6, 0xfb, 0x0, 0x0, 0x1f, 0xd0, 0x0, 0xf,
    0xf2, 0xff, 0x30, 0x0, 0x1, 0xfd, 0xc, 0xdd,
    0xfd, 0x1c, 0x80, 0x0, 0x0, 0x1f, 0xd0, 0xaf,
    0xfc, 0x40, 0x0, 0x0, 0x0, 0x0, 0x0, 0x0,
    0x0, 0x0,

    /* U+89E3 "解" */
    0x0, 0x6, 0xb1, 0x0, 0x0, 0x0, 0x0, 0x0,
    0x0, 0x0, 0x0, 0xb, 0xf1, 0x11, 0x0, 0xad,
    0xdd, 0xdd, 0xde, 0xa0, 0x0, 0x1f, 0xff, 0xff,
    0xa0, 0x8b, 0xcf, 0xdb, 0xbf, 0xb0, 0x0, 0x7f,
    0x86, 0xbf, 0x90, 0x0, 0x7f, 0x40, 0xf, 0xa0,
    0x0, 0xed, 0x0, 0xcf, 0x10, 0x0, 0xcf, 0x0,
    0x1f, 0x90, 0x9, 0xfe, 0xcc, 0xff, 0xc9, 0x7,
    0xf8, 0x0, 0x4f, 0x70, 0x1e, 0xff, 0xaf, 0xda,
    0xfc, 0x9f, 0xb0, 0x5f, 0xff, 0x30, 0x1, 0xdd,
    0xe, 0x70, 0xdc, 0x69, 0x30, 0x5d, 0x84, 0x0,
    0x0, 0xbe, 0x6f, 0xa6, 0xec, 0x9, 0xf0, 0xbf,
    0x10, 0x0, 0x0, 0xbf, 0xff, 0xff, 0xfc, 0xd,
    0xf9, 0xef, 0x99, 0x70, 0x0, 0xbd, 0xe, 0x70,
    0xdc, 0x3f, 0xff, 0xff, 0xff, 0xc0, 0x0, 0xbd,
    0xe, 0x70, 0xdc, 0xaf, 0x20, 0xbf, 0x20, 0x0,
    0x0, 0xce, 0x8f, 0xb8, 0xec, 0x77, 0x0, 0xbf,
    0x10, 0x0, 0x0, 0xdf, 0xff, 0xff, 0xfc, 0x6a,
    0xaa, 0xef, 0xaa, 0xa3, 0x0, 0xfa, 0xe, 0x70,
    0xdc, 0xaf, 0xff, 0xff, 0xff, 0xf5, 0x2, 0xf7,
    0xe, 0x70, 0xdc, 0x0, 0x0, 0xbf, 0x20, 0x0,
    0x7, 0xf3, 0xe, 0x70, 0xdc, 0x0, 0x0, 0xbf,
    0x10, 0x0, 0xd, 0xe0, 0x7, 0x79, 0xfb, 0x0,
    0x0, 0xbf, 0x10, 0x0, 0x8, 0x70, 0x0, 0x2f,
    0xe4, 0x0, 0x0, 0xbf, 0x10, 0x0, 0x0, 0x0,
    0x0, 0x0, 0x0, 0x0, 0x0, 0x0, 0x0, 0x0,

    /* U+8A00 "言" */
    0x0, 0x0, 0x0, 0x7, 0xd5, 0x0, 0x0, 0x0,
    0x0, 0x0, 0x0, 0x0, 0x0, 0x3f, 0xe1, 0x0,
    0x0, 0x0, 0x0, 0x0, 0x0, 0x0, 0x0, 0x9f,
    0xa0, 0x0, 0x0, 0x0, 0xf, 0xff, 0xff, 0xff,
    0xff, 0xff, 0xff, 0xff, 0xff, 0xf1, 0x9a, 0xaa,
    0xaa, 0xaa, 0xaa, 0xaa, 0xaa, 0xaa, 0xaa, 0x0,
    0x0, 0x0, 0x0, 0x0, 0x0, 0x0, 0x0, 0x0,
    0x0, 0x0, 0x2f, 0xff, 0xff, 0xff, 0xff, 0xff,
    0xf3, 0x0, 0x0, 0x1, 0x99, 0x99, 0x99, 0x99,
    0x99, 0x99, 0x20, 0x0, 0x0, 0x0, 0x0, 0x0,
    0x0, 0x0, 0x0, 0x0, 0x0, 0x0, 0x2, 0xff,
    0xff, 0xff, 0xff, 0xff, 0xff, 0x30, 0x0, 0x0,
    0x19, 0x99, 0x99, 0x99, 0x99, 0x99, 0x92, 0x0,
    0x0, 0x0, 0x0, 0x0, 0x0, 0x0, 0x0, 0x0,
    0x0, 0x0, 0x0, 0x3a, 0xaa, 0xaa, 0xaa, 0xaa,
    0xaa, 0xa4, 0x0, 0x0, 0x5, 0xff, 0xff, 0xff,
    0xff, 0xff, 0xff, 0x70, 0x0, 0x0, 0x5f, 0x80,
    0x0, 0x0, 0x0, 0x7, 0xf7, 0x0, 0x0, 0x5,
    0xf8, 0x0, 0x0, 0x0, 0x0, 0x7f, 0x70, 0x0,
    0x0, 0x5f, 0xda, 0xaa, 0xaa, 0xaa, 0xac, 0xf7,
    0x0, 0x0, 0x5, 0xff, 0xff, 0xff, 0xff, 0xff,
    0xff, 0x70, 0x0, 0x0, 0x5f, 0x80, 0x0, 0x0,
    0x0, 0x7, 0xf7, 0x0, 0x0, 0x0, 0x10, 0x0,
    0x0, 0x0, 0x0, 0x0, 0x0, 0x0,

    /* U+8A08 "計" */
    0x0, 0x3c, 0x20, 0x0, 0x0, 0x0, 0x78, 0x0,
    0x0, 0x0, 0x3, 0xfc, 0x0, 0x0, 0x0, 0xe,
    0xf1, 0x0, 0x0, 0x0, 0xa, 0xf2, 0x0, 0x0,
    0x0, 0xef, 0x10, 0x0, 0x7, 0x88, 0xaa, 0x88,
    0x83, 0x0, 0xe, 0xf1, 0x0, 0x0, 0xef, 0xff,
    0xff, 0xff, 0x70, 0x0, 0xef, 0x10, 0x0, 0x0,
    0x0, 0x0, 0x0, 0x0, 0x0, 0xe, 0xf1, 0x0,
    0x0, 0xf, 0xff, 0xff, 0xf8, 0x23, 0x33, 0xef,
    0x43, 0x33, 0x0, 0x88, 0x88, 0x88, 0x4a, 0xff,
    0xff, 0xff, 0xff, 0xf0, 0x2, 0x22, 0x22, 0x21,
    0x8c, 0xcc, 0xff, 0xdc, 0xcc, 0x0, 0xff, 0xff,
    0xff, 0x80, 0x0, 0xe, 0xf1, 0x0, 0x0, 0x5,
    0x55, 0x55, 0x52, 0x0, 0x0, 0xef, 0x10, 0x0,
    0x0, 0x77, 0x77, 0x77, 0x40, 0x0, 0xe, 0xf1,
    0x0, 0x0, 0xe, 0xff, 0xff, 0xf9, 0x0, 0x0,
    0xef, 0x10, 0x0, 0x0, 0xeb, 0x0, 0x1f, 0x90,
    0x0, 0xe, 0xf1, 0x0, 0x0, 0xe, 0xb0, 0x1,
    0xf9, 0x0, 0x0, 0xef, 0x10, 0x0, 0x0, 0xeb,
    0x0, 0x1f, 0x90, 0x0, 0xe, 0xf1, 0x0, 0x0,
    0xe, 0xff, 0xff, 0xf9, 0x0, 0x0, 0xef, 0x10,
    0x0, 0x0, 0xed, 0x88, 0x88, 0x40, 0x0, 0xe,
    0xf1, 0x0, 0x0, 0xe, 0xb0, 0x0, 0x0, 0x0,
    0x0, 0xef, 0x10, 0x0, 0x0,

    /* U+8A2D "設" */
    0x0, 0x7, 0xb0, 0x0, 0x0, 0x24, 0x33, 0x34,
    0x20, 0x0, 0x0, 0x8, 0xf6, 0x0, 0x0, 0xcf,
    0xff, 0xff, 0xc0, 0x0, 0x0, 0x1, 0xfc, 0x0,
    0x0, 0xcf, 0x99, 0x9f, 0xc0, 0x0, 0x8, 0x88,
    0xc8, 0x88, 0x50, 0xde, 0x0, 0xf, 0xc0, 0x0,
    0x1f, 0xff, 0xff, 0xff, 0xa0, 0xfc, 0x0, 0xf,
    0xc0, 0x0, 0x0, 0x0, 0x0, 0x0, 0x7, 0xf8,
    0x0, 0xf, 0xc0, 0x0, 0x3, 0xdd, 0xdd, 0xda,
    0x7f, 0xf1, 0x0, 0xe, 0xfe, 0xc0, 0x2, 0x99,
    0x99, 0x98, 0xdf, 0x40, 0x0, 0x4, 0xaa, 0x90,
    0x0, 0x22, 0x22, 0x21, 0x34, 0x22, 0x22, 0x22,
    0x21, 0x0, 0x3, 0xff, 0xff, 0xfc, 0xbf, 0xff,
    0xff, 0xff, 0xff, 0x30, 0x1, 0x55, 0x55, 0x53,
    0x7c, 0xfa, 0xaa, 0xaa, 0xff, 0x0, 0x1, 0x77,
    0x77, 0x75, 0xa, 0xf4, 0x0, 0x5, 0xf9, 0x0,
    0x3, 0xff, 0xff, 0xfb, 0x2, 0xfe, 0x10, 0x1e,
    0xf2, 0x0, 0x3, 0xf6, 0x0, 0xeb, 0x0, 0x9f,
    0xc2, 0xdf, 0x80, 0x0, 0x3, 0xf6, 0x0, 0xeb,
    0x0, 0xd, 0xff, 0xfc, 0x0, 0x0, 0x3, 0xf6,
    0x0, 0xeb, 0x0, 0x1a, 0xff, 0xfa, 0x10, 0x0,
    0x3, 0xff, 0xff, 0xfc, 0x49, 0xff, 0xff, 0xff,
    0xfa, 0x50, 0x3, 0xfb, 0x88, 0x88, 0xff, 0xff,
    0x71, 0x9f, 0xff, 0xf1, 0x3, 0xf6, 0x0, 0x0,
    0xae, 0x81, 0x0, 0x2, 0x9f, 0x90, 0x0, 0x0,
    0x0, 0x0, 0x10, 0x0, 0x0, 0x0, 0x0, 0x0,

    /* U+8A73 "詳" */
    0x0, 0x8, 0xa0, 0x0, 0x2, 0x92, 0x0, 0x0,
    0x79, 0x20, 0x0, 0xa, 0xf4, 0x0, 0x3, 0xfb,
    0x0, 0x0, 0xef, 0x20, 0x0, 0x1, 0xfa, 0x0,
    0x0, 0xaf, 0x40, 0x7, 0xf8, 0x0, 0x28, 0x88,
    0xc8, 0x88, 0x10, 0x3f, 0x70, 0xb, 0xd0, 0x0,
    0x4f, 0xff, 0xff, 0xff, 0x5f, 0xff, 0xff, 0xff,
    0xff, 0xf0, 0x0, 0x0, 0x0, 0x0, 0x2a, 0xaa,
    0xbf, 0xea, 0xaa, 0xa0, 0x6, 0xff, 0xff, 0xf7,
    0x0, 0x0, 0x1f, 0xc0, 0x0, 0x0, 0x3, 0x88,
    0x88, 0x84, 0x0, 0x0, 0x1f, 0xc0, 0x0, 0x0,
    0x1, 0x22, 0x22, 0x21, 0x8, 0xdd, 0xdf, 0xfd,
    0xdd, 0x50, 0x7, 0xff, 0xff, 0xf7, 0xa, 0xff,
    0xff, 0xff, 0xff, 0x60, 0x2, 0x55, 0x55, 0x52,
    0x0, 0x0, 0x1f, 0xc0, 0x0, 0x0, 0x2, 0x65,
    0x55, 0x53, 0x0, 0x0, 0x1f, 0xc0, 0x0, 0x0,
    0x7, 0xff, 0xff, 0xfa, 0x1, 0x11, 0x2f, 0xc1,
    0x11, 0x10, 0x7, 0xf6, 0x55, 0xfa, 0x8f, 0xff,
    0xff, 0xff, 0xff, 0xf4, 0x7, 0xf1, 0x0, 0xfa,
    0x5a, 0xaa, 0xbf, 0xea, 0xaa, 0xa3, 0x7, 0xf2,
    0x1, 0xfa, 0x0, 0x0, 0x1f, 0xc0, 0x0, 0x0,
    0x7, 0xff, 0xff, 0xfa, 0x0, 0x0, 0x1f, 0xc0,
    0x0, 0x0, 0x7, 0xf9, 0x88, 0x85, 0x0, 0x0,
    0x1f, 0xc0, 0x0, 0x0, 0x7, 0xf1, 0x0, 0x0,
    0x0, 0x0, 0x1f, 0xc0, 0x0, 0x0,

    /* U+8A9E "語" */
    0x0, 0x5, 0xc0, 0x0, 0x1, 0x11, 0x11, 0x11,
    0x11, 0x10, 0x0, 0x6, 0xf8, 0x0, 0x5f, 0xff,
    0xff, 0xff, 0xff, 0xf0, 0x0, 0x0, 0xde, 0x0,
    0x28, 0x89, 0xfd, 0x88, 0x88, 0x80, 0x8, 0x88,
    0xb9, 0x88, 0x30, 0x5, 0xf8, 0x0, 0x0, 0x0,
    0x1f, 0xff, 0xff, 0xff, 0x79, 0xbd, 0xfd, 0xbb,
    0xb7, 0x0, 0x0, 0x0, 0x0, 0x0, 0xa, 0xcf,
    0xfc, 0xcc, 0xfb, 0x0, 0x3, 0xff, 0xff, 0xfc,
    0x0, 0xd, 0xf0, 0x1, 0xfb, 0x0, 0x1, 0x88,
    0x88, 0x86, 0x0, 0x1f, 0xc0, 0x1, 0xfb, 0x0,
    0x0, 0x22, 0x22, 0x21, 0x68, 0xaf, 0xd8, 0x88,
    0xfd, 0x84, 0x3, 0xff, 0xff, 0xfd, 0xcf, 0xff,
    0xff, 0xff, 0xff, 0xf7, 0x1, 0x55, 0x55, 0x54,
    0x11, 0x11, 0x11, 0x11, 0x11, 0x10, 0x2, 0x77,
    0x77, 0x77, 0x8, 0xbb, 0xbb, 0xbb, 0xbb, 0x30,
    0x4, 0xff, 0xff, 0xff, 0xc, 0xfe, 0xee, 0xee,
    0xff, 0x50, 0x4, 0xf6, 0x0, 0xbf, 0xc, 0xf0,
    0x0, 0x0, 0x8f, 0x50, 0x4, 0xf6, 0x0, 0xbf,
    0xc, 0xf0, 0x0, 0x0, 0x8f, 0x50, 0x4, 0xf6,
    0x0, 0xbf, 0xc, 0xf0, 0x0, 0x0, 0x8f, 0x50,
    0x4, 0xff, 0xff, 0xff, 0xc, 0xfb, 0xbb, 0xbb,
    0xdf, 0x50, 0x4, 0xfc, 0x99, 0x98, 0xc, 0xff,
    0xff, 0xff, 0xff, 0x50, 0x4, 0xf6, 0x0, 0x0,
    0xc, 0xf0, 0x0, 0x0, 0x8f, 0x50, 0x0, 0x0,
    0x0, 0x0, 0x0, 0x10, 0x0, 0x0, 0x0, 0x0,

    /* U+8ABF "調" */
    0x0, 0x7, 0x90, 0x0, 0x1, 0x11, 0x11, 0x11,
    0x11, 0x0, 0x0, 0x9f, 0x30, 0x6, 0xff, 0xff,
    0xff, 0xff, 0xfa, 0x0, 0x1, 0xf9, 0x0, 0x6f,
    0xa9, 0x99, 0x99, 0x9f, 0xa0, 0x88, 0x8c, 0x88,
    0x66, 0xf2, 0x0, 0xc7, 0x0, 0xea, 0x1f, 0xff,
    0xff, 0xfd, 0x6f, 0x23, 0x5f, 0xa5, 0x2e, 0xa0,
    0x0, 0x0, 0x0, 0x6, 0xf2, 0x9e, 0xff, 0xe5,
    0xea, 0x4, 0xff, 0xff, 0xf3, 0x6f, 0x20, 0xe,
    0x80, 0xe, 0xa0, 0x28, 0x88, 0x88, 0x16, 0xf3,
    0x55, 0xfa, 0x52, 0xea, 0x0, 0x22, 0x22, 0x20,
    0x6f, 0x6f, 0xff, 0xff, 0x8e, 0xa0, 0x4f, 0xff,
    0xff, 0x36, 0xf2, 0x22, 0x22, 0x21, 0xea, 0x1,
    0x55, 0x55, 0x51, 0x6f, 0x15, 0x76, 0x66, 0x1e,
    0xa0, 0x27, 0x77, 0x77, 0x27, 0xf0, 0xcf, 0xff,
    0xf3, 0xea, 0x5, 0xff, 0xff, 0xf4, 0x9f, 0xc,
    0x80, 0x1f, 0x3e, 0xa0, 0x5f, 0x30, 0x4f, 0x4b,
    0xd0, 0xc8, 0x1, 0xf3, 0xea, 0x5, 0xf3, 0x4,
    0xf4, 0xeb, 0xc, 0xff, 0xff, 0x3e, 0xa0, 0x5f,
    0x30, 0x4f, 0x7f, 0x70, 0xcb, 0x66, 0x61, 0xea,
    0x5, 0xff, 0xff, 0xfd, 0xf3, 0x3, 0x20, 0x0,
    0xe, 0xa0, 0x5f, 0x98, 0x89, 0xfd, 0x0, 0x0,
    0x0, 0xab, 0xf9, 0x5, 0xf3, 0x0, 0x7, 0x50,
    0x0, 0x0, 0xa, 0xfd, 0x30, 0x0, 0x0, 0x0,
    0x0, 0x0, 0x0, 0x0, 0x0, 0x0,

    /* U+8BA1 "计" */
    0x0, 0x2, 0x0, 0x0, 0x0, 0x0, 0x89, 0x10,
    0x0, 0x0, 0x0, 0x2e, 0xb0, 0x0, 0x0, 0x0,
    0xdf, 0x20, 0x0, 0x0, 0x0, 0xa, 0xfc, 0x10,
    0x0, 0x0, 0xdf, 0x20, 0x0, 0x0, 0x0, 0x0,
    0x9f, 0xa0, 0x0, 0x0, 0xdf, 0x20, 0x0, 0x0,
    0x0, 0x0, 0x9, 0x30, 0x0, 0x0, 0xdf, 0x20,
    0x0, 0x0, 0x0, 0x0, 0x0, 0x0, 0x0, 0x0,
    0xdf, 0x20, 0x0, 0x0, 0x17, 0x77, 0x86, 0x2,
    0x33, 0x33, 0xef, 0x43, 0x33, 0x30, 0x2f, 0xff,
    0xfd, 0xd, 0xff, 0xff, 0xff, 0xff, 0xff, 0xf0,
    0x17, 0x77, 0xfd, 0xa, 0xcc, 0xcc, 0xff, 0xdc,
    0xcc, 0xc0, 0x0, 0x1, 0xfd, 0x0, 0x0, 0x0,
    0xdf, 0x20, 0x0, 0x0, 0x0, 0x1, 0xfd, 0x0,
    0x0, 0x0, 0xdf, 0x20, 0x0, 0x0, 0x0, 0x1,
    0xfd, 0x0, 0x0, 0x0, 0xdf, 0x20, 0x0, 0x0,
    0x0, 0x1, 0xfd, 0x0, 0x0, 0x0, 0xdf, 0x20,
    0x0, 0x0, 0x0, 0x1, 0xfd, 0x6, 0x0, 0x0,
    0xdf, 0x20, 0x0, 0x0, 0x0, 0x1, 0xfe, 0xbf,
    0x50, 0x0, 0xdf, 0x20, 0x0, 0x0, 0x0, 0x2,
    0xff, 0xfb, 0x10, 0x0, 0xdf, 0x20, 0x0, 0x0,
    0x0, 0xa, 0xff, 0x70, 0x0, 0x0, 0xdf, 0x20,
    0x0, 0x0, 0x0, 0xc, 0xe4, 0x0, 0x0, 0x0,
    0xdf, 0x20, 0x0, 0x0, 0x0, 0x3, 0x20, 0x0,
    0x0, 0x0, 0xdf, 0x20, 0x0, 0x0,

    /* U+8BA4 "认" */
    0x0, 0x5, 0x30, 0x0, 0x0, 0x0, 0xbf, 0x20,
    0x0, 0x0, 0x0, 0x2f, 0xf4, 0x0, 0x0, 0x0,
    0xcf, 0x20, 0x0, 0x0, 0x0, 0x5, 0xff, 0x50,
    0x0, 0x0, 0xcf, 0x20, 0x0, 0x0, 0x0, 0x0,
    0x4f, 0xb0, 0x0, 0x0, 0xcf, 0x20, 0x0, 0x0,
    0x0, 0x0, 0x4, 0x0, 0x0, 0x0, 0xcf, 0x10,
    0x0, 0x0, 0x0, 0x0, 0x0, 0x0, 0x0, 0x0,
    0xdf, 0x0, 0x0, 0x0, 0x1c, 0xcc, 0xcb, 0x0,
    0x0, 0x0, 0xef, 0x10, 0x0, 0x0, 0x2f, 0xff,
    0xfe, 0x0, 0x0, 0x0, 0xff, 0x30, 0x0, 0x0,
    0x0, 0x0, 0xee, 0x0, 0x0, 0x1, 0xff, 0x60,
    0x0, 0x0, 0x0, 0x0, 0xee, 0x0, 0x0, 0x4,
    0xff, 0xa0, 0x0, 0x0, 0x0, 0x0, 0xee, 0x0,
    0x0, 0x8, 0xff, 0xe0, 0x0, 0x0, 0x0, 0x0,
    0xee, 0x0, 0x0, 0xc, 0xfb, 0xf4, 0x0, 0x0,
    0x0, 0x0, 0xee, 0x0, 0x0, 0x2f, 0xe2, 0xfb,
    0x0, 0x0, 0x0, 0x0, 0xee, 0x2d, 0x50, 0x9f,
    0x80, 0xcf, 0x30, 0x0, 0x0, 0x0, 0xef, 0xff,
    0x52, 0xff, 0x10, 0x5f, 0xc0, 0x0, 0x0, 0x2,
    0xff, 0xd3, 0xd, 0xf8, 0x0, 0xb, 0xf9, 0x0,
    0x0, 0xc, 0xfa, 0x1, 0xcf, 0xc0, 0x0, 0x2,
    0xef, 0x90, 0x0, 0x5, 0x70, 0x4, 0xfd, 0x10,
    0x0, 0x0, 0x3f, 0xe2, 0x0, 0x0, 0x0, 0x0,
    0x41, 0x0, 0x0, 0x0, 0x2, 0x20,

    /* U+8BB0 "记" */
    0x0, 0x7, 0x10, 0x0, 0x0, 0x0, 0x0, 0x0,
    0x0, 0x0, 0x0, 0x6f, 0xd1, 0x0, 0x5b, 0xbb,
    0xbb, 0xbb, 0xbb, 0x0, 0x0, 0xa, 0xfe, 0x20,
    0x7f, 0xff, 0xff, 0xff, 0xff, 0x0, 0x0, 0x0,
    0xaf, 0xb0, 0x12, 0x22, 0x22, 0x22, 0xef, 0x0,
    0x0, 0x0, 0x9, 0x10, 0x0, 0x0, 0x0, 0x0,
    0xef, 0x0, 0x0, 0x0, 0x0, 0x0, 0x0, 0x0,
    0x0, 0x0, 0xef, 0x0, 0x1b, 0xbb, 0xc9, 0x0,
    0x0, 0x0, 0x0, 0x0, 0xef, 0x0, 0x2f, 0xff,
    0xfc, 0x0, 0x0, 0x0, 0x0, 0x0, 0xef, 0x0,
    0x2, 0x23, 0xfc, 0x0, 0x1f, 0xff, 0xff, 0xff,
    0xff, 0x0, 0x0, 0x1, 0xfc, 0x0, 0x1f, 0xfc,
    0xcc, 0xcc, 0xff, 0x0, 0x0, 0x1, 0xfc, 0x0,
    0x1f, 0xe0, 0x0, 0x0, 0xbc, 0x0, 0x0, 0x1,
    0xfc, 0x0, 0x1f, 0xe0, 0x0, 0x0, 0x0, 0x0,
    0x0, 0x1, 0xfc, 0x0, 0x1f, 0xe0, 0x0, 0x0,
    0x0, 0x0, 0x0, 0x1, 0xfc, 0x1, 0x1f, 0xe0,
    0x0, 0x0, 0x2, 0x0, 0x0, 0x1, 0xfc, 0x5e,
    0x1f, 0xe0, 0x0, 0x0, 0x8, 0xd2, 0x0, 0x1,
    0xff, 0xff, 0x4f, 0xe0, 0x0, 0x0, 0xa, 0xf3,
    0x0, 0x4, 0xff, 0xd3, 0xf, 0xf0, 0x0, 0x0,
    0xd, 0xf0, 0x0, 0xd, 0xfa, 0x0, 0xe, 0xfe,
    0xdd, 0xdd, 0xef, 0xc0, 0x0, 0x5, 0x70, 0x0,
    0x4, 0xdf, 0xff, 0xff, 0xfc, 0x20,

    /* U+8BBE "设" */
    0x0, 0x2, 0x0, 0x0, 0x0, 0x10, 0x0, 0x10,
    0x0, 0x0, 0x0, 0xaf, 0x50, 0x0, 0x9, 0xff,
    0xff, 0xfe, 0x0, 0x0, 0x0, 0x2e, 0xf6, 0x0,
    0x9, 0xfc, 0xbb, 0xfe, 0x0, 0x0, 0x0, 0x2,
    0xef, 0x20, 0x9, 0xf2, 0x0, 0xee, 0x0, 0x0,
    0x0, 0x0, 0x26, 0x0, 0xd, 0xf0, 0x0, 0xee,
    0x0, 0x0, 0x0, 0x0, 0x0, 0x0, 0x5f, 0xc0,
    0x0, 0xdf, 0x0, 0x0, 0x4b, 0xbc, 0xb0, 0x7,
    0xff, 0x40, 0x0, 0xbf, 0xff, 0xc0, 0x6f, 0xff,
    0xf0, 0x3f, 0xf5, 0x0, 0x0, 0x29, 0xaa, 0x80,
    0x2, 0x2d, 0xf0, 0x4, 0x30, 0x0, 0x0, 0x0,
    0x10, 0x0, 0x0, 0xc, 0xf0, 0x9, 0xff, 0xff,
    0xff, 0xff, 0xfa, 0x0, 0x0, 0xc, 0xf0, 0x6,
    0xef, 0xbb, 0xbb, 0xbe, 0xf8, 0x0, 0x0, 0xc,
    0xf0, 0x0, 0x9f, 0x50, 0x0, 0xd, 0xf1, 0x0,
    0x0, 0xc, 0xf0, 0x0, 0x1e, 0xe1, 0x0, 0x9f,
    0x80, 0x0, 0x0, 0xc, 0xf0, 0x83, 0x5, 0xfd,
    0x17, 0xfd, 0x0, 0x0, 0x0, 0xc, 0xfc, 0xf8,
    0x0, 0x8f, 0xff, 0xe2, 0x0, 0x0, 0x0, 0xe,
    0xff, 0x90, 0x0, 0x5f, 0xff, 0xa1, 0x0, 0x0,
    0x0, 0x7f, 0xf6, 0x2, 0x7d, 0xff, 0xae, 0xff,
    0xa4, 0x0, 0x0, 0x4e, 0x30, 0x5f, 0xff, 0xa2,
    0x1, 0x8f, 0xff, 0xc0, 0x0, 0x2, 0x0, 0x9,
    0x61, 0x0, 0x0, 0x0, 0x5a, 0x20,

    /* U+8BED "语" */
    0x0, 0x10, 0x0, 0x0, 0x0, 0x0, 0x0, 0x0,
    0x0, 0x0, 0x2, 0xeb, 0x0, 0xf, 0xff, 0xff,
    0xff, 0xff, 0xff, 0x70, 0x0, 0xaf, 0xc0, 0xa,
    0xaa, 0xaf, 0xfa, 0xaa, 0xaa, 0x40, 0x0, 0x9,
    0xfa, 0x0, 0x0, 0x3f, 0xa0, 0x0, 0x0, 0x0,
    0x0, 0x0, 0x92, 0x2, 0x99, 0xcf, 0xc9, 0x9a,
    0xa2, 0x0, 0x0, 0x0, 0x0, 0x3, 0xff, 0xff,
    0xff, 0xff, 0xf4, 0x0, 0x4b, 0xbb, 0xb0, 0x0,
    0x0, 0xef, 0x10, 0xa, 0xf2, 0x0, 0x6f, 0xff,
    0xf0, 0x0, 0x2, 0xfc, 0x0, 0xb, 0xf1, 0x0,
    0x0, 0xc, 0xf0, 0xbd, 0xde, 0xff, 0xdd, 0xdf,
    0xfd, 0xd0, 0x0, 0xc, 0xf0, 0xbd, 0xdd, 0xdd,
    0xdd, 0xdd, 0xdd, 0xd0, 0x0, 0xc, 0xf0, 0x0,
    0x0, 0x0, 0x0, 0x0, 0x0, 0x0, 0x0, 0xc,
    0xf0, 0x0, 0xaa, 0xaa, 0xaa, 0xaa, 0xa9, 0x0,
    0x0, 0xc, 0xf0, 0x1, 0xff, 0xff, 0xff, 0xff,
    0xff, 0x0, 0x0, 0xc, 0xf0, 0x25, 0xfb, 0x0,
    0x0, 0x0, 0xff, 0x0, 0x0, 0xc, 0xf8, 0xfc,
    0xfb, 0x0, 0x0, 0x0, 0xff, 0x0, 0x0, 0xe,
    0xff, 0xe4, 0xfb, 0x0, 0x0, 0x0, 0xff, 0x0,
    0x0, 0x6f, 0xfa, 0x11, 0xfe, 0xbb, 0xbb, 0xbb,
    0xff, 0x0, 0x0, 0x1e, 0x60, 0x1, 0xff, 0xff,
    0xff, 0xff, 0xff, 0x0, 0x0, 0x1, 0x0, 0x1,
    0xfb, 0x0, 0x0, 0x0, 0xff, 0x0, 0x0, 0x0,
    0x0, 0x0, 0x10, 0x0, 0x0, 0x0, 0x0, 0x0,

    /* U+8BEF "误" */
    0x0, 0x21, 0x0, 0x0, 0x0, 0x0, 0x0, 0x0,
    0x0, 0x0, 0x1, 0xee, 0x20, 0x0, 0x9f, 0xff,
    0xff, 0xff, 0xff, 0x0, 0x0, 0x7f, 0xf3, 0x0,
    0x9f, 0xba, 0xaa, 0xaa, 0xff, 0x0, 0x0, 0x7,
    0xfd, 0x0, 0x9f, 0x20, 0x0, 0x0, 0xdf, 0x0,
    0x0, 0x0, 0x83, 0x0, 0x9f, 0x20, 0x0, 0x0,
    0xdf, 0x0, 0x0, 0x0, 0x0, 0x0, 0x9f, 0xff,
    0xff, 0xff, 0xff, 0x0, 0x5c, 0xcc, 0xc1, 0x0,
    0x59, 0x99, 0x99, 0x99, 0x99, 0x0, 0x7f, 0xff,
    0xf2, 0x0, 0x0, 0x0, 0x0, 0x0, 0x0, 0x0,
    0x0, 0xb, 0xf2, 0x1, 0xcc, 0xcc, 0xcc, 0xcc,
    0xcc, 0x70, 0x0, 0xb, 0xf2, 0x1, 0xee, 0xee,
    0xff, 0xee, 0xee, 0x70, 0x0, 0xb, 0xf2, 0x0,
    0x0, 0x0, 0xdf, 0x0, 0x0, 0x0, 0x0, 0xb,
    0xf2, 0x0, 0x0, 0x0, 0xfd, 0x0, 0x0, 0x0,
    0x0, 0xb, 0xf2, 0xf, 0xff, 0xff, 0xff, 0xff,
    0xff, 0xf1, 0x0, 0xb, 0xf2, 0x9, 0xaa, 0xad,
    0xff, 0xca, 0xaa, 0xa0, 0x0, 0xb, 0xf5, 0xd4,
    0x0, 0xe, 0xff, 0xd0, 0x0, 0x0, 0x0, 0xc,
    0xff, 0xf6, 0x0, 0xbf, 0xa6, 0xfb, 0x0, 0x0,
    0x0, 0x4f, 0xfd, 0x20, 0x5d, 0xfd, 0x10, 0xaf,
    0xd5, 0x0, 0x0, 0x1f, 0x80, 0x2e, 0xff, 0xa1,
    0x0, 0x8, 0xff, 0xd0, 0x0, 0x2, 0x0, 0x7,
    0xa3, 0x0, 0x0, 0x0, 0x2a, 0x60,

    /* U+8BF7 "请" */
    0x0, 0x4, 0x0, 0x0, 0x0, 0x0, 0xae, 0x10,
    0x0, 0x0, 0x0, 0x9f, 0x70, 0x2, 0x66, 0x66,
    0xef, 0x76, 0x66, 0x40, 0x0, 0x1d, 0xf8, 0x4,
    0xff, 0xff, 0xff, 0xff, 0xff, 0xb0, 0x0, 0x1,
    0xdf, 0x20, 0x0, 0x0, 0xcf, 0x10, 0x0, 0x0,
    0x0, 0x0, 0x26, 0x0, 0xbf, 0xff, 0xff, 0xff,
    0xff, 0x20, 0x0, 0x0, 0x0, 0x0, 0x45, 0x55,
    0xdf, 0x65, 0x55, 0x0, 0xa, 0xaa, 0xb5, 0x6,
    0x77, 0x77, 0xef, 0x87, 0x77, 0x72, 0xf, 0xff,
    0xf9, 0xd, 0xff, 0xff, 0xff, 0xff, 0xff, 0xf5,
    0x2, 0x26, 0xf9, 0x0, 0x1, 0x11, 0x11, 0x11,
    0x11, 0x0, 0x0, 0x4, 0xf9, 0x0, 0x6f, 0xff,
    0xff, 0xff, 0xff, 0x0, 0x0, 0x4, 0xf9, 0x0,
    0x6f, 0x95, 0x55, 0x55, 0xef, 0x0, 0x0, 0x4,
    0xf9, 0x0, 0x6f, 0x95, 0x55, 0x55, 0xef, 0x0,
    0x0, 0x4, 0xf9, 0x0, 0x6f, 0xff, 0xff, 0xff,
    0xff, 0x0, 0x0, 0x4, 0xf9, 0x25, 0x6f, 0x60,
    0x0, 0x0, 0xdf, 0x0, 0x0, 0x4, 0xfc, 0xfc,
    0x6f, 0xa7, 0x77, 0x77, 0xef, 0x0, 0x0, 0x4,
    0xff, 0xf5, 0x6f, 0xfe, 0xee, 0xee, 0xff, 0x0,
    0x0, 0xb, 0xfe, 0x30, 0x6f, 0x60, 0x0, 0x0,
    0xdf, 0x0, 0x0, 0xe, 0xd1, 0x0, 0x6f, 0x60,
    0x3, 0xaa, 0xff, 0x0, 0x0, 0x4, 0x10, 0x0,
    0x6f, 0x60, 0x0, 0xfe, 0xd6, 0x0,

    /* U+8C03 "调" */
    0x0, 0x21, 0x0, 0x0, 0x10, 0x0, 0x0, 0x0,
    0x1, 0x0, 0x1e, 0xe2, 0x0, 0xaf, 0xff, 0xff,
    0xff, 0xff, 0xf9, 0x0, 0x6f, 0xe2, 0xa, 0xf9,
    0x99, 0x99, 0x99, 0xaf, 0x90, 0x0, 0x6f, 0xc0,
    0xaf, 0x0, 0xb, 0x80, 0x2, 0xf9, 0x0, 0x0,
    0x72, 0xa, 0xf0, 0x45, 0xeb, 0x53, 0x2f, 0x90,
    0x0, 0x0, 0x0, 0xaf, 0xb, 0xff, 0xff, 0x82,
    0xf9, 0x4a, 0xab, 0xa0, 0xa, 0xf0, 0x0, 0xd9,
    0x0, 0x2f, 0x96, 0xff, 0xff, 0x0, 0xaf, 0x0,
    0xd, 0x90, 0x2, 0xf9, 0x25, 0x5d, 0xf0, 0xa,
    0xf1, 0xff, 0xff, 0xff, 0x5f, 0x90, 0x0, 0xcf,
    0x0, 0xaf, 0x5, 0x55, 0x55, 0x53, 0xf9, 0x0,
    0xc, 0xf0, 0xb, 0xf0, 0x57, 0x66, 0x62, 0x2f,
    0x90, 0x0, 0xcf, 0x0, 0xce, 0xd, 0xff, 0xff,
    0x62, 0xf9, 0x0, 0xc, 0xf0, 0xd, 0xd0, 0xd9,
    0x0, 0xf6, 0x2f, 0x90, 0x0, 0xcf, 0x24, 0xfb,
    0xd, 0x90, 0xf, 0x62, 0xf9, 0x0, 0xc, 0xfe,
    0xef, 0x80, 0xdf, 0xff, 0xf6, 0x2f, 0x90, 0x0,
    0xef, 0xfb, 0xf5, 0xd, 0xc6, 0x66, 0x22, 0xf9,
    0x0, 0x5f, 0xf4, 0xcf, 0x0, 0x32, 0x0, 0x0,
    0x2f, 0x90, 0xa, 0xf3, 0x4f, 0xa0, 0x0, 0x0,
    0x8, 0xbc, 0xf8, 0x0, 0x3, 0x1, 0xb2, 0x0,
    0x0, 0x0, 0x6f, 0xeb, 0x10, 0x0, 0x0, 0x0,
    0x0, 0x0, 0x0, 0x0, 0x0, 0x0,

    /* U+8C61 "象" */
    0x0, 0x0, 0x0, 0xaa, 0x20, 0x0, 0x0, 0x0,
    0x0, 0x0, 0x0, 0x0, 0xa, 0xfe, 0x77, 0x78,
    0x40, 0x0, 0x0, 0x0, 0x0, 0x0, 0xaf, 0xff,
    0xff, 0xff, 0xf1, 0x0, 0x0, 0x0, 0x0, 0x2c,
    0xfc, 0x0, 0x0, 0xdf, 0x60, 0x0, 0x0, 0x0,
    0x7, 0xff, 0xff, 0xff, 0xff, 0xff, 0xff, 0xff,
    0xf1, 0x0, 0x5, 0xff, 0xf7, 0x77, 0x7c, 0xf9,
    0x77, 0x7e, 0xf1, 0x0, 0x0, 0x1d, 0xf0, 0x0,
    0x3f, 0xc0, 0x0, 0xc, 0xf1, 0x0, 0x0, 0xd,
    0xf7, 0x77, 0xef, 0x97, 0x77, 0x7e, 0xf1, 0x0,
    0x0, 0xc, 0xff, 0xff, 0xff, 0xff, 0xff, 0xff,
    0xf1, 0x0, 0x0, 0x0, 0x5d, 0xff, 0xf5, 0x0,
    0x0, 0x7, 0x60, 0x0, 0x4, 0x9f, 0xfd, 0x53,
    0xef, 0x60, 0x3, 0xcf, 0xe2, 0x0, 0x5, 0xfc,
    0x50, 0x2a, 0xff, 0xf6, 0x9f, 0xf8, 0x10, 0x0,
    0x0, 0x10, 0x4a, 0xfe, 0x53, 0xff, 0xff, 0xe0,
    0x0, 0x0, 0x0, 0x9e, 0xfe, 0x70, 0x3d, 0xff,
    0x67, 0xf9, 0x0, 0x0, 0x0, 0x8c, 0x60, 0x29,
    0xfd, 0x8f, 0x90, 0xdf, 0x50, 0x0, 0x0, 0x0,
    0x4a, 0xff, 0x80, 0x3f, 0xa0, 0x3f, 0xf7, 0x0,
    0x2, 0x9e, 0xff, 0x91, 0x0, 0x8f, 0x80, 0x5,
    0xff, 0xc0, 0x0, 0xcd, 0x71, 0xb, 0xac, 0xff,
    0x20, 0x0, 0x4e, 0x60, 0x0, 0x0, 0x0, 0xc,
    0xff, 0xb3, 0x0, 0x0, 0x0, 0x0, 0x0, 0x0,
    0x0, 0x0, 0x0, 0x0, 0x0, 0x0, 0x0, 0x0,

    /* U+8CEA "質" */
    0x0, 0x0, 0x24, 0x6a, 0x90, 0x1, 0x24, 0x68,
    0xb4, 0x0, 0xb, 0xff, 0xfe, 0xb8, 0x1a, 0xff,
    0xfe, 0xc9, 0x50, 0x0, 0xaf, 0x20, 0x0, 0x0,
    0xaf, 0x10, 0x0, 0x0, 0x0, 0xc, 0xfa, 0xaa,
    0xaa, 0x7b, 0xfa, 0xaa, 0xaa, 0xa9, 0x0, 0xfe,
    0xcc, 0xfe, 0xc8, 0xee, 0xcc, 0xff, 0xcc, 0xb0,
    0x9f, 0x50, 0x1f, 0xa0, 0x5f, 0x60, 0xc, 0xe0,
    0x0, 0x1d, 0xb0, 0x0, 0xb7, 0x5, 0xc0, 0x0,
    0x9b, 0x0, 0x0, 0x10, 0x7f, 0xff, 0xff, 0xff,
    0xff, 0xff, 0xf5, 0x0, 0x0, 0x8, 0xf7, 0x33,
    0x33, 0x33, 0x33, 0xaf, 0x50, 0x0, 0x0, 0x8f,
    0x73, 0x33, 0x33, 0x33, 0x3a, 0xf5, 0x0, 0x0,
    0x8, 0xff, 0xee, 0xee, 0xee, 0xee, 0xff, 0x50,
    0x0, 0x0, 0x8f, 0x61, 0x11, 0x11, 0x11, 0x19,
    0xf5, 0x0, 0x0, 0x8, 0xff, 0xff, 0xff, 0xff,
    0xff, 0xff, 0x50, 0x0, 0x0, 0x8f, 0x60, 0x0,
    0x0, 0x0, 0x9, 0xf5, 0x0, 0x0, 0x8, 0xff,
    0xff, 0xff, 0xff, 0xff, 0xff, 0x50, 0x0, 0x0,
    0x24, 0x8d, 0xa4, 0x44, 0x4e, 0xc7, 0x41, 0x0,
    0x1, 0x59, 0xef, 0xe7, 0x0, 0x1, 0xaf, 0xfe,
    0x94, 0x0, 0xbf, 0xfb, 0x50, 0x0, 0x0, 0x0,
    0x4, 0xaf, 0xf7, 0x2, 0x61, 0x0, 0x0, 0x0,
    0x0, 0x0, 0x0, 0x6, 0x0,

    /* U+8D25 "败" */
    0x0, 0x0, 0x0, 0x0, 0x0, 0x0, 0x96, 0x0,
    0x0, 0x0, 0x6, 0xff, 0xff, 0xff, 0xe0, 0x1,
    0xfb, 0x0, 0x0, 0x0, 0x7, 0xfc, 0xcc, 0xce,
    0xf0, 0x5, 0xf7, 0x0, 0x0, 0x0, 0x7, 0xf1,
    0x23, 0xa, 0xf0, 0xa, 0xfa, 0x99, 0x99, 0x70,
    0x7, 0xf1, 0x9f, 0x1a, 0xf0, 0xf, 0xff, 0xff,
    0xff, 0xd0, 0x7, 0xf1, 0x9f, 0x1a, 0xf0, 0x6f,
    0x82, 0x23, 0xf9, 0x10, 0x7, 0xf1, 0x9f, 0x1a,
    0xf0, 0xdf, 0x10, 0x3, 0xf6, 0x0, 0x7, 0xf1,
    0x9f, 0x1a, 0xf7, 0xff, 0x20, 0x6, 0xf3, 0x0,
    0x7, 0xf1, 0x9f, 0x1a, 0xfa, 0xff, 0x70, 0x9,
    0xf0, 0x0, 0x7, 0xf1, 0x9f, 0xa, 0xf1, 0x5d,
    0xd0, 0xd, 0xc0, 0x0, 0x7, 0xf1, 0xaf, 0xa,
    0xf0, 0x7, 0xf3, 0x2f, 0x80, 0x0, 0x7, 0xf1,
    0xbe, 0xa, 0xf0, 0x1, 0xfb, 0x8f, 0x30, 0x0,
    0x7, 0xf1, 0xec, 0xa, 0xf0, 0x0, 0x9f, 0xfc,
    0x0, 0x0, 0x2, 0x43, 0xf8, 0x12, 0x30, 0x0,
    0x1f, 0xf5, 0x0, 0x0, 0x0, 0x9, 0xf5, 0xe8,
    0x0, 0x0, 0x4f, 0xfc, 0x0, 0x0, 0x0, 0x3f,
    0xb0, 0xaf, 0x40, 0x3, 0xff, 0xbf, 0xb0, 0x0,
    0x3, 0xef, 0x20, 0x1e, 0xe0, 0x6f, 0xf4, 0xb,
    0xfd, 0x30, 0x2f, 0xf3, 0x0, 0x5, 0xc5, 0xfe,
    0x40, 0x0, 0x9f, 0xd0, 0x5, 0x20, 0x0, 0x0,
    0x0, 0x51, 0x0, 0x0, 0x4, 0x20,

    /* U+8D28 "质" */
    0x0, 0x0, 0x0, 0x0, 0x0, 0x1, 0x35, 0x8a,
    0xc1, 0x0, 0x0, 0x28, 0x99, 0xab, 0xde, 0xff,
    0xff, 0xff, 0xe9, 0x0, 0x0, 0x3f, 0xff, 0xfe,
    0xdc, 0xbf, 0xe5, 0x31, 0x0, 0x0, 0x0, 0x3f,
    0xa0, 0x0, 0x0, 0x3f, 0xb0, 0x0, 0x0, 0x0,
    0x0, 0x3f, 0xea, 0xaa, 0xaa, 0xbf, 0xea, 0xaa,
    0xaa, 0xa1, 0x0, 0x3f, 0xff, 0xff, 0xff, 0xff,
    0xff, 0xff, 0xff, 0xf2, 0x0, 0x3f, 0xa0, 0x0,
    0x0, 0x7f, 0x70, 0x0, 0x0, 0x0, 0x0, 0x3f,
    0x90, 0x0, 0x0, 0x9f, 0x50, 0x0, 0x0, 0x0,
    0x0, 0x4f, 0x91, 0xff, 0xff, 0xff, 0xff, 0xff,
    0xfe, 0x0, 0x0, 0x4f, 0x81, 0xff, 0xcc, 0xcc,
    0xcc, 0xcc, 0xfe, 0x0, 0x0, 0x5f, 0x71, 0xfd,
    0x0, 0x8, 0x70, 0x1, 0xfe, 0x0, 0x0, 0x7f,
    0x61, 0xfd, 0x0, 0xf, 0xe0, 0x1, 0xfe, 0x0,
    0x0, 0x9f, 0x41, 0xfd, 0x0, 0xf, 0xe0, 0x1,
    0xfe, 0x0, 0x0, 0xcf, 0x11, 0xfd, 0x0, 0x4f,
    0xc0, 0x1, 0xfe, 0x0, 0x0, 0xfe, 0x1, 0xfc,
    0x0, 0xcf, 0x70, 0x1, 0xfe, 0x0, 0x4, 0xfa,
    0x0, 0x0, 0x2c, 0xfc, 0x4e, 0xa3, 0x11, 0x0,
    0xa, 0xf5, 0x0, 0x39, 0xff, 0xb0, 0x3a, 0xff,
    0xc4, 0x0, 0x1f, 0xe0, 0x4e, 0xff, 0xd5, 0x0,
    0x0, 0x18, 0xff, 0xb0, 0x2, 0x50, 0xa, 0x94,
    0x0, 0x0, 0x0, 0x0, 0x19, 0x40,

    /* U+8D77 "起" */
    0x0, 0x0, 0x1d, 0x80, 0x0, 0x0, 0x0, 0x0,
    0x0, 0x0, 0x0, 0x0, 0x2f, 0xa0, 0x0, 0x1f,
    0xff, 0xff, 0xff, 0x0, 0x3, 0xbb, 0xcf, 0xeb,
    0xb8, 0xb, 0xbb, 0xbb, 0xff, 0x0, 0x5, 0xff,
    0xff, 0xff, 0xfb, 0x0, 0x0, 0x0, 0xdf, 0x0,
    0x0, 0x0, 0x2f, 0xa0, 0x0, 0x0, 0x0, 0x0,
    0xdf, 0x0, 0x0, 0x0, 0x2f, 0xa0, 0x0, 0x0,
    0x0, 0x0, 0xdf, 0x0, 0xb, 0xdd, 0xef, 0xfd,
    0xdd, 0x39, 0xba, 0xaa, 0xff, 0x0, 0xb, 0xdd,
    0xdf, 0xfd, 0xdd, 0x3e, 0xff, 0xff, 0xff, 0x0,
    0x0, 0x0, 0xf, 0xf0, 0x0, 0xe, 0xe0, 0x0,
    0x78, 0x0, 0x2, 0xb5, 0xf, 0xf0, 0x0, 0xe,
    0xe0, 0x0, 0x0, 0x0, 0x3, 0xf8, 0xf, 0xfa,
    0xa8, 0xe, 0xe0, 0x0, 0x0, 0x0, 0x4, 0xf7,
    0xf, 0xff, 0xfd, 0xe, 0xe0, 0x0, 0x9, 0xb0,
    0x4, 0xf8, 0xf, 0xf0, 0x0, 0xe, 0xe0, 0x0,
    0xb, 0xf0, 0x5, 0xfe, 0xf, 0xf0, 0x0, 0xd,
    0xfb, 0xaa, 0xaf, 0xc0, 0x7, 0xff, 0x6f, 0xf0,
    0x0, 0x5, 0xef, 0xff, 0xfe, 0x40, 0x8, 0xfe,
    0xff, 0xf0, 0x0, 0x0, 0x0, 0x0, 0x0, 0x0,
    0xb, 0xf4, 0xff, 0xc2, 0x0, 0x0, 0x0, 0x0,
    0x0, 0x0, 0xe, 0xb0, 0x5f, 0xff, 0xfe, 0xdd,
    0xdd, 0xdd, 0xdd, 0xd1, 0x3f, 0x70, 0x1, 0x7b,
    0xdf, 0xff, 0xff, 0xff, 0xff, 0xa0, 0x5, 0x10,
    0x0, 0x0, 0x0, 0x0, 0x0, 0x0, 0x0, 0x0,

    /* U+8D85 "超" */
    0x0, 0x0, 0x9e, 0x10, 0x0, 0x11, 0x11, 0x11,
    0x12, 0x0, 0x0, 0x0, 0xaf, 0x10, 0x4, 0xff,
    0xff, 0xff, 0xff, 0x80, 0x7, 0xaa, 0xef, 0xaa,
    0xa3, 0x88, 0xef, 0x88, 0xaf, 0x70, 0xb, 0xff,
    0xff, 0xff, 0xf2, 0x0, 0xfd, 0x0, 0x6f, 0x60,
    0x0, 0x0, 0xaf, 0x10, 0x0, 0x5, 0xf8, 0x0,
    0x7f, 0x50, 0x0, 0x0, 0xaf, 0x10, 0x0, 0x1d,
    0xf1, 0x0, 0xaf, 0x30, 0x1c, 0xcc, 0xef, 0xcc,
    0xc8, 0xcf, 0x70, 0xdd, 0xff, 0x0, 0x2e, 0xee,
    0xef, 0xfe, 0xed, 0xf8, 0x0, 0x8b, 0xa3, 0x0,
    0x0, 0x0, 0x3f, 0x50, 0x0, 0x66, 0x66, 0x66,
    0x66, 0x0, 0x4, 0xd4, 0x3f, 0x50, 0x0, 0xbf,
    0xff, 0xff, 0xff, 0x10, 0x5, 0xf5, 0x3f, 0xca,
    0xa4, 0xbf, 0x21, 0x11, 0xdf, 0x10, 0x5, 0xf4,
    0x3f, 0xff, 0xf6, 0xbf, 0x10, 0x0, 0xcf, 0x10,
    0x6, 0xf6, 0x3f, 0x60, 0x0, 0xbf, 0x10, 0x0,
    0xcf, 0x10, 0x7, 0xfb, 0x3f, 0x50, 0x0, 0xbf,
    0x99, 0x99, 0xef, 0x10, 0x9, 0xff, 0x7f, 0x50,
    0x0, 0xaf, 0xff, 0xff, 0xff, 0x10, 0xb, 0xfe,
    0xff, 0x50, 0x0, 0x0, 0x0, 0x0, 0x0, 0x0,
    0xe, 0xd5, 0xff, 0x82, 0x0, 0x0, 0x0, 0x0,
    0x0, 0x0, 0x3f, 0x90, 0x6f, 0xff, 0xfd, 0xdd,
    0xdd, 0xdd, 0xdd, 0xd1, 0x7f, 0x40, 0x1, 0x7b,
    0xef, 0xff, 0xff, 0xff, 0xff, 0xb0, 0x3, 0x0,
    0x0, 0x0, 0x0, 0x0, 0x0, 0x0, 0x0, 0x0,

    /* U+8DC3 "跃" */
    0x0, 0x0, 0x0, 0x0, 0x0, 0x0, 0x0, 0x2,
    0x76, 0x0, 0x8, 0xff, 0xff, 0xfe, 0x0, 0x25,
    0x7a, 0xef, 0xff, 0x40, 0x8, 0xf9, 0x99, 0xee,
    0xc, 0xff, 0xff, 0xfa, 0x72, 0x0, 0x8, 0xf1,
    0x0, 0xbe, 0x5, 0x96, 0x4f, 0xd0, 0x0, 0x0,
    0x8, 0xf1, 0x0, 0xbe, 0x0, 0x0, 0xf, 0xd0,
    0x0, 0x0, 0x8, 0xf3, 0x22, 0xce, 0x0, 0x0,
    0xf, 0xd0, 0x0, 0x0, 0x8, 0xff, 0xff, 0xfe,
    0x0, 0x0, 0xf, 0xd0, 0x0, 0x0, 0x4, 0x88,
    0xef, 0x87, 0x17, 0x77, 0x7f, 0xe7, 0x77, 0x70,
    0x0, 0x0, 0xce, 0x0, 0x2f, 0xff, 0xff, 0xff,
    0xff, 0xf2, 0x8, 0xe0, 0xce, 0x33, 0x0, 0x0,
    0x3f, 0xf2, 0x0, 0x0, 0x9, 0xf0, 0xcf, 0xff,
    0x20, 0x0, 0x4f, 0xf5, 0x0, 0x0, 0x9, 0xf0,
    0xcf, 0x77, 0x10, 0x0, 0x8f, 0xfa, 0x0, 0x0,
    0x9, 0xf0, 0xce, 0x0, 0x0, 0x0, 0xdf, 0xdf,
    0x0, 0x0, 0x9, 0xf0, 0xce, 0x0, 0x0, 0x5,
    0xfb, 0x6f, 0x70, 0x0, 0x9, 0xf0, 0xce, 0x6a,
    0x30, 0x1e, 0xf3, 0xf, 0xe1, 0x0, 0xa, 0xfa,
    0xff, 0xff, 0x40, 0xcf, 0x80, 0x7, 0xfb, 0x0,
    0x6f, 0xff, 0xd9, 0x50, 0x2d, 0xfb, 0x0, 0x0,
    0xcf, 0xb1, 0x2a, 0x61, 0x0, 0x0, 0xdf, 0xa0,
    0x0, 0x0, 0x1d, 0xf4, 0x0, 0x0, 0x0, 0x0,
    0x16, 0x0, 0x0, 0x0, 0x1, 0x50,

    /* U+8DDD "距" */
    0x0, 0x0, 0x0, 0x0, 0x0, 0x0, 0x0, 0x0,
    0x0, 0x0, 0x9, 0xff, 0xff, 0xff, 0x4b, 0xee,
    0xee, 0xee, 0xee, 0x90, 0x9, 0xfa, 0x99, 0xcf,
    0x4c, 0xff, 0xff, 0xff, 0xff, 0xa0, 0x9, 0xf1,
    0x0, 0x7f, 0x4c, 0xf1, 0x0, 0x0, 0x0, 0x0,
    0x9, 0xf1, 0x0, 0x7f, 0x4c, 0xf1, 0x0, 0x0,
    0x0, 0x0, 0x9, 0xf3, 0x22, 0x8f, 0x4c, 0xf3,
    0x11, 0x11, 0x10, 0x0, 0x9, 0xff, 0xff, 0xff,
    0x4c, 0xff, 0xff, 0xff, 0xfb, 0x0, 0x4, 0x88,
    0xdf, 0x88, 0x2c, 0xfb, 0xaa, 0xaa, 0xfb, 0x0,
    0x0, 0x0, 0xbf, 0x0, 0xc, 0xf1, 0x0, 0x0,
    0xfb, 0x0, 0x6, 0xb0, 0xbf, 0x0, 0xc, 0xf1,
    0x0, 0x0, 0xfb, 0x0, 0x9, 0xf0, 0xbf, 0xff,
    0x7c, 0xf1, 0x0, 0x0, 0xfb, 0x0, 0x9, 0xf0,
    0xbf, 0x99, 0x4c, 0xfd, 0xdd, 0xdd, 0xfb, 0x0,
    0x9, 0xf0, 0xbf, 0x0, 0xc, 0xff, 0xff, 0xff,
    0xfb, 0x0, 0x9, 0xf0, 0xbf, 0x0, 0xc, 0xf1,
    0x0, 0x0, 0x0, 0x0, 0x9, 0xf0, 0xbf, 0x6a,
    0x7c, 0xf1, 0x0, 0x0, 0x0, 0x0, 0x9, 0xfa,
    0xff, 0xff, 0x7c, 0xf1, 0x0, 0x0, 0x0, 0x0,
    0x7f, 0xff, 0xd9, 0x40, 0xc, 0xff, 0xff, 0xff,
    0xff, 0xf0, 0x3b, 0x62, 0x0, 0x0, 0xb, 0xee,
    0xee, 0xee, 0xee, 0xe0,

    /* U+8DEF "路" */
    0x0, 0x22, 0x22, 0x22, 0x0, 0x4, 0xc5, 0x0,
    0x0, 0x0, 0x6, 0xff, 0xff, 0xff, 0x40, 0xb,
    0xf5, 0x0, 0x0, 0x0, 0x6, 0xf9, 0x77, 0xbf,
    0x40, 0x2f, 0xff, 0xff, 0xfb, 0x0, 0x6, 0xf4,
    0x0, 0x7f, 0x40, 0xcf, 0xca, 0xad, 0xfb, 0x0,
    0x6, 0xf4, 0x0, 0x7f, 0x47, 0xff, 0x80, 0xc,
    0xf4, 0x0, 0x6, 0xfa, 0x99, 0xcf, 0xaf, 0xfc,
    0xf3, 0x6f, 0xc0, 0x0, 0x6, 0xff, 0xff, 0xff,
    0x8e, 0x62, 0xfd, 0xff, 0x30, 0x0, 0x0, 0x11,
    0xaf, 0x21, 0x1, 0x0, 0x7f, 0xf8, 0x0, 0x0,
    0x1, 0x20, 0x9f, 0x10, 0x0, 0x2, 0xdf, 0xfd,
    0x20, 0x0, 0x7, 0xf1, 0x9f, 0x32, 0x0, 0x5f,
    0xf9, 0xaf, 0xf6, 0x0, 0x7, 0xf1, 0x9f, 0xff,
    0xac, 0xff, 0x70, 0x7, 0xff, 0xe3, 0x7, 0xf1,
    0x9f, 0xaa, 0xbf, 0xfc, 0xaa, 0xaa, 0xdf, 0xc0,
    0x7, 0xf1, 0x9f, 0x10, 0x3, 0xef, 0xff, 0xff,
    0xff, 0x10, 0x7, 0xf1, 0x9f, 0x10, 0x0, 0xed,
    0x0, 0x0, 0xef, 0x0, 0x7, 0xf1, 0x9f, 0x68,
    0x70, 0xed, 0x0, 0x0, 0xef, 0x0, 0x8, 0xfa,
    0xef, 0xff, 0xc0, 0xed, 0x0, 0x0, 0xef, 0x0,
    0x5f, 0xff, 0xfb, 0x73, 0x0, 0xef, 0xbb, 0xbb,
    0xff, 0x0, 0x2a, 0x73, 0x0, 0x0, 0x0, 0xef,
    0xff, 0xff, 0xff, 0x0, 0x0, 0x0, 0x0, 0x0,
    0x0, 0xed, 0x0, 0x0, 0xef, 0x0, 0x0, 0x0,
    0x0, 0x0, 0x0, 0x0, 0x0, 0x0, 0x0, 0x0,

    /* U+8DF3 "跳" */
    0x0, 0x0, 0x0, 0x0, 0x0, 0x35, 0x0, 0x53,
    0x0, 0x0, 0x7, 0xff, 0xff, 0xf6, 0x0, 0xaf,
    0x11, 0xfb, 0x0, 0x0, 0x7, 0xfa, 0xaa, 0xf7,
    0x10, 0xaf, 0x11, 0xfb, 0x2, 0x0, 0x7, 0xf1,
    0x0, 0xfc, 0xf4, 0xaf, 0x11, 0xfb, 0xe, 0xd0,
    0x7, 0xf1, 0x0, 0xf8, 0xfb, 0xaf, 0x11, 0xfb,
    0x4f, 0x90, 0x7, 0xf1, 0x0, 0xf7, 0x9f, 0xcf,
    0x11, 0xfb, 0xbf, 0x10, 0x7, 0xff, 0xff, 0xf7,
    0x4f, 0xff, 0x11, 0xfd, 0xf8, 0x0, 0x4, 0x99,
    0xfe, 0x94, 0xa, 0xcf, 0x11, 0xfd, 0xb1, 0x0,
    0x0, 0x10, 0xea, 0x0, 0x0, 0xaf, 0x11, 0xfb,
    0x0, 0x0, 0x7, 0xe0, 0xec, 0x52, 0x0, 0xaf,
    0x11, 0xff, 0x90, 0x0, 0x7, 0xe0, 0xef, 0xf9,
    0x1a, 0xff, 0x1, 0xff, 0xfa, 0x0, 0x7, 0xe0,
    0xec, 0x59, 0xef, 0xff, 0x1, 0xfb, 0xbf, 0xb0,
    0x7, 0xe0, 0xea, 0xc, 0xf6, 0xde, 0x1, 0xfb,
    0xb, 0xe1, 0x7, 0xe0, 0xea, 0x3, 0x40, 0xfc,
    0x1, 0xfb, 0x0, 0x20, 0x7, 0xe0, 0xed, 0xac,
    0x3, 0xf8, 0x1, 0xfb, 0x1, 0x20, 0x8, 0xfc,
    0xff, 0xfb, 0xa, 0xf3, 0x1, 0xfb, 0x3, 0xf4,
    0x6f, 0xff, 0xd7, 0x20, 0x4f, 0xb0, 0x1, 0xfb,
    0x4, 0xf3, 0x3e, 0x82, 0x0, 0x5, 0xff, 0x20,
    0x0, 0xff, 0xbd, 0xf1, 0x0, 0x0, 0x0, 0x6,
    0xf4, 0x0, 0x0, 0x8f, 0xff, 0x80, 0x0, 0x0,
    0x0, 0x0, 0x10, 0x0, 0x0, 0x0, 0x0, 0x0,

    /* U+8E2A "踪" */
    0x0, 0x0, 0x0, 0x0, 0x0, 0x0, 0x0, 0x0,
    0x0, 0x0, 0x1, 0x22, 0x22, 0x22, 0x0, 0x0,
    0xbe, 0x0, 0x0, 0x0, 0x8, 0xff, 0xff, 0xfc,
    0x0, 0x0, 0x9f, 0x60, 0x0, 0x0, 0x8, 0xf7,
    0x77, 0xfc, 0x69, 0x99, 0xbf, 0xd9, 0x99, 0x80,
    0x8, 0xf1, 0x0, 0xfc, 0xaf, 0xff, 0xff, 0xff,
    0xff, 0xf0, 0x8, 0xf1, 0x0, 0xfc, 0xaf, 0x10,
    0x0, 0x0, 0xd, 0xf0, 0x8, 0xf7, 0x77, 0xfc,
    0xaf, 0x10, 0x0, 0x0, 0xd, 0xf0, 0x8, 0xff,
    0xff, 0xfc, 0x0, 0xcf, 0xff, 0xff, 0xf3, 0x0,
    0x1, 0x22, 0xbe, 0x22, 0x0, 0x9b, 0xbb, 0xbb,
    0xb2, 0x0, 0x0, 0x0, 0xae, 0x0, 0x0, 0x0,
    0x0, 0x0, 0x0, 0x0, 0x8, 0xf0, 0xae, 0x44,
    0x23, 0x33, 0x33, 0x33, 0x33, 0x30, 0x8, 0xf0,
    0xaf, 0xff, 0xbf, 0xff, 0xff, 0xff, 0xff, 0xf3,
    0x8, 0xf0, 0xaf, 0x66, 0x57, 0x77, 0x8f, 0xd7,
    0x77, 0x71, 0x8, 0xf0, 0xae, 0x0, 0x0, 0x40,
    0x1f, 0xb0, 0x21, 0x0, 0x8, 0xf0, 0xae, 0x0,
    0x4, 0xf8, 0x1f, 0xb3, 0xfa, 0x0, 0x8, 0xf0,
    0xaf, 0x9e, 0xd, 0xf1, 0x1f, 0xb0, 0xbf, 0x40,
    0x9, 0xfb, 0xff, 0xfc, 0x9f, 0x70, 0x1f, 0xb0,
    0x3f, 0xd0, 0x6f, 0xff, 0xd7, 0x23, 0xfc, 0x0,
    0x1f, 0xb0, 0xa, 0xf5, 0x2e, 0x83, 0x0, 0x0,
    0x92, 0x2a, 0xaf, 0xa0, 0x3, 0x70, 0x0, 0x0,
    0x0, 0x0, 0x0, 0xe, 0xfd, 0x40, 0x0, 0x0,

    /* U+8F85 "辅" */
    0x0, 0x3, 0x82, 0x0, 0x0, 0x0, 0xa, 0x80,
    0x71, 0x0, 0x0, 0x8, 0xf5, 0x0, 0x0, 0x0,
    0xf, 0xd3, 0xee, 0x30, 0x16, 0x6d, 0xf7, 0x66,
    0x11, 0x11, 0x1f, 0xd1, 0x2d, 0x60, 0x3f, 0xff,
    0xff, 0xff, 0x6f, 0xff, 0xff, 0xff, 0xff, 0xf2,
    0x15, 0x8f, 0xb5, 0x55, 0x39, 0x99, 0x9f, 0xe9,
    0x99, 0x91, 0x0, 0x7f, 0x57, 0x30, 0x0, 0x0,
    0xf, 0xd0, 0x1, 0x0, 0x0, 0xce, 0x2f, 0x90,
    0xa, 0xff, 0xff, 0xff, 0xff, 0xa0, 0x2, 0xf9,
    0x2f, 0x90, 0xa, 0xf9, 0x9f, 0xe9, 0x9f, 0xa0,
    0x9, 0xf7, 0x6f, 0xb4, 0xa, 0xf0, 0xd, 0xb0,
    0xf, 0xa0, 0xf, 0xff, 0xff, 0xff, 0x3a, 0xf9,
    0x9f, 0xe9, 0x9f, 0xa0, 0x6, 0x66, 0x7f, 0xb6,
    0x1a, 0xff, 0xff, 0xff, 0xff, 0xa0, 0x0, 0x0,
    0x2f, 0x90, 0xa, 0xf0, 0xd, 0xb0, 0xf, 0xa0,
    0x0, 0x0, 0x2f, 0xa6, 0x3a, 0xf1, 0x1e, 0xb1,
    0x1f, 0xa0, 0x16, 0x9b, 0xef, 0xff, 0x7a, 0xff,
    0xff, 0xff, 0xff, 0xa0, 0x3f, 0xff, 0xff, 0xc4,
    0x1a, 0xf8, 0x8e, 0xd8, 0x8f, 0xa0, 0x8, 0x51,
    0x2f, 0x90, 0xa, 0xf0, 0xd, 0xb0, 0xf, 0xa0,
    0x0, 0x0, 0x2f, 0x90, 0xa, 0xf0, 0xd, 0xb0,
    0xf, 0xa0, 0x0, 0x0, 0x2f, 0x90, 0xa, 0xf0,
    0xd, 0xb4, 0xaf, 0xa0, 0x0, 0x0, 0x2f, 0x80,
    0xa, 0xf0, 0xc, 0xa3, 0xfd, 0x40,

    /* U+8F93 "输" */
    0x0, 0xb, 0x90, 0x0, 0x0, 0x0, 0x2d, 0x50,
    0x0, 0x0, 0x0, 0xf, 0xb0, 0x0, 0x0, 0x1,
    0xdf, 0x90, 0x0, 0x0, 0x9, 0x9f, 0xd9, 0x93,
    0x0, 0x2e, 0xfc, 0xf8, 0x0, 0x0, 0x1f, 0xff,
    0xff, 0xf7, 0x6, 0xff, 0x60, 0xaf, 0xc3, 0x0,
    0x2, 0x9f, 0x32, 0x25, 0xcf, 0xf5, 0x0, 0x8,
    0xff, 0xa2, 0x0, 0xcd, 0x34, 0x9, 0xfe, 0xff,
    0xff, 0xff, 0xfd, 0xd1, 0x0, 0xf8, 0xbe, 0x0,
    0x44, 0x77, 0x77, 0x77, 0x70, 0x10, 0x5, 0xf3,
    0xbe, 0x0, 0x46, 0x66, 0x74, 0x0, 0x9, 0x60,
    0xb, 0xf7, 0xdf, 0x72, 0xbf, 0xff, 0xfb, 0x5f,
    0x1e, 0x90, 0xf, 0xff, 0xff, 0xf6, 0xbc, 0x11,
    0xdb, 0x5f, 0x1e, 0x90, 0x5, 0x44, 0xcf, 0x41,
    0xbe, 0x99, 0xeb, 0x5f, 0x1e, 0x90, 0x0, 0x0,
    0xbe, 0x0, 0xbf, 0xdd, 0xfb, 0x5f, 0x1e, 0x90,
    0x0, 0x1, 0xcf, 0xb5, 0xbc, 0x0, 0xcb, 0x5f,
    0x1e, 0x90, 0x1a, 0xdf, 0xff, 0xe5, 0xbf, 0xdd,
    0xfb, 0x5f, 0x1e, 0x90, 0xf, 0xeb, 0xdf, 0x0,
    0xbe, 0x99, 0xeb, 0x5f, 0x1e, 0x90, 0x1, 0x0,
    0xbe, 0x0, 0xbc, 0x0, 0xcb, 0x15, 0xe, 0x90,
    0x0, 0x0, 0xbe, 0x0, 0xbc, 0x0, 0xcb, 0x0,
    0xe, 0x90, 0x0, 0x0, 0xbe, 0x0, 0xbc, 0x19,
    0xeb, 0x9, 0xaf, 0x80, 0x0, 0x0, 0xbe, 0x0,
    0xac, 0xd, 0xd4, 0x9, 0xda, 0x20,

    /* U+8FBC "込" */
    0x0, 0x60, 0x0, 0x0, 0x2, 0x10, 0x0, 0x0,
    0x0, 0x0, 0x7, 0xfc, 0x0, 0x0, 0xd, 0xe2,
    0x0, 0x0, 0x0, 0x0, 0x0, 0xaf, 0xc0, 0x0,
    0x8, 0xfe, 0x10, 0x0, 0x0, 0x0, 0x0, 0xb,
    0xf8, 0x0, 0x0, 0x7f, 0xa0, 0x0, 0x0, 0x0,
    0x0, 0x1, 0x90, 0x0, 0x0, 0xf, 0xf3, 0x0,
    0x0, 0x0, 0x0, 0x0, 0x0, 0x0, 0x0, 0x1f,
    0xf9, 0x0, 0x0, 0x0, 0x0, 0x0, 0x0, 0x0,
    0x0, 0x5f, 0xff, 0x0, 0x0, 0x0, 0x0, 0x0,
    0x0, 0x0, 0x0, 0xaf, 0xcf, 0x50, 0x0, 0x0,
    0x4f, 0xff, 0xf2, 0x0, 0x1, 0xff, 0x2f, 0xb0,
    0x0, 0x0, 0x3b, 0xbe, 0xf2, 0x0, 0x7, 0xfa,
    0xc, 0xf2, 0x0, 0x0, 0x0, 0xb, 0xf2, 0x0,
    0x1f, 0xf2, 0x6, 0xfb, 0x0, 0x0, 0x0, 0xb,
    0xf2, 0x0, 0xcf, 0x90, 0x0, 0xef, 0x70, 0x0,
    0x0, 0xb, 0xf2, 0x1c, 0xfd, 0x0, 0x0, 0x5f,
    0xf8, 0x0, 0x0, 0xb, 0xf2, 0xcf, 0xd1, 0x0,
    0x0, 0x7, 0xff, 0x90, 0x0, 0x3e, 0xf5, 0x19,
    0x10, 0x0, 0x0, 0x0, 0x4c, 0x10, 0x6, 0xfe,
    0xdf, 0x92, 0x0, 0x0, 0x0, 0x0, 0x0, 0x0,
    0x4f, 0xe2, 0x8, 0xff, 0xec, 0xba, 0xab, 0xbc,
    0xde, 0xe0, 0xd, 0x30, 0x0, 0x28, 0xce, 0xff,
    0xff, 0xff, 0xed, 0x90, 0x0, 0x0, 0x0, 0x0,
    0x0, 0x0, 0x0, 0x0, 0x0, 0x0,

    /* U+8FC7 "过" */
    0x0, 0x0, 0x0, 0x0, 0x0, 0x0, 0x0, 0x89,
    0x0, 0x0, 0x5, 0xd4, 0x0, 0x0, 0x0, 0x0,
    0x0, 0xff, 0x0, 0x0, 0x4, 0xff, 0x40, 0x0,
    0x0, 0x0, 0x0, 0xff, 0x0, 0x0, 0x0, 0x5f,
    0xf2, 0x12, 0x22, 0x22, 0x22, 0xff, 0x22, 0x10,
    0x0, 0x7, 0xf5, 0x9f, 0xff, 0xff, 0xff, 0xff,
    0xff, 0xa0, 0x0, 0x0, 0x20, 0x5a, 0xaa, 0xaa,
    0xaa, 0xff, 0xaa, 0x60, 0x0, 0x0, 0x0, 0x0,
    0x20, 0x0, 0x0, 0xff, 0x0, 0x0, 0x2a, 0xaa,
    0xa1, 0x7, 0xf7, 0x0, 0x0, 0xff, 0x0, 0x0,
    0x4f, 0xff, 0xf2, 0x1, 0xef, 0x40, 0x0, 0xff,
    0x0, 0x0, 0x2, 0x2b, 0xf2, 0x0, 0x4f, 0xe1,
    0x0, 0xff, 0x0, 0x0, 0x0, 0xb, 0xf2, 0x0,
    0x9, 0xf5, 0x0, 0xff, 0x0, 0x0, 0x0, 0xb,
    0xf2, 0x0, 0x1, 0x30, 0x0, 0xff, 0x0, 0x0,
    0x0, 0xb, 0xf2, 0x0, 0x0, 0x0, 0x0, 0xff,
    0x0, 0x0, 0x0, 0xb, 0xf2, 0x0, 0x0, 0x6c,
    0xbc, 0xfe, 0x0, 0x0, 0x0, 0x5e, 0xf7, 0x0,
    0x0, 0x3f, 0xff, 0xe6, 0x0, 0x0, 0x9, 0xff,
    0xef, 0xb4, 0x0, 0x2, 0x10, 0x0, 0x0, 0x20,
    0x6f, 0xf3, 0x9, 0xff, 0xfe, 0xdc, 0xcd, 0xde,
    0xff, 0xe0, 0xd, 0x50, 0x0, 0x39, 0xdf, 0xff,
    0xff, 0xff, 0xfe, 0x90, 0x1, 0x0, 0x0, 0x0,
    0x0, 0x0, 0x0, 0x0, 0x0, 0x0,

    /* U+8FD0 "运" */
    0x3, 0xc2, 0x0, 0x6, 0xbb, 0xbb, 0xbb, 0xbb,
    0xb7, 0x0, 0x8, 0xff, 0x70, 0x8, 0xff, 0xff,
    0xff, 0xff, 0xf9, 0x0, 0x0, 0x4e, 0xf9, 0x0,
    0x0, 0x0, 0x0, 0x0, 0x0, 0x0, 0x0, 0x2,
    0xc2, 0x0, 0x0, 0x0, 0x0, 0x0, 0x0, 0x0,
    0x0, 0x0, 0x0, 0x33, 0x33, 0x33, 0x33, 0x33,
    0x33, 0x30, 0x0, 0x0, 0x0, 0xef, 0xff, 0xff,
    0xff, 0xff, 0xff, 0xf0, 0x5f, 0xff, 0xf1, 0x78,
    0x89, 0xff, 0x98, 0x88, 0x88, 0x80, 0x5c, 0xcf,
    0xf1, 0x0, 0x7, 0xfc, 0x1, 0x74, 0x0, 0x0,
    0x0, 0xc, 0xf1, 0x0, 0xe, 0xf4, 0x2, 0xfd,
    0x0, 0x0, 0x0, 0xc, 0xf1, 0x0, 0x7f, 0xb0,
    0x0, 0x8f, 0x80, 0x0, 0x0, 0xc, 0xf1, 0x1,
    0xef, 0x20, 0x0, 0x1e, 0xf2, 0x0, 0x0, 0xc,
    0xf1, 0xb, 0xfe, 0xcd, 0xef, 0xff, 0xfc, 0x0,
    0x0, 0xc, 0xf1, 0xf, 0xff, 0xfe, 0xcb, 0x98,
    0xdf, 0x50, 0x0, 0xc, 0xf2, 0x5, 0x31, 0x0,
    0x0, 0x0, 0x4a, 0x20, 0x0, 0xbf, 0xfe, 0x30,
    0x0, 0x0, 0x0, 0x0, 0x0, 0x0, 0xa, 0xfb,
    0x3d, 0xf7, 0x10, 0x0, 0x0, 0x0, 0x3, 0x92,
    0x5f, 0xe1, 0x1, 0xcf, 0xfe, 0xcc, 0xcc, 0xdd,
    0xff, 0xe0, 0xd, 0x50, 0x0, 0x5, 0xbe, 0xff,
    0xff, 0xff, 0xff, 0xb0, 0x1, 0x0, 0x0, 0x0,
    0x0, 0x1, 0x11, 0x0, 0x0, 0x0,

    /* U+8FD1 "近" */
    0x0, 0x40, 0x0, 0x0, 0x0, 0x0, 0x13, 0x58,
    0xc3, 0x0, 0x7f, 0xa0, 0x0, 0xc, 0xcd, 0xff,
    0xff, 0xff, 0xb0, 0x0, 0xcf, 0x90, 0x0, 0xff,
    0xcb, 0x97, 0x53, 0x0, 0x0, 0x1, 0xdf, 0x60,
    0xf, 0xe0, 0x0, 0x0, 0x0, 0x0, 0x0, 0x2,
    0xc2, 0x0, 0xfe, 0x0, 0x0, 0x0, 0x0, 0x0,
    0x0, 0x0, 0x0, 0xf, 0xe2, 0x22, 0x22, 0x22,
    0x21, 0x0, 0x0, 0x0, 0x0, 0xff, 0xff, 0xff,
    0xff, 0xff, 0xa2, 0xdd, 0xdd, 0x10, 0x1f, 0xe8,
    0x88, 0xef, 0x98, 0x85, 0x3f, 0xff, 0xf2, 0x2,
    0xfc, 0x0, 0xc, 0xf1, 0x0, 0x0, 0x0, 0xbf,
    0x20, 0x3f, 0xa0, 0x0, 0xcf, 0x10, 0x0, 0x0,
    0xb, 0xf2, 0x6, 0xf8, 0x0, 0xc, 0xf1, 0x0,
    0x0, 0x0, 0xbf, 0x20, 0xaf, 0x50, 0x0, 0xcf,
    0x10, 0x0, 0x0, 0xb, 0xf2, 0xe, 0xf1, 0x0,
    0xc, 0xf1, 0x0, 0x0, 0x0, 0xbf, 0x26, 0xfb,
    0x0, 0x0, 0xcf, 0x10, 0x0, 0x0, 0x2d, 0xf4,
    0x7f, 0x40, 0x0, 0xc, 0xf1, 0x0, 0x0, 0x6f,
    0xff, 0xf7, 0x30, 0x0, 0x0, 0x35, 0x0, 0x0,
    0x5f, 0xf4, 0x1b, 0xff, 0xca, 0x99, 0x9a, 0xab,
    0xcd, 0xb1, 0xe6, 0x0, 0x4, 0xbf, 0xff, 0xff,
    0xff, 0xff, 0xf7, 0x2, 0x0, 0x0, 0x0, 0x1,
    0x23, 0x22, 0x21, 0x10, 0x0,

    /* U+8FDB "进" */
    0x0, 0x10, 0x0, 0x0, 0x2, 0x30, 0x0, 0x32,
    0x0, 0x0, 0x6, 0xf6, 0x0, 0x0, 0xc, 0xf1,
    0x0, 0xfd, 0x0, 0x0, 0x2, 0xef, 0x60, 0x0,
    0xc, 0xf1, 0x0, 0xfd, 0x0, 0x0, 0x0, 0x2e,
    0xf5, 0x12, 0x2d, 0xf3, 0x22, 0xfe, 0x22, 0x0,
    0x0, 0x3, 0xd3, 0x7f, 0xff, 0xff, 0xff, 0xff,
    0xff, 0x50, 0x0, 0x0, 0x0, 0x5b, 0xbf, 0xfb,
    0xbb, 0xff, 0xbb, 0x30, 0x0, 0x0, 0x0, 0x0,
    0xc, 0xf1, 0x0, 0xfd, 0x0, 0x0, 0x16, 0x66,
    0x60, 0x0, 0xc, 0xf1, 0x0, 0xfd, 0x0, 0x0,
    0x4f, 0xff, 0xf2, 0x1, 0x1d, 0xf1, 0x11, 0xfe,
    0x11, 0x0, 0x15, 0x5c, 0xf2, 0x9f, 0xff, 0xff,
    0xff, 0xff, 0xff, 0xb0, 0x0, 0xb, 0xf2, 0x7c,
    0xdf, 0xfc, 0xcc, 0xff, 0xcc, 0x80, 0x0, 0xb,
    0xf2, 0x0, 0x6f, 0xa0, 0x0, 0xfd, 0x0, 0x0,
    0x0, 0xb, 0xf2, 0x0, 0xef, 0x50, 0x0, 0xfd,
    0x0, 0x0, 0x0, 0xb, 0xf2, 0xb, 0xfd, 0x0,
    0x0, 0xfd, 0x0, 0x0, 0x0, 0x1d, 0xf3, 0x1c,
    0xf3, 0x0, 0x0, 0xfd, 0x0, 0x0, 0x1, 0xdf,
    0xee, 0x21, 0x40, 0x0, 0x0, 0x98, 0x0, 0x0,
    0xc, 0xf4, 0x1d, 0xe6, 0x0, 0x0, 0x0, 0x0,
    0x3, 0xa0, 0x6f, 0xa0, 0x1, 0xcf, 0xfd, 0xbb,
    0xbb, 0xcc, 0xef, 0xc0, 0xd, 0x20, 0x0, 0x5,
    0xbe, 0xff, 0xff, 0xff, 0xfe, 0x80, 0x1, 0x0,
    0x0, 0x0, 0x0, 0x1, 0x10, 0x0, 0x0, 0x0,

    /* U+8FDC "远" */
    0x3, 0xb2, 0x0, 0x8, 0xaa, 0xaa, 0xaa, 0xaa,
    0xa2, 0x0, 0x9, 0xff, 0x60, 0xc, 0xff, 0xff,
    0xff, 0xff, 0xf4, 0x0, 0x0, 0x6f, 0xf9, 0x0,
    0x0, 0x0, 0x0, 0x0, 0x0, 0x0, 0x0, 0x3,
    0xd3, 0x0, 0x0, 0x0, 0x0, 0x0, 0x0, 0x0,
    0x0, 0x0, 0x0, 0x23, 0x33, 0x33, 0x33, 0x33,
    0x33, 0x10, 0x0, 0x0, 0x0, 0xbf, 0xff, 0xff,
    0xff, 0xff, 0xff, 0x80, 0x5f, 0xff, 0xf1, 0x57,
    0x7f, 0xf7, 0x8f, 0xd7, 0x77, 0x30, 0x4c, 0xcf,
    0xf1, 0x0, 0xf, 0xd0, 0xf, 0xb0, 0x0, 0x0,
    0x0, 0xc, 0xf1, 0x0, 0x2f, 0xb0, 0xf, 0xb0,
    0x0, 0x0, 0x0, 0xc, 0xf1, 0x0, 0x5f, 0x80,
    0xf, 0xb0, 0x0, 0x0, 0x0, 0xc, 0xf1, 0x0,
    0xcf, 0x40, 0xf, 0xb0, 0xc, 0x50, 0x0, 0xc,
    0xf1, 0x8, 0xfd, 0x0, 0xf, 0xb0, 0xf, 0x90,
    0x0, 0xc, 0xf2, 0xbf, 0xe2, 0x0, 0xf, 0xfd,
    0xef, 0x50, 0x0, 0xc, 0xf2, 0xbb, 0x20, 0x0,
    0x6, 0xcd, 0xca, 0x0, 0x0, 0xaf, 0xfd, 0x20,
    0x0, 0x0, 0x0, 0x0, 0x0, 0x0, 0x9, 0xf9,
    0x1d, 0xe5, 0x0, 0x0, 0x0, 0x0, 0x3, 0x80,
    0x4f, 0xd0, 0x1, 0xcf, 0xec, 0xaa, 0xaa, 0xbc,
    0xef, 0xb0, 0xd, 0x40, 0x0, 0x6, 0xcf, 0xff,
    0xff, 0xff, 0xff, 0x70, 0x1, 0x0, 0x0, 0x0,
    0x0, 0x1, 0x11, 0x0, 0x0, 0x0,

    /* U+8FDE "连" */
    0x0, 0x0, 0x0, 0x0, 0x0, 0x0, 0x0, 0x0,
    0x0, 0x0, 0x0, 0x73, 0x0, 0x0, 0x0, 0xda,
    0x10, 0x0, 0x0, 0x0, 0x3, 0xff, 0x20, 0x0,
    0x2, 0xfe, 0x0, 0x0, 0x0, 0x0, 0x0, 0x7f,
    0xd0, 0xbf, 0xff, 0xff, 0xff, 0xff, 0xff, 0x40,
    0x0, 0xb, 0xf9, 0x8b, 0xbf, 0xfb, 0xbb, 0xbb,
    0xbb, 0x30, 0x0, 0x1, 0xc1, 0x0, 0x5f, 0xa0,
    0x23, 0x0, 0x0, 0x0, 0x0, 0x0, 0x0, 0x0,
    0xdf, 0x20, 0xaf, 0x40, 0x0, 0x0, 0x0, 0x0,
    0x0, 0x7, 0xfa, 0x0, 0xaf, 0x40, 0x0, 0x0,
    0x3f, 0xff, 0xf1, 0xe, 0xff, 0xff, 0xff, 0xff,
    0xfe, 0x0, 0x2b, 0xbe, 0xf1, 0x9, 0xdd, 0xdd,
    0xff, 0xdd, 0xdc, 0x0, 0x0, 0xc, 0xf1, 0x0,
    0x0, 0x0, 0xaf, 0x40, 0x0, 0x0, 0x0, 0xc,
    0xf1, 0x0, 0x0, 0x0, 0xaf, 0x40, 0x0, 0x0,
    0x0, 0xc, 0xf1, 0xaf, 0xff, 0xff, 0xff, 0xff,
    0xff, 0xd0, 0x0, 0xc, 0xf1, 0x8c, 0xcc, 0xcc,
    0xff, 0xdc, 0xcc, 0xb0, 0x0, 0xc, 0xf1, 0x0,
    0x0, 0x0, 0xaf, 0x40, 0x0, 0x0, 0x0, 0x2e,
    0xf2, 0x0, 0x0, 0x0, 0xaf, 0x40, 0x0, 0x0,
    0x2, 0xef, 0xfe, 0x20, 0x0, 0x0, 0x9e, 0x30,
    0x0, 0x0, 0xd, 0xf5, 0x2e, 0xf7, 0x10, 0x0,
    0x0, 0x0, 0x3, 0x95, 0x7f, 0xb0, 0x2, 0xdf,
    0xff, 0xdd, 0xdd, 0xde, 0xff, 0xf3, 0xd, 0x30,
    0x0, 0x6, 0xbe, 0xff, 0xff, 0xff, 0xfe, 0xe0,
    0x1, 0x0, 0x0, 0x0, 0x0, 0x1, 0x10, 0x0,
    0x0, 0x0,

    /* U+8FDF "迟" */
    0x0, 0x70, 0x0, 0x0, 0x0, 0x0, 0x0, 0x0,
    0x0, 0x0, 0x8, 0xfc, 0x0, 0x0, 0xff, 0xff,
    0xff, 0xff, 0xfc, 0x0, 0x0, 0xaf, 0xb0, 0x1,
    0xff, 0xdd, 0xdd, 0xdd, 0xfd, 0x0, 0x0, 0xc,
    0xf7, 0x1, 0xff, 0x0, 0x0, 0x1, 0xfd, 0x0,
    0x0, 0x1, 0xa1, 0x1, 0xff, 0x0, 0x0, 0x1,
    0xfd, 0x0, 0x0, 0x0, 0x0, 0x1, 0xff, 0x0,
    0x0, 0x1, 0xfd, 0x0, 0x0, 0x0, 0x0, 0x1,
    0xff, 0xff, 0xff, 0xff, 0xfd, 0x0, 0x3b, 0xbb,
    0xb1, 0x1, 0xff, 0xee, 0xee, 0xee, 0xeb, 0x0,
    0x4f, 0xff, 0xf2, 0x3, 0xfc, 0x0, 0x58, 0x0,
    0x0, 0x0, 0x0, 0xb, 0xf2, 0x5, 0xfa, 0x1,
    0xef, 0x90, 0x0, 0x0, 0x0, 0xb, 0xf2, 0x9,
    0xf8, 0x0, 0x2e, 0xf9, 0x0, 0x0, 0x0, 0xb,
    0xf2, 0xd, 0xf4, 0x0, 0x2, 0xff, 0x80, 0x0,
    0x0, 0xb, 0xf2, 0x4f, 0xe0, 0x0, 0x0, 0x3f,
    0xf7, 0x0, 0x0, 0xb, 0xf2, 0xdf, 0x70, 0x0,
    0x0, 0x5, 0xff, 0x30, 0x0, 0x3e, 0xf5, 0x5c,
    0x0, 0x0, 0x0, 0x0, 0x88, 0x0, 0x7, 0xff,
    0xff, 0xa2, 0x0, 0x0, 0x0, 0x0, 0x0, 0x0,
    0x5f, 0xf4, 0x1a, 0xff, 0xec, 0xbb, 0xbb, 0xbc,
    0xde, 0xe0, 0x1e, 0x50, 0x0, 0x3a, 0xef, 0xff,
    0xff, 0xff, 0xff, 0xa0, 0x2, 0x0, 0x0, 0x0,
    0x0, 0x12, 0x21, 0x10, 0x0, 0x0,

    /* U+8FFD "追" */
    0x0, 0x0, 0x0, 0x0, 0x0, 0x0, 0x0, 0x0,
    0x0, 0x0, 0x11, 0x0, 0x0, 0x0, 0x3, 0xfd,
    0x0, 0x0, 0x0, 0x2e, 0xd1, 0x0, 0x0, 0x0,
    0x7f, 0x90, 0x0, 0x0, 0x0, 0x8f, 0xd1, 0x0,
    0xef, 0xff, 0xff, 0xff, 0xfa, 0x0, 0x0, 0xaf,
    0xc0, 0xe, 0xf9, 0x99, 0x99, 0xaf, 0xa0, 0x0,
    0x0, 0xa2, 0x0, 0xee, 0x0, 0x0, 0x2, 0xfa,
    0x0, 0x0, 0x0, 0x0, 0xe, 0xe0, 0x0, 0x0,
    0x2f, 0xa0, 0x0, 0x0, 0x0, 0x0, 0xef, 0xff,
    0xff, 0xff, 0xfa, 0x0, 0xcd, 0xdd, 0x90, 0xe,
    0xf9, 0x99, 0x99, 0x99, 0x60, 0xe, 0xff, 0xfa,
    0x0, 0xee, 0x0, 0x0, 0x0, 0x0, 0x0, 0x0,
    0x2f, 0xa0, 0xe, 0xfa, 0xaa, 0xaa, 0xaa, 0xa3,
    0x0, 0x2, 0xfa, 0x0, 0xef, 0xff, 0xff, 0xff,
    0xff, 0x60, 0x0, 0x2f, 0xa0, 0xe, 0xe0, 0x0,
    0x0, 0x7, 0xf6, 0x0, 0x2, 0xfa, 0x0, 0xee,
    0x0, 0x0, 0x0, 0x7f, 0x60, 0x0, 0x2f, 0xa0,
    0xe, 0xe4, 0x44, 0x44, 0x49, 0xf6, 0x0, 0x2,
    0xfa, 0x0, 0xef, 0xff, 0xff, 0xff, 0xff, 0x60,
    0x0, 0x8f, 0xd1, 0x4, 0x55, 0x55, 0x55, 0x55,
    0x51, 0x0, 0xbf, 0xce, 0xd4, 0x0, 0x0, 0x0,
    0x0, 0x0, 0x15, 0xaf, 0x90, 0x1c, 0xfe, 0xba,
    0x99, 0x9a, 0xab, 0xdf, 0xa5, 0xc0, 0x0, 0x7,
    0xcf, 0xff, 0xff, 0xff, 0xff, 0xe6, 0x1, 0x0,
    0x0, 0x0, 0x1, 0x11, 0x11, 0x0, 0x0, 0x0,

    /* U+9001 "送" */
    0x0, 0x31, 0x0, 0x0, 0x36, 0x0, 0x0, 0x7,
    0x50, 0x0, 0x5, 0xfb, 0x0, 0x0, 0xcf, 0x30,
    0x0, 0x3f, 0xe0, 0x0, 0x0, 0xbf, 0x80, 0x0,
    0x4f, 0xc0, 0x0, 0xbf, 0x50, 0x0, 0x0, 0x1e,
    0xf4, 0x1, 0x1c, 0xb1, 0x14, 0xfc, 0x11, 0x0,
    0x0, 0x4, 0xe3, 0x3f, 0xff, 0xff, 0xff, 0xff,
    0xff, 0x10, 0x0, 0x0, 0x0, 0x2a, 0xaa, 0xae,
    0xfb, 0xaa, 0xaa, 0x0, 0x1, 0x11, 0x10, 0x0,
    0x0, 0xc, 0xf3, 0x0, 0x0, 0x0, 0x2f, 0xff,
    0xf1, 0x0, 0x0, 0xc, 0xf3, 0x0, 0x0, 0x0,
    0x19, 0x9e, 0xf1, 0xdf, 0xff, 0xff, 0xff, 0xff,
    0xff, 0xa0, 0x0, 0xc, 0xf1, 0xbc, 0xcc, 0xcf,
    0xfd, 0xcc, 0xcc, 0x80, 0x0, 0xc, 0xf1, 0x0,
    0x0, 0x2f, 0xfd, 0x10, 0x0, 0x0, 0x0, 0xc,
    0xf1, 0x0, 0x0, 0xaf, 0xdf, 0xd2, 0x0, 0x0,
    0x0, 0xc, 0xf1, 0x0, 0x6, 0xfe, 0x7, 0xfe,
    0x20, 0x0, 0x0, 0xc, 0xf1, 0x1, 0x9f, 0xf3,
    0x0, 0x7f, 0xe2, 0x0, 0x0, 0xc, 0xf1, 0x6f,
    0xfd, 0x20, 0x0, 0x7, 0xfc, 0x0, 0x1, 0xcf,
    0xf8, 0x1c, 0x70, 0x0, 0x0, 0x0, 0x72, 0x0,
    0x1d, 0xf9, 0xaf, 0xc4, 0x0, 0x0, 0x0, 0x0,
    0x2, 0x61, 0x9f, 0xb0, 0x7, 0xff, 0xfe, 0xdc,
    0xcc, 0xde, 0xff, 0xe0, 0x1e, 0x20, 0x0, 0x29,
    0xdf, 0xff, 0xff, 0xff, 0xfe, 0x90, 0x1, 0x0,
    0x0, 0x0, 0x0, 0x1, 0x10, 0x0, 0x0, 0x0,

    /* U+9002 "适" */
    0x0, 0x0, 0x0, 0x0, 0x0, 0x0, 0x1, 0x36,
    0xa3, 0x0, 0x8, 0xf4, 0x0, 0x5, 0x79, 0xbc,
    0xef, 0xff, 0xfa, 0x0, 0x4, 0xff, 0x40, 0x7,
    0xff, 0xed, 0xfe, 0x75, 0x20, 0x0, 0x0, 0x5f,
    0xf3, 0x0, 0x0, 0x1, 0xfd, 0x0, 0x0, 0x0,
    0x0, 0x8, 0xc1, 0x0, 0x0, 0x2, 0xfd, 0x0,
    0x0, 0x0, 0x0, 0x0, 0x0, 0xaf, 0xff, 0xff,
    0xff, 0xff, 0xff, 0xf4, 0x0, 0x0, 0x0, 0x69,
    0x99, 0x9a, 0xff, 0x99, 0x99, 0x92, 0x3a, 0xaa,
    0xa0, 0x0, 0x0, 0x1, 0xfd, 0x0, 0x0, 0x0,
    0x5f, 0xff, 0xf1, 0x0, 0x0, 0x2, 0xfd, 0x0,
    0x0, 0x0, 0x2, 0x2c, 0xf1, 0x1, 0xff, 0xff,
    0xff, 0xff, 0xfd, 0x0, 0x0, 0xc, 0xf1, 0x1,
    0xfd, 0x77, 0x77, 0x78, 0xfd, 0x0, 0x0, 0xc,
    0xf1, 0x1, 0xfb, 0x0, 0x0, 0x1, 0xfd, 0x0,
    0x0, 0xc, 0xf1, 0x1, 0xfb, 0x0, 0x0, 0x1,
    0xfd, 0x0, 0x0, 0xc, 0xf1, 0x1, 0xff, 0xdd,
    0xdd, 0xdd, 0xfd, 0x0, 0x0, 0xd, 0xf5, 0x0,
    0x99, 0x99, 0x99, 0x99, 0x97, 0x0, 0x2, 0xdf,
    0xff, 0xa2, 0x0, 0x0, 0x0, 0x0, 0x0, 0x0,
    0x2e, 0xf7, 0x6, 0xff, 0xda, 0x98, 0x88, 0x99,
    0xbc, 0xf3, 0xd, 0x80, 0x0, 0x18, 0xdf, 0xff,
    0xff, 0xff, 0xff, 0xf0, 0x2, 0x0, 0x0, 0x0,
    0x0, 0x12, 0x22, 0x21, 0x10, 0x0,

    /* U+9009 "选" */
    0x0, 0x0, 0x0, 0x0, 0x0, 0x0, 0xa8, 0x0,
    0x0, 0x0, 0x6, 0xd2, 0x0, 0x0, 0x8e, 0x41,
    0xfd, 0x0, 0x0, 0x0, 0x7, 0xff, 0x30, 0x0,
    0xdf, 0x22, 0xfd, 0x0, 0x0, 0x0, 0x0, 0x6f,
    0xe2, 0x5, 0xff, 0xff, 0xff, 0xff, 0xff, 0x30,
    0x0, 0x8, 0xd3, 0xd, 0xf9, 0x89, 0xfe, 0x88,
    0x88, 0x20, 0x0, 0x0, 0x10, 0x6f, 0x90, 0x1,
    0xfd, 0x0, 0x0, 0x0, 0x0, 0x0, 0x0, 0x4,
    0x0, 0x1, 0xfd, 0x0, 0x0, 0x0, 0x0, 0x0,
    0x0, 0x8c, 0xcc, 0xcc, 0xff, 0xcc, 0xcc, 0xc1,
    0x1f, 0xff, 0xf1, 0x9e, 0xee, 0xff, 0xef, 0xfe,
    0xee, 0xe1, 0x1b, 0xbe, 0xf1, 0x0, 0x4, 0xf9,
    0x8, 0xf5, 0x0, 0x0, 0x0, 0xc, 0xf1, 0x0,
    0x8, 0xf6, 0x8, 0xf5, 0x0, 0x0, 0x0, 0xc,
    0xf1, 0x0, 0xe, 0xf2, 0x8, 0xf5, 0x3, 0x20,
    0x0, 0xc, 0xf1, 0x0, 0xaf, 0xa0, 0x8, 0xf5,
    0x6, 0xf4, 0x0, 0xc, 0xf1, 0x3c, 0xfe, 0x10,
    0x8, 0xf9, 0x5b, 0xf2, 0x0, 0xc, 0xf1, 0xbf,
    0xc2, 0x0, 0x5, 0xff, 0xff, 0xd0, 0x0, 0x1d,
    0xfd, 0x46, 0x0, 0x0, 0x0, 0x46, 0x66, 0x10,
    0x2, 0xef, 0xce, 0xf7, 0x10, 0x0, 0x0, 0x0,
    0x0, 0x21, 0x1e, 0xf8, 0x1, 0xbf, 0xfd, 0xbb,
    0xbb, 0xbc, 0xde, 0xf1, 0xb, 0x90, 0x0, 0x4,
    0xbe, 0xff, 0xff, 0xff, 0xff, 0xd0, 0x1, 0x0,
    0x0, 0x0, 0x0, 0x1, 0x11, 0x0, 0x0, 0x0,

    /* U+901A "通" */
    0x0, 0x0, 0x0, 0x2, 0x33, 0x33, 0x33, 0x33,
    0x31, 0x0, 0x7, 0xd1, 0x0, 0xe, 0xff, 0xff,
    0xff, 0xff, 0xfe, 0x20, 0x9, 0xfd, 0x20, 0x4,
    0x45, 0x74, 0x44, 0x8f, 0xf7, 0x0, 0x0, 0x9f,
    0xe2, 0x0, 0xd, 0xfb, 0x58, 0xfe, 0x40, 0x0,
    0x0, 0x9, 0xf7, 0x0, 0x1, 0x7e, 0xff, 0xd1,
    0x0, 0x0, 0x0, 0x0, 0x50, 0x9, 0xaa, 0xaa,
    0xff, 0xfc, 0xbb, 0x40, 0x0, 0x0, 0x0, 0xf,
    0xfc, 0xcc, 0xfe, 0xcc, 0xef, 0x70, 0x25, 0x55,
    0x50, 0xf, 0xd0, 0x1, 0xfa, 0x0, 0x9f, 0x70,
    0x7f, 0xff, 0xf1, 0xf, 0xff, 0xff, 0xff, 0xff,
    0xff, 0x70, 0x37, 0x7d, 0xf1, 0xf, 0xe6, 0x66,
    0xfc, 0x66, 0xcf, 0x70, 0x0, 0xc, 0xf1, 0xf,
    0xd1, 0x12, 0xfa, 0x11, 0xaf, 0x70, 0x0, 0xc,
    0xf1, 0xf, 0xff, 0xff, 0xff, 0xff, 0xff, 0x70,
    0x0, 0xc, 0xf1, 0xf, 0xe5, 0x55, 0xfc, 0x55,
    0xbf, 0x70, 0x0, 0xc, 0xf1, 0xf, 0xd0, 0x1,
    0xfa, 0x0, 0x9f, 0x70, 0x0, 0xc, 0xf1, 0xf,
    0xd0, 0x1, 0xfa, 0x6f, 0xff, 0x50, 0x0, 0x9f,
    0xfb, 0x7, 0x60, 0x0, 0x64, 0x18, 0x74, 0x0,
    0x8, 0xfd, 0xaf, 0xc3, 0x0, 0x0, 0x0, 0x0,
    0x0, 0x0, 0x4f, 0xe1, 0x5, 0xff, 0xda, 0x98,
    0x88, 0x9a, 0xbd, 0xf3, 0x1e, 0x30, 0x0, 0x18,
    0xcf, 0xff, 0xff, 0xff, 0xff, 0xe0, 0x1, 0x0,
    0x0, 0x0, 0x0, 0x1, 0x11, 0x0, 0x0, 0x0,

    /* U+901F "速" */
    0x0, 0x0, 0x0, 0x0, 0x0, 0x1, 0xda, 0x0,
    0x0, 0x0, 0x3, 0xd8, 0x0, 0x0, 0x0, 0x1,
    0xfc, 0x0, 0x0, 0x0, 0x1, 0xdf, 0x90, 0x4f,
    0xff, 0xff, 0xff, 0xff, 0xff, 0xf4, 0x0, 0x1e,
    0xf7, 0x2a, 0xaa, 0xab, 0xfe, 0xaa, 0xaa, 0xa2,
    0x0, 0x2, 0xf8, 0x0, 0x0, 0x1, 0xfc, 0x0,
    0x0, 0x0, 0x0, 0x0, 0x10, 0xa, 0xff, 0xff,
    0xff, 0xff, 0xff, 0x10, 0x0, 0x0, 0x0, 0xb,
    0xf8, 0x89, 0xfe, 0x88, 0xdf, 0x20, 0xa, 0xbb,
    0xb7, 0xb, 0xf0, 0x1, 0xfc, 0x0, 0xbf, 0x20,
    0xe, 0xff, 0xfa, 0xb, 0xf4, 0x45, 0xfd, 0x44,
    0xcf, 0x20, 0x0, 0x2, 0xfa, 0xb, 0xff, 0xff,
    0xff, 0xff, 0xff, 0x20, 0x0, 0x2, 0xfa, 0x2,
    0x33, 0x6f, 0xff, 0xd4, 0x33, 0x0, 0x0, 0x2,
    0xfa, 0x0, 0x2, 0xef, 0xff, 0xfe, 0x30, 0x0,
    0x0, 0x2, 0xfa, 0x0, 0x3e, 0xf5, 0xfc, 0x5f,
    0xf7, 0x0, 0x0, 0x2, 0xfa, 0x8, 0xff, 0x41,
    0xfc, 0x4, 0xff, 0x90, 0x0, 0x2, 0xfa, 0x4f,
    0xe3, 0x1, 0xfc, 0x0, 0x3e, 0x50, 0x0, 0x1a,
    0xfe, 0x35, 0x10, 0x1, 0xd9, 0x0, 0x0, 0x0,
    0x1, 0xdf, 0xac, 0xf8, 0x10, 0x0, 0x0, 0x0,
    0x0, 0x34, 0xd, 0xf7, 0x0, 0x8f, 0xfd, 0xb9,
    0x99, 0xab, 0xcf, 0xf6, 0x8, 0xb0, 0x0, 0x3,
    0x9d, 0xff, 0xff, 0xff, 0xff, 0xe3, 0x0, 0x10,
    0x0, 0x0, 0x0, 0x0, 0x11, 0x0, 0x0, 0x0,

    /* U+9045 "遅" */
    0x0, 0x0, 0x0, 0x3, 0x33, 0x33, 0x33, 0x33,
    0x33, 0x0, 0x1, 0x92, 0x0, 0xf, 0xff, 0xff,
    0xff, 0xff, 0xff, 0x20, 0x7, 0xff, 0x60, 0xf,
    0xd3, 0x33, 0x33, 0x33, 0xbf, 0x20, 0x0, 0x4e,
    0xfa, 0xf, 0xd5, 0x55, 0x55, 0x55, 0xcf, 0x20,
    0x0, 0x2, 0xd5, 0xf, 0xff, 0xff, 0xff, 0xff,
    0xff, 0x20, 0x0, 0x0, 0x0, 0xf, 0xc0, 0x8e,
    0x10, 0x8, 0xd1, 0x0, 0x0, 0x0, 0x0, 0xf,
    0xc0, 0x3f, 0x80, 0xe, 0x90, 0x0, 0x2f, 0xff,
    0xf1, 0xf, 0xce, 0xef, 0xfe, 0xff, 0xee, 0x20,
    0x1d, 0xdf, 0xf1, 0xf, 0xa7, 0x77, 0x8f, 0xc7,
    0x77, 0x10, 0x0, 0xc, 0xf1, 0x2f, 0x93, 0x66,
    0x7f, 0xc6, 0x66, 0x0, 0x0, 0xc, 0xf1, 0x4f,
    0x78, 0xff, 0xff, 0xff, 0xff, 0x10, 0x0, 0xc,
    0xf1, 0x8f, 0x40, 0x0, 0x2f, 0xa0, 0x0, 0x0,
    0x0, 0xc, 0xf1, 0xdf, 0x8e, 0xee, 0xef, 0xfe,
    0xee, 0xe0, 0x0, 0xc, 0xf6, 0xfb, 0x36, 0x66,
    0x8f, 0xc6, 0x66, 0x60, 0x0, 0xc, 0xf6, 0xa4,
    0x0, 0x0, 0x2f, 0xa0, 0x0, 0x0, 0x0, 0x9f,
    0xfe, 0x30, 0x0, 0x0, 0x2d, 0x80, 0x0, 0x0,
    0x8, 0xfa, 0x1c, 0xf7, 0x0, 0x0, 0x0, 0x0,
    0x2, 0x82, 0x4f, 0xd0, 0x0, 0xbf, 0xfd, 0xba,
    0xaa, 0xbc, 0xef, 0xf0, 0xd, 0x40, 0x0, 0x4,
    0xbe, 0xff, 0xff, 0xff, 0xfe, 0xc0, 0x1, 0x0,
    0x0, 0x0, 0x0, 0x1, 0x10, 0x0, 0x0, 0x0,

    /* U+9053 "道" */
    0x0, 0x0, 0x0, 0x0, 0x1, 0x0, 0x0, 0x0,
    0x0, 0x0, 0x0, 0x20, 0x0, 0x0, 0xbe, 0x10,
    0x0, 0x8e, 0x40, 0x0, 0xb, 0xf3, 0x0, 0x0,
    0x5f, 0xa0, 0x1, 0xfd, 0x0, 0x0, 0x4, 0xff,
    0x20, 0x88, 0x8f, 0xb8, 0x8c, 0xfb, 0x88, 0x60,
    0x0, 0x7f, 0xe0, 0xff, 0xff, 0xff, 0xff, 0xff,
    0xff, 0xc0, 0x0, 0xa, 0x80, 0x0, 0x0, 0xf,
    0xf0, 0x0, 0x0, 0x0, 0x0, 0x0, 0x0, 0x2,
    0x55, 0x7f, 0xb5, 0x55, 0x51, 0x0, 0x0, 0x0,
    0x0, 0x9, 0xff, 0xff, 0xff, 0xff, 0xf3, 0x0,
    0x2a, 0xaa, 0xa1, 0x9, 0xf3, 0x0, 0x0, 0xa,
    0xf3, 0x0, 0x4f, 0xff, 0xf2, 0x9, 0xf7, 0x55,
    0x55, 0x5c, 0xf3, 0x0, 0x14, 0x4b, 0xf2, 0x9,
    0xff, 0xff, 0xff, 0xff, 0xf3, 0x0, 0x0, 0xa,
    0xf2, 0x9, 0xf3, 0x0, 0x0, 0xa, 0xf3, 0x0,
    0x0, 0xa, 0xf2, 0x9, 0xff, 0xff, 0xff, 0xff,
    0xf3, 0x0, 0x0, 0xa, 0xf2, 0x9, 0xf7, 0x55,
    0x55, 0x5c, 0xf3, 0x0, 0x0, 0xa, 0xf2, 0x9,
    0xf7, 0x55, 0x55, 0x5c, 0xf3, 0x0, 0x0, 0xb,
    0xf3, 0x9, 0xff, 0xff, 0xff, 0xff, 0xf3, 0x0,
    0x0, 0x8f, 0xfc, 0x10, 0x0, 0x0, 0x0, 0x0,
    0x0, 0x0, 0x8, 0xf9, 0x2c, 0xe5, 0x0, 0x0,
    0x0, 0x0, 0x4, 0xa0, 0x4f, 0xc0, 0x0, 0xbf,
    0xeb, 0xa9, 0x99, 0xab, 0xff, 0xc0, 0x1e, 0x20,
    0x0, 0x5, 0xbe, 0xff, 0xff, 0xff, 0xfe, 0x80,
    0x1, 0x0, 0x0, 0x0, 0x0, 0x1, 0x10, 0x0,
    0x0, 0x0,

    /* U+9060 "遠" */
    0x0, 0x0, 0x0, 0x0, 0x0, 0xa, 0xc0, 0x0,
    0x0, 0x0, 0x1, 0x92, 0x0, 0x6, 0x66, 0x6e,
    0xf7, 0x66, 0x63, 0x0, 0x8, 0xff, 0x60, 0x2f,
    0xff, 0xff, 0xff, 0xff, 0xf7, 0x0, 0x0, 0x5e,
    0xf9, 0x0, 0x0, 0xd, 0xf0, 0x0, 0x0, 0x0,
    0x0, 0x2, 0xd7, 0xff, 0xff, 0xff, 0xff, 0xff,
    0xff, 0xa0, 0x0, 0x0, 0x1, 0x77, 0x77, 0x77,
    0x77, 0x77, 0x77, 0x40, 0x0, 0x0, 0x0, 0x6,
    0x99, 0x99, 0x99, 0x99, 0x90, 0x0, 0x2f, 0xff,
    0xf1, 0xa, 0xfb, 0xbb, 0xbb, 0xbe, 0xf1, 0x0,
    0x1c, 0xcf, 0xf1, 0xa, 0xf1, 0x0, 0x0, 0xb,
    0xf1, 0x0, 0x0, 0xc, 0xf1, 0xa, 0xfa, 0x99,
    0x99, 0x9e, 0xf1, 0x0, 0x0, 0xc, 0xf1, 0x7,
    0xbb, 0xef, 0xfb, 0xbb, 0xe8, 0x0, 0x0, 0xc,
    0xf1, 0x0, 0x7, 0xff, 0xfb, 0x48, 0xfc, 0x20,
    0x0, 0xc, 0xf1, 0x5, 0xdf, 0xce, 0xfc, 0xff,
    0x80, 0x0, 0x0, 0xc, 0xf2, 0xdf, 0xf7, 0xd,
    0xf0, 0x4d, 0xf9, 0x0, 0x0, 0xc, 0xf2, 0x68,
    0x10, 0xd, 0xf0, 0x0, 0x8c, 0x0, 0x0, 0xaf,
    0xfd, 0x20, 0x0, 0x8, 0xa0, 0x0, 0x0, 0x0,
    0x9, 0xf9, 0x1c, 0xf6, 0x0, 0x0, 0x0, 0x0,
    0x3, 0x90, 0x4f, 0xd0, 0x0, 0xbf, 0xfc, 0xba,
    0xab, 0xbc, 0xef, 0xc0, 0xd, 0x40, 0x0, 0x5,
    0xbe, 0xff, 0xff, 0xff, 0xfe, 0x90, 0x1, 0x0,
    0x0, 0x0, 0x0, 0x1, 0x10, 0x0, 0x0, 0x0,

    /* U+9065 "遥" */
    0x0, 0x0, 0x0, 0x0, 0x0, 0x2, 0x35, 0x8a,
    0xc2, 0x0, 0x1a, 0x20, 0xa, 0xde, 0xff, 0xff,
    0xff, 0xca, 0x50, 0x7, 0xff, 0x50, 0x69, 0x97,
    0x68, 0x41, 0x3, 0x92, 0x0, 0x5, 0xff, 0x60,
    0xdc, 0x2, 0xf9, 0x0, 0xbf, 0x50, 0x0, 0x3,
    0xe4, 0x7, 0xf6, 0xb, 0xf0, 0x5f, 0xa0, 0x0,
    0x0, 0x0, 0x0, 0x1f, 0xb0, 0x58, 0x1a, 0xe1,
    0x0, 0x0, 0x0, 0x0, 0x2, 0xff, 0x77, 0x77,
    0x78, 0x76, 0x2, 0xee, 0xee, 0x12, 0xdf, 0xff,
    0xff, 0xff, 0xff, 0xc0, 0x1d, 0xdf, 0xf1, 0xcf,
    0x50, 0xc, 0xf1, 0x0, 0x0, 0x0, 0x0, 0xcf,
    0x18, 0xb8, 0x88, 0xef, 0x88, 0x88, 0x84, 0x0,
    0xc, 0xf1, 0xef, 0xff, 0xff, 0xff, 0xff, 0xff,
    0x90, 0x0, 0xcf, 0x10, 0x67, 0x0, 0xcf, 0x10,
    0x8, 0x60, 0x0, 0xc, 0xf1, 0xd, 0xf0, 0xc,
    0xf1, 0x1, 0xfc, 0x0, 0x0, 0xcf, 0x10, 0xdf,
    0x77, 0xdf, 0x77, 0x7f, 0xc0, 0x0, 0xc, 0xf2,
    0xd, 0xff, 0xff, 0xff, 0xff, 0xfc, 0x0, 0xa,
    0xff, 0xd2, 0x0, 0x0, 0x0, 0x0, 0x0, 0x0,
    0x9, 0xf9, 0x1c, 0xe5, 0x0, 0x0, 0x0, 0x0,
    0x4, 0x84, 0xfd, 0x0, 0x1c, 0xff, 0xcb, 0xaa,
    0xbb, 0xcf, 0xfa, 0xd, 0x30, 0x0, 0x6, 0xbe,
    0xff, 0xff, 0xff, 0xfe, 0x60, 0x10, 0x0, 0x0,
    0x0, 0x0, 0x11, 0x0, 0x0, 0x0,

    /* U+9078 "選" */
    0x0, 0x40, 0x0, 0x35, 0x55, 0x52, 0x25, 0x55,
    0x55, 0x20, 0xb, 0xf7, 0x0, 0xaf, 0xee, 0xf9,
    0x7f, 0xee, 0xef, 0x70, 0x3, 0xef, 0x70, 0xad,
    0x0, 0xd9, 0x7f, 0x10, 0x1f, 0x70, 0x0, 0x3f,
    0xf4, 0xaf, 0xff, 0xf9, 0x7f, 0xff, 0xff, 0x70,
    0x0, 0x5, 0xa0, 0xae, 0x44, 0x43, 0x7f, 0x54,
    0x45, 0x30, 0x0, 0x0, 0x0, 0xae, 0x44, 0x7f,
    0x8f, 0x64, 0x48, 0xf1, 0x0, 0x0, 0x0, 0x5f,
    0xff, 0xfb, 0x2d, 0xff, 0xff, 0xa0, 0x3, 0x33,
    0x30, 0x0, 0xa, 0x90, 0x6, 0xb4, 0x0, 0x0,
    0x1f, 0xff, 0xf1, 0x37, 0x7f, 0xe7, 0x7c, 0xfa,
    0x77, 0x10, 0x19, 0x9e, 0xf1, 0x7f, 0xff, 0xff,
    0xff, 0xff, 0xff, 0x30, 0x0, 0xc, 0xf1, 0x0,
    0xe, 0xc0, 0x8, 0xf6, 0x0, 0x0, 0x0, 0xc,
    0xf4, 0xaa, 0xaf, 0xfa, 0xad, 0xfc, 0xaa, 0xa0,
    0x0, 0xc, 0xf4, 0xcc, 0xcd, 0xcc, 0xcd, 0xec,
    0xcc, 0xc0, 0x0, 0xc, 0xf1, 0x0, 0x2d, 0xd1,
    0xb, 0xf9, 0x10, 0x0, 0x0, 0xc, 0xf1, 0x7,
    0xff, 0x40, 0x1, 0x9f, 0xe5, 0x0, 0x0, 0x1d,
    0xfc, 0x5e, 0xc2, 0x0, 0x0, 0x3, 0xdf, 0x30,
    0x3, 0xef, 0x9d, 0xf8, 0x0, 0x0, 0x0, 0x0,
    0x11, 0x1, 0x2f, 0xf5, 0x0, 0xaf, 0xfc, 0xa9,
    0x99, 0x9a, 0xbc, 0xf1, 0xc, 0x80, 0x0, 0x3,
    0xad, 0xff, 0xff, 0xff, 0xff, 0xd0, 0x1, 0x0,
    0x0, 0x0, 0x0, 0x1, 0x11, 0x0, 0x0, 0x0,

    /* U+907A "遺" */
    0x0, 0x84, 0x0, 0x0, 0x0, 0xc, 0xf0, 0x0,
    0x0, 0x0, 0x3, 0xff, 0x30, 0xf, 0xff, 0xff,
    0xff, 0xff, 0xf3, 0x0, 0x0, 0x4f, 0xf3, 0xf,
    0xc2, 0x2d, 0xf2, 0x2a, 0xf4, 0x0, 0x0, 0x6,
    0xfb, 0xf, 0xfd, 0xdf, 0xfd, 0xde, 0xf4, 0x0,
    0x0, 0x0, 0x60, 0x4, 0x44, 0x4d, 0xf4, 0x44,
    0x41, 0x0, 0x0, 0x0, 0x7, 0xff, 0xff, 0xff,
    0xff, 0xff, 0xff, 0xe0, 0x3, 0x33, 0x32, 0x55,
    0x55, 0x55, 0x55, 0x55, 0x55, 0x50, 0x3f, 0xff,
    0xf1, 0xa, 0xee, 0xee, 0xee, 0xee, 0xe1, 0x0,
    0x29, 0x9e, 0xf1, 0xc, 0xf2, 0x22, 0x22, 0x2c,
    0xf1, 0x0, 0x0, 0xc, 0xf1, 0xc, 0xff, 0xff,
    0xff, 0xff, 0xf1, 0x0, 0x0, 0xc, 0xf1, 0xc,
    0xf0, 0x0, 0x0, 0xb, 0xf1, 0x0, 0x0, 0xc,
    0xf1, 0xc, 0xff, 0xff, 0xff, 0xff, 0xf1, 0x0,
    0x0, 0xc, 0xf1, 0xc, 0xf2, 0x22, 0x22, 0x2c,
    0xf1, 0x0, 0x0, 0xc, 0xf1, 0xa, 0xde, 0xed,
    0xde, 0xed, 0xd1, 0x0, 0x0, 0xc, 0xf1, 0x1,
    0x7e, 0xe2, 0xc, 0xf9, 0x40, 0x0, 0x1, 0xcf,
    0xf6, 0x6f, 0xfb, 0x20, 0x2, 0x9f, 0xfc, 0x0,
    0xc, 0xf8, 0xbf, 0xad, 0x40, 0x0, 0x0, 0x1,
    0x86, 0x43, 0x8f, 0xa0, 0x9, 0xff, 0xec, 0xbb,
    0xbb, 0xcd, 0xef, 0xf3, 0x1e, 0x10, 0x0, 0x3a,
    0xef, 0xff, 0xff, 0xff, 0xfe, 0xd0, 0x1, 0x0,
    0x0, 0x0, 0x0, 0x11, 0x11, 0x0, 0x0, 0x0,

    /* U+90BB "邻" */
    0x0, 0x0, 0x0, 0x0, 0x0, 0x0, 0x0, 0x0,
    0x0, 0x0, 0x0, 0x0, 0x0, 0xd9, 0x0, 0x0,
    0x0, 0x0, 0x0, 0x0, 0x0, 0x0, 0x7, 0xfb,
    0x0, 0x0, 0xaf, 0xff, 0xff, 0xa0, 0x0, 0x0,
    0x2f, 0xff, 0x90, 0x0, 0xaf, 0xcc, 0xcf, 0xe0,
    0x0, 0x0, 0xdf, 0x6c, 0xfa, 0x0, 0xaf, 0x10,
    0x6f, 0x80, 0x0, 0xb, 0xf9, 0x0, 0xcf, 0xb0,
    0xaf, 0x10, 0xbf, 0x20, 0x1, 0xcf, 0xb3, 0x80,
    0xc, 0xf9, 0xaf, 0x11, 0xfc, 0x0, 0x1d, 0xfc,
    0x7, 0xfb, 0x1, 0xd7, 0xaf, 0x17, 0xf5, 0x0,
    0x8, 0xa0, 0x0, 0x9f, 0x40, 0x10, 0xaf, 0x1d,
    0xe0, 0x0, 0x0, 0x0, 0x0, 0x4, 0x0, 0x0,
    0xaf, 0x1a, 0xf5, 0x0, 0x0, 0x6f, 0xff, 0xff,
    0xff, 0x60, 0xaf, 0x10, 0xdf, 0x10, 0x0, 0x4b,
    0xbb, 0xbb, 0xef, 0x70, 0xaf, 0x10, 0x4f, 0x80,
    0x0, 0x0, 0x0, 0x0, 0xee, 0x0, 0xaf, 0x10,
    0xf, 0xc0, 0x0, 0x0, 0x0, 0x8, 0xf6, 0x0,
    0xaf, 0x10, 0xd, 0xe0, 0x0, 0x2, 0xb1, 0x3f,
    0xc0, 0x0, 0xaf, 0x10, 0x1f, 0xd0, 0x0, 0x7,
    0xfd, 0xdf, 0x30, 0x0, 0xaf, 0x6d, 0xff, 0x90,
    0x0, 0x0, 0x8f, 0xf8, 0x0, 0x0, 0xaf, 0x3e,
    0xd9, 0x0, 0x0, 0x0, 0x9, 0xfd, 0x0, 0x0,
    0xaf, 0x10, 0x0, 0x0, 0x0, 0x0, 0x0, 0xbf,
    0x80, 0x0, 0xaf, 0x10, 0x0, 0x0, 0x0, 0x0,
    0x0, 0x1a, 0x10, 0x0, 0xaf, 0x10, 0x0, 0x0,

    /* U+90FD "都" */
    0x0, 0x0, 0x3b, 0x30, 0x0, 0x0, 0x0, 0x0,
    0x0, 0x0, 0x0, 0x0, 0x5f, 0x50, 0x5, 0xe6,
    0xcc, 0xcc, 0xcc, 0x80, 0x3, 0xaa, 0xcf, 0xca,
    0x6c, 0xf3, 0xff, 0xff, 0xff, 0xf3, 0x4, 0xff,
    0xff, 0xff, 0xef, 0x91, 0xfc, 0x0, 0x3f, 0xd0,
    0x0, 0x0, 0x5f, 0x51, 0xef, 0x11, 0xfc, 0x0,
    0x9f, 0x60, 0x0, 0x0, 0x5f, 0x5a, 0xf6, 0x1,
    0xfc, 0x0, 0xee, 0x0, 0x2f, 0xff, 0xff, 0xff,
    0xff, 0xf2, 0xfc, 0x5, 0xf7, 0x0, 0x2b, 0xbb,
    0xbe, 0xfe, 0xbb, 0xb2, 0xfc, 0xc, 0xe0, 0x0,
    0x0, 0x0, 0x7f, 0xe2, 0x0, 0x1, 0xfc, 0xd,
    0xf4, 0x0, 0x0, 0xa, 0xff, 0xb8, 0x88, 0x11,
    0xfc, 0x1, 0xee, 0x10, 0x5, 0xef, 0xff, 0xff,
    0xff, 0x21, 0xfc, 0x0, 0x4f, 0x90, 0x5f, 0xff,
    0x90, 0x0, 0xaf, 0x21, 0xfc, 0x0, 0xe, 0xf0,
    0x9, 0x6f, 0xc5, 0x55, 0xcf, 0x21, 0xfc, 0x0,
    0xb, 0xf1, 0x0, 0x2f, 0xff, 0xff, 0xff, 0x21,
    0xfc, 0x0, 0xd, 0xf1, 0x0, 0x2f, 0xa2, 0x22,
    0xbf, 0x21, 0xfc, 0x5a, 0xcf, 0xe0, 0x0, 0x2f,
    0xa0, 0x0, 0xaf, 0x21, 0xfc, 0x3f, 0xfe, 0x40,
    0x0, 0x2f, 0xff, 0xff, 0xff, 0x21, 0xfc, 0x2,
    0x20, 0x0, 0x0, 0x2f, 0xc8, 0x88, 0xdf, 0x21,
    0xfc, 0x0, 0x0, 0x0, 0x0, 0x2f, 0x90, 0x0,
    0xaf, 0x21, 0xfc, 0x0, 0x0, 0x0, 0x0, 0x0,
    0x0, 0x0, 0x0, 0x0, 0x11, 0x0, 0x0, 0x0,

    /* U+914D "配" */
    0x22, 0x22, 0x22, 0x22, 0x20, 0x0, 0x0, 0x0,
    0x0, 0xf, 0xff, 0xff, 0xff, 0xff, 0x2f, 0xff,
    0xff, 0xff, 0xd0, 0x89, 0xaf, 0x9f, 0xc9, 0x91,
    0xdd, 0xdd, 0xdd, 0xfd, 0x0, 0x3, 0xf1, 0xe7,
    0x0, 0x0, 0x0, 0x0, 0xf, 0xd0, 0x37, 0x8f,
    0x8f, 0xb7, 0x40, 0x0, 0x0, 0x0, 0xfd, 0x8,
    0xff, 0xff, 0xff, 0xfa, 0x0, 0x0, 0x0, 0xf,
    0xd0, 0x8f, 0x2e, 0x4f, 0x2e, 0xa0, 0x0, 0x0,
    0x0, 0xfd, 0x8, 0xf0, 0xe1, 0xf0, 0xea, 0xc,
    0xcc, 0xcc, 0xcf, 0xd0, 0x8f, 0xf, 0xf, 0xe,
    0xa0, 0xff, 0xff, 0xff, 0xfd, 0x8, 0xf2, 0xd0,
    0xf0, 0xea, 0xf, 0xe0, 0x0, 0xf, 0xd0, 0x8f,
    0xb7, 0xd, 0xff, 0xa0, 0xfe, 0x0, 0x0, 0x54,
    0x8, 0xf4, 0x0, 0x0, 0xea, 0xf, 0xe0, 0x0,
    0x0, 0x0, 0x8f, 0x66, 0x66, 0x6f, 0xa0, 0xfe,
    0x0, 0x0, 0x0, 0x8, 0xff, 0xff, 0xff, 0xfa,
    0xf, 0xe0, 0x0, 0x1, 0x30, 0x8f, 0x0, 0x0,
    0xe, 0xa0, 0xfe, 0x0, 0x0, 0x2f, 0x88, 0xf0,
    0x0, 0x0, 0xea, 0xf, 0xe0, 0x0, 0x3, 0xf7,
    0x8f, 0xff, 0xff, 0xff, 0xa0, 0xfe, 0x0, 0x0,
    0x6f, 0x58, 0xf7, 0x77, 0x77, 0xfa, 0xd, 0xfd,
    0xcc, 0xcf, 0xf1, 0x8f, 0x0, 0x0, 0xc, 0x80,
    0x4e, 0xff, 0xff, 0xe7, 0x1, 0x10, 0x0, 0x0,
    0x0, 0x0, 0x0, 0x0, 0x0, 0x0,

    /* U+9192 "醒" */
    0xcd, 0xdd, 0xdd, 0xdd, 0x58, 0xee, 0xee, 0xee,
    0xe9, 0xb, 0xbd, 0xfc, 0xfc, 0xb4, 0x9f, 0xa9,
    0x99, 0xaf, 0xa0, 0x0, 0x7e, 0x1f, 0x30, 0x9,
    0xf4, 0x33, 0x34, 0xfa, 0x2, 0x4a, 0xe5, 0xf7,
    0x41, 0x9f, 0xff, 0xff, 0xff, 0xa0, 0xaf, 0xff,
    0xff, 0xff, 0x49, 0xf3, 0x22, 0x23, 0xfa, 0xa,
    0xd7, 0xf6, 0xf6, 0xf4, 0x9f, 0x87, 0x77, 0x8f,
    0xa0, 0xac, 0x2e, 0x2e, 0x1f, 0x49, 0xff, 0xff,
    0xff, 0xfa, 0xa, 0xc3, 0xe2, 0xe1, 0xf4, 0x9,
    0x61, 0xa6, 0x0, 0x0, 0xac, 0x7b, 0x2e, 0x2f,
    0x42, 0xf7, 0x1f, 0x90, 0x0, 0xa, 0xee, 0x40,
    0xef, 0xf4, 0xaf, 0xff, 0xff, 0xff, 0xf1, 0xac,
    0x50, 0x0, 0x1f, 0x9f, 0xb8, 0x8f, 0xc8, 0x88,
    0xa, 0xe7, 0x77, 0x78, 0xfa, 0xc0, 0x1, 0xf9,
    0x0, 0x0, 0xaf, 0xff, 0xff, 0xff, 0x42, 0xff,
    0xff, 0xff, 0xf8, 0xa, 0xc0, 0x0, 0x1, 0xf4,
    0x18, 0x89, 0xfd, 0x88, 0x50, 0xae, 0x77, 0x77,
    0x8f, 0x40, 0x0, 0x1f, 0x90, 0x0, 0xa, 0xff,
    0xff, 0xff, 0xf4, 0x89, 0x99, 0xfd, 0x99, 0x95,
    0xac, 0x0, 0x0, 0x2f, 0x4f, 0xff, 0xff, 0xff,
    0xff, 0xaa, 0xc0, 0x0, 0x1, 0xf4, 0xee, 0xee,
    0xee, 0xee, 0xe9,

    /* U+91CD "重" */
    0x0, 0x0, 0x0, 0x0, 0x0, 0x0, 0x24, 0x68,
    0x20, 0x0, 0x0, 0x29, 0xab, 0xbc, 0xde, 0xff,
    0xff, 0xff, 0xb0, 0x0, 0x0, 0x1e, 0xdd, 0xcb,
    0xbf, 0xf8, 0x65, 0x31, 0x0, 0x0, 0x3, 0x44,
    0x44, 0x44, 0x4f, 0xe4, 0x44, 0x44, 0x44, 0x30,
    0xe, 0xff, 0xff, 0xff, 0xff, 0xff, 0xff, 0xff,
    0xff, 0xe0, 0x1, 0x22, 0x22, 0x22, 0x2f, 0xe2,
    0x22, 0x22, 0x22, 0x10, 0x0, 0xd, 0xff, 0xff,
    0xff, 0xff, 0xff, 0xff, 0xf0, 0x0, 0x0, 0xe,
    0xf5, 0x55, 0x6f, 0xe5, 0x55, 0x5f, 0xf0, 0x0,
    0x0, 0xe, 0xf3, 0x33, 0x4f, 0xe3, 0x33, 0x3e,
    0xf0, 0x0, 0x0, 0xe, 0xff, 0xff, 0xff, 0xff,
    0xff, 0xff, 0xf0, 0x0, 0x0, 0xe, 0xf0, 0x0,
    0xf, 0xd0, 0x0, 0xe, 0xf0, 0x0, 0x0, 0xe,
    0xff, 0xff, 0xff, 0xff, 0xff, 0xff, 0xf0, 0x0,
    0x0, 0x4, 0x55, 0x55, 0x6f, 0xe5, 0x55, 0x55,
    0x50, 0x0, 0x0, 0x25, 0x55, 0x55, 0x6f, 0xe5,
    0x55, 0x55, 0x54, 0x0, 0x0, 0x8f, 0xff, 0xff,
    0xff, 0xff, 0xff, 0xff, 0xfc, 0x0, 0x0, 0x12,
    0x22, 0x22, 0x2f, 0xe2, 0x22, 0x22, 0x21, 0x0,
    0xa, 0xaa, 0xaa, 0xaa, 0xaf, 0xfa, 0xaa, 0xaa,
    0xaa, 0xa0, 0xd, 0xdd, 0xdd, 0xdd, 0xdd, 0xdd,
    0xdd, 0xdd, 0xdd, 0xd0,

    /* U+91CF "量" */
    0x0, 0x0, 0x11, 0x11, 0x11, 0x11, 0x11, 0x11,
    0x0, 0x0, 0x0, 0x8, 0xff, 0xff, 0xff, 0xff,
    0xff, 0xff, 0x70, 0x0, 0x0, 0x8, 0xf6, 0x11,
    0x11, 0x11, 0x11, 0x7f, 0x70, 0x0, 0x0, 0x8,
    0xff, 0xee, 0xee, 0xee, 0xee, 0xff, 0x70, 0x0,
    0x0, 0x8, 0xf7, 0x22, 0x22, 0x22, 0x22, 0x8f,
    0x70, 0x0, 0x0, 0x6, 0xdd, 0xdd, 0xdd, 0xdd,
    0xdd, 0xdd, 0x60, 0x0, 0x6, 0x66, 0x66, 0x66,
    0x66, 0x66, 0x66, 0x66, 0x66, 0x60, 0xf, 0xff,
    0xff, 0xff, 0xff, 0xff, 0xff, 0xff, 0xff, 0xf0,
    0x0, 0x4, 0x55, 0x55, 0x55, 0x55, 0x55, 0x55,
    0x50, 0x0, 0x0, 0xd, 0xfb, 0xbb, 0xbf, 0xfb,
    0xbb, 0xbf, 0xf0, 0x0, 0x0, 0xd, 0xf3, 0x33,
    0x3f, 0xe3, 0x33, 0x3e, 0xf0, 0x0, 0x0, 0xd,
    0xfd, 0xdd, 0xdf, 0xfd, 0xdd, 0xdf, 0xf0, 0x0,
    0x0, 0xd, 0xf3, 0x33, 0x3f, 0xe3, 0x33, 0x3e,
    0xf0, 0x0, 0x0, 0xb, 0xdd, 0xdd, 0xdf, 0xfd,
    0xdd, 0xdd, 0xd0, 0x0, 0x0, 0x14, 0x44, 0x44,
    0x4f, 0xf4, 0x44, 0x44, 0x42, 0x0, 0x0, 0x5f,
    0xff, 0xff, 0xff, 0xff, 0xff, 0xff, 0xf6, 0x0,
    0x0, 0x0, 0x0, 0x0, 0xf, 0xe0, 0x0, 0x0,
    0x0, 0x0, 0x1f, 0xff, 0xff, 0xff, 0xff, 0xff,
    0xff, 0xff, 0xff, 0xf2, 0x1f, 0xff, 0xff, 0xff,
    0xff, 0xff, 0xff, 0xff, 0xff, 0xf2,

    /* U+9375 "鍵" */
    0x0, 0x1, 0xc1, 0x0, 0x0, 0x0, 0x1, 0xc4,
    0x0, 0x0, 0x0, 0x9, 0xf3, 0xc, 0xdd, 0xd4,
    0x57, 0xf9, 0x55, 0x10, 0x0, 0x3f, 0xff, 0x4d,
    0xef, 0xf6, 0xff, 0xff, 0xff, 0x30, 0x1, 0xed,
    0x2d, 0xf3, 0xe, 0xc0, 0x1, 0xf5, 0x1f, 0x30,
    0x1d, 0xf3, 0x1, 0xd6, 0x4f, 0x66, 0x78, 0xfa,
    0x8f, 0x93, 0x2f, 0xfc, 0xcc, 0xb0, 0xaf, 0x1c,
    0xff, 0xff, 0xff, 0xf6, 0x6, 0xbe, 0xfd, 0xa1,
    0xf9, 0x0, 0x1, 0xf5, 0x1f, 0x30, 0x0, 0x6,
    0xe0, 0xc, 0xff, 0xf6, 0xee, 0xff, 0xef, 0x30,
    0x5, 0x6a, 0xf6, 0x69, 0x9c, 0xf4, 0x78, 0xfa,
    0x77, 0x10, 0xd, 0xff, 0xff, 0xf2, 0x7, 0xf2,
    0x45, 0xf8, 0x44, 0x20, 0x3, 0x38, 0xf3, 0x36,
    0x49, 0xe5, 0xff, 0xff, 0xff, 0x80, 0x4, 0x86,
    0xe3, 0xdb, 0xab, 0xc1, 0x34, 0xf7, 0x33, 0x10,
    0x5, 0xd6, 0xe6, 0xc7, 0xfe, 0x95, 0x78, 0xfa,
    0x77, 0x60, 0x2, 0xf7, 0xe9, 0x81, 0xff, 0x6d,
    0xff, 0xff, 0xff, 0xf0, 0x0, 0xe8, 0xe7, 0x30,
    0xbf, 0x20, 0x1, 0xf5, 0x0, 0x0, 0x0, 0x7,
    0xf9, 0xe5, 0xef, 0xb0, 0x1, 0xf5, 0x0, 0x0,
    0x8, 0xcf, 0xff, 0xeb, 0xf9, 0xfd, 0x40, 0x31,
    0x0, 0x0, 0xf, 0xfe, 0x93, 0x4f, 0xb0, 0x5e,
    0xfe, 0xb9, 0x99, 0x93, 0x7, 0x30, 0x0, 0x9d,
    0x10, 0x1, 0x7b, 0xef, 0xff, 0xf1, 0x0, 0x0,
    0x0, 0x11, 0x0, 0x0, 0x0, 0x0, 0x0, 0x0,

    /* U+94A5 "钥" */
    0x0, 0x5, 0xa2, 0x0, 0x0, 0x0, 0x0, 0x0,
    0x0, 0x0, 0x0, 0xdf, 0x10, 0x0, 0xb, 0xff,
    0xff, 0xff, 0xfb, 0x0, 0x7f, 0xfc, 0xcc, 0xc0,
    0xbf, 0xcc, 0xcc, 0xcf, 0xb0, 0x3f, 0xff, 0xff,
    0xff, 0xb, 0xf2, 0x0, 0x2, 0xfb, 0x1e, 0xf4,
    0x0, 0x0, 0x0, 0xbf, 0x20, 0x0, 0x2f, 0xb0,
    0xdb, 0x44, 0x44, 0x42, 0xb, 0xf8, 0x66, 0x68,
    0xfb, 0x2, 0xbf, 0xff, 0xff, 0x90, 0xbf, 0xff,
    0xff, 0xff, 0xb0, 0x3, 0x6f, 0xe5, 0x53, 0xb,
    0xf5, 0x33, 0x35, 0xfb, 0x0, 0x1, 0xfc, 0x0,
    0x0, 0xbf, 0x20, 0x0, 0x2f, 0xb0, 0x23, 0x4f,
    0xd3, 0x33, 0xb, 0xf2, 0x0, 0x2, 0xfb, 0xc,
    0xff, 0xff, 0xff, 0xe0, 0xcf, 0xba, 0xaa, 0xbf,
    0xb0, 0x57, 0x8f, 0xe7, 0x76, 0xc, 0xff, 0xff,
    0xff, 0xfb, 0x0, 0x1, 0xfc, 0x0, 0x0, 0xdf,
    0x10, 0x0, 0x3f, 0xb0, 0x0, 0x1f, 0xc0, 0x0,
    0xf, 0xe0, 0x0, 0x2, 0xfb, 0x0, 0x1, 0xfc,
    0x3, 0x32, 0xfc, 0x0, 0x0, 0x2f, 0xb0, 0x0,
    0x1f, 0xd9, 0xf7, 0x6f, 0x80, 0x0, 0x2, 0xfb,
    0x0, 0x4, 0xff, 0xfd, 0x4d, 0xf3, 0x0, 0x0,
    0x2f, 0xb0, 0x0, 0xdf, 0xe6, 0x6, 0xfc, 0x0,
    0x9, 0xde, 0xfa, 0x0, 0x8, 0x80, 0x0, 0xaf,
    0x30, 0x0, 0x6f, 0xfc, 0x20, 0x0, 0x0, 0x0,
    0x0, 0x10, 0x0, 0x0, 0x0, 0x0,

    /* U+94C3 "铃" */
    0x0, 0x8, 0x80, 0x0, 0x0, 0x0, 0xc, 0x70,
    0x0, 0x0, 0x0, 0x1f, 0xd0, 0x0, 0x0, 0x0,
    0x7f, 0xb0, 0x0, 0x0, 0x0, 0x9f, 0xeb, 0xbb,
    0x30, 0x1, 0xff, 0xf4, 0x0, 0x0, 0x4, 0xff,
    0xff, 0xff, 0x50, 0xb, 0xf7, 0xee, 0x10, 0x0,
    0x2f, 0xf3, 0x0, 0x0, 0x0, 0x8f, 0xc0, 0x5f,
    0xc0, 0x0, 0x1e, 0xa5, 0x55, 0x53, 0x6, 0xfe,
    0x21, 0xa, 0xfb, 0x0, 0x2, 0xdf, 0xff, 0xfa,
    0x7f, 0xf4, 0xdd, 0x10, 0xcf, 0xc1, 0x0, 0x56,
    0xfe, 0x65, 0xdf, 0x40, 0x4f, 0xc0, 0x1d, 0xd1,
    0x0, 0x0, 0xfd, 0x0, 0x23, 0x0, 0x8, 0x70,
    0x1, 0x20, 0x0, 0x0, 0xfd, 0x0, 0x5, 0x99,
    0x99, 0x99, 0xa4, 0x0, 0xd, 0xff, 0xff, 0xff,
    0x69, 0xff, 0xff, 0xff, 0xff, 0x0, 0x8, 0xbb,
    0xff, 0xbb, 0x42, 0x33, 0x33, 0x3b, 0xf8, 0x0,
    0x0, 0x0, 0xfd, 0x0, 0x0, 0x0, 0x0, 0x3f,
    0xe0, 0x0, 0x0, 0x0, 0xfd, 0x0, 0x0, 0x7,
    0x0, 0xdf, 0x40, 0x0, 0x0, 0x0, 0xfd, 0x4,
    0x50, 0x7f, 0xda, 0xf9, 0x0, 0x0, 0x0, 0x0,
    0xfe, 0xcf, 0xa0, 0x6, 0xff, 0xe0, 0x0, 0x0,
    0x0, 0x7, 0xff, 0xf8, 0x10, 0x0, 0x3e, 0xf9,
    0x0, 0x0, 0x0, 0xd, 0xf8, 0x10, 0x0, 0x0,
    0x1, 0xdf, 0x60, 0x0, 0x0, 0x2, 0x20, 0x0,
    0x0, 0x0, 0x0, 0x7, 0x0, 0x0,

    /* U+9501 "锁" */
    0x0, 0x7, 0x80, 0x0, 0x0, 0x0, 0xf, 0xb0,
    0x0, 0x0, 0x0, 0x1f, 0xd0, 0x0, 0xd, 0xb0,
    0xf, 0xc0, 0x2f, 0x50, 0x0, 0x8f, 0xeb, 0xbb,
    0x47, 0xf6, 0xf, 0xc0, 0xae, 0x10, 0x4, 0xff,
    0xff, 0xff, 0x50, 0xee, 0xf, 0xc2, 0xf5, 0x0,
    0x2e, 0xf3, 0x0, 0x0, 0x0, 0x67, 0xf, 0xc4,
    0x80, 0x0, 0xe, 0xb5, 0x55, 0x55, 0xa, 0xdd,
    0xdf, 0xfd, 0xdd, 0x10, 0x2, 0xbf, 0xff, 0xff,
    0xc, 0xff, 0xff, 0xff, 0xff, 0x10, 0x0, 0x46,
    0xfc, 0x66, 0xc, 0xf1, 0x13, 0x21, 0xcf, 0x10,
    0x0, 0x1, 0xfa, 0x0, 0xc, 0xf0, 0x1f, 0xb0,
    0xbf, 0x10, 0x0, 0x1, 0xfa, 0x0, 0xc, 0xf0,
    0x1f, 0xb0, 0xbf, 0x10, 0xa, 0xff, 0xff, 0xff,
    0x3c, 0xf0, 0x1f, 0xb0, 0xbf, 0x10, 0x7, 0xbb,
    0xfe, 0xbb, 0x2c, 0xf0, 0x1f, 0xb0, 0xbf, 0x10,
    0x0, 0x1, 0xfa, 0x0, 0xc, 0xf0, 0x3f, 0xa0,
    0xbf, 0x10, 0x0, 0x1, 0xfa, 0x0, 0xc, 0xf0,
    0x7f, 0x70, 0xbf, 0x10, 0x0, 0x1, 0xfa, 0x18,
    0x9, 0xc1, 0xef, 0x20, 0x8b, 0x0, 0x0, 0x2,
    0xfd, 0xff, 0x30, 0x2d, 0xf8, 0xce, 0x60, 0x0,
    0x0, 0x9, 0xff, 0xd4, 0x18, 0xff, 0x80, 0x5d,
    0xfc, 0x30, 0x0, 0x2f, 0xe6, 0x4, 0xff, 0xe5,
    0x0, 0x0, 0x8f, 0xf1, 0x0, 0x4, 0x10, 0x0,
    0x75, 0x0, 0x0, 0x0, 0x4, 0x40,

    /* U+9519 "错" */
    0x0, 0x0, 0x0, 0x0, 0x0, 0x1, 0x10, 0x1,
    0x10, 0x0, 0x0, 0xa, 0xc0, 0x0, 0x0, 0xf,
    0xa0, 0x1f, 0xa0, 0x0, 0x0, 0x1f, 0xc0, 0x0,
    0x0, 0xf, 0xa0, 0x1f, 0xa0, 0x0, 0x0, 0x9f,
    0xec, 0xcc, 0x39, 0x9f, 0xe9, 0xaf, 0xe9, 0x80,
    0x4, 0xff, 0xff, 0xff, 0x5f, 0xff, 0xff, 0xff,
    0xff, 0xe0, 0x1e, 0xf5, 0x0, 0x0, 0x0, 0xf,
    0xa0, 0x2f, 0xa0, 0x0, 0xe, 0xb1, 0x11, 0x11,
    0x0, 0xf, 0xa0, 0x1f, 0xa0, 0x0, 0x5, 0xdf,
    0xff, 0xfe, 0x13, 0x3f, 0xb3, 0x4f, 0xb3, 0x31,
    0x0, 0xad, 0xff, 0xdb, 0xaf, 0xff, 0xff, 0xff,
    0xff, 0xf5, 0x0, 0x1, 0xfa, 0x0, 0x58, 0x88,
    0x88, 0x88, 0x88, 0x82, 0x0, 0x1, 0xfa, 0x0,
    0x0, 0x44, 0x44, 0x44, 0x44, 0x0, 0xb, 0xff,
    0xff, 0xff, 0x42, 0xff, 0xff, 0xff, 0xff, 0x0,
    0x7, 0xbb, 0xfe, 0xbb, 0x32, 0xfb, 0x44, 0x44,
    0xcf, 0x0, 0x0, 0x1, 0xfa, 0x0, 0x2, 0xf9,
    0x0, 0x0, 0xbf, 0x0, 0x0, 0x1, 0xfa, 0x0,
    0x2, 0xff, 0xff, 0xff, 0xff, 0x0, 0x0, 0x1,
    0xfa, 0x6, 0x2, 0xfd, 0x88, 0x88, 0xdf, 0x0,
    0x0, 0x1, 0xfe, 0xef, 0x12, 0xf9, 0x0, 0x0,
    0xbf, 0x0, 0x0, 0x8, 0xff, 0xf7, 0x2, 0xfd,
    0x99, 0x99, 0xef, 0x0, 0x0, 0xc, 0xfa, 0x10,
    0x2, 0xff, 0xff, 0xff, 0xff, 0x0, 0x0, 0x5,
    0x50, 0x0, 0x2, 0xf9, 0x0, 0x0, 0xbf, 0x0,
    0x0, 0x0, 0x0, 0x0, 0x0, 0x10, 0x0, 0x0,
    0x0, 0x0,

    /* U+952E "键" */
    0x0, 0x2c, 0x40, 0x0, 0x0, 0x0, 0x3, 0xc2,
    0x0, 0x0, 0x0, 0x8f, 0x40, 0xd, 0xdd, 0xd3,
    0x58, 0xf8, 0x55, 0x0, 0x0, 0xef, 0xcc, 0x8e,
    0xef, 0xe6, 0xff, 0xff, 0xff, 0x10, 0x6, 0xff,
    0xff, 0xa0, 0xf, 0x90, 0x4, 0xf3, 0x4f, 0x10,
    0x1e, 0xd1, 0x0, 0x0, 0x6f, 0x27, 0x79, 0xf9,
    0x9f, 0x82, 0x6f, 0x62, 0x22, 0x10, 0xdc, 0xf,
    0xff, 0xff, 0xff, 0xf4, 0x9, 0xff, 0xff, 0x95,
    0xf4, 0x0, 0x4, 0xf3, 0x4f, 0x10, 0x2, 0x8f,
    0xd8, 0x7e, 0xff, 0xf7, 0xee, 0xfe, 0xef, 0x10,
    0x0, 0xe, 0xa0, 0x1b, 0x9c, 0xf3, 0x79, 0xf9,
    0x77, 0x0, 0x1, 0x1f, 0xb1, 0x10, 0x9, 0xf2,
    0x47, 0xf7, 0x44, 0x10, 0x1f, 0xff, 0xff, 0xc7,
    0x3b, 0xd7, 0xff, 0xff, 0xff, 0x60, 0x9, 0x9f,
    0xe9, 0x7e, 0x8e, 0xa1, 0x36, 0xf5, 0x33, 0x10,
    0x0, 0xe, 0xa0, 0x9, 0xef, 0x76, 0x79, 0xf9,
    0x77, 0x50, 0x0, 0xe, 0xa0, 0x3, 0xff, 0x4f,
    0xff, 0xff, 0xff, 0xc0, 0x0, 0xe, 0xa3, 0x80,
    0xdf, 0x0, 0x4, 0xf3, 0x0, 0x0, 0x0, 0xe,
    0xef, 0xc2, 0xff, 0x90, 0x4, 0xf3, 0x0, 0x0,
    0x0, 0x1f, 0xfa, 0xb, 0xf9, 0xfb, 0x30, 0x30,
    0x0, 0x0, 0x0, 0xbf, 0x90, 0x8f, 0x80, 0x7f,
    0xfd, 0xa9, 0x99, 0x91, 0x0, 0x58, 0x1, 0xeb,
    0x0, 0x1, 0x8c, 0xef, 0xff, 0xe0, 0x0, 0x0,
    0x0, 0x20, 0x0, 0x0, 0x0, 0x0, 0x0, 0x0,

    /* U+958B "開" */
    0x1, 0x11, 0x11, 0x11, 0x0, 0x11, 0x11, 0x11,
    0x10, 0x2f, 0xff, 0xff, 0xff, 0x61, 0xff, 0xff,
    0xff, 0xfd, 0x2f, 0xd5, 0x55, 0x9f, 0x61, 0xfd,
    0x55, 0x55, 0xfd, 0x2f, 0xd5, 0x55, 0x9f, 0x61,
    0xfd, 0x55, 0x55, 0xfd, 0x2f, 0xff, 0xff, 0xff,
    0x61, 0xff, 0xff, 0xff, 0xfd, 0x2f, 0xb0, 0x0,
    0x6f, 0x61, 0xfc, 0x0, 0x0, 0xfd, 0x2f, 0xd7,
    0x77, 0xaf, 0x61, 0xfd, 0x66, 0x67, 0xfd, 0x2f,
    0xff, 0xff, 0xff, 0x51, 0xff, 0xff, 0xff, 0xfd,
    0x2f, 0xb0, 0x23, 0x33, 0x33, 0x33, 0x33, 0x0,
    0xfd, 0x2f, 0xb0, 0xbf, 0xff, 0xff, 0xff, 0xff,
    0x10, 0xfd, 0x2f, 0xb0, 0x34, 0xcf, 0x44, 0xcf,
    0x44, 0x0, 0xfd, 0x2f, 0xb0, 0x0, 0xbe, 0x0,
    0xbf, 0x0, 0x0, 0xfd, 0x2f, 0xb0, 0x99, 0xef,
    0x99, 0xef, 0x99, 0x40, 0xfd, 0x2f, 0xb1, 0xff,
    0xff, 0xff, 0xff, 0xff, 0x70, 0xfd, 0x2f, 0xb0,
    0x0, 0xdc, 0x0, 0xbf, 0x0, 0x0, 0xfd, 0x2f,
    0xb0, 0x1, 0xf9, 0x0, 0xbf, 0x0, 0x0, 0xfd,
    0x2f, 0xb0, 0x9, 0xf3, 0x0, 0xbf, 0x0, 0x0,
    0xfd, 0x2f, 0xb0, 0x5f, 0xa0, 0x0, 0xbf, 0xb,
    0xde, 0xfb, 0x2f, 0xb0, 0x6b, 0x0, 0x0, 0xbf,
    0x9, 0xff, 0xc3, 0x1, 0x0, 0x0, 0x0, 0x0,
    0x0, 0x0, 0x0, 0x0,

    /* U+9593 "間" */
    0x1, 0x11, 0x11, 0x11, 0x0, 0x11, 0x11, 0x11,
    0x10, 0x1f, 0xff, 0xff, 0xff, 0x20, 0xff, 0xff,
    0xff, 0xfd, 0x1f, 0xd5, 0x55, 0xbf, 0x20, 0xfd,
    0x55, 0x56, 0xfd, 0x1f, 0xd4, 0x44, 0xaf, 0x20,
    0xfd, 0x44, 0x45, 0xfd, 0x1f, 0xff, 0xff, 0xff,
    0x20, 0xff, 0xff, 0xff, 0xfd, 0x1f, 0xc1, 0x11,
    0x9f, 0x20, 0xfc, 0x11, 0x12, 0xfd, 0x1f, 0xe6,
    0x66, 0xbf, 0x20, 0xfd, 0x66, 0x66, 0xfd, 0x1f,
    0xff, 0xff, 0xff, 0x20, 0xff, 0xff, 0xff, 0xfd,
    0x1f, 0xc0, 0x0, 0x0, 0x0, 0x0, 0x0, 0x1,
    0xfd, 0x1f, 0xc0, 0x5, 0x87, 0x77, 0x77, 0x60,
    0x1, 0xfd, 0x1f, 0xc0, 0xb, 0xff, 0xff, 0xff,
    0xc0, 0x1, 0xfd, 0x1f, 0xc0, 0xb, 0xf0, 0x0,
    0xc, 0xc0, 0x1, 0xfd, 0x1f, 0xc0, 0xb, 0xf6,
    0x66, 0x6e, 0xc0, 0x1, 0xfd, 0x1f, 0xc0, 0xb,
    0xff, 0xff, 0xff, 0xc0, 0x1, 0xfd, 0x1f, 0xc0,
    0xb, 0xf0, 0x0, 0xc, 0xc0, 0x1, 0xfd, 0x1f,
    0xc0, 0xb, 0xf7, 0x77, 0x7e, 0xc0, 0x1, 0xfd,
    0x1f, 0xc0, 0xb, 0xff, 0xff, 0xff, 0xb0, 0x1,
    0xfd, 0x1f, 0xc0, 0xb, 0xf0, 0x0, 0x0, 0x6d,
    0xde, 0xfb, 0x1f, 0xc0, 0x0, 0x0, 0x0, 0x0,
    0x2f, 0xff, 0xc3, 0x1, 0x0, 0x0, 0x0, 0x0,
    0x0, 0x0, 0x0, 0x0,

    /* U+95ED "闭" */
    0x1, 0x80, 0x0, 0x0, 0x0, 0x0, 0x0, 0x0,
    0x0, 0x9, 0xfb, 0x0, 0x9d, 0xdd, 0xdd, 0xdd,
    0xdd, 0xe9, 0x0, 0xcf, 0x80, 0xbf, 0xff, 0xff,
    0xff, 0xff, 0xfb, 0x0, 0x2f, 0xb0, 0x0, 0x0,
    0x0, 0x0, 0x2, 0xfb, 0x0, 0x3, 0x0, 0x0,
    0x0, 0xab, 0x0, 0x2, 0xfb, 0x3e, 0xa0, 0x0,
    0x0, 0x0, 0xdf, 0x10, 0x2, 0xfb, 0x3f, 0xb0,
    0x11, 0x11, 0x11, 0xef, 0x21, 0x12, 0xfb, 0x3f,
    0xb2, 0xff, 0xff, 0xff, 0xff, 0xff, 0xb2, 0xfb,
    0x3f, 0xb1, 0xaa, 0xaa, 0xbf, 0xff, 0xba, 0x72,
    0xfb, 0x3f, 0xb0, 0x0, 0x0, 0x9f, 0xff, 0x10,
    0x2, 0xfb, 0x3f, 0xb0, 0x0, 0x7, 0xfc, 0xef,
    0x10, 0x2, 0xfb, 0x3f, 0xb0, 0x0, 0x9f, 0xd1,
    0xdf, 0x10, 0x2, 0xfb, 0x3f, 0xb0, 0x2c, 0xfc,
    0x10, 0xdf, 0x10, 0x2, 0xfb, 0x3f, 0xb7, 0xff,
    0xa0, 0x0, 0xdf, 0x10, 0x2, 0xfb, 0x3f, 0xb3,
    0xd4, 0x0, 0x0, 0xdf, 0x10, 0x2, 0xfb, 0x3f,
    0xb0, 0x0, 0x8, 0xdd, 0xff, 0x0, 0x2, 0xfb,
    0x3f, 0xb0, 0x0, 0x4, 0xfe, 0xc6, 0x0, 0x2,
    0xfb, 0x3f, 0xb0, 0x0, 0x0, 0x0, 0x0, 0x7,
    0xac, 0xfa, 0x3f, 0xb0, 0x0, 0x0, 0x0, 0x0,
    0x6, 0xff, 0xd3, 0x0, 0x0, 0x0, 0x0, 0x0,
    0x0, 0x0, 0x0, 0x0,

    /* U+95F4 "间" */
    0x0, 0x70, 0x0, 0x0, 0x0, 0x0, 0x0, 0x0,
    0x0, 0x8, 0xfc, 0x0, 0x9d, 0xdd, 0xdd, 0xdd,
    0xdd, 0xda, 0x0, 0xcf, 0x90, 0xbf, 0xff, 0xff,
    0xff, 0xff, 0xfd, 0x0, 0x1f, 0xc0, 0x0, 0x0,
    0x0, 0x0, 0x2, 0xfd, 0x0, 0x3, 0x0, 0x0,
    0x0, 0x0, 0x0, 0x2, 0xfd, 0x2e, 0xc0, 0x0,
    0x0, 0x0, 0x0, 0x0, 0x2, 0xfd, 0x2f, 0xd0,
    0xb, 0xff, 0xff, 0xff, 0xf1, 0x2, 0xfd, 0x2f,
    0xd0, 0xb, 0xf8, 0x88, 0x8d, 0xf1, 0x2, 0xfd,
    0x2f, 0xd0, 0xb, 0xf0, 0x0, 0xa, 0xf1, 0x2,
    0xfd, 0x2f, 0xd0, 0xb, 0xf8, 0x88, 0x8d, 0xf1,
    0x2, 0xfd, 0x2f, 0xd0, 0xb, 0xff, 0xff, 0xff,
    0xf1, 0x2, 0xfd, 0x2f, 0xd0, 0xb, 0xf1, 0x0,
    0xb, 0xf1, 0x2, 0xfd, 0x2f, 0xd0, 0xb, 0xf0,
    0x0, 0xa, 0xf1, 0x2, 0xfd, 0x2f, 0xd0, 0xb,
    0xf8, 0x88, 0x8d, 0xf1, 0x2, 0xfd, 0x2f, 0xd0,
    0xb, 0xff, 0xff, 0xff, 0xf1, 0x2, 0xfd, 0x2f,
    0xd0, 0x0, 0x0, 0x0, 0x0, 0x0, 0x2, 0xfd,
    0x2f, 0xd0, 0x0, 0x0, 0x0, 0x0, 0x0, 0x2,
    0xfd, 0x2f, 0xd0, 0x0, 0x0, 0x0, 0x0, 0x2,
    0xbc, 0xfc, 0x2f, 0xd0, 0x0, 0x0, 0x0, 0x0,
    0x0, 0xef, 0xd4,

    /* U+9664 "除" */
    0x0, 0x0, 0x0, 0x0, 0x0, 0x0, 0x0, 0x0,
    0x0, 0x0, 0x0, 0x1, 0x0, 0x0, 0x0, 0x6c,
    0x20, 0x0, 0x0, 0x9f, 0xff, 0xfd, 0x10, 0x0,
    0x2f, 0xf2, 0x0, 0x0, 0x9, 0xfa, 0xaf, 0xe0,
    0x0, 0x1d, 0xff, 0xe2, 0x0, 0x0, 0x9f, 0x12,
    0xf9, 0x0, 0x1d, 0xf5, 0x4f, 0xe3, 0x0, 0x9,
    0xf1, 0x7f, 0x30, 0x3e, 0xf6, 0x0, 0x5f, 0xf7,
    0x0, 0x9f, 0x1d, 0xe0, 0x8f, 0xf5, 0x0, 0x0,
    0x4e, 0xfd, 0x19, 0xf4, 0xf9, 0xb, 0xdd, 0xbb,
    0xbb, 0xbb, 0xcb, 0x80, 0x9f, 0x3e, 0xd0, 0x11,
    0xff, 0xff, 0xff, 0xfe, 0x0, 0x9, 0xf1, 0x4f,
    0x80, 0x0, 0x0, 0xcf, 0x10, 0x0, 0x0, 0x9f,
    0x10, 0xdd, 0x0, 0x0, 0xc, 0xf1, 0x0, 0x0,
    0x9, 0xf1, 0x9, 0xfd, 0xff, 0xff, 0xff, 0xff,
    0xff, 0xd0, 0x9f, 0x10, 0xaf, 0x9b, 0xbb, 0xbe,
    0xfb, 0xbb, 0xb9, 0x9, 0xf7, 0xaf, 0xe0, 0x4,
    0x0, 0xcf, 0x11, 0x40, 0x0, 0x9f, 0x8f, 0xd4,
    0x5, 0xf7, 0xc, 0xf1, 0xcf, 0x30, 0x9, 0xf1,
    0x0, 0x0, 0xdf, 0x10, 0xcf, 0x12, 0xfd, 0x0,
    0x9f, 0x10, 0x0, 0x7f, 0x60, 0xc, 0xf1, 0x7,
    0xf8, 0x9, 0xf1, 0x0, 0x2f, 0xc0, 0x0, 0xcf,
    0x10, 0xd, 0xf1, 0x9f, 0x10, 0x0, 0x82, 0x2b,
    0xaf, 0xf0, 0x0, 0x43, 0x9, 0xf1, 0x0, 0x0,
    0x0, 0xdf, 0xe7, 0x0, 0x0, 0x0, 0x0, 0x0,
    0x0, 0x0, 0x0, 0x0, 0x0, 0x0, 0x0, 0x0,

    /* U+9690 "隐" */
    0x0, 0x0, 0x0, 0x0, 0x7, 0x81, 0x0, 0x0,
    0x0, 0x9, 0xff, 0xff, 0xe3, 0x3, 0xfd, 0x44,
    0x44, 0x0, 0x0, 0x9f, 0xba, 0xef, 0x21, 0xef,
    0xff, 0xff, 0xf8, 0x0, 0x9, 0xf1, 0xe, 0xd1,
    0xcf, 0x62, 0x23, 0xee, 0x10, 0x0, 0x9f, 0x13,
    0xf7, 0xaf, 0x60, 0x0, 0xbf, 0x40, 0x0, 0x9,
    0xf1, 0x8f, 0x10, 0xff, 0xff, 0xff, 0xff, 0xff,
    0x20, 0x9f, 0x1d, 0xb0, 0x7, 0x77, 0x77, 0x77,
    0x7d, 0xf2, 0x9, 0xf1, 0xdd, 0x10, 0x12, 0x22,
    0x22, 0x22, 0xbf, 0x20, 0x9f, 0x12, 0xf9, 0x8,
    0xff, 0xff, 0xff, 0xff, 0xf2, 0x9, 0xf1, 0xb,
    0xf0, 0x13, 0x33, 0x33, 0x33, 0xbf, 0x20, 0x9f,
    0x10, 0x8f, 0x35, 0x55, 0x55, 0x55, 0x5c, 0xf2,
    0x9, 0xf1, 0x8, 0xf4, 0xff, 0xff, 0xff, 0xff,
    0xff, 0x20, 0x9f, 0x49, 0xef, 0x12, 0x22, 0xbc,
    0x22, 0x22, 0x20, 0x9, 0xf3, 0xff, 0x73, 0x10,
    0x9, 0xfd, 0x20, 0x1, 0x0, 0x9f, 0x10, 0x0,
    0xcd, 0x7d, 0x18, 0xfd, 0x1e, 0xb0, 0x9, 0xf1,
    0x0, 0x1f, 0x99, 0xf1, 0x7, 0x41, 0x8f, 0x40,
    0x9f, 0x10, 0x6, 0xf4, 0x9f, 0x10, 0x0, 0xda,
    0xfc, 0x9, 0xf1, 0x0, 0xce, 0x8, 0xfa, 0x99,
    0x9f, 0x89, 0xf2, 0x9f, 0x10, 0x1, 0x40, 0x3d,
    0xff, 0xff, 0xd2, 0x12, 0x0,

    /* U+96A3 "隣" */
    0x11, 0x11, 0x20, 0x1, 0x50, 0xc, 0xe0, 0x5,
    0x30, 0x9, 0xff, 0xff, 0xd0, 0x8f, 0x50, 0xdf,
    0x2, 0xfc, 0x0, 0x9f, 0x99, 0xfd, 0x0, 0xde,
    0xd, 0xf0, 0xcd, 0x10, 0x9, 0xf1, 0x4f, 0x75,
    0x8b, 0xa8, 0xef, 0x8c, 0xa8, 0x60, 0x9f, 0x18,
    0xf2, 0xaf, 0xff, 0xff, 0xff, 0xff, 0xfd, 0x9,
    0xf1, 0xdc, 0x0, 0x0, 0x7f, 0xff, 0xf9, 0x10,
    0x0, 0x9f, 0x3f, 0x70, 0x2, 0xbf, 0xad, 0xf6,
    0xfd, 0x50, 0x9, 0xf1, 0xdd, 0x8, 0xff, 0x80,
    0xdf, 0x4, 0xef, 0xd0, 0x9f, 0x14, 0xf6, 0x2b,
    0x92, 0xd, 0xf0, 0x7, 0xb4, 0x9, 0xf1, 0xf,
    0xb0, 0x3f, 0x60, 0x22, 0x1, 0xf9, 0x0, 0x9f,
    0x10, 0xcd, 0xa, 0xff, 0xfe, 0xcf, 0xff, 0xff,
    0x9, 0xf1, 0xd, 0xe2, 0xfb, 0x7d, 0xe4, 0x66,
    0xfc, 0x60, 0x9f, 0x58, 0xfc, 0xcf, 0x10, 0xf9,
    0x89, 0xf, 0x90, 0x9, 0xf6, 0xff, 0x9f, 0x9a,
    0x7f, 0x4b, 0xa0, 0xf9, 0x0, 0x9f, 0x12, 0x0,
    0x32, 0xef, 0xd0, 0xec, 0x8f, 0xd8, 0x19, 0xf1,
    0x0, 0x0, 0x9, 0xf4, 0xf, 0xff, 0xff, 0xf2,
    0x9f, 0x10, 0x0, 0x6, 0xfa, 0x0, 0x0, 0xf,
    0x90, 0x9, 0xf1, 0x0, 0x9, 0xfb, 0x0, 0x0,
    0x0, 0xf9, 0x0, 0x9f, 0x10, 0x0, 0x9a, 0x0,
    0x0, 0x0, 0xf, 0x90, 0x0, 0x0, 0x0, 0x0,
    0x0, 0x0, 0x0, 0x0, 0x0, 0x0,

    /* U+96E2 "離" */
    0x0, 0x3, 0xa1, 0x0, 0x0, 0x4, 0x60, 0x30,
    0x0, 0x0, 0x0, 0x4f, 0x80, 0x0, 0x0, 0xaf,
    0x4f, 0x80, 0x0, 0xff, 0xff, 0xff, 0xff, 0xf6,
    0xf, 0xa0, 0xce, 0x0, 0x7, 0x77, 0x77, 0x77,
    0x77, 0x36, 0xf4, 0x6, 0x91, 0x0, 0x1d, 0x5a,
    0x29, 0x7c, 0x80, 0xdf, 0xee, 0xee, 0xee, 0x2,
    0xf5, 0x5f, 0xe1, 0xea, 0x6f, 0xfc, 0xcf, 0xfc,
    0xc0, 0x2f, 0x5a, 0xde, 0x7e, 0xaf, 0xff, 0x0,
    0xeb, 0x0, 0x2, 0xf7, 0xa1, 0x26, 0xea, 0xad,
    0xf1, 0xe, 0xb0, 0x0, 0x2f, 0xed, 0xdd, 0xdf,
    0xa0, 0xaf, 0xff, 0xff, 0xfd, 0x1, 0x77, 0x7e,
    0xd7, 0x74, 0xa, 0xf9, 0x9f, 0xe9, 0x70, 0x45,
    0x56, 0xfa, 0x55, 0x61, 0xaf, 0x0, 0xeb, 0x0,
    0xc, 0xff, 0xff, 0xff, 0xff, 0x4a, 0xf1, 0xe,
    0xb0, 0x0, 0xcd, 0x2c, 0xc4, 0x35, 0xf4, 0xaf,
    0xff, 0xff, 0xfd, 0xc, 0xc1, 0xf6, 0x98, 0x4f,
    0x4a, 0xf9, 0x9f, 0xe9, 0x70, 0xcc, 0xaf, 0x9c,
    0xe4, 0xf4, 0xaf, 0x0, 0xeb, 0x0, 0xc, 0xc9,
    0xeb, 0x9d, 0x8f, 0x4a, 0xf0, 0xe, 0xb0, 0x0,
    0xcc, 0x0, 0x0, 0x24, 0xf4, 0xaf, 0xff, 0xff,
    0xff, 0x4c, 0xc0, 0x0, 0x16, 0x8f, 0x3a, 0xfc,
    0xcc, 0xcc, 0xc3, 0xcc, 0x0, 0x0, 0xef, 0xc0,
    0xaf, 0x0, 0x0, 0x0, 0x0, 0x0, 0x0, 0x0,
    0x0, 0x0, 0x0, 0x0, 0x0, 0x0,

    /* U+9759 "静" */
    0x0, 0x0, 0x5e, 0x40, 0x0, 0x0, 0xb9, 0x0,
    0x0, 0x0, 0x2, 0x22, 0x8f, 0x72, 0x21, 0x4,
    0xf9, 0x0, 0x0, 0x0, 0xe, 0xff, 0xff, 0xff,
    0xf7, 0xd, 0xff, 0xff, 0xc0, 0x0, 0x3, 0x33,
    0x8f, 0x73, 0x31, 0x8f, 0xa7, 0x9f, 0xb0, 0x0,
    0x6, 0xcc, 0xef, 0xdc, 0xc6, 0xfd, 0x0, 0xbf,
    0x20, 0x0, 0x4, 0x88, 0xbf, 0xa8, 0x87, 0xfb,
    0x9a, 0xfd, 0x99, 0x20, 0x2a, 0xaa, 0xcf, 0xca,
    0xa7, 0x6c, 0xcf, 0xfc, 0xef, 0x30, 0x3c, 0xcc,
    0xcc, 0xcc, 0xc8, 0x0, 0x1f, 0xb0, 0x7f, 0x30,
    0x0, 0x0, 0x0, 0x0, 0x0, 0x0, 0x1f, 0xb0,
    0x8f, 0x40, 0x0, 0xef, 0xff, 0xff, 0xe6, 0xff,
    0xff, 0xff, 0xff, 0xf6, 0x0, 0xfd, 0x77, 0x7d,
    0xe3, 0x88, 0x9f, 0xd8, 0xcf, 0xa3, 0x0, 0xfd,
    0x55, 0x5d, 0xe0, 0x0, 0x1f, 0xb0, 0x7f, 0x30,
    0x0, 0xff, 0xff, 0xff, 0xe0, 0x47, 0x8f, 0xd7,
    0xbf, 0x30, 0x0, 0xfb, 0x0, 0xc, 0xe0, 0x8f,
    0xff, 0xff, 0xff, 0x30, 0x0, 0xff, 0xff, 0xff,
    0xe0, 0x0, 0x1f, 0xb0, 0x5b, 0x20, 0x0, 0xfc,
    0x44, 0x4d, 0xe0, 0x0, 0x1f, 0xb0, 0x0, 0x0,
    0x0, 0xfb, 0x0, 0xc, 0xe0, 0x0, 0x1f, 0xb0,
    0x0, 0x0, 0x0, 0xfb, 0x5, 0x8e, 0xe0, 0x3b,
    0xcf, 0xa0, 0x0, 0x0, 0x0, 0xfb, 0x4, 0xfe,
    0x60, 0x1f, 0xfc, 0x30, 0x0, 0x0,

    /* U+975E "非" */
    0x0, 0x0, 0x0, 0xcc, 0x0, 0x1c, 0xa0, 0x0,
    0x0, 0x0, 0x0, 0x0, 0xf, 0xf0, 0x2, 0xfd,
    0x0, 0x0, 0x0, 0x0, 0x0, 0x0, 0xff, 0x0,
    0x2f, 0xd0, 0x0, 0x0, 0x5, 0xff, 0xff, 0xff,
    0xf0, 0x2, 0xff, 0xff, 0xff, 0xf4, 0x4d, 0xdd,
    0xdd, 0xff, 0x0, 0x2f, 0xfd, 0xdd, 0xdd, 0x40,
    0x0, 0x0, 0xf, 0xf0, 0x2, 0xfd, 0x0, 0x0,
    0x0, 0x0, 0x0, 0x0, 0xff, 0x0, 0x2f, 0xd0,
    0x0, 0x0, 0x0, 0xaa, 0xaa, 0xaf, 0xf0, 0x2,
    0xff, 0xaa, 0xaa, 0x90, 0xf, 0xff, 0xff, 0xff,
    0x0, 0x2f, 0xff, 0xff, 0xfe, 0x0, 0x22, 0x22,
    0x2f, 0xf0, 0x2, 0xfd, 0x22, 0x22, 0x20, 0x0,
    0x0, 0x0, 0xff, 0x0, 0x2f, 0xd0, 0x0, 0x0,
    0x0, 0x0, 0x0, 0xf, 0xf0, 0x2, 0xfd, 0x0,
    0x0, 0x0, 0xad, 0xdd, 0xdd, 0xff, 0x0, 0x2f,
    0xfd, 0xdd, 0xdd, 0x8c, 0xff, 0xff, 0xff, 0xf0,
    0x2, 0xff, 0xff, 0xff, 0xfa, 0x0, 0x0, 0x0,
    0xff, 0x0, 0x2f, 0xd0, 0x0, 0x0, 0x0, 0x0,
    0x0, 0xf, 0xf0, 0x2, 0xfd, 0x0, 0x0, 0x0,
    0x0, 0x0, 0x0, 0xff, 0x0, 0x2f, 0xd0, 0x0,
    0x0, 0x0, 0x0, 0x0, 0xf, 0xf0, 0x2, 0xfd,
    0x0, 0x0, 0x0, 0x0, 0x0, 0x0, 0xff, 0x0,
    0x2f, 0xd0, 0x0, 0x0, 0x0,

    /* U+9762 "面" */
    0xac, 0xcc, 0xcc, 0xcc, 0xcc, 0xcc, 0xcc, 0xcc,
    0xcb, 0xef, 0xff, 0xff, 0xff, 0xff, 0xff, 0xff,
    0xff, 0xff, 0x0, 0x0, 0x0, 0x7, 0xfb, 0x0,
    0x0, 0x0, 0x0, 0x0, 0x0, 0x0, 0xa, 0xf5,
    0x0, 0x0, 0x0, 0x0, 0xc, 0xcc, 0xcc, 0xcf,
    0xfc, 0xcc, 0xcc, 0xcc, 0xc0, 0xf, 0xff, 0xff,
    0xff, 0xff, 0xff, 0xff, 0xff, 0xf0, 0xf, 0xc0,
    0xb, 0xf0, 0x0, 0x4f, 0x70, 0xe, 0xf0, 0xf,
    0xc0, 0xb, 0xf0, 0x0, 0x4f, 0x70, 0xe, 0xf0,
    0xf, 0xc0, 0xb, 0xff, 0xff, 0xff, 0x70, 0xe,
    0xf0, 0xf, 0xc0, 0xb, 0xf7, 0x77, 0xaf, 0x70,
    0xe, 0xf0, 0xf, 0xc0, 0xb, 0xf0, 0x0, 0x4f,
    0x70, 0xe, 0xf0, 0xf, 0xc0, 0xb, 0xf8, 0x88,
    0xaf, 0x70, 0xe, 0xf0, 0xf, 0xc0, 0xb, 0xff,
    0xff, 0xff, 0x70, 0xe, 0xf0, 0xf, 0xc0, 0xb,
    0xf0, 0x0, 0x4f, 0x70, 0xe, 0xf0, 0xf, 0xc0,
    0xb, 0xf0, 0x0, 0x4f, 0x70, 0xe, 0xf0, 0xf,
    0xff, 0xff, 0xff, 0xff, 0xff, 0xff, 0xff, 0xf0,
    0xf, 0xfb, 0xbb, 0xbb, 0xbb, 0xbb, 0xbb, 0xbf,
    0xf0, 0xf, 0xc0, 0x0, 0x0, 0x0, 0x0, 0x0,
    0xe, 0xf0,

    /* U+97F3 "音" */
    0x0, 0x0, 0x0, 0x3, 0xca, 0x0, 0x0, 0x0,
    0x0, 0x0, 0x0, 0x0, 0x1, 0xff, 0x30, 0x0,
    0x0, 0x0, 0xd, 0xff, 0xff, 0xff, 0xff, 0xff,
    0xff, 0xff, 0xf0, 0x8, 0xaa, 0xcd, 0xaa, 0xaa,
    0xaa, 0xed, 0xaa, 0xa0, 0x0, 0x0, 0xef, 0x20,
    0x0, 0x0, 0xef, 0x40, 0x0, 0x0, 0x0, 0x7f,
    0x90, 0x0, 0x5, 0xfc, 0x0, 0x0, 0x9a, 0xaa,
    0xcf, 0xea, 0xaa, 0xae, 0xfc, 0xaa, 0xaa, 0xff,
    0xff, 0xff, 0xff, 0xff, 0xff, 0xff, 0xff, 0xff,
    0x0, 0x0, 0x0, 0x0, 0x0, 0x0, 0x0, 0x0,
    0x0, 0x0, 0x1, 0x11, 0x11, 0x11, 0x11, 0x11,
    0x10, 0x0, 0x0, 0x4f, 0xff, 0xff, 0xff, 0xff,
    0xff, 0xf8, 0x0, 0x0, 0x4f, 0xc8, 0x88, 0x88,
    0x88, 0x8b, 0xf8, 0x0, 0x0, 0x4f, 0x90, 0x0,
    0x0, 0x0, 0x7, 0xf8, 0x0, 0x0, 0x4f, 0xff,
    0xff, 0xff, 0xff, 0xff, 0xf8, 0x0, 0x0, 0x4f,
    0xc8, 0x88, 0x88, 0x88, 0x8b, 0xf8, 0x0, 0x0,
    0x4f, 0x90, 0x0, 0x0, 0x0, 0x7, 0xf8, 0x0,
    0x0, 0x4f, 0xd9, 0x99, 0x99, 0x99, 0x9c, 0xf8,
    0x0, 0x0, 0x4f, 0xff, 0xff, 0xff, 0xff, 0xff,
    0xf8, 0x0, 0x0, 0x4f, 0x90, 0x0, 0x0, 0x0,
    0x7, 0xf8, 0x0, 0x0, 0x0, 0x0, 0x0, 0x0,
    0x0, 0x0, 0x0, 0x0,

    /* U+9879 "项" */
    0x0, 0x0, 0x0, 0x0, 0x0, 0x0, 0x0, 0x0,
    0x0, 0x0, 0x0, 0x0, 0x0, 0x7, 0xff, 0xff,
    0xff, 0xff, 0xff, 0xf1, 0x2a, 0xaa, 0xaa, 0xa7,
    0xaa, 0xab, 0xff, 0xaa, 0xaa, 0xa0, 0x3f, 0xff,
    0xff, 0xf4, 0x0, 0x6, 0xfa, 0x0, 0x0, 0x0,
    0x1, 0x1d, 0xf2, 0x10, 0x8a, 0xae, 0xfc, 0xaa,
    0xa9, 0x0, 0x0, 0xc, 0xf1, 0x0, 0xdf, 0xff,
    0xff, 0xff, 0xfe, 0x0, 0x0, 0xc, 0xf1, 0x0,
    0xdf, 0x10, 0x0, 0x1, 0xfe, 0x0, 0x0, 0xc,
    0xf1, 0x0, 0xdf, 0x0, 0xef, 0x0, 0xfe, 0x0,
    0x0, 0xc, 0xf1, 0x0, 0xdf, 0x0, 0xef, 0x0,
    0xfe, 0x0, 0x0, 0xc, 0xf1, 0x0, 0xdf, 0x0,
    0xef, 0x0, 0xfe, 0x0, 0x0, 0xc, 0xf1, 0x0,
    0xdf, 0x0, 0xef, 0x0, 0xfe, 0x0, 0x0, 0xc,
    0xf7, 0xb5, 0xdf, 0x0, 0xff, 0x0, 0xfe, 0x0,
    0x15, 0x9f, 0xff, 0xf5, 0xdf, 0x1, 0xfd, 0x0,
    0xfe, 0x0, 0x6f, 0xff, 0xb5, 0x0, 0xac, 0x6,
    0xfa, 0x0, 0xba, 0x0, 0x3b, 0x61, 0x0, 0x0,
    0x0, 0x1e, 0xf3, 0x98, 0x0, 0x0, 0x0, 0x0,
    0x0, 0x0, 0x4, 0xef, 0x71, 0xcf, 0xd3, 0x0,
    0x0, 0x0, 0x0, 0x5, 0xbf, 0xf7, 0x0, 0x7,
    0xff, 0x70, 0x0, 0x0, 0x0, 0x7f, 0xfa, 0x20,
    0x0, 0x0, 0x3e, 0xd0, 0x0, 0x0, 0x0, 0x6,
    0x20, 0x0, 0x0, 0x0, 0x2, 0x10,

    /* U+9884 "预" */
    0x0, 0x0, 0x0, 0x0, 0x0, 0x0, 0x0, 0x0,
    0x0, 0x0, 0xc, 0xff, 0xff, 0xff, 0x7e, 0xff,
    0xff, 0xff, 0xff, 0xf2, 0x8, 0xbb, 0xbb, 0xff,
    0x49, 0xaa, 0xaf, 0xfb, 0xaa, 0xa1, 0x0, 0x0,
    0x5, 0xf9, 0x0, 0x0, 0xf, 0xe0, 0x0, 0x0,
    0x0, 0xdb, 0x6f, 0xc0, 0x2, 0xaa, 0xbf, 0xea,
    0xaa, 0x40, 0x0, 0x8f, 0xff, 0x10, 0x3, 0xff,
    0xff, 0xff, 0xff, 0x60, 0x0, 0x2, 0xcf, 0xd1,
    0x3, 0xf9, 0x0, 0x0, 0x7f, 0x60, 0x2b, 0xbb,
    0xbf, 0xfb, 0xb5, 0xf8, 0xc, 0xd0, 0x7f, 0x60,
    0x3f, 0xff, 0xff, 0xff, 0xf4, 0xf8, 0xd, 0xe0,
    0x7f, 0x60, 0x0, 0x1, 0xfc, 0xb, 0xc3, 0xf8,
    0xd, 0xe0, 0x7f, 0x60, 0x0, 0x1, 0xfc, 0xf,
    0x73, 0xf8, 0xd, 0xe0, 0x7f, 0x60, 0x0, 0x1,
    0xfc, 0x4f, 0x23, 0xf8, 0xe, 0xe0, 0x7f, 0x60,
    0x0, 0x1, 0xfc, 0x1, 0x3, 0xf8, 0xf, 0xd0,
    0x7f, 0x60, 0x0, 0x1, 0xfc, 0x0, 0x3, 0xf8,
    0x3f, 0xa0, 0x6e, 0x50, 0x0, 0x1, 0xfc, 0x0,
    0x0, 0x0, 0xaf, 0x57, 0x10, 0x0, 0x0, 0x1,
    0xfc, 0x0, 0x0, 0x6, 0xfc, 0x5f, 0xd1, 0x0,
    0x0, 0x1, 0xfc, 0x0, 0x0, 0x8f, 0xe2, 0x9,
    0xfe, 0x20, 0x5, 0xbc, 0xfb, 0x0, 0x6e, 0xfc,
    0x20, 0x0, 0x8f, 0xd0, 0x2, 0xff, 0xd3, 0x0,
    0x2d, 0x60, 0x0, 0x0, 0x9, 0x80, 0x0, 0x0,
    0x0, 0x0, 0x0, 0x0, 0x0, 0x0, 0x0, 0x0,

    /* U+9886 "领" */
    0x0, 0x0, 0x1a, 0x40, 0x0, 0x0, 0x0, 0x0,
    0x0, 0x0, 0x0, 0x0, 0x7f, 0x60, 0x0, 0xbb,
    0xbb, 0xbb, 0xbb, 0xb0, 0x0, 0x1, 0xff, 0xc0,
    0x1, 0xff, 0xff, 0xff, 0xff, 0xe0, 0x0, 0xa,
    0xfa, 0xfc, 0x0, 0x0, 0x9, 0xf2, 0x0, 0x0,
    0x0, 0x6f, 0xb0, 0x7f, 0xb0, 0x23, 0x3e, 0xd3,
    0x33, 0x10, 0x4, 0xfe, 0x53, 0x8, 0xfa, 0x9f,
    0xff, 0xff, 0xff, 0x70, 0x3f, 0xf3, 0xbf, 0x30,
    0xb9, 0x9f, 0x43, 0x33, 0x7f, 0x70, 0xa, 0x40,
    0xd, 0xd0, 0x10, 0x9f, 0x15, 0xf2, 0x5f, 0x70,
    0x0, 0x0, 0x2, 0x20, 0x0, 0x9f, 0x15, 0xf2,
    0x5f, 0x70, 0x1, 0xff, 0xff, 0xff, 0xb0, 0x9f,
    0x16, 0xf2, 0x5f, 0x70, 0x1, 0xbb, 0xbb, 0xcf,
    0xd0, 0x9f, 0x16, 0xf1, 0x5f, 0x70, 0x0, 0x0,
    0x0, 0x8f, 0x50, 0x9f, 0x18, 0xf0, 0x5f, 0x70,
    0x0, 0x0, 0x2, 0xfd, 0x0, 0x9f, 0x19, 0xf0,
    0x5f, 0x70, 0x0, 0x3a, 0xb, 0xf4, 0x0, 0x9f,
    0x1d, 0xc0, 0x5f, 0x70, 0x0, 0x6f, 0xef, 0xa0,
    0x0, 0x13, 0x3f, 0x98, 0x12, 0x10, 0x0, 0x6,
    0xff, 0x20, 0x0, 0x0, 0xcf, 0x7f, 0xd2, 0x0,
    0x0, 0x0, 0x7f, 0xc0, 0x0, 0x3c, 0xf7, 0x4,
    0xfe, 0x30, 0x0, 0x0, 0x9, 0xf5, 0xb, 0xff,
    0x70, 0x0, 0x3e, 0xe0, 0x0, 0x0, 0x0, 0x30,
    0x6, 0x81, 0x0, 0x0, 0x3, 0x40,

    /* U+9891 "频" */
    0x0, 0x0, 0xc, 0xe0, 0x0, 0x0, 0x0, 0x0,
    0x0, 0x0, 0x0, 0x21, 0xd, 0xf0, 0x0, 0x7b,
    0xbb, 0xbb, 0xbb, 0xb0, 0x0, 0xe9, 0xd, 0xf8,
    0x85, 0xaf, 0xff, 0xff, 0xff, 0xf0, 0x0, 0xe9,
    0xd, 0xff, 0xf9, 0x0, 0x2, 0xf9, 0x0, 0x0,
    0x0, 0xe9, 0xd, 0xf0, 0x0, 0x2, 0x29, 0xf5,
    0x22, 0x10, 0x0, 0xe9, 0xd, 0xf0, 0x0, 0x3f,
    0xff, 0xff, 0xff, 0x90, 0x3c, 0xfe, 0xcf, 0xfc,
    0xcc, 0x4f, 0x94, 0x44, 0x5f, 0x90, 0x4e, 0xee,
    0xef, 0xfe, 0xee, 0x4f, 0x61, 0xd5, 0x1f, 0x90,
    0x0, 0x0, 0x1f, 0xa0, 0x0, 0x3f, 0x61, 0xf6,
    0x1f, 0x90, 0x0, 0xab, 0x1f, 0xa0, 0x77, 0x3f,
    0x62, 0xf6, 0x1f, 0x90, 0x1, 0xfa, 0x1f, 0xa0,
    0xfc, 0x3f, 0x62, 0xf6, 0x1f, 0x90, 0x7, 0xf4,
    0x1f, 0xa5, 0xf6, 0x3f, 0x63, 0xf5, 0x1f, 0x90,
    0x1f, 0xc0, 0x1f, 0xbd, 0xf1, 0x3f, 0x65, 0xf3,
    0x1f, 0x90, 0x7, 0x30, 0x1f, 0xff, 0x80, 0x3f,
    0x68, 0xf1, 0x1f, 0x90, 0x0, 0x0, 0x5, 0xfd,
    0x0, 0x4, 0x1d, 0xd5, 0x13, 0x20, 0x0, 0x0,
    0x7f, 0xe2, 0x0, 0x0, 0x7f, 0xaf, 0xd2, 0x0,
    0x0, 0x5d, 0xfd, 0x20, 0x0, 0x19, 0xfc, 0x3,
    0xef, 0x40, 0xd, 0xff, 0x80, 0x0, 0x9, 0xff,
    0xa0, 0x0, 0x2d, 0xf3, 0x4, 0x71, 0x0, 0x0,
    0x4, 0x82, 0x0, 0x0, 0x1, 0x60,

    /* U+9898 "题" */
    0x0, 0x11, 0x11, 0x11, 0x10, 0x0, 0x0, 0x0,
    0x0, 0x0, 0x0, 0xff, 0xff, 0xff, 0xf5, 0xff,
    0xff, 0xff, 0xff, 0xf3, 0x0, 0xfc, 0x33, 0x3a,
    0xf4, 0x88, 0x8b, 0xfb, 0x88, 0x81, 0x0, 0xfc,
    0x55, 0x5a, 0xf4, 0x0, 0xa, 0xf1, 0x0, 0x0,
    0x0, 0xff, 0xff, 0xff, 0xf4, 0x19, 0x9f, 0xe9,
    0x99, 0x30, 0x0, 0xfb, 0x0, 0x8, 0xf4, 0x1f,
    0xca, 0xaa, 0xcf, 0x50, 0x0, 0xff, 0xff, 0xff,
    0xf4, 0x1f, 0x60, 0x0, 0x4f, 0x50, 0x0, 0x55,
    0x55, 0x55, 0x51, 0x1f, 0x61, 0xc5, 0x4f, 0x50,
    0x5, 0x66, 0x66, 0x66, 0x66, 0x3f, 0x62, 0xf6,
    0x4f, 0x50, 0xd, 0xff, 0xff, 0xff, 0xff, 0x5f,
    0x63, 0xf5, 0x4f, 0x50, 0x0, 0x0, 0xe, 0xa0,
    0x0, 0x1f, 0x64, 0xf4, 0x4f, 0x50, 0x0, 0xcc,
    0xe, 0xa0, 0x0, 0x1f, 0x67, 0xf2, 0x4f, 0x50,
    0x0, 0xdb, 0xe, 0xff, 0xfc, 0x1a, 0x4c, 0xe4,
    0x38, 0x30, 0x0, 0xeb, 0xe, 0xd7, 0x75, 0x0,
    0x5f, 0xaf, 0xe2, 0x0, 0x0, 0xff, 0x2e, 0xa0,
    0x0, 0x6, 0xff, 0x14, 0xfe, 0x30, 0x2, 0xff,
    0xcf, 0xa0, 0x4, 0xdf, 0xe4, 0x0, 0x4f, 0xe0,
    0x6, 0xf5, 0xff, 0xb0, 0x1, 0xe9, 0x10, 0x0,
    0x5, 0x80, 0xb, 0xd0, 0x3d, 0xfe, 0xb9, 0x98,
    0x88, 0x88, 0x88, 0x91, 0x1e, 0x60, 0x0, 0x5a,
    0xde, 0xff, 0xff, 0xff, 0xff, 0xe0, 0x1, 0x0,
    0x0, 0x0, 0x0, 0x0, 0x0, 0x0, 0x0, 0x0,

    /* U+9AD8 "高" */
    0x0, 0x0, 0x0, 0x2, 0xca, 0x0, 0x0, 0x0,
    0x0, 0x0, 0x0, 0x0, 0x1, 0xff, 0x10, 0x0,
    0x0, 0x0, 0xde, 0xee, 0xee, 0xee, 0xff, 0xfe,
    0xee, 0xee, 0xea, 0xab, 0xbb, 0xbb, 0xbb, 0xbb,
    0xbb, 0xbb, 0xbb, 0xb8, 0x0, 0x4, 0x44, 0x44,
    0x44, 0x44, 0x44, 0x40, 0x0, 0x0, 0xf, 0xff,
    0xff, 0xff, 0xff, 0xff, 0xf2, 0x0, 0x0, 0xf,
    0xe0, 0x0, 0x0, 0x0, 0xd, 0xf2, 0x0, 0x0,
    0xf, 0xf6, 0x66, 0x66, 0x66, 0x6e, 0xf2, 0x0,
    0x0, 0xf, 0xff, 0xff, 0xff, 0xff, 0xff, 0xf2,
    0x0, 0x0, 0x0, 0x0, 0x0, 0x0, 0x0, 0x0,
    0x1, 0x10, 0x4f, 0xff, 0xff, 0xff, 0xff, 0xff,
    0xff, 0xff, 0xf3, 0x4f, 0xd8, 0x88, 0x88, 0x88,
    0x88, 0x88, 0x8d, 0xf3, 0x4f, 0x90, 0x27, 0x76,
    0x66, 0x66, 0x61, 0xb, 0xf3, 0x4f, 0x90, 0x7f,
    0xff, 0xff, 0xff, 0xf3, 0xb, 0xf3, 0x4f, 0x90,
    0x7f, 0x50, 0x0, 0x8, 0xf3, 0xb, 0xf3, 0x4f,
    0x90, 0x7f, 0xfe, 0xee, 0xef, 0xf3, 0xb, 0xf3,
    0x4f, 0x90, 0x7f, 0xa6, 0x66, 0x66, 0x61, 0xb,
    0xf3, 0x4f, 0x90, 0x25, 0x20, 0x0, 0x0, 0x5,
    0x5d, 0xf3, 0x4f, 0x90, 0x0, 0x0, 0x0, 0x0,
    0xb, 0xff, 0xb0, 0x0, 0x0, 0x0, 0x0, 0x0,
    0x0, 0x0, 0x0, 0x0,

    /* U+9E23 "鸣" */
    0x0, 0x0, 0x0, 0x0, 0x0, 0x9, 0xa1, 0x0,
    0x0, 0x1, 0x0, 0x0, 0x0, 0x0, 0x2f, 0xb0,
    0x0, 0x0, 0xbf, 0xff, 0xfd, 0x8, 0xee, 0xff,
    0xfe, 0xef, 0x70, 0xbf, 0xcc, 0xfd, 0x9, 0xfa,
    0x99, 0x99, 0xbf, 0x70, 0xbf, 0x0, 0xed, 0x9,
    0xf3, 0x56, 0x0, 0x5f, 0x70, 0xbf, 0x0, 0xed,
    0x9, 0xf3, 0x7f, 0x80, 0x7f, 0x60, 0xbf, 0x0,
    0xed, 0x9, 0xf3, 0x6, 0xe2, 0x8f, 0x40, 0xbf,
    0x0, 0xed, 0x9, 0xf3, 0x0, 0x55, 0xdf, 0x20,
    0xbf, 0x0, 0xed, 0x9, 0xf3, 0x0, 0x8f, 0xfa,
    0x0, 0xbf, 0x0, 0xed, 0x9, 0xf3, 0x0, 0x0,
    0x0, 0x0, 0xbf, 0x0, 0xed, 0x9, 0xff, 0xff,
    0xff, 0xff, 0xfb, 0xbf, 0x22, 0xed, 0x4, 0x88,
    0x88, 0x88, 0x89, 0xfc, 0xbf, 0xff, 0xfd, 0x0,
    0x0, 0x0, 0x0, 0x2, 0xfb, 0xbf, 0xbb, 0xb9,
    0x3a, 0xaa, 0xaa, 0xaa, 0x93, 0xfa, 0xbf, 0x0,
    0x0, 0x4f, 0xff, 0xff, 0xff, 0xe4, 0xf9, 0x46,
    0x0, 0x0, 0x0, 0x0, 0x0, 0x0, 0x5, 0xf8,
    0x0, 0x0, 0x0, 0x0, 0x0, 0x0, 0x0, 0x8,
    0xf6, 0x0, 0x0, 0x0, 0x0, 0x0, 0x0, 0x37,
    0x7e, 0xf3, 0x0, 0x0, 0x0, 0x0, 0x0, 0x0,
    0x2f, 0xff, 0x90, 0x0, 0x0, 0x0, 0x0, 0x0,
    0x0, 0x0, 0x0, 0x0,

    /* U+9ED8 "默" */
    0x1, 0x55, 0x55, 0x55, 0x54, 0x0, 0x7, 0xd1,
    0x0, 0x0, 0x4, 0xff, 0xff, 0xff, 0xfe, 0x0,
    0x8, 0xf9, 0xa0, 0x0, 0x4, 0xf3, 0xd, 0x61,
    0x8e, 0x0, 0x8, 0xf5, 0xf7, 0x0, 0x4, 0xfa,
    0x6d, 0x6c, 0xde, 0x0, 0x8, 0xf1, 0x9f, 0x20,
    0x4, 0xf6, 0xad, 0x7e, 0x8e, 0x0, 0x8, 0xf1,
    0x1b, 0x20, 0x4, 0xf4, 0xad, 0xb8, 0x8e, 0x45,
    0x5b, 0xf5, 0x55, 0x40, 0x4, 0xf6, 0x5e, 0x95,
    0xae, 0xcf, 0xff, 0xff, 0xff, 0xf0, 0x4, 0xff,
    0xff, 0xff, 0xfe, 0x67, 0x7d, 0xf8, 0x77, 0x70,
    0x0, 0x0, 0xf, 0xa0, 0x0, 0x0, 0xb, 0xf4,
    0x0, 0x0, 0x3, 0x88, 0x9f, 0xd8, 0x87, 0x0,
    0xd, 0xf8, 0x0, 0x0, 0x5, 0xff, 0xff, 0xff,
    0xfc, 0x0, 0xf, 0xfc, 0x0, 0x0, 0x0, 0x0,
    0xf, 0xa0, 0x0, 0x0, 0x4f, 0xdf, 0x10, 0x0,
    0x8, 0xbc, 0xdf, 0xff, 0xff, 0x0, 0x8f, 0x5f,
    0x70, 0x0, 0xa, 0xdd, 0xcb, 0xa9, 0x87, 0x0,
    0xed, 0xd, 0xd0, 0x0, 0x0, 0x82, 0x51, 0x61,
    0x84, 0x6, 0xf7, 0x7, 0xf6, 0x0, 0x3, 0xf3,
    0xe4, 0xc7, 0x9b, 0xe, 0xe0, 0x0, 0xee, 0x10,
    0xa, 0xd0, 0xc6, 0x8a, 0x4b, 0x9f, 0x60, 0x0,
    0x6f, 0xd1, 0x1f, 0x70, 0xc7, 0x58, 0x2, 0xfb,
    0x0, 0x0, 0xb, 0xf2, 0x3, 0x0, 0x10, 0x0,
    0x0, 0x31, 0x0, 0x0, 0x0, 0x30,

    /* U+9F20 "鼠" */
    0x0, 0x2, 0x59, 0x60, 0x0, 0x0, 0x0, 0x0,
    0x0, 0x2d, 0xff, 0xff, 0xc0, 0x2f, 0xff, 0xff,
    0xf7, 0x0, 0x3f, 0xc5, 0x30, 0x0, 0x18, 0x88,
    0x8b, 0xf8, 0x0, 0x3f, 0xa1, 0x11, 0x10, 0x0,
    0x0, 0x6, 0xf8, 0x0, 0x3f, 0xff, 0xff, 0xf1,
    0xf, 0xff, 0xff, 0xf8, 0x0, 0x3f, 0xc5, 0x55,
    0x50, 0x6, 0x66, 0x6a, 0xf8, 0x0, 0x3f, 0xa0,
    0x0, 0x0, 0x0, 0x0, 0x5, 0xf8, 0x0, 0x4f,
    0xff, 0xff, 0xff, 0xff, 0xff, 0xff, 0xf8, 0x0,
    0x18, 0x88, 0x88, 0x88, 0x88, 0x88, 0x88, 0x84,
    0x0, 0x8, 0x60, 0x0, 0x8, 0x50, 0x0, 0x2a,
    0x60, 0x0, 0xf, 0xc4, 0xe5, 0x1f, 0xa7, 0xc2,
    0x3f, 0x90, 0x0, 0xf, 0xc1, 0xaf, 0x5f, 0xa3,
    0xdf, 0x5f, 0x90, 0x0, 0xf, 0xc0, 0x4, 0x1f,
    0xa0, 0x5, 0x2f, 0xa0, 0x0, 0xf, 0xc4, 0xc3,
    0x1f, 0xa7, 0xa1, 0x1f, 0xa0, 0x0, 0xf, 0xc3,
    0xdf, 0x4f, 0xa6, 0xfe, 0x2f, 0xc0, 0x0, 0xf,
    0xc0, 0x5, 0x1f, 0xa0, 0x28, 0xd, 0xe0, 0x30,
    0x1f, 0xd5, 0x89, 0x2f, 0xc6, 0x9b, 0x49, 0xf2,
    0xd6, 0x9f, 0xff, 0xfb, 0x9f, 0xff, 0xfc, 0x34,
    0xfe, 0xf5, 0x4b, 0x73, 0x0, 0x3a, 0x62, 0x0,
    0x0, 0x8f, 0xc0,

    /* U+FF01 "！" */
    0x5f, 0xf5, 0x4f, 0xf4, 0x4f, 0xf4, 0x3f, 0xf3,
    0x2f, 0xf2, 0x1f, 0xf1, 0xf, 0xf0, 0xf, 0xf0,
    0xe, 0xe0, 0xd, 0xd0, 0x0, 0x0, 0x0, 0x0,
    0x1c, 0xc1, 0x7f, 0xf7, 0x3f, 0xf3, 0x0, 0x0,

    /* U+FF08 "（" */
    0x0, 0x0, 0x0, 0x0, 0x0, 0xd, 0xc0, 0x0,
    0xa, 0xf6, 0x0, 0x5, 0xfa, 0x0, 0x0, 0xef,
    0x10, 0x0, 0x5f, 0x90, 0x0, 0xa, 0xf3, 0x0,
    0x0, 0xfe, 0x0, 0x0, 0x1f, 0xb0, 0x0, 0x3,
    0xf9, 0x0, 0x0, 0x3f, 0x90, 0x0, 0x3, 0xf9,
    0x0, 0x0, 0x1f, 0xb0, 0x0, 0x0, 0xef, 0x0,
    0x0, 0x9, 0xf4, 0x0, 0x0, 0x4f, 0xa0, 0x0,
    0x0, 0xcf, 0x30, 0x0, 0x3, 0xfc, 0x0, 0x0,
    0x8, 0xf9, 0x0, 0x0, 0xa, 0x90,

    /* U+FF09 "）" */
    0x0, 0x0, 0x0, 0x0, 0xcd, 0x0, 0x0, 0x6,
    0xfa, 0x0, 0x0, 0xa, 0xf5, 0x0, 0x0, 0x1f,
    0xe0, 0x0, 0x0, 0x9f, 0x50, 0x0, 0x3, 0xfa,
    0x0, 0x0, 0xe, 0xf0, 0x0, 0x0, 0xbf, 0x10,
    0x0, 0x9, 0xf3, 0x0, 0x0, 0x9f, 0x30, 0x0,
    0x9, 0xf2, 0x0, 0x0, 0xbf, 0x10, 0x0, 0xf,
    0xe0, 0x0, 0x4, 0xf9, 0x0, 0x0, 0xaf, 0x40,
    0x0, 0x3f, 0xc0, 0x0, 0xc, 0xf3, 0x0, 0x9,
    0xf8, 0x0, 0x0, 0x9a, 0x0, 0x0,

    /* U+FF1A "：" */
    0x3d, 0xc2, 0xbf, 0xf8, 0x9f, 0xf6, 0x5, 0x40,
    0x0, 0x0, 0x0, 0x0, 0x0, 0x0, 0x0, 0x0,
    0x0, 0x0, 0x2, 0x10, 0x6f, 0xf4, 0xbf, 0xf9,
    0x5f, 0xf3, 0x1, 0x0,

    /* U+FF1F "？" */
    0x0, 0x0, 0x11, 0x0, 0x0, 0x0, 0x7e, 0xff,
    0xf9, 0x0, 0xc, 0xff, 0xcd, 0xff, 0xa0, 0x1c,
    0xb1, 0x0, 0x6f, 0xf1, 0x0, 0x0, 0x0, 0xf,
    0xf4, 0x0, 0x0, 0x0, 0x1f, 0xf2, 0x0, 0x0,
    0x0, 0xcf, 0xa0, 0x0, 0x0, 0xc, 0xfb, 0x0,
    0x0, 0x0, 0xaf, 0xb0, 0x0, 0x0, 0x3, 0xff,
    0x10, 0x0, 0x0, 0x5, 0xfb, 0x0, 0x0, 0x0,
    0x0, 0x21, 0x0, 0x0, 0x0, 0x0, 0x0, 0x0,
    0x0, 0x0, 0x4, 0xda, 0x0, 0x0, 0x0, 0xb,
    0xff, 0x30, 0x0, 0x0, 0x7, 0xfd, 0x0, 0x0,
    0x0, 0x0, 0x10, 0x0, 0x0
};


/*---------------------
 *  GLYPH DESCRIPTION
 *--------------------*/

static const lv_font_fmt_txt_glyph_dsc_t glyph_dsc[] = {
    {.bitmap_index = 0, .adv_w = 0, .box_w = 0, .box_h = 0, .ofs_x = 0, .ofs_y = 0} /* id = 0 reserved */,
    {.bitmap_index = 0, .adv_w = 86, .box_w = 0, .box_h = 0, .ofs_x = 0, .ofs_y = 0},
    {.bitmap_index = 0, .adv_w = 86, .box_w = 3, .box_h = 14, .ofs_x = 1, .ofs_y = 0},
    {.bitmap_index = 21, .adv_w = 125, .box_w = 6, .box_h = 6, .ofs_x = 1, .ofs_y = 8},
    {.bitmap_index = 39, .adv_w = 225, .box_w = 14, .box_h = 14, .ofs_x = 0, .ofs_y = 0},
    {.bitmap_index = 137, .adv_w = 199, .box_w = 12, .box_h = 20, .ofs_x = 0, .ofs_y = -3},
    {.bitmap_index = 257, .adv_w = 270, .box_w = 17, .box_h = 14, .ofs_x = 0, .ofs_y = 0},
    {.bitmap_index = 376, .adv_w = 220, .box_w = 14, .box_h = 15, .ofs_x = 0, .ofs_y = -1},
    {.bitmap_index = 481, .adv_w = 67, .box_w = 2, .box_h = 6, .ofs_x = 1, .ofs_y = 8},
    {.bitmap_index = 487, .adv_w = 108, .box_w = 6, .box_h = 19, .ofs_x = 1, .ofs_y = -4},
    {.bitmap_index = 544, .adv_w = 108, .box_w = 5, .box_h = 19, .ofs_x = 0, .ofs_y = -4},
    {.bitmap_index = 592, .adv_w = 128, .box_w = 8, .box_h = 8, .ofs_x = 0, .ofs_y = 7},
    {.bitmap_index = 624, .adv_w = 186, .box_w = 10, .box_h = 10, .ofs_x = 1, .ofs_y = 3},
    {.bitmap_index = 674, .adv_w = 73, .box_w = 4, .box_h = 6, .ofs_x = 0, .ofs_y = -3},
    {.bitmap_index = 686, .adv_w = 123, .box_w = 6, .box_h = 2, .ofs_x = 1, .ofs_y = 5},
    {.bitmap_index = 692, .adv_w = 73, .box_w = 4, .box_h = 3, .ofs_x = 0, .ofs_y = 0},
    {.bitmap_index = 698, .adv_w = 113, .box_w = 9, .box_h = 20, .ofs_x = -1, .ofs_y = -2},
    {.bitmap_index = 788, .adv_w = 213, .box_w = 13, .box_h = 14, .ofs_x = 0, .ofs_y = 0},
    {.bitmap_index = 879, .adv_w = 118, .box_w = 6, .box_h = 14, .ofs_x = 0, .ofs_y = 0},
    {.bitmap_index = 921, .adv_w = 184, .box_w = 11, .box_h = 14, .ofs_x = 0, .ofs_y = 0},
    {.bitmap_index = 998, .adv_w = 183, .box_w = 11, .box_h = 14, .ofs_x = 0, .ofs_y = 0},
    {.bitmap_index = 1075, .adv_w = 214, .box_w = 14, .box_h = 14, .ofs_x = 0, .ofs_y = 0},
    {.bitmap_index = 1173, .adv_w = 184, .box_w = 11, .box_h = 14, .ofs_x = 0, .ofs_y = 0},
    {.bitmap_index = 1250, .adv_w = 197, .box_w = 12, .box_h = 14, .ofs_x = 0, .ofs_y = 0},
    {.bitmap_index = 1334, .adv_w = 191, .box_w = 12, .box_h = 14, .ofs_x = 0, .ofs_y = 0},
    {.bitmap_index = 1418, .adv_w = 206, .box_w = 12, .box_h = 14, .ofs_x = 0, .ofs_y = 0},
    {.bitmap_index = 1502, .adv_w = 197, .box_w = 12, .box_h = 14, .ofs_x = 0, .ofs_y = 0},
    {.bitmap_index = 1586, .adv_w = 73, .box_w = 4, .box_h = 11, .ofs_x = 0, .ofs_y = 0},
    {.bitmap_index = 1608, .adv_w = 73, .box_w = 4, .box_h = 14, .ofs_x = 0, .ofs_y = -3},
    {.bitmap_index = 1636, .adv_w = 186, .box_w = 10, .box_h = 10, .ofs_x = 1, .ofs_y = 2},
    {.bitmap_index = 1686, .adv_w = 186, .box_w = 10, .box_h = 7, .ofs_x = 1, .ofs_y = 4},
    {.bitmap_index = 1721, .adv_w = 186, .box_w = 10, .box_h = 10, .ofs_x = 1, .ofs_y = 2},
    {.bitmap_index = 1771, .adv_w = 183, .box_w = 11, .box_h = 14, .ofs_x = 0, .ofs_y = 0},
    {.bitmap_index = 1848, .adv_w = 331, .box_w = 20, .box_h = 18, .ofs_x = 0, .ofs_y = -4},
    {.bitmap_index = 2028, .adv_w = 234, .box_w = 16, .box_h = 14, .ofs_x = -1, .ofs_y = 0},
    {.bitmap_index = 2140, .adv_w = 242, .box_w = 13, .box_h = 14, .ofs_x = 2, .ofs_y = 0},
    {.bitmap_index = 2231, .adv_w = 228, .box_w = 14, .box_h = 14, .ofs_x = 0, .ofs_y = 0},
    {.bitmap_index = 2329, .adv_w = 264, .box_w = 14, .box_h = 14, .ofs_x = 2, .ofs_y = 0},
    {.bitmap_index = 2427, .adv_w = 214, .box_w = 11, .box_h = 14, .ofs_x = 2, .ofs_y = 0},
    {.bitmap_index = 2504, .adv_w = 203, .box_w = 10, .box_h = 14, .ofs_x = 2, .ofs_y = 0},
    {.bitmap_index = 2574, .adv_w = 247, .box_w = 14, .box_h = 14, .ofs_x = 0, .ofs_y = 0},
    {.bitmap_index = 2672, .adv_w = 260, .box_w = 13, .box_h = 14, .ofs_x = 2, .ofs_y = 0},
    {.bitmap_index = 2763, .adv_w = 99, .box_w = 3, .box_h = 14, .ofs_x = 2, .ofs_y = 0},
    {.bitmap_index = 2784, .adv_w = 164, .box_w = 10, .box_h = 14, .ofs_x = -1, .ofs_y = 0},
    {.bitmap_index = 2854, .adv_w = 230, .box_w = 13, .box_h = 14, .ofs_x = 2, .ofs_y = 0},
    {.bitmap_index = 2945, .adv_w = 190, .box_w = 10, .box_h = 14, .ofs_x = 2, .ofs_y = 0},
    {.bitmap_index = 3015, .adv_w = 306, .box_w = 15, .box_h = 14, .ofs_x = 2, .ofs_y = 0},
    {.bitmap_index = 3120, .adv_w = 260, .box_w = 13, .box_h = 14, .ofs_x = 2, .ofs_y = 0},
    {.bitmap_index = 3211, .adv_w = 269, .box_w = 16, .box_h = 14, .ofs_x = 0, .ofs_y = 0},
    {.bitmap_index = 3323, .adv_w = 231, .box_w = 12, .box_h = 14, .ofs_x = 2, .ofs_y = 0},
    {.bitmap_index = 3407, .adv_w = 269, .box_w = 17, .box_h = 17, .ofs_x = 0, .ofs_y = -3},
    {.bitmap_index = 3552, .adv_w = 233, .box_w = 12, .box_h = 14, .ofs_x = 2, .ofs_y = 0},
    {.bitmap_index = 3636, .adv_w = 199, .box_w = 12, .box_h = 14, .ofs_x = 0, .ofs_y = 0},
    {.bitmap_index = 3720, .adv_w = 188, .box_w = 12, .box_h = 14, .ofs_x = 0, .ofs_y = 0},
    {.bitmap_index = 3804, .adv_w = 253, .box_w = 13, .box_h = 14, .ofs_x = 1, .ofs_y = 0},
    {.bitmap_index = 3895, .adv_w = 228, .box_w = 16, .box_h = 14, .ofs_x = -1, .ofs_y = 0},
    {.bitmap_index = 4007, .adv_w = 360, .box_w = 22, .box_h = 14, .ofs_x = 0, .ofs_y = 0},
    {.bitmap_index = 4161, .adv_w = 215, .box_w = 14, .box_h = 14, .ofs_x = 0, .ofs_y = 0},
    {.bitmap_index = 4259, .adv_w = 207, .box_w = 15, .box_h = 14, .ofs_x = -1, .ofs_y = 0},
    {.bitmap_index = 4364, .adv_w = 210, .box_w = 13, .box_h = 14, .ofs_x = 0, .ofs_y = 0},
    {.bitmap_index = 4455, .adv_w = 107, .box_w = 5, .box_h = 19, .ofs_x = 2, .ofs_y = -4},
    {.bitmap_index = 4503, .adv_w = 113, .box_w = 9, .box_h = 20, .ofs_x = -1, .ofs_y = -2},
    {.bitmap_index = 4593, .adv_w = 107, .box_w = 5, .box_h = 19, .ofs_x = 0, .ofs_y = -4},
    {.bitmap_index = 4641, .adv_w = 187, .box_w = 10, .box_h = 9, .ofs_x = 1, .ofs_y = 3},
    {.bitmap_index = 4686, .adv_w = 160, .box_w = 10, .box_h = 3, .ofs_x = 0, .ofs_y = -2},
    {.bitmap_index = 4701, .adv_w = 192, .box_w = 6, .box_h = 3, .ofs_x = 2, .ofs_y = 12},
    {.bitmap_index = 4710, .adv_w = 191, .box_w = 10, .box_h = 11, .ofs_x = 1, .ofs_y = 0},
    {.bitmap_index = 4765, .adv_w = 218, .box_w = 12, .box_h = 15, .ofs_x = 1, .ofs_y = 0},
    {.bitmap_index = 4855, .adv_w = 183, .box_w = 11, .box_h = 11, .ofs_x = 0, .ofs_y = 0},
    {.bitmap_index = 4916, .adv_w = 218, .box_w = 12, .box_h = 15, .ofs_x = 0, .ofs_y = 0},
    {.bitmap_index = 5006, .adv_w = 196, .box_w = 12, .box_h = 11, .ofs_x = 0, .ofs_y = 0},
    {.bitmap_index = 5072, .adv_w = 113, .box_w = 8, .box_h = 15, .ofs_x = 0, .ofs_y = 0},
    {.bitmap_index = 5132, .adv_w = 221, .box_w = 12, .box_h = 15, .ofs_x = 0, .ofs_y = -4},
    {.bitmap_index = 5222, .adv_w = 218, .box_w = 11, .box_h = 15, .ofs_x = 1, .ofs_y = 0},
    {.bitmap_index = 5305, .adv_w = 89, .box_w = 4, .box_h = 15, .ofs_x = 1, .ofs_y = 0},
    {.bitmap_index = 5335, .adv_w = 91, .box_w = 7, .box_h = 19, .ofs_x = -2, .ofs_y = -4},
    {.bitmap_index = 5402, .adv_w = 197, .box_w = 12, .box_h = 15, .ofs_x = 1, .ofs_y = 0},
    {.bitmap_index = 5492, .adv_w = 89, .box_w = 3, .box_h = 15, .ofs_x = 1, .ofs_y = 0},
    {.bitmap_index = 5515, .adv_w = 338, .box_w = 19, .box_h = 11, .ofs_x = 1, .ofs_y = 0},
    {.bitmap_index = 5620, .adv_w = 218, .box_w = 11, .box_h = 11, .ofs_x = 1, .ofs_y = 0},
    {.bitmap_index = 5681, .adv_w = 203, .box_w = 12, .box_h = 11, .ofs_x = 0, .ofs_y = 0},
    {.bitmap_index = 5747, .adv_w = 218, .box_w = 12, .box_h = 15, .ofs_x = 1, .ofs_y = -4},
    {.bitmap_index = 5837, .adv_w = 218, .box_w = 12, .box_h = 15, .ofs_x = 0, .ofs_y = -4},
    {.bitmap_index = 5927, .adv_w = 131, .box_w = 7, .box_h = 11, .ofs_x = 1, .ofs_y = 0},
    {.bitmap_index = 5966, .adv_w = 160, .box_w = 10, .box_h = 11, .ofs_x = 0, .ofs_y = 0},
    {.bitmap_index = 6021, .adv_w = 132, .box_w = 8, .box_h = 14, .ofs_x = 0, .ofs_y = 0},
    {.bitmap_index = 6077, .adv_w = 217, .box_w = 11, .box_h = 11, .ofs_x = 1, .ofs_y = 0},
    {.bitmap_index = 6138, .adv_w = 179, .box_w = 13, .box_h = 11, .ofs_x = -1, .ofs_y = 0},
    {.bitmap_index = 6210, .adv_w = 288, .box_w = 18, .box_h = 11, .ofs_x = 0, .ofs_y = 0},
    {.bitmap_index = 6309, .adv_w = 177, .box_w = 11, .box_h = 11, .ofs_x = 0, .ofs_y = 0},
    {.bitmap_index = 6370, .adv_w = 179, .box_w = 13, .box_h = 15, .ofs_x = -1, .ofs_y = -4},
    {.bitmap_index = 6468, .adv_w = 167, .box_w = 10, .box_h = 11, .ofs_x = 0, .ofs_y = 0},
    {.bitmap_index = 6523, .adv_w = 112, .box_w = 6, .box_h = 19, .ofs_x = 1, .ofs_y = -4},
    {.bitmap_index = 6580, .adv_w = 96, .box_w = 2, .box_h = 19, .ofs_x = 2, .ofs_y = -4},
    {.bitmap_index = 6599, .adv_w = 112, .box_w = 6, .box_h = 19, .ofs_x = 0, .ofs_y = -4},
    {.bitmap_index = 6656, .adv_w = 186, .box_w = 10, .box_h = 4, .ofs_x = 1, .ofs_y = 5},
    {.bitmap_index = 6676, .adv_w = 86, .box_w = 0, .box_h = 0, .ofs_x = 0, .ofs_y = 0},
    {.bitmap_index = 6676, .adv_w = 86, .box_w = 3, .box_h = 14, .ofs_x = 1, .ofs_y = -3},
    {.bitmap_index = 6697, .adv_w = 183, .box_w = 11, .box_h = 16, .ofs_x = 0, .ofs_y = -2},
    {.bitmap_index = 6785, .adv_w = 207, .box_w = 13, .box_h = 14, .ofs_x = 0, .ofs_y = 0},
    {.bitmap_index = 6876, .adv_w = 224, .box_w = 14, .box_h = 15, .ofs_x = 0, .ofs_y = -1},
    {.bitmap_index = 6981, .adv_w = 226, .box_w = 16, .box_h = 14, .ofs_x = -1, .ofs_y = 0},
    {.bitmap_index = 7093, .adv_w = 96, .box_w = 2, .box_h = 19, .ofs_x = 2, .ofs_y = -4},
    {.bitmap_index = 7112, .adv_w = 160, .box_w = 10, .box_h = 17, .ofs_x = 0, .ofs_y = -3},
    {.bitmap_index = 7197, .adv_w = 192, .box_w = 6, .box_h = 3, .ofs_x = 3, .ofs_y = 13},
    {.bitmap_index = 7206, .adv_w = 257, .box_w = 16, .box_h = 15, .ofs_x = 0, .ofs_y = 0},
    {.bitmap_index = 7326, .adv_w = 129, .box_w = 7, .box_h = 7, .ofs_x = 0, .ofs_y = 8},
    {.bitmap_index = 7351, .adv_w = 161, .box_w = 10, .box_h = 8, .ofs_x = 0, .ofs_y = 2},
    {.bitmap_index = 7391, .adv_w = 186, .box_w = 10, .box_h = 6, .ofs_x = 1, .ofs_y = 2},
    {.bitmap_index = 7421, .adv_w = 257, .box_w = 16, .box_h = 15, .ofs_x = 0, .ofs_y = 0},
    {.bitmap_index = 7541, .adv_w = 192, .box_w = 8, .box_h = 3, .ofs_x = 2, .ofs_y = 12},
    {.bitmap_index = 7553, .adv_w = 134, .box_w = 8, .box_h = 8, .ofs_x = 0, .ofs_y = 7},
    {.bitmap_index = 7585, .adv_w = 186, .box_w = 10, .box_h = 13, .ofs_x = 1, .ofs_y = 0},
    {.bitmap_index = 7650, .adv_w = 138, .box_w = 8, .box_h = 8, .ofs_x = 0, .ofs_y = 7},
    {.bitmap_index = 7682, .adv_w = 138, .box_w = 8, .box_h = 8, .ofs_x = 0, .ofs_y = 7},
    {.bitmap_index = 7714, .adv_w = 192, .box_w = 6, .box_h = 3, .ofs_x = 4, .ofs_y = 12},
    {.bitmap_index = 7723, .adv_w = 218, .box_w = 11, .box_h = 15, .ofs_x = 1, .ofs_y = -4},
    {.bitmap_index = 7806, .adv_w = 207, .box_w = 11, .box_h = 18, .ofs_x = 0, .ofs_y = -3},
    {.bitmap_index = 7905, .adv_w = 85, .box_w = 3, .box_h = 3, .ofs_x = 1, .ofs_y = 4},
    {.bitmap_index = 7910, .adv_w = 192, .box_w = 5, .box_h = 6, .ofs_x = 3, .ofs_y = -5},
    {.bitmap_index = 7925, .adv_w = 138, .box_w = 7, .box_h = 8, .ofs_x = 1, .ofs_y = 7},
    {.bitmap_index = 7953, .adv_w = 134, .box_w = 8, .box_h = 8, .ofs_x = 0, .ofs_y = 7},
    {.bitmap_index = 7985, .adv_w = 161, .box_w = 10, .box_h = 8, .ofs_x = 0, .ofs_y = 2},
    {.bitmap_index = 8025, .adv_w = 331, .box_w = 20, .box_h = 15, .ofs_x = 1, .ofs_y = -1},
    {.bitmap_index = 8175, .adv_w = 331, .box_w = 19, .box_h = 15, .ofs_x = 1, .ofs_y = -1},
    {.bitmap_index = 8318, .adv_w = 331, .box_w = 21, .box_h = 15, .ofs_x = 0, .ofs_y = -1},
    {.bitmap_index = 8476, .adv_w = 183, .box_w = 11, .box_h = 14, .ofs_x = 1, .ofs_y = -3},
    {.bitmap_index = 8553, .adv_w = 234, .box_w = 16, .box_h = 18, .ofs_x = -1, .ofs_y = 0},
    {.bitmap_index = 8697, .adv_w = 234, .box_w = 16, .box_h = 18, .ofs_x = -1, .ofs_y = 0},
    {.bitmap_index = 8841, .adv_w = 234, .box_w = 16, .box_h = 18, .ofs_x = -1, .ofs_y = 0},
    {.bitmap_index = 8985, .adv_w = 234, .box_w = 16, .box_h = 19, .ofs_x = -1, .ofs_y = 0},
    {.bitmap_index = 9137, .adv_w = 234, .box_w = 16, .box_h = 18, .ofs_x = -1, .ofs_y = 0},
    {.bitmap_index = 9281, .adv_w = 234, .box_w = 16, .box_h = 20, .ofs_x = -1, .ofs_y = 0},
    {.bitmap_index = 9441, .adv_w = 335, .box_w = 21, .box_h = 14, .ofs_x = -1, .ofs_y = 0},
    {.bitmap_index = 9588, .adv_w = 228, .box_w = 14, .box_h = 19, .ofs_x = 0, .ofs_y = -5},
    {.bitmap_index = 9721, .adv_w = 214, .box_w = 11, .box_h = 18, .ofs_x = 2, .ofs_y = 0},
    {.bitmap_index = 9820, .adv_w = 214, .box_w = 11, .box_h = 18, .ofs_x = 2, .ofs_y = 0},
    {.bitmap_index = 9919, .adv_w = 214, .box_w = 11, .box_h = 18, .ofs_x = 2, .ofs_y = 0},
    {.bitmap_index = 10018, .adv_w = 214, .box_w = 11, .box_h = 18, .ofs_x = 2, .ofs_y = 0},
    {.bitmap_index = 10117, .adv_w = 99, .box_w = 6, .box_h = 18, .ofs_x = -1, .ofs_y = 0},
    {.bitmap_index = 10171, .adv_w = 99, .box_w = 6, .box_h = 18, .ofs_x = 1, .ofs_y = 0},
    {.bitmap_index = 10225, .adv_w = 99, .box_w = 8, .box_h = 18, .ofs_x = -1, .ofs_y = 0},
    {.bitmap_index = 10297, .adv_w = 99, .box_w = 6, .box_h = 18, .ofs_x = 0, .ofs_y = 0},
    {.bitmap_index = 10351, .adv_w = 267, .box_w = 16, .box_h = 14, .ofs_x = 0, .ofs_y = 0},
    {.bitmap_index = 10463, .adv_w = 260, .box_w = 13, .box_h = 19, .ofs_x = 2, .ofs_y = 0},
    {.bitmap_index = 10587, .adv_w = 269, .box_w = 16, .box_h = 19, .ofs_x = 0, .ofs_y = 0},
    {.bitmap_index = 10739, .adv_w = 269, .box_w = 16, .box_h = 19, .ofs_x = 0, .ofs_y = 0},
    {.bitmap_index = 10891, .adv_w = 269, .box_w = 16, .box_h = 19, .ofs_x = 0, .ofs_y = 0},
    {.bitmap_index = 11043, .adv_w = 269, .box_w = 16, .box_h = 19, .ofs_x = 0, .ofs_y = 0},
    {.bitmap_index = 11195, .adv_w = 269, .box_w = 16, .box_h = 19, .ofs_x = 0, .ofs_y = 0},
    {.bitmap_index = 11347, .adv_w = 186, .box_w = 8, .box_h = 9, .ofs_x = 2, .ofs_y = 3},
    {.bitmap_index = 11383, .adv_w = 269, .box_w = 16, .box_h = 18, .ofs_x = 0, .ofs_y = -2},
    {.bitmap_index = 11527, .adv_w = 253, .box_w = 13, .box_h = 19, .ofs_x = 1, .ofs_y = 0},
    {.bitmap_index = 11651, .adv_w = 253, .box_w = 13, .box_h = 19, .ofs_x = 1, .ofs_y = 0},
    {.bitmap_index = 11775, .adv_w = 253, .box_w = 13, .box_h = 19, .ofs_x = 1, .ofs_y = 0},
    {.bitmap_index = 11899, .adv_w = 253, .box_w = 13, .box_h = 19, .ofs_x = 1, .ofs_y = 0},
    {.bitmap_index = 12023, .adv_w = 207, .box_w = 15, .box_h = 18, .ofs_x = -1, .ofs_y = 0},
    {.bitmap_index = 12158, .adv_w = 231, .box_w = 12, .box_h = 14, .ofs_x = 2, .ofs_y = 0},
    {.bitmap_index = 12242, .adv_w = 216, .box_w = 12, .box_h = 15, .ofs_x = 1, .ofs_y = 0},
    {.bitmap_index = 12332, .adv_w = 191, .box_w = 10, .box_h = 15, .ofs_x = 1, .ofs_y = 0},
    {.bitmap_index = 12407, .adv_w = 191, .box_w = 10, .box_h = 15, .ofs_x = 1, .ofs_y = 0},
    {.bitmap_index = 12482, .adv_w = 191, .box_w = 10, .box_h = 15, .ofs_x = 1, .ofs_y = 0},
    {.bitmap_index = 12557, .adv_w = 191, .box_w = 10, .box_h = 15, .ofs_x = 1, .ofs_y = 0},
    {.bitmap_index = 12632, .adv_w = 191, .box_w = 10, .box_h = 15, .ofs_x = 1, .ofs_y = 0},
    {.bitmap_index = 12707, .adv_w = 191, .box_w = 10, .box_h = 17, .ofs_x = 1, .ofs_y = 0},
    {.bitmap_index = 12792, .adv_w = 316, .box_w = 18, .box_h = 11, .ofs_x = 1, .ofs_y = 0},
    {.bitmap_index = 12891, .adv_w = 183, .box_w = 11, .box_h = 16, .ofs_x = 0, .ofs_y = -5},
    {.bitmap_index = 12979, .adv_w = 196, .box_w = 12, .box_h = 15, .ofs_x = 0, .ofs_y = 0},
    {.bitmap_index = 13069, .adv_w = 196, .box_w = 12, .box_h = 15, .ofs_x = 0, .ofs_y = 0},
    {.bitmap_index = 13159, .adv_w = 196, .box_w = 12, .box_h = 15, .ofs_x = 0, .ofs_y = 0},
    {.bitmap_index = 13249, .adv_w = 196, .box_w = 12, .box_h = 15, .ofs_x = 0, .ofs_y = 0},
    {.bitmap_index = 13339, .adv_w = 89, .box_w = 6, .box_h = 15, .ofs_x = -1, .ofs_y = 0},
    {.bitmap_index = 13384, .adv_w = 89, .box_w = 6, .box_h = 15, .ofs_x = 1, .ofs_y = 0},
    {.bitmap_index = 13429, .adv_w = 89, .box_w = 7, .box_h = 15, .ofs_x = -1, .ofs_y = 0},
    {.bitmap_index = 13482, .adv_w = 89, .box_w = 6, .box_h = 15, .ofs_x = 0, .ofs_y = 0},
    {.bitmap_index = 13527, .adv_w = 191, .box_w = 11, .box_h = 16, .ofs_x = 0, .ofs_y = 0},
    {.bitmap_index = 13615, .adv_w = 218, .box_w = 11, .box_h = 15, .ofs_x = 1, .ofs_y = 0},
    {.bitmap_index = 13698, .adv_w = 203, .box_w = 12, .box_h = 15, .ofs_x = 0, .ofs_y = 0},
    {.bitmap_index = 13788, .adv_w = 203, .box_w = 12, .box_h = 15, .ofs_x = 0, .ofs_y = 0},
    {.bitmap_index = 13878, .adv_w = 203, .box_w = 12, .box_h = 15, .ofs_x = 0, .ofs_y = 0},
    {.bitmap_index = 13968, .adv_w = 203, .box_w = 12, .box_h = 15, .ofs_x = 0, .ofs_y = 0},
    {.bitmap_index = 14058, .adv_w = 203, .box_w = 12, .box_h = 15, .ofs_x = 0, .ofs_y = 0},
    {.bitmap_index = 14148, .adv_w = 186, .box_w = 10, .box_h = 11, .ofs_x = 1, .ofs_y = 2},
    {.bitmap_index = 14203, .adv_w = 203, .box_w = 12, .box_h = 15, .ofs_x = 0, .ofs_y = -2},
    {.bitmap_index = 14293, .adv_w = 217, .box_w = 11, .box_h = 15, .ofs_x = 1, .ofs_y = 0},
    {.bitmap_index = 14376, .adv_w = 217, .box_w = 11, .box_h = 15, .ofs_x = 1, .ofs_y = 0},
    {.bitmap_index = 14459, .adv_w = 217, .box_w = 11, .box_h = 15, .ofs_x = 1, .ofs_y = 0},
    {.bitmap_index = 14542, .adv_w = 217, .box_w = 11, .box_h = 15, .ofs_x = 1, .ofs_y = 0},
    {.bitmap_index = 14625, .adv_w = 179, .box_w = 13, .box_h = 19, .ofs_x = -1, .ofs_y = -4},
    {.bitmap_index = 14749, .adv_w = 218, .box_w = 12, .box_h = 19, .ofs_x = 1, .ofs_y = -4},
    {.bitmap_index = 14863, .adv_w = 179, .box_w = 13, .box_h = 19, .ofs_x = -1, .ofs_y = -4},
    {.bitmap_index = 14987, .adv_w = 234, .box_w = 16, .box_h = 18, .ofs_x = -1, .ofs_y = 0},
    {.bitmap_index = 15131, .adv_w = 191, .box_w = 10, .box_h = 14, .ofs_x = 1, .ofs_y = 0},
    {.bitmap_index = 15201, .adv_w = 234, .box_w = 16, .box_h = 19, .ofs_x = -1, .ofs_y = 0},
    {.bitmap_index = 15353, .adv_w = 191, .box_w = 10, .box_h = 15, .ofs_x = 1, .ofs_y = 0},
    {.bitmap_index = 15428, .adv_w = 234, .box_w = 17, .box_h = 19, .ofs_x = -1, .ofs_y = -5},
    {.bitmap_index = 15590, .adv_w = 191, .box_w = 10, .box_h = 16, .ofs_x = 1, .ofs_y = -5},
    {.bitmap_index = 15670, .adv_w = 228, .box_w = 14, .box_h = 19, .ofs_x = 0, .ofs_y = 0},
    {.bitmap_index = 15803, .adv_w = 183, .box_w = 11, .box_h = 15, .ofs_x = 0, .ofs_y = 0},
    {.bitmap_index = 15886, .adv_w = 228, .box_w = 14, .box_h = 19, .ofs_x = 0, .ofs_y = 0},
    {.bitmap_index = 16019, .adv_w = 183, .box_w = 11, .box_h = 15, .ofs_x = 0, .ofs_y = 0},
    {.bitmap_index = 16102, .adv_w = 228, .box_w = 14, .box_h = 19, .ofs_x = 0, .ofs_y = 0},
    {.bitmap_index = 16235, .adv_w = 183, .box_w = 11, .box_h = 15, .ofs_x = 0, .ofs_y = 0},
    {.bitmap_index = 16318, .adv_w = 228, .box_w = 14, .box_h = 19, .ofs_x = 0, .ofs_y = 0},
    {.bitmap_index = 16451, .adv_w = 183, .box_w = 11, .box_h = 15, .ofs_x = 0, .ofs_y = 0},
    {.bitmap_index = 16534, .adv_w = 264, .box_w = 14, .box_h = 18, .ofs_x = 2, .ofs_y = 0},
    {.bitmap_index = 16660, .adv_w = 218, .box_w = 16, .box_h = 16, .ofs_x = 0, .ofs_y = 0},
    {.bitmap_index = 16788, .adv_w = 267, .box_w = 16, .box_h = 14, .ofs_x = 0, .ofs_y = 0},
    {.bitmap_index = 16900, .adv_w = 218, .box_w = 14, .box_h = 15, .ofs_x = 0, .ofs_y = 0},
    {.bitmap_index = 17005, .adv_w = 214, .box_w = 11, .box_h = 18, .ofs_x = 2, .ofs_y = 0},
    {.bitmap_index = 17104, .adv_w = 196, .box_w = 12, .box_h = 14, .ofs_x = 0, .ofs_y = 0},
    {.bitmap_index = 17188, .adv_w = 214, .box_w = 11, .box_h = 19, .ofs_x = 2, .ofs_y = 0},
    {.bitmap_index = 17293, .adv_w = 196, .box_w = 12, .box_h = 15, .ofs_x = 0, .ofs_y = 0},
    {.bitmap_index = 17383, .adv_w = 214, .box_w = 11, .box_h = 19, .ofs_x = 2, .ofs_y = 0},
    {.bitmap_index = 17488, .adv_w = 196, .box_w = 12, .box_h = 15, .ofs_x = 0, .ofs_y = 0},
    {.bitmap_index = 17578, .adv_w = 214, .box_w = 11, .box_h = 19, .ofs_x = 2, .ofs_y = -5},
    {.bitmap_index = 17683, .adv_w = 196, .box_w = 12, .box_h = 16, .ofs_x = 0, .ofs_y = -5},
    {.bitmap_index = 17779, .adv_w = 214, .box_w = 11, .box_h = 18, .ofs_x = 2, .ofs_y = 0},
    {.bitmap_index = 17878, .adv_w = 196, .box_w = 12, .box_h = 15, .ofs_x = 0, .ofs_y = 0},
    {.bitmap_index = 17968, .adv_w = 247, .box_w = 14, .box_h = 19, .ofs_x = 0, .ofs_y = 0},
    {.bitmap_index = 18101, .adv_w = 221, .box_w = 12, .box_h = 19, .ofs_x = 0, .ofs_y = -4},
    {.bitmap_index = 18215, .adv_w = 247, .box_w = 14, .box_h = 19, .ofs_x = 0, .ofs_y = 0},
    {.bitmap_index = 18348, .adv_w = 221, .box_w = 12, .box_h = 19, .ofs_x = 0, .ofs_y = -4},
    {.bitmap_index = 18462, .adv_w = 247, .box_w = 14, .box_h = 19, .ofs_x = 0, .ofs_y = 0},
    {.bitmap_index = 18595, .adv_w = 221, .box_w = 12, .box_h = 19, .ofs_x = 0, .ofs_y = -4},
    {.bitmap_index = 18709, .adv_w = 247, .box_w = 14, .box_h = 19, .ofs_x = 0, .ofs_y = -5},
    {.bitmap_index = 18842, .adv_w = 221, .box_w = 12, .box_h = 20, .ofs_x = 0, .ofs_y = -4},
    {.bitmap_index = 18962, .adv_w = 260, .box_w = 13, .box_h = 18, .ofs_x = 2, .ofs_y = 0},
    {.bitmap_index = 19079, .adv_w = 218, .box_w = 13, .box_h = 19, .ofs_x = -1, .ofs_y = 0},
    {.bitmap_index = 19203, .adv_w = 265, .box_w = 17, .box_h = 14, .ofs_x = 0, .ofs_y = 0},
    {.bitmap_index = 19322, .adv_w = 221, .box_w = 13, .box_h = 15, .ofs_x = 0, .ofs_y = 0},
    {.bitmap_index = 19420, .adv_w = 99, .box_w = 7, .box_h = 19, .ofs_x = 0, .ofs_y = 0},
    {.bitmap_index = 19487, .adv_w = 89, .box_w = 7, .box_h = 15, .ofs_x = -1, .ofs_y = 0},
    {.bitmap_index = 19540, .adv_w = 99, .box_w = 6, .box_h = 18, .ofs_x = 0, .ofs_y = 0},
    {.bitmap_index = 19594, .adv_w = 89, .box_w = 6, .box_h = 14, .ofs_x = 0, .ofs_y = 0},
    {.bitmap_index = 19636, .adv_w = 99, .box_w = 8, .box_h = 19, .ofs_x = -1, .ofs_y = 0},
    {.bitmap_index = 19712, .adv_w = 89, .box_w = 6, .box_h = 15, .ofs_x = 0, .ofs_y = 0},
    {.bitmap_index = 19757, .adv_w = 99, .box_w = 4, .box_h = 19, .ofs_x = 1, .ofs_y = -5},
    {.bitmap_index = 19795, .adv_w = 89, .box_w = 4, .box_h = 20, .ofs_x = 1, .ofs_y = -5},
    {.bitmap_index = 19835, .adv_w = 99, .box_w = 4, .box_h = 19, .ofs_x = 1, .ofs_y = 0},
    {.bitmap_index = 19873, .adv_w = 89, .box_w = 3, .box_h = 11, .ofs_x = 1, .ofs_y = 0},
    {.bitmap_index = 19890, .adv_w = 230, .box_w = 12, .box_h = 14, .ofs_x = 1, .ofs_y = 0},
    {.bitmap_index = 19974, .adv_w = 180, .box_w = 9, .box_h = 19, .ofs_x = 1, .ofs_y = -4},
    {.bitmap_index = 20060, .adv_w = 164, .box_w = 10, .box_h = 19, .ofs_x = -1, .ofs_y = 0},
    {.bitmap_index = 20155, .adv_w = 91, .box_w = 8, .box_h = 19, .ofs_x = -2, .ofs_y = -4},
    {.bitmap_index = 20231, .adv_w = 230, .box_w = 13, .box_h = 19, .ofs_x = 2, .ofs_y = -5},
    {.bitmap_index = 20355, .adv_w = 197, .box_w = 12, .box_h = 20, .ofs_x = 1, .ofs_y = -5},
    {.bitmap_index = 20475, .adv_w = 197, .box_w = 12, .box_h = 11, .ofs_x = 1, .ofs_y = 0},
    {.bitmap_index = 20541, .adv_w = 190, .box_w = 11, .box_h = 18, .ofs_x = 1, .ofs_y = 0},
    {.bitmap_index = 20640, .adv_w = 89, .box_w = 6, .box_h = 19, .ofs_x = 1, .ofs_y = 0},
    {.bitmap_index = 20697, .adv_w = 190, .box_w = 10, .box_h = 19, .ofs_x = 2, .ofs_y = -5},
    {.bitmap_index = 20792, .adv_w = 89, .box_w = 3, .box_h = 20, .ofs_x = 1, .ofs_y = -5},
    {.bitmap_index = 20822, .adv_w = 190, .box_w = 10, .box_h = 15, .ofs_x = 2, .ofs_y = 0},
    {.bitmap_index = 20897, .adv_w = 89, .box_w = 7, .box_h = 16, .ofs_x = 1, .ofs_y = 0},
    {.bitmap_index = 20953, .adv_w = 190, .box_w = 10, .box_h = 14, .ofs_x = 2, .ofs_y = 0},
    {.bitmap_index = 21023, .adv_w = 125, .box_w = 7, .box_h = 15, .ofs_x = 1, .ofs_y = 0},
    {.bitmap_index = 21076, .adv_w = 192, .box_w = 12, .box_h = 14, .ofs_x = 0, .ofs_y = 0},
    {.bitmap_index = 21160, .adv_w = 94, .box_w = 8, .box_h = 15, .ofs_x = -1, .ofs_y = 0},
    {.bitmap_index = 21220, .adv_w = 260, .box_w = 13, .box_h = 18, .ofs_x = 2, .ofs_y = 0},
    {.bitmap_index = 21337, .adv_w = 218, .box_w = 11, .box_h = 15, .ofs_x = 1, .ofs_y = 0},
    {.bitmap_index = 21420, .adv_w = 260, .box_w = 13, .box_h = 19, .ofs_x = 2, .ofs_y = -5},
    {.bitmap_index = 21544, .adv_w = 218, .box_w = 11, .box_h = 16, .ofs_x = 1, .ofs_y = -5},
    {.bitmap_index = 21632, .adv_w = 260, .box_w = 13, .box_h = 18, .ofs_x = 2, .ofs_y = 0},
    {.bitmap_index = 21749, .adv_w = 218, .box_w = 11, .box_h = 15, .ofs_x = 1, .ofs_y = 0},
    {.bitmap_index = 21832, .adv_w = 233, .box_w = 13, .box_h = 15, .ofs_x = 0, .ofs_y = 0},
    {.bitmap_index = 21930, .adv_w = 260, .box_w = 13, .box_h = 18, .ofs_x = 2, .ofs_y = -4},
    {.bitmap_index = 22047, .adv_w = 218, .box_w = 11, .box_h = 15, .ofs_x = 1, .ofs_y = -4},
    {.bitmap_index = 22130, .adv_w = 269, .box_w = 16, .box_h = 19, .ofs_x = 0, .ofs_y = 0},
    {.bitmap_index = 22282, .adv_w = 203, .box_w = 12, .box_h = 14, .ofs_x = 0, .ofs_y = 0},
    {.bitmap_index = 22366, .adv_w = 269, .box_w = 16, .box_h = 19, .ofs_x = 0, .ofs_y = 0},
    {.bitmap_index = 22518, .adv_w = 203, .box_w = 12, .box_h = 15, .ofs_x = 0, .ofs_y = 0},
    {.bitmap_index = 22608, .adv_w = 269, .box_w = 16, .box_h = 19, .ofs_x = 0, .ofs_y = 0},
    {.bitmap_index = 22760, .adv_w = 203, .box_w = 12, .box_h = 15, .ofs_x = 0, .ofs_y = 0},
    {.bitmap_index = 22850, .adv_w = 360, .box_w = 22, .box_h = 14, .ofs_x = 0, .ofs_y = 0},
    {.bitmap_index = 23004, .adv_w = 341, .box_w = 21, .box_h = 11, .ofs_x = 0, .ofs_y = 0},
    {.bitmap_index = 23120, .adv_w = 233, .box_w = 12, .box_h = 18, .ofs_x = 2, .ofs_y = 0},
    {.bitmap_index = 23228, .adv_w = 131, .box_w = 8, .box_h = 15, .ofs_x = 1, .ofs_y = 0},
    {.bitmap_index = 23288, .adv_w = 233, .box_w = 12, .box_h = 19, .ofs_x = 2, .ofs_y = -5},
    {.bitmap_index = 23402, .adv_w = 131, .box_w = 7, .box_h = 16, .ofs_x = 1, .ofs_y = -5},
    {.bitmap_index = 23458, .adv_w = 233, .box_w = 12, .box_h = 18, .ofs_x = 2, .ofs_y = 0},
    {.bitmap_index = 23566, .adv_w = 131, .box_w = 8, .box_h = 15, .ofs_x = 1, .ofs_y = 0},
    {.bitmap_index = 23626, .adv_w = 199, .box_w = 12, .box_h = 19, .ofs_x = 0, .ofs_y = 0},
    {.bitmap_index = 23740, .adv_w = 160, .box_w = 10, .box_h = 15, .ofs_x = 0, .ofs_y = 0},
    {.bitmap_index = 23815, .adv_w = 199, .box_w = 12, .box_h = 19, .ofs_x = 0, .ofs_y = 0},
    {.bitmap_index = 23929, .adv_w = 160, .box_w = 10, .box_h = 15, .ofs_x = 0, .ofs_y = 0},
    {.bitmap_index = 24004, .adv_w = 199, .box_w = 12, .box_h = 19, .ofs_x = 0, .ofs_y = -5},
    {.bitmap_index = 24118, .adv_w = 160, .box_w = 10, .box_h = 16, .ofs_x = 0, .ofs_y = -5},
    {.bitmap_index = 24198, .adv_w = 199, .box_w = 12, .box_h = 19, .ofs_x = 0, .ofs_y = 0},
    {.bitmap_index = 24312, .adv_w = 160, .box_w = 10, .box_h = 15, .ofs_x = 0, .ofs_y = 0},
    {.bitmap_index = 24387, .adv_w = 188, .box_w = 12, .box_h = 19, .ofs_x = 0, .ofs_y = -5},
    {.bitmap_index = 24501, .adv_w = 132, .box_w = 8, .box_h = 19, .ofs_x = 0, .ofs_y = -5},
    {.bitmap_index = 24577, .adv_w = 188, .box_w = 12, .box_h = 18, .ofs_x = 0, .ofs_y = 0},
    {.bitmap_index = 24685, .adv_w = 132, .box_w = 8, .box_h = 15, .ofs_x = 0, .ofs_y = 0},
    {.bitmap_index = 24745, .adv_w = 188, .box_w = 12, .box_h = 14, .ofs_x = 0, .ofs_y = 0},
    {.bitmap_index = 24829, .adv_w = 133, .box_w = 8, .box_h = 14, .ofs_x = 0, .ofs_y = 0},
    {.bitmap_index = 24885, .adv_w = 253, .box_w = 13, .box_h = 19, .ofs_x = 1, .ofs_y = 0},
    {.bitmap_index = 25009, .adv_w = 217, .box_w = 11, .box_h = 15, .ofs_x = 1, .ofs_y = 0},
    {.bitmap_index = 25092, .adv_w = 253, .box_w = 13, .box_h = 19, .ofs_x = 1, .ofs_y = 0},
    {.bitmap_index = 25216, .adv_w = 217, .box_w = 11, .box_h = 14, .ofs_x = 1, .ofs_y = 0},
    {.bitmap_index = 25293, .adv_w = 253, .box_w = 13, .box_h = 19, .ofs_x = 1, .ofs_y = 0},
    {.bitmap_index = 25417, .adv_w = 217, .box_w = 11, .box_h = 15, .ofs_x = 1, .ofs_y = 0},
    {.bitmap_index = 25500, .adv_w = 253, .box_w = 13, .box_h = 20, .ofs_x = 1, .ofs_y = 0},
    {.bitmap_index = 25630, .adv_w = 217, .box_w = 11, .box_h = 17, .ofs_x = 1, .ofs_y = 0},
    {.bitmap_index = 25724, .adv_w = 253, .box_w = 13, .box_h = 19, .ofs_x = 1, .ofs_y = 0},
    {.bitmap_index = 25848, .adv_w = 217, .box_w = 11, .box_h = 15, .ofs_x = 1, .ofs_y = 0},
    {.bitmap_index = 25931, .adv_w = 253, .box_w = 13, .box_h = 19, .ofs_x = 1, .ofs_y = -5},
    {.bitmap_index = 26055, .adv_w = 217, .box_w = 12, .box_h = 16, .ofs_x = 1, .ofs_y = -5},
    {.bitmap_index = 26151, .adv_w = 360, .box_w = 22, .box_h = 18, .ofs_x = 0, .ofs_y = 0},
    {.bitmap_index = 26349, .adv_w = 288, .box_w = 18, .box_h = 15, .ofs_x = 0, .ofs_y = 0},
    {.bitmap_index = 26484, .adv_w = 207, .box_w = 15, .box_h = 19, .ofs_x = -1, .ofs_y = 0},
    {.bitmap_index = 26627, .adv_w = 179, .box_w = 13, .box_h = 19, .ofs_x = -1, .ofs_y = -4},
    {.bitmap_index = 26751, .adv_w = 207, .box_w = 15, .box_h = 18, .ofs_x = -1, .ofs_y = 0},
    {.bitmap_index = 26886, .adv_w = 210, .box_w = 13, .box_h = 18, .ofs_x = 0, .ofs_y = 0},
    {.bitmap_index = 27003, .adv_w = 167, .box_w = 10, .box_h = 15, .ofs_x = 0, .ofs_y = 0},
    {.bitmap_index = 27078, .adv_w = 210, .box_w = 13, .box_h = 19, .ofs_x = 0, .ofs_y = 0},
    {.bitmap_index = 27202, .adv_w = 167, .box_w = 10, .box_h = 15, .ofs_x = 0, .ofs_y = 0},
    {.bitmap_index = 27277, .adv_w = 210, .box_w = 13, .box_h = 18, .ofs_x = 0, .ofs_y = 0},
    {.bitmap_index = 27394, .adv_w = 167, .box_w = 10, .box_h = 15, .ofs_x = 0, .ofs_y = 0},
    {.bitmap_index = 27469, .adv_w = 100, .box_w = 8, .box_h = 15, .ofs_x = 0, .ofs_y = 0},
    {.bitmap_index = 27529, .adv_w = 234, .box_w = 16, .box_h = 15, .ofs_x = -1, .ofs_y = 0},
    {.bitmap_index = 27649, .adv_w = 228, .box_w = 16, .box_h = 15, .ofs_x = -1, .ofs_y = 0},
    {.bitmap_index = 27769, .adv_w = 180, .box_w = 17, .box_h = 19, .ofs_x = -3, .ofs_y = -4},
    {.bitmap_index = 27931, .adv_w = 268, .box_w = 17, .box_h = 15, .ofs_x = 0, .ofs_y = 0},
    {.bitmap_index = 28059, .adv_w = 179, .box_w = 13, .box_h = 16, .ofs_x = -1, .ofs_y = 0},
    {.bitmap_index = 28163, .adv_w = 218, .box_w = 11, .box_h = 15, .ofs_x = 1, .ofs_y = -4},
    {.bitmap_index = 28246, .adv_w = 232, .box_w = 16, .box_h = 11, .ofs_x = -1, .ofs_y = 0},
    {.bitmap_index = 28334, .adv_w = 175, .box_w = 14, .box_h = 15, .ofs_x = -1, .ofs_y = -4},
    {.bitmap_index = 28439, .adv_w = 213, .box_w = 11, .box_h = 18, .ofs_x = 2, .ofs_y = 0},
    {.bitmap_index = 28538, .adv_w = 213, .box_w = 11, .box_h = 18, .ofs_x = 2, .ofs_y = 0},
    {.bitmap_index = 28637, .adv_w = 267, .box_w = 16, .box_h = 15, .ofs_x = 0, .ofs_y = -1},
    {.bitmap_index = 28757, .adv_w = 185, .box_w = 10, .box_h = 18, .ofs_x = 2, .ofs_y = 0},
    {.bitmap_index = 28847, .adv_w = 227, .box_w = 13, .box_h = 14, .ofs_x = 1, .ofs_y = 0},
    {.bitmap_index = 28938, .adv_w = 204, .box_w = 12, .box_h = 14, .ofs_x = 0, .ofs_y = 0},
    {.bitmap_index = 29022, .adv_w = 101, .box_w = 3, .box_h = 14, .ofs_x = 2, .ofs_y = 0},
    {.bitmap_index = 29043, .adv_w = 99, .box_w = 6, .box_h = 18, .ofs_x = 0, .ofs_y = 0},
    {.bitmap_index = 29097, .adv_w = 173, .box_w = 9, .box_h = 14, .ofs_x = 0, .ofs_y = 0},
    {.bitmap_index = 29160, .adv_w = 380, .box_w = 23, .box_h = 14, .ofs_x = 0, .ofs_y = 0},
    {.bitmap_index = 29321, .adv_w = 378, .box_w = 21, .box_h = 14, .ofs_x = 2, .ofs_y = 0},
    {.bitmap_index = 29468, .adv_w = 269, .box_w = 16, .box_h = 14, .ofs_x = 0, .ofs_y = 0},
    {.bitmap_index = 29580, .adv_w = 228, .box_w = 12, .box_h = 18, .ofs_x = 2, .ofs_y = 0},
    {.bitmap_index = 29688, .adv_w = 263, .box_w = 13, .box_h = 18, .ofs_x = 2, .ofs_y = 0},
    {.bitmap_index = 29805, .adv_w = 221, .box_w = 14, .box_h = 19, .ofs_x = 0, .ofs_y = -1},
    {.bitmap_index = 29938, .adv_w = 258, .box_w = 12, .box_h = 18, .ofs_x = 2, .ofs_y = -4},
    {.bitmap_index = 30046, .adv_w = 243, .box_w = 15, .box_h = 14, .ofs_x = 0, .ofs_y = 0},
    {.bitmap_index = 30151, .adv_w = 234, .box_w = 12, .box_h = 14, .ofs_x = 2, .ofs_y = 0},
    {.bitmap_index = 30235, .adv_w = 239, .box_w = 12, .box_h = 14, .ofs_x = 2, .ofs_y = 0},
    {.bitmap_index = 30319, .adv_w = 185, .box_w = 10, .box_h = 14, .ofs_x = 2, .ofs_y = 0},
    {.bitmap_index = 30389, .adv_w = 257, .box_w = 16, .box_h = 18, .ofs_x = 0, .ofs_y = -4},
    {.bitmap_index = 30533, .adv_w = 213, .box_w = 11, .box_h = 14, .ofs_x = 2, .ofs_y = 0},
    {.bitmap_index = 30610, .adv_w = 329, .box_w = 21, .box_h = 14, .ofs_x = 0, .ofs_y = 0},
    {.bitmap_index = 30757, .adv_w = 203, .box_w = 12, .box_h = 14, .ofs_x = 0, .ofs_y = 0},
    {.bitmap_index = 30841, .adv_w = 263, .box_w = 13, .box_h = 14, .ofs_x = 2, .ofs_y = 0},
    {.bitmap_index = 30932, .adv_w = 263, .box_w = 13, .box_h = 18, .ofs_x = 2, .ofs_y = 0},
    {.bitmap_index = 31049, .adv_w = 228, .box_w = 12, .box_h = 14, .ofs_x = 2, .ofs_y = 0},
    {.bitmap_index = 31133, .adv_w = 253, .box_w = 14, .box_h = 14, .ofs_x = 0, .ofs_y = 0},
    {.bitmap_index = 31231, .adv_w = 308, .box_w = 16, .box_h = 14, .ofs_x = 2, .ofs_y = 0},
    {.bitmap_index = 31343, .adv_w = 262, .box_w = 13, .box_h = 14, .ofs_x = 2, .ofs_y = 0},
    {.bitmap_index = 31434, .adv_w = 271, .box_w = 15, .box_h = 14, .ofs_x = 1, .ofs_y = 0},
    {.bitmap_index = 31539, .adv_w = 263, .box_w = 13, .box_h = 14, .ofs_x = 2, .ofs_y = 0},
    {.bitmap_index = 31630, .adv_w = 228, .box_w = 12, .box_h = 14, .ofs_x = 2, .ofs_y = 0},
    {.bitmap_index = 31714, .adv_w = 230, .box_w = 13, .box_h = 14, .ofs_x = 1, .ofs_y = 0},
    {.bitmap_index = 31805, .adv_w = 193, .box_w = 12, .box_h = 14, .ofs_x = 0, .ofs_y = 0},
    {.bitmap_index = 31889, .adv_w = 221, .box_w = 14, .box_h = 15, .ofs_x = 0, .ofs_y = -1},
    {.bitmap_index = 31994, .adv_w = 296, .box_w = 18, .box_h = 16, .ofs_x = 0, .ofs_y = -1},
    {.bitmap_index = 32138, .adv_w = 214, .box_w = 14, .box_h = 14, .ofs_x = 0, .ofs_y = 0},
    {.bitmap_index = 32236, .adv_w = 265, .box_w = 15, .box_h = 18, .ofs_x = 2, .ofs_y = -4},
    {.bitmap_index = 32371, .adv_w = 230, .box_w = 13, .box_h = 14, .ofs_x = 0, .ofs_y = 0},
    {.bitmap_index = 32462, .adv_w = 350, .box_w = 18, .box_h = 14, .ofs_x = 2, .ofs_y = 0},
    {.bitmap_index = 32588, .adv_w = 359, .box_w = 20, .box_h = 17, .ofs_x = 2, .ofs_y = -3},
    {.bitmap_index = 32758, .adv_w = 265, .box_w = 16, .box_h = 14, .ofs_x = 0, .ofs_y = 0},
    {.bitmap_index = 32870, .adv_w = 318, .box_w = 16, .box_h = 14, .ofs_x = 2, .ofs_y = 0},
    {.bitmap_index = 32982, .adv_w = 228, .box_w = 12, .box_h = 14, .ofs_x = 2, .ofs_y = 0},
    {.bitmap_index = 33066, .adv_w = 226, .box_w = 14, .box_h = 14, .ofs_x = 0, .ofs_y = 0},
    {.bitmap_index = 33164, .adv_w = 352, .box_w = 19, .box_h = 14, .ofs_x = 2, .ofs_y = 0},
    {.bitmap_index = 33297, .adv_w = 234, .box_w = 12, .box_h = 14, .ofs_x = 1, .ofs_y = 0},
    {.bitmap_index = 33381, .adv_w = 188, .box_w = 11, .box_h = 11, .ofs_x = 0, .ofs_y = 0},
    {.bitmap_index = 33442, .adv_w = 212, .box_w = 12, .box_h = 16, .ofs_x = 1, .ofs_y = 0},
    {.bitmap_index = 33538, .adv_w = 196, .box_w = 11, .box_h = 11, .ofs_x = 1, .ofs_y = 0},
    {.bitmap_index = 33599, .adv_w = 156, .box_w = 9, .box_h = 11, .ofs_x = 1, .ofs_y = 0},
    {.bitmap_index = 33649, .adv_w = 212, .box_w = 13, .box_h = 14, .ofs_x = 0, .ofs_y = -3},
    {.bitmap_index = 33740, .adv_w = 201, .box_w = 12, .box_h = 11, .ofs_x = 0, .ofs_y = 0},
    {.bitmap_index = 33806, .adv_w = 272, .box_w = 17, .box_h = 11, .ofs_x = 0, .ofs_y = 0},
    {.bitmap_index = 33900, .adv_w = 174, .box_w = 10, .box_h = 11, .ofs_x = 0, .ofs_y = 0},
    {.bitmap_index = 33955, .adv_w = 222, .box_w = 12, .box_h = 11, .ofs_x = 1, .ofs_y = 0},
    {.bitmap_index = 34021, .adv_w = 222, .box_w = 12, .box_h = 15, .ofs_x = 1, .ofs_y = 0},
    {.bitmap_index = 34111, .adv_w = 191, .box_w = 11, .box_h = 11, .ofs_x = 1, .ofs_y = 0},
    {.bitmap_index = 34172, .adv_w = 205, .box_w = 11, .box_h = 11, .ofs_x = 0, .ofs_y = 0},
    {.bitmap_index = 34233, .adv_w = 255, .box_w = 14, .box_h = 11, .ofs_x = 1, .ofs_y = 0},
    {.bitmap_index = 34310, .adv_w = 218, .box_w = 11, .box_h = 11, .ofs_x = 1, .ofs_y = 0},
    {.bitmap_index = 34371, .adv_w = 205, .box_w = 12, .box_h = 11, .ofs_x = 0, .ofs_y = 0},
    {.bitmap_index = 34437, .adv_w = 217, .box_w = 11, .box_h = 11, .ofs_x = 1, .ofs_y = 0},
    {.bitmap_index = 34498, .adv_w = 220, .box_w = 12, .box_h = 15, .ofs_x = 1, .ofs_y = -4},
    {.bitmap_index = 34588, .adv_w = 183, .box_w = 11, .box_h = 11, .ofs_x = 0, .ofs_y = 0},
    {.bitmap_index = 34649, .adv_w = 158, .box_w = 10, .box_h = 11, .ofs_x = 0, .ofs_y = 0},
    {.bitmap_index = 34704, .adv_w = 183, .box_w = 13, .box_h = 15, .ofs_x = -1, .ofs_y = -4},
    {.bitmap_index = 34802, .adv_w = 258, .box_w = 16, .box_h = 19, .ofs_x = 0, .ofs_y = -4},
    {.bitmap_index = 34954, .adv_w = 173, .box_w = 11, .box_h = 11, .ofs_x = 0, .ofs_y = 0},
    {.bitmap_index = 35015, .adv_w = 221, .box_w = 13, .box_h = 14, .ofs_x = 1, .ofs_y = -3},
    {.bitmap_index = 35106, .adv_w = 195, .box_w = 11, .box_h = 11, .ofs_x = 0, .ofs_y = 0},
    {.bitmap_index = 35167, .adv_w = 301, .box_w = 16, .box_h = 11, .ofs_x = 1, .ofs_y = 0},
    {.bitmap_index = 35255, .adv_w = 301, .box_w = 18, .box_h = 14, .ofs_x = 1, .ofs_y = -3},
    {.bitmap_index = 35381, .adv_w = 204, .box_w = 13, .box_h = 11, .ofs_x = 0, .ofs_y = 0},
    {.bitmap_index = 35453, .adv_w = 258, .box_w = 14, .box_h = 11, .ofs_x = 1, .ofs_y = 0},
    {.bitmap_index = 35530, .adv_w = 184, .box_w = 10, .box_h = 11, .ofs_x = 1, .ofs_y = 0},
    {.bitmap_index = 35585, .adv_w = 184, .box_w = 11, .box_h = 11, .ofs_x = 0, .ofs_y = 0},
    {.bitmap_index = 35646, .adv_w = 280, .box_w = 16, .box_h = 11, .ofs_x = 1, .ofs_y = 0},
    {.bitmap_index = 35734, .adv_w = 196, .box_w = 11, .box_h = 11, .ofs_x = 0, .ofs_y = 0},
    {.bitmap_index = 35795, .adv_w = 202, .box_w = 12, .box_h = 16, .ofs_x = 0, .ofs_y = 0},
    {.bitmap_index = 35891, .adv_w = 201, .box_w = 12, .box_h = 14, .ofs_x = 0, .ofs_y = 0},
    {.bitmap_index = 35975, .adv_w = 216, .box_w = 13, .box_h = 20, .ofs_x = -1, .ofs_y = -4},
    {.bitmap_index = 36105, .adv_w = 156, .box_w = 9, .box_h = 15, .ofs_x = 1, .ofs_y = 0},
    {.bitmap_index = 36173, .adv_w = 185, .box_w = 12, .box_h = 11, .ofs_x = 0, .ofs_y = 0},
    {.bitmap_index = 36239, .adv_w = 172, .box_w = 10, .box_h = 11, .ofs_x = 0, .ofs_y = 0},
    {.bitmap_index = 36294, .adv_w = 91, .box_w = 4, .box_h = 16, .ofs_x = 1, .ofs_y = 0},
    {.bitmap_index = 36326, .adv_w = 89, .box_w = 6, .box_h = 14, .ofs_x = 0, .ofs_y = 0},
    {.bitmap_index = 36368, .adv_w = 91, .box_w = 7, .box_h = 20, .ofs_x = -2, .ofs_y = -4},
    {.bitmap_index = 36438, .adv_w = 299, .box_w = 19, .box_h = 11, .ofs_x = 0, .ofs_y = 0},
    {.bitmap_index = 36543, .adv_w = 305, .box_w = 18, .box_h = 11, .ofs_x = 1, .ofs_y = 0},
    {.bitmap_index = 36642, .adv_w = 216, .box_w = 13, .box_h = 16, .ofs_x = -1, .ofs_y = 0},
    {.bitmap_index = 36746, .adv_w = 191, .box_w = 11, .box_h = 15, .ofs_x = 1, .ofs_y = 0},
    {.bitmap_index = 36829, .adv_w = 222, .box_w = 12, .box_h = 15, .ofs_x = 1, .ofs_y = 0},
    {.bitmap_index = 36919, .adv_w = 183, .box_w = 13, .box_h = 20, .ofs_x = -1, .ofs_y = -4},
    {.bitmap_index = 37049, .adv_w = 207, .box_w = 11, .box_h = 14, .ofs_x = 1, .ofs_y = -3},
    {.bitmap_index = 37126, .adv_w = 260, .box_w = 16, .box_h = 16, .ofs_x = 0, .ofs_y = 0},
    {.bitmap_index = 37254, .adv_w = 196, .box_w = 12, .box_h = 16, .ofs_x = 0, .ofs_y = 0},
    {.bitmap_index = 37350, .adv_w = 288, .box_w = 18, .box_h = 14, .ofs_x = 0, .ofs_y = 0},
    {.bitmap_index = 37476, .adv_w = 225, .box_w = 14, .box_h = 11, .ofs_x = 0, .ofs_y = 0},
    {.bitmap_index = 37553, .adv_w = 271, .box_w = 15, .box_h = 14, .ofs_x = 1, .ofs_y = 0},
    {.bitmap_index = 37658, .adv_w = 208, .box_w = 12, .box_h = 11, .ofs_x = 0, .ofs_y = 0},
    {.bitmap_index = 37724, .adv_w = 244, .box_w = 15, .box_h = 15, .ofs_x = 0, .ofs_y = 0},
    {.bitmap_index = 37837, .adv_w = 191, .box_w = 12, .box_h = 12, .ofs_x = 0, .ofs_y = 0},
    {.bitmap_index = 37909, .adv_w = 269, .box_w = 15, .box_h = 21, .ofs_x = 2, .ofs_y = -3},
    {.bitmap_index = 38067, .adv_w = 229, .box_w = 13, .box_h = 18, .ofs_x = 1, .ofs_y = -3},
    {.bitmap_index = 38184, .adv_w = 236, .box_w = 14, .box_h = 16, .ofs_x = 0, .ofs_y = 0},
    {.bitmap_index = 38296, .adv_w = 194, .box_w = 12, .box_h = 11, .ofs_x = 0, .ofs_y = 0},
    {.bitmap_index = 38362, .adv_w = 235, .box_w = 12, .box_h = 14, .ofs_x = 2, .ofs_y = 0},
    {.bitmap_index = 38446, .adv_w = 224, .box_w = 12, .box_h = 15, .ofs_x = 1, .ofs_y = -4},
    {.bitmap_index = 38536, .adv_w = 186, .box_w = 10, .box_h = 18, .ofs_x = 2, .ofs_y = 0},
    {.bitmap_index = 38626, .adv_w = 149, .box_w = 9, .box_h = 13, .ofs_x = 1, .ofs_y = 0},
    {.bitmap_index = 38685, .adv_w = 198, .box_w = 12, .box_h = 14, .ofs_x = 0, .ofs_y = 0},
    {.bitmap_index = 38769, .adv_w = 165, .box_w = 10, .box_h = 11, .ofs_x = 0, .ofs_y = 0},
    {.bitmap_index = 38824, .adv_w = 225, .box_w = 12, .box_h = 18, .ofs_x = 2, .ofs_y = -4},
    {.bitmap_index = 38932, .adv_w = 192, .box_w = 11, .box_h = 16, .ofs_x = 1, .ofs_y = -5},
    {.bitmap_index = 39020, .adv_w = 341, .box_w = 22, .box_h = 17, .ofs_x = 0, .ofs_y = -3},
    {.bitmap_index = 39207, .adv_w = 282, .box_w = 18, .box_h = 14, .ofs_x = 0, .ofs_y = -3},
    {.bitmap_index = 39333, .adv_w = 203, .box_w = 12, .box_h = 17, .ofs_x = 0, .ofs_y = -3},
    {.bitmap_index = 39435, .adv_w = 174, .box_w = 10, .box_h = 13, .ofs_x = 0, .ofs_y = -2},
    {.bitmap_index = 39500, .adv_w = 242, .box_w = 13, .box_h = 17, .ofs_x = 2, .ofs_y = -3},
    {.bitmap_index = 39611, .adv_w = 191, .box_w = 12, .box_h = 14, .ofs_x = 1, .ofs_y = -3},
    {.bitmap_index = 39695, .adv_w = 237, .box_w = 13, .box_h = 14, .ofs_x = 2, .ofs_y = 0},
    {.bitmap_index = 39786, .adv_w = 196, .box_w = 12, .box_h = 11, .ofs_x = 1, .ofs_y = 0},
    {.bitmap_index = 39852, .adv_w = 235, .box_w = 15, .box_h = 14, .ofs_x = 0, .ofs_y = 0},
    {.bitmap_index = 39957, .adv_w = 191, .box_w = 12, .box_h = 16, .ofs_x = 0, .ofs_y = 0},
    {.bitmap_index = 40053, .adv_w = 265, .box_w = 17, .box_h = 14, .ofs_x = 0, .ofs_y = 0},
    {.bitmap_index = 40172, .adv_w = 214, .box_w = 14, .box_h = 11, .ofs_x = 0, .ofs_y = 0},
    {.bitmap_index = 40249, .adv_w = 271, .box_w = 15, .box_h = 17, .ofs_x = 2, .ofs_y = -3},
    {.bitmap_index = 40377, .adv_w = 224, .box_w = 13, .box_h = 14, .ofs_x = 1, .ofs_y = -3},
    {.bitmap_index = 40468, .adv_w = 348, .box_w = 20, .box_h = 14, .ofs_x = 2, .ofs_y = 0},
    {.bitmap_index = 40608, .adv_w = 284, .box_w = 17, .box_h = 11, .ofs_x = 1, .ofs_y = 0},
    {.bitmap_index = 40702, .adv_w = 383, .box_w = 22, .box_h = 18, .ofs_x = 2, .ofs_y = -4},
    {.bitmap_index = 40900, .adv_w = 312, .box_w = 19, .box_h = 16, .ofs_x = 1, .ofs_y = -5},
    {.bitmap_index = 41052, .adv_w = 312, .box_w = 18, .box_h = 14, .ofs_x = 1, .ofs_y = 0},
    {.bitmap_index = 41178, .adv_w = 254, .box_w = 15, .box_h = 11, .ofs_x = 0, .ofs_y = 0},
    {.bitmap_index = 41261, .adv_w = 230, .box_w = 13, .box_h = 17, .ofs_x = 1, .ofs_y = -3},
    {.bitmap_index = 41372, .adv_w = 183, .box_w = 11, .box_h = 13, .ofs_x = 0, .ofs_y = -2},
    {.bitmap_index = 41444, .adv_w = 193, .box_w = 12, .box_h = 17, .ofs_x = 0, .ofs_y = -3},
    {.bitmap_index = 41546, .adv_w = 158, .box_w = 10, .box_h = 14, .ofs_x = 0, .ofs_y = -3},
    {.bitmap_index = 41616, .adv_w = 213, .box_w = 14, .box_h = 14, .ofs_x = 0, .ofs_y = 0},
    {.bitmap_index = 41714, .adv_w = 184, .box_w = 12, .box_h = 15, .ofs_x = 0, .ofs_y = -4},
    {.bitmap_index = 41804, .adv_w = 213, .box_w = 14, .box_h = 14, .ofs_x = 0, .ofs_y = 0},
    {.bitmap_index = 41902, .adv_w = 184, .box_w = 12, .box_h = 15, .ofs_x = 0, .ofs_y = -4},
    {.bitmap_index = 41992, .adv_w = 226, .box_w = 14, .box_h = 17, .ofs_x = 0, .ofs_y = -3},
    {.bitmap_index = 42111, .adv_w = 173, .box_w = 12, .box_h = 14, .ofs_x = 0, .ofs_y = -3},
    {.bitmap_index = 42195, .adv_w = 312, .box_w = 19, .box_h = 18, .ofs_x = 0, .ofs_y = -4},
    {.bitmap_index = 42366, .adv_w = 247, .box_w = 15, .box_h = 14, .ofs_x = 0, .ofs_y = -3},
    {.bitmap_index = 42471, .adv_w = 238, .box_w = 15, .box_h = 17, .ofs_x = 0, .ofs_y = -3},
    {.bitmap_index = 42599, .adv_w = 203, .box_w = 12, .box_h = 14, .ofs_x = 0, .ofs_y = -3},
    {.bitmap_index = 42683, .adv_w = 236, .box_w = 13, .box_h = 14, .ofs_x = 0, .ofs_y = 0},
    {.bitmap_index = 42774, .adv_w = 195, .box_w = 11, .box_h = 11, .ofs_x = 0, .ofs_y = 0},
    {.bitmap_index = 42835, .adv_w = 236, .box_w = 12, .box_h = 14, .ofs_x = 2, .ofs_y = 0},
    {.bitmap_index = 42919, .adv_w = 216, .box_w = 11, .box_h = 16, .ofs_x = 1, .ofs_y = 0},
    {.bitmap_index = 43007, .adv_w = 316, .box_w = 19, .box_h = 14, .ofs_x = 0, .ofs_y = 0},
    {.bitmap_index = 43140, .adv_w = 247, .box_w = 15, .box_h = 11, .ofs_x = 0, .ofs_y = 0},
    {.bitmap_index = 43223, .adv_w = 316, .box_w = 19, .box_h = 17, .ofs_x = 0, .ofs_y = -3},
    {.bitmap_index = 43385, .adv_w = 247, .box_w = 15, .box_h = 13, .ofs_x = 0, .ofs_y = -2},
    {.bitmap_index = 43483, .adv_w = 102, .box_w = 3, .box_h = 14, .ofs_x = 2, .ofs_y = 0},
    {.bitmap_index = 43504, .adv_w = 329, .box_w = 21, .box_h = 18, .ofs_x = 0, .ofs_y = 0},
    {.bitmap_index = 43693, .adv_w = 272, .box_w = 17, .box_h = 15, .ofs_x = 0, .ofs_y = 0},
    {.bitmap_index = 43821, .adv_w = 228, .box_w = 12, .box_h = 18, .ofs_x = 2, .ofs_y = -4},
    {.bitmap_index = 43929, .adv_w = 191, .box_w = 11, .box_h = 15, .ofs_x = 1, .ofs_y = -4},
    {.bitmap_index = 44012, .adv_w = 258, .box_w = 16, .box_h = 18, .ofs_x = 0, .ofs_y = -4},
    {.bitmap_index = 44156, .adv_w = 212, .box_w = 13, .box_h = 14, .ofs_x = 0, .ofs_y = -3},
    {.bitmap_index = 44247, .adv_w = 262, .box_w = 13, .box_h = 19, .ofs_x = 2, .ofs_y = -5},
    {.bitmap_index = 44371, .adv_w = 220, .box_w = 11, .box_h = 15, .ofs_x = 1, .ofs_y = -4},
    {.bitmap_index = 44454, .adv_w = 268, .box_w = 15, .box_h = 17, .ofs_x = 2, .ofs_y = -3},
    {.bitmap_index = 44582, .adv_w = 225, .box_w = 13, .box_h = 14, .ofs_x = 1, .ofs_y = -3},
    {.bitmap_index = 44673, .adv_w = 234, .box_w = 12, .box_h = 17, .ofs_x = 1, .ofs_y = -3},
    {.bitmap_index = 44775, .adv_w = 194, .box_w = 11, .box_h = 13, .ofs_x = 0, .ofs_y = -2},
    {.bitmap_index = 44847, .adv_w = 316, .box_w = 18, .box_h = 17, .ofs_x = 2, .ofs_y = -3},
    {.bitmap_index = 45000, .adv_w = 265, .box_w = 15, .box_h = 14, .ofs_x = 1, .ofs_y = -3},
    {.bitmap_index = 45105, .adv_w = 91, .box_w = 3, .box_h = 16, .ofs_x = 1, .ofs_y = 0},
    {.bitmap_index = 45129, .adv_w = 243, .box_w = 15, .box_h = 18, .ofs_x = 0, .ofs_y = 0},
    {.bitmap_index = 45264, .adv_w = 188, .box_w = 11, .box_h = 16, .ofs_x = 0, .ofs_y = 0},
    {.bitmap_index = 45352, .adv_w = 243, .box_w = 15, .box_h = 18, .ofs_x = 0, .ofs_y = 0},
    {.bitmap_index = 45487, .adv_w = 188, .box_w = 11, .box_h = 14, .ofs_x = 0, .ofs_y = 0},
    {.bitmap_index = 45564, .adv_w = 335, .box_w = 20, .box_h = 14, .ofs_x = 0, .ofs_y = 0},
    {.bitmap_index = 45704, .adv_w = 318, .box_w = 19, .box_h = 11, .ofs_x = 0, .ofs_y = 0},
    {.bitmap_index = 45809, .adv_w = 213, .box_w = 11, .box_h = 18, .ofs_x = 2, .ofs_y = 0},
    {.bitmap_index = 45908, .adv_w = 202, .box_w = 12, .box_h = 16, .ofs_x = 0, .ofs_y = 0},
    {.bitmap_index = 46004, .adv_w = 263, .box_w = 16, .box_h = 14, .ofs_x = 0, .ofs_y = 0},
    {.bitmap_index = 46116, .adv_w = 196, .box_w = 12, .box_h = 11, .ofs_x = 0, .ofs_y = 0},
    {.bitmap_index = 46182, .adv_w = 263, .box_w = 16, .box_h = 19, .ofs_x = 0, .ofs_y = 0},
    {.bitmap_index = 46334, .adv_w = 196, .box_w = 12, .box_h = 14, .ofs_x = 0, .ofs_y = 0},
    {.bitmap_index = 46418, .adv_w = 329, .box_w = 21, .box_h = 18, .ofs_x = 0, .ofs_y = 0},
    {.bitmap_index = 46607, .adv_w = 272, .box_w = 17, .box_h = 14, .ofs_x = 0, .ofs_y = 0},
    {.bitmap_index = 46726, .adv_w = 203, .box_w = 12, .box_h = 19, .ofs_x = 0, .ofs_y = 0},
    {.bitmap_index = 46840, .adv_w = 174, .box_w = 10, .box_h = 14, .ofs_x = 0, .ofs_y = 0},
    {.bitmap_index = 46910, .adv_w = 200, .box_w = 12, .box_h = 14, .ofs_x = 0, .ofs_y = 0},
    {.bitmap_index = 46994, .adv_w = 169, .box_w = 11, .box_h = 15, .ofs_x = -1, .ofs_y = -4},
    {.bitmap_index = 47077, .adv_w = 263, .box_w = 13, .box_h = 18, .ofs_x = 2, .ofs_y = 0},
    {.bitmap_index = 47194, .adv_w = 222, .box_w = 12, .box_h = 14, .ofs_x = 1, .ofs_y = 0},
    {.bitmap_index = 47278, .adv_w = 263, .box_w = 13, .box_h = 18, .ofs_x = 2, .ofs_y = 0},
    {.bitmap_index = 47395, .adv_w = 222, .box_w = 12, .box_h = 14, .ofs_x = 1, .ofs_y = 0},
    {.bitmap_index = 47479, .adv_w = 271, .box_w = 15, .box_h = 19, .ofs_x = 1, .ofs_y = 0},
    {.bitmap_index = 47622, .adv_w = 205, .box_w = 12, .box_h = 14, .ofs_x = 0, .ofs_y = 0},
    {.bitmap_index = 47706, .adv_w = 271, .box_w = 15, .box_h = 14, .ofs_x = 1, .ofs_y = 0},
    {.bitmap_index = 47811, .adv_w = 205, .box_w = 12, .box_h = 11, .ofs_x = 0, .ofs_y = 0},
    {.bitmap_index = 47877, .adv_w = 271, .box_w = 15, .box_h = 19, .ofs_x = 1, .ofs_y = 0},
    {.bitmap_index = 48020, .adv_w = 205, .box_w = 12, .box_h = 14, .ofs_x = 0, .ofs_y = 0},
    {.bitmap_index = 48104, .adv_w = 226, .box_w = 14, .box_h = 19, .ofs_x = 0, .ofs_y = 0},
    {.bitmap_index = 48237, .adv_w = 184, .box_w = 11, .box_h = 14, .ofs_x = 0, .ofs_y = 0},
    {.bitmap_index = 48314, .adv_w = 221, .box_w = 14, .box_h = 19, .ofs_x = 0, .ofs_y = -1},
    {.bitmap_index = 48447, .adv_w = 183, .box_w = 13, .box_h = 18, .ofs_x = -1, .ofs_y = -4},
    {.bitmap_index = 48564, .adv_w = 221, .box_w = 14, .box_h = 19, .ofs_x = 0, .ofs_y = -1},
    {.bitmap_index = 48697, .adv_w = 183, .box_w = 13, .box_h = 18, .ofs_x = -1, .ofs_y = -4},
    {.bitmap_index = 48814, .adv_w = 221, .box_w = 14, .box_h = 19, .ofs_x = 0, .ofs_y = -1},
    {.bitmap_index = 48947, .adv_w = 183, .box_w = 13, .box_h = 19, .ofs_x = -1, .ofs_y = -4},
    {.bitmap_index = 49071, .adv_w = 230, .box_w = 13, .box_h = 18, .ofs_x = 0, .ofs_y = 0},
    {.bitmap_index = 49188, .adv_w = 195, .box_w = 11, .box_h = 14, .ofs_x = 0, .ofs_y = 0},
    {.bitmap_index = 49265, .adv_w = 185, .box_w = 10, .box_h = 17, .ofs_x = 2, .ofs_y = -3},
    {.bitmap_index = 49350, .adv_w = 156, .box_w = 9, .box_h = 14, .ofs_x = 1, .ofs_y = -3},
    {.bitmap_index = 49413, .adv_w = 318, .box_w = 16, .box_h = 18, .ofs_x = 2, .ofs_y = 0},
    {.bitmap_index = 49557, .adv_w = 258, .box_w = 14, .box_h = 14, .ofs_x = 1, .ofs_y = 0},
    {.bitmap_index = 49655, .adv_w = 198, .box_w = 12, .box_h = 18, .ofs_x = 0, .ofs_y = -4},
    {.bitmap_index = 49763, .adv_w = 157, .box_w = 10, .box_h = 15, .ofs_x = 0, .ofs_y = -4},
    {.bitmap_index = 49838, .adv_w = 215, .box_w = 13, .box_h = 18, .ofs_x = 0, .ofs_y = -4},
    {.bitmap_index = 49955, .adv_w = 173, .box_w = 11, .box_h = 15, .ofs_x = 0, .ofs_y = -4},
    {.bitmap_index = 50038, .adv_w = 219, .box_w = 14, .box_h = 14, .ofs_x = 0, .ofs_y = 0},
    {.bitmap_index = 50136, .adv_w = 182, .box_w = 11, .box_h = 11, .ofs_x = 0, .ofs_y = 0},
    {.bitmap_index = 50197, .adv_w = 205, .box_w = 12, .box_h = 16, .ofs_x = 1, .ofs_y = 0},
    {.bitmap_index = 50293, .adv_w = 174, .box_w = 10, .box_h = 11, .ofs_x = 1, .ofs_y = 0},
    {.bitmap_index = 50348, .adv_w = 253, .box_w = 14, .box_h = 18, .ofs_x = 0, .ofs_y = -4},
    {.bitmap_index = 50474, .adv_w = 205, .box_w = 11, .box_h = 15, .ofs_x = 0, .ofs_y = -4},
    {.bitmap_index = 50557, .adv_w = 273, .box_w = 16, .box_h = 17, .ofs_x = 1, .ofs_y = -3},
    {.bitmap_index = 50693, .adv_w = 220, .box_w = 12, .box_h = 15, .ofs_x = 0, .ofs_y = -4},
    {.bitmap_index = 50783, .adv_w = 347, .box_w = 22, .box_h = 14, .ofs_x = 0, .ofs_y = 0},
    {.bitmap_index = 50937, .adv_w = 299, .box_w = 19, .box_h = 11, .ofs_x = 0, .ofs_y = 0},
    {.bitmap_index = 51042, .adv_w = 271, .box_w = 15, .box_h = 17, .ofs_x = 2, .ofs_y = -3},
    {.bitmap_index = 51170, .adv_w = 217, .box_w = 13, .box_h = 14, .ofs_x = 1, .ofs_y = -3},
    {.bitmap_index = 51261, .adv_w = 258, .box_w = 14, .box_h = 17, .ofs_x = 2, .ofs_y = -3},
    {.bitmap_index = 51380, .adv_w = 224, .box_w = 13, .box_h = 19, .ofs_x = 1, .ofs_y = -3},
    {.bitmap_index = 51504, .adv_w = 262, .box_w = 17, .box_h = 19, .ofs_x = -2, .ofs_y = -5},
    {.bitmap_index = 51666, .adv_w = 218, .box_w = 14, .box_h = 15, .ofs_x = -2, .ofs_y = -4},
    {.bitmap_index = 51771, .adv_w = 261, .box_w = 16, .box_h = 17, .ofs_x = 0, .ofs_y = -3},
    {.bitmap_index = 51907, .adv_w = 212, .box_w = 13, .box_h = 13, .ofs_x = 0, .ofs_y = -2},
    {.bitmap_index = 51992, .adv_w = 320, .box_w = 16, .box_h = 17, .ofs_x = 2, .ofs_y = -1},
    {.bitmap_index = 52128, .adv_w = 320, .box_w = 7, .box_h = 7, .ofs_x = 0, .ofs_y = -2},
    {.bitmap_index = 52153, .adv_w = 320, .box_w = 7, .box_h = 7, .ofs_x = 0, .ofs_y = -2},
    {.bitmap_index = 52178, .adv_w = 320, .box_w = 16, .box_h = 17, .ofs_x = 2, .ofs_y = -1},
    {.bitmap_index = 52314, .adv_w = 320, .box_w = 8, .box_h = 13, .ofs_x = 12, .ofs_y = 4},
    {.bitmap_index = 52366, .adv_w = 320, .box_w = 8, .box_h = 13, .ofs_x = 0, .ofs_y = -2},
    {.bitmap_index = 52418, .adv_w = 320, .box_w = 15, .box_h = 15, .ofs_x = 3, .ofs_y = -1},
    {.bitmap_index = 52531, .adv_w = 320, .box_w = 17, .box_h = 19, .ofs_x = 2, .ofs_y = -2},
    {.bitmap_index = 52693, .adv_w = 320, .box_w = 15, .box_h = 13, .ofs_x = 3, .ofs_y = -1},
    {.bitmap_index = 52791, .adv_w = 320, .box_w = 17, .box_h = 16, .ofs_x = 2, .ofs_y = -1},
    {.bitmap_index = 52927, .adv_w = 320, .box_w = 12, .box_h = 15, .ofs_x = 4, .ofs_y = -2},
    {.bitmap_index = 53017, .adv_w = 320, .box_w = 14, .box_h = 18, .ofs_x = 3, .ofs_y = -2},
    {.bitmap_index = 53143, .adv_w = 320, .box_w = 15, .box_h = 15, .ofs_x = 3, .ofs_y = -2},
    {.bitmap_index = 53256, .adv_w = 320, .box_w = 17, .box_h = 17, .ofs_x = 2, .ofs_y = -1},
    {.bitmap_index = 53401, .adv_w = 320, .box_w = 16, .box_h = 14, .ofs_x = 3, .ofs_y = -2},
    {.bitmap_index = 53513, .adv_w = 320, .box_w = 18, .box_h = 18, .ofs_x = 1, .ofs_y = -1},
    {.bitmap_index = 53675, .adv_w = 320, .box_w = 19, .box_h = 17, .ofs_x = 1, .ofs_y = -1},
    {.bitmap_index = 53837, .adv_w = 320, .box_w = 20, .box_h = 19, .ofs_x = 0, .ofs_y = -1},
    {.bitmap_index = 54027, .adv_w = 320, .box_w = 15, .box_h = 19, .ofs_x = 3, .ofs_y = -2},
    {.bitmap_index = 54170, .adv_w = 320, .box_w = 18, .box_h = 19, .ofs_x = 2, .ofs_y = -2},
    {.bitmap_index = 54341, .adv_w = 320, .box_w = 12, .box_h = 19, .ofs_x = 3, .ofs_y = -2},
    {.bitmap_index = 54455, .adv_w = 320, .box_w = 15, .box_h = 19, .ofs_x = 3, .ofs_y = -2},
    {.bitmap_index = 54598, .adv_w = 320, .box_w = 17, .box_h = 18, .ofs_x = 2, .ofs_y = -2},
    {.bitmap_index = 54751, .adv_w = 320, .box_w = 19, .box_h = 19, .ofs_x = 1, .ofs_y = -2},
    {.bitmap_index = 54932, .adv_w = 320, .box_w = 14, .box_h = 16, .ofs_x = 3, .ofs_y = -1},
    {.bitmap_index = 55044, .adv_w = 320, .box_w = 18, .box_h = 19, .ofs_x = 2, .ofs_y = -1},
    {.bitmap_index = 55215, .adv_w = 320, .box_w = 15, .box_h = 18, .ofs_x = 3, .ofs_y = -1},
    {.bitmap_index = 55350, .adv_w = 320, .box_w = 18, .box_h = 20, .ofs_x = 2, .ofs_y = -2},
    {.bitmap_index = 55530, .adv_w = 320, .box_w = 15, .box_h = 17, .ofs_x = 4, .ofs_y = -2},
    {.bitmap_index = 55658, .adv_w = 320, .box_w = 14, .box_h = 17, .ofs_x = 4, .ofs_y = -2},
    {.bitmap_index = 55777, .adv_w = 320, .box_w = 17, .box_h = 18, .ofs_x = 2, .ofs_y = -2},
    {.bitmap_index = 55930, .adv_w = 320, .box_w = 18, .box_h = 19, .ofs_x = 1, .ofs_y = -2},
    {.bitmap_index = 56101, .adv_w = 320, .box_w = 19, .box_h = 17, .ofs_x = 0, .ofs_y = -1},
    {.bitmap_index = 56263, .adv_w = 320, .box_w = 20, .box_h = 17, .ofs_x = 0, .ofs_y = -1},
    {.bitmap_index = 56433, .adv_w = 320, .box_w = 17, .box_h = 18, .ofs_x = 1, .ofs_y = -2},
    {.bitmap_index = 56586, .adv_w = 320, .box_w = 18, .box_h = 18, .ofs_x = 1, .ofs_y = -2},
    {.bitmap_index = 56748, .adv_w = 320, .box_w = 18, .box_h = 19, .ofs_x = 1, .ofs_y = -2},
    {.bitmap_index = 56919, .adv_w = 320, .box_w = 19, .box_h = 18, .ofs_x = 1, .ofs_y = -2},
    {.bitmap_index = 57090, .adv_w = 320, .box_w = 16, .box_h = 17, .ofs_x = 2, .ofs_y = -1},
    {.bitmap_index = 57226, .adv_w = 320, .box_w = 19, .box_h = 20, .ofs_x = 1, .ofs_y = -2},
    {.bitmap_index = 57416, .adv_w = 320, .box_w = 15, .box_h = 12, .ofs_x = 3, .ofs_y = -1},
    {.bitmap_index = 57506, .adv_w = 320, .box_w = 18, .box_h = 14, .ofs_x = 1, .ofs_y = 0},
    {.bitmap_index = 57632, .adv_w = 320, .box_w = 20, .box_h = 18, .ofs_x = 0, .ofs_y = -1},
    {.bitmap_index = 57812, .adv_w = 320, .box_w = 17, .box_h = 16, .ofs_x = 1, .ofs_y = -1},
    {.bitmap_index = 57948, .adv_w = 320, .box_w = 18, .box_h = 16, .ofs_x = 1, .ofs_y = -1},
    {.bitmap_index = 58092, .adv_w = 320, .box_w = 14, .box_h = 17, .ofs_x = 3, .ofs_y = -1},
    {.bitmap_index = 58211, .adv_w = 320, .box_w = 17, .box_h = 18, .ofs_x = 3, .ofs_y = -1},
    {.bitmap_index = 58364, .adv_w = 320, .box_w = 18, .box_h = 19, .ofs_x = 1, .ofs_y = -2},
    {.bitmap_index = 58535, .adv_w = 320, .box_w = 17, .box_h = 17, .ofs_x = 2, .ofs_y = -1},
    {.bitmap_index = 58680, .adv_w = 320, .box_w = 19, .box_h = 17, .ofs_x = 1, .ofs_y = -1},
    {.bitmap_index = 58842, .adv_w = 320, .box_w = 20, .box_h = 18, .ofs_x = 0, .ofs_y = -1},
    {.bitmap_index = 59022, .adv_w = 320, .box_w = 18, .box_h = 16, .ofs_x = 1, .ofs_y = -1},
    {.bitmap_index = 59166, .adv_w = 320, .box_w = 18, .box_h = 17, .ofs_x = 2, .ofs_y = -1},
    {.bitmap_index = 59319, .adv_w = 320, .box_w = 19, .box_h = 19, .ofs_x = 1, .ofs_y = -2},
    {.bitmap_index = 59500, .adv_w = 320, .box_w = 19, .box_h = 19, .ofs_x = 1, .ofs_y = -2},
    {.bitmap_index = 59681, .adv_w = 320, .box_w = 18, .box_h = 17, .ofs_x = 2, .ofs_y = -2},
    {.bitmap_index = 59834, .adv_w = 320, .box_w = 19, .box_h = 19, .ofs_x = 1, .ofs_y = -2},
    {.bitmap_index = 60015, .adv_w = 320, .box_w = 19, .box_h = 19, .ofs_x = 1, .ofs_y = -2},
    {.bitmap_index = 60196, .adv_w = 320, .box_w = 20, .box_h = 17, .ofs_x = 0, .ofs_y = -1},
    {.bitmap_index = 60366, .adv_w = 320, .box_w = 20, .box_h = 17, .ofs_x = 0, .ofs_y = -1},
    {.bitmap_index = 60536, .adv_w = 320, .box_w = 20, .box_h = 17, .ofs_x = 0, .ofs_y = -1},
    {.bitmap_index = 60706, .adv_w = 320, .box_w = 20, .box_h = 14, .ofs_x = 0, .ofs_y = 0},
    {.bitmap_index = 60846, .adv_w = 320, .box_w = 19, .box_h = 15, .ofs_x = 0, .ofs_y = 0},
    {.bitmap_index = 60989, .adv_w = 320, .box_w = 19, .box_h = 16, .ofs_x = 0, .ofs_y = -1},
    {.bitmap_index = 61141, .adv_w = 320, .box_w = 18, .box_h = 17, .ofs_x = 2, .ofs_y = -1},
    {.bitmap_index = 61294, .adv_w = 320, .box_w = 19, .box_h = 19, .ofs_x = 1, .ofs_y = -2},
    {.bitmap_index = 61475, .adv_w = 320, .box_w = 19, .box_h = 20, .ofs_x = 1, .ofs_y = -2},
    {.bitmap_index = 61665, .adv_w = 320, .box_w = 15, .box_h = 18, .ofs_x = 3, .ofs_y = -2},
    {.bitmap_index = 61800, .adv_w = 320, .box_w = 19, .box_h = 18, .ofs_x = 1, .ofs_y = -2},
    {.bitmap_index = 61971, .adv_w = 320, .box_w = 18, .box_h = 17, .ofs_x = 1, .ofs_y = -1},
    {.bitmap_index = 62124, .adv_w = 320, .box_w = 18, .box_h = 18, .ofs_x = 1, .ofs_y = -2},
    {.bitmap_index = 62286, .adv_w = 320, .box_w = 17, .box_h = 19, .ofs_x = 1, .ofs_y = -2},
    {.bitmap_index = 62448, .adv_w = 320, .box_w = 15, .box_h = 15, .ofs_x = 2, .ofs_y = -2},
    {.bitmap_index = 62561, .adv_w = 320, .box_w = 19, .box_h = 19, .ofs_x = 0, .ofs_y = -2},
    {.bitmap_index = 62742, .adv_w = 320, .box_w = 15, .box_h = 15, .ofs_x = 3, .ofs_y = -2},
    {.bitmap_index = 62855, .adv_w = 320, .box_w = 17, .box_h = 18, .ofs_x = 2, .ofs_y = -2},
    {.bitmap_index = 63008, .adv_w = 320, .box_w = 14, .box_h = 15, .ofs_x = 3, .ofs_y = -2},
    {.bitmap_index = 63113, .adv_w = 320, .box_w = 16, .box_h = 18, .ofs_x = 2, .ofs_y = -2},
    {.bitmap_index = 63257, .adv_w = 320, .box_w = 15, .box_h = 18, .ofs_x = 3, .ofs_y = -2},
    {.bitmap_index = 63392, .adv_w = 320, .box_w = 13, .box_h = 18, .ofs_x = 4, .ofs_y = -2},
    {.bitmap_index = 63509, .adv_w = 320, .box_w = 16, .box_h = 17, .ofs_x = 2, .ofs_y = -1},
    {.bitmap_index = 63645, .adv_w = 320, .box_w = 20, .box_h = 18, .ofs_x = 0, .ofs_y = -1},
    {.bitmap_index = 63825, .adv_w = 320, .box_w = 17, .box_h = 18, .ofs_x = 1, .ofs_y = -2},
    {.bitmap_index = 63978, .adv_w = 320, .box_w = 16, .box_h = 14, .ofs_x = 2, .ofs_y = -1},
    {.bitmap_index = 64090, .adv_w = 320, .box_w = 19, .box_h = 18, .ofs_x = 0, .ofs_y = -1},
    {.bitmap_index = 64261, .adv_w = 320, .box_w = 18, .box_h = 17, .ofs_x = 1, .ofs_y = -1},
    {.bitmap_index = 64414, .adv_w = 320, .box_w = 18, .box_h = 18, .ofs_x = 1, .ofs_y = -2},
    {.bitmap_index = 64576, .adv_w = 320, .box_w = 17, .box_h = 18, .ofs_x = 1, .ofs_y = -1},
    {.bitmap_index = 64729, .adv_w = 320, .box_w = 19, .box_h = 17, .ofs_x = 1, .ofs_y = -1},
    {.bitmap_index = 64891, .adv_w = 320, .box_w = 18, .box_h = 18, .ofs_x = 2, .ofs_y = -2},
    {.bitmap_index = 65053, .adv_w = 320, .box_w = 16, .box_h = 16, .ofs_x = 3, .ofs_y = -3},
    {.bitmap_index = 65181, .adv_w = 320, .box_w = 15, .box_h = 14, .ofs_x = 3, .ofs_y = -2},
    {.bitmap_index = 65286, .adv_w = 0, .box_w = 6, .box_h = 5, .ofs_x = -6, .ofs_y = 13},
    {.bitmap_index = 65301, .adv_w = 0, .box_w = 5, .box_h = 5, .ofs_x = -5, .ofs_y = 13},
    {.bitmap_index = 65314, .adv_w = 320, .box_w = 7, .box_h = 5, .ofs_x = 0, .ofs_y = 12},
    {.bitmap_index = 65332, .adv_w = 320, .box_w = 6, .box_h = 6, .ofs_x = 0, .ofs_y = 11},
    {.bitmap_index = 65350, .adv_w = 320, .box_w = 10, .box_h = 13, .ofs_x = 6, .ofs_y = 1},
    {.bitmap_index = 65415, .adv_w = 320, .box_w = 12, .box_h = 16, .ofs_x = 5, .ofs_y = 0},
    {.bitmap_index = 65511, .adv_w = 320, .box_w = 17, .box_h = 19, .ofs_x = 1, .ofs_y = -2},
    {.bitmap_index = 65673, .adv_w = 320, .box_w = 10, .box_h = 5, .ofs_x = 5, .ofs_y = 5},
    {.bitmap_index = 65698, .adv_w = 320, .box_w = 15, .box_h = 14, .ofs_x = 3, .ofs_y = -2},
    {.bitmap_index = 65803, .adv_w = 320, .box_w = 17, .box_h = 16, .ofs_x = 2, .ofs_y = -1},
    {.bitmap_index = 65939, .adv_w = 320, .box_w = 14, .box_h = 15, .ofs_x = 2, .ofs_y = -2},
    {.bitmap_index = 66044, .adv_w = 320, .box_w = 17, .box_h = 17, .ofs_x = 1, .ofs_y = -1},
    {.bitmap_index = 66189, .adv_w = 320, .box_w = 15, .box_h = 15, .ofs_x = 3, .ofs_y = -2},
    {.bitmap_index = 66302, .adv_w = 320, .box_w = 17, .box_h = 18, .ofs_x = 2, .ofs_y = -1},
    {.bitmap_index = 66455, .adv_w = 320, .box_w = 15, .box_h = 12, .ofs_x = 3, .ofs_y = -1},
    {.bitmap_index = 66545, .adv_w = 320, .box_w = 18, .box_h = 14, .ofs_x = 1, .ofs_y = 0},
    {.bitmap_index = 66671, .adv_w = 320, .box_w = 15, .box_h = 16, .ofs_x = 3, .ofs_y = -3},
    {.bitmap_index = 66791, .adv_w = 320, .box_w = 18, .box_h = 17, .ofs_x = 1, .ofs_y = -1},
    {.bitmap_index = 66944, .adv_w = 320, .box_w = 17, .box_h = 17, .ofs_x = 1, .ofs_y = -1},
    {.bitmap_index = 67089, .adv_w = 320, .box_w = 19, .box_h = 19, .ofs_x = 1, .ofs_y = -2},
    {.bitmap_index = 67270, .adv_w = 320, .box_w = 17, .box_h = 18, .ofs_x = 2, .ofs_y = -2},
    {.bitmap_index = 67423, .adv_w = 320, .box_w = 19, .box_h = 20, .ofs_x = 1, .ofs_y = -2},
    {.bitmap_index = 67613, .adv_w = 320, .box_w = 17, .box_h = 19, .ofs_x = 1, .ofs_y = -2},
    {.bitmap_index = 67775, .adv_w = 320, .box_w = 19, .box_h = 20, .ofs_x = 1, .ofs_y = -2},
    {.bitmap_index = 67965, .adv_w = 320, .box_w = 18, .box_h = 18, .ofs_x = 1, .ofs_y = -2},
    {.bitmap_index = 68127, .adv_w = 320, .box_w = 20, .box_h = 19, .ofs_x = 0, .ofs_y = -2},
    {.bitmap_index = 68317, .adv_w = 320, .box_w = 15, .box_h = 16, .ofs_x = 3, .ofs_y = -1},
    {.bitmap_index = 68437, .adv_w = 320, .box_w = 18, .box_h = 19, .ofs_x = 2, .ofs_y = -1},
    {.bitmap_index = 68608, .adv_w = 320, .box_w = 18, .box_h = 17, .ofs_x = 1, .ofs_y = -1},
    {.bitmap_index = 68761, .adv_w = 320, .box_w = 20, .box_h = 18, .ofs_x = 0, .ofs_y = -2},
    {.bitmap_index = 68941, .adv_w = 320, .box_w = 18, .box_h = 17, .ofs_x = 1, .ofs_y = -1},
    {.bitmap_index = 69094, .adv_w = 320, .box_w = 19, .box_h = 18, .ofs_x = 1, .ofs_y = -1},
    {.bitmap_index = 69265, .adv_w = 320, .box_w = 18, .box_h = 16, .ofs_x = 1, .ofs_y = -1},
    {.bitmap_index = 69409, .adv_w = 320, .box_w = 19, .box_h = 19, .ofs_x = 1, .ofs_y = -1},
    {.bitmap_index = 69590, .adv_w = 320, .box_w = 17, .box_h = 17, .ofs_x = 1, .ofs_y = -1},
    {.bitmap_index = 69735, .adv_w = 320, .box_w = 19, .box_h = 18, .ofs_x = 1, .ofs_y = -1},
    {.bitmap_index = 69906, .adv_w = 320, .box_w = 16, .box_h = 16, .ofs_x = 2, .ofs_y = -1},
    {.bitmap_index = 70034, .adv_w = 320, .box_w = 19, .box_h = 20, .ofs_x = 1, .ofs_y = -2},
    {.bitmap_index = 70224, .adv_w = 320, .box_w = 17, .box_h = 18, .ofs_x = 1, .ofs_y = -1},
    {.bitmap_index = 70377, .adv_w = 320, .box_w = 19, .box_h = 20, .ofs_x = 1, .ofs_y = -2},
    {.bitmap_index = 70567, .adv_w = 320, .box_w = 18, .box_h = 18, .ofs_x = 1, .ofs_y = -2},
    {.bitmap_index = 70729, .adv_w = 320, .box_w = 19, .box_h = 18, .ofs_x = 1, .ofs_y = -2},
    {.bitmap_index = 70900, .adv_w = 320, .box_w = 15, .box_h = 14, .ofs_x = 3, .ofs_y = -2},
    {.bitmap_index = 71005, .adv_w = 320, .box_w = 18, .box_h = 17, .ofs_x = 1, .ofs_y = -1},
    {.bitmap_index = 71158, .adv_w = 320, .box_w = 19, .box_h = 20, .ofs_x = 1, .ofs_y = -2},
    {.bitmap_index = 71348, .adv_w = 320, .box_w = 18, .box_h = 18, .ofs_x = 1, .ofs_y = -2},
    {.bitmap_index = 71510, .adv_w = 320, .box_w = 19, .box_h = 20, .ofs_x = 1, .ofs_y = -2},
    {.bitmap_index = 71700, .adv_w = 320, .box_w = 12, .box_h = 17, .ofs_x = 6, .ofs_y = -1},
    {.bitmap_index = 71802, .adv_w = 320, .box_w = 13, .box_h = 17, .ofs_x = 5, .ofs_y = -1},
    {.bitmap_index = 71913, .adv_w = 320, .box_w = 17, .box_h = 17, .ofs_x = 2, .ofs_y = -1},
    {.bitmap_index = 72058, .adv_w = 320, .box_w = 17, .box_h = 14, .ofs_x = 1, .ofs_y = 0},
    {.bitmap_index = 72177, .adv_w = 320, .box_w = 15, .box_h = 17, .ofs_x = 2, .ofs_y = -2},
    {.bitmap_index = 72305, .adv_w = 320, .box_w = 18, .box_h = 18, .ofs_x = 1, .ofs_y = -2},
    {.bitmap_index = 72467, .adv_w = 320, .box_w = 15, .box_h = 17, .ofs_x = 2, .ofs_y = -1},
    {.bitmap_index = 72595, .adv_w = 320, .box_w = 18, .box_h = 15, .ofs_x = 1, .ofs_y = 0},
    {.bitmap_index = 72730, .adv_w = 320, .box_w = 19, .box_h = 18, .ofs_x = 1, .ofs_y = -1},
    {.bitmap_index = 72901, .adv_w = 320, .box_w = 19, .box_h = 18, .ofs_x = 1, .ofs_y = -1},
    {.bitmap_index = 73072, .adv_w = 320, .box_w = 14, .box_h = 17, .ofs_x = 4, .ofs_y = -1},
    {.bitmap_index = 73191, .adv_w = 320, .box_w = 16, .box_h = 18, .ofs_x = 3, .ofs_y = -1},
    {.bitmap_index = 73335, .adv_w = 320, .box_w = 17, .box_h = 18, .ofs_x = 3, .ofs_y = -1},
    {.bitmap_index = 73488, .adv_w = 320, .box_w = 16, .box_h = 16, .ofs_x = 2, .ofs_y = -1},
    {.bitmap_index = 73616, .adv_w = 320, .box_w = 18, .box_h = 19, .ofs_x = 2, .ofs_y = -1},
    {.bitmap_index = 73787, .adv_w = 320, .box_w = 18, .box_h = 18, .ofs_x = 2, .ofs_y = -1},
    {.bitmap_index = 73949, .adv_w = 320, .box_w = 19, .box_h = 14, .ofs_x = 1, .ofs_y = 0},
    {.bitmap_index = 74082, .adv_w = 320, .box_w = 19, .box_h = 15, .ofs_x = 0, .ofs_y = 0},
    {.bitmap_index = 74225, .adv_w = 320, .box_w = 19, .box_h = 15, .ofs_x = 0, .ofs_y = 0},
    {.bitmap_index = 74368, .adv_w = 320, .box_w = 18, .box_h = 17, .ofs_x = 1, .ofs_y = -1},
    {.bitmap_index = 74521, .adv_w = 320, .box_w = 19, .box_h = 18, .ofs_x = 1, .ofs_y = -1},
    {.bitmap_index = 74692, .adv_w = 320, .box_w = 18, .box_h = 19, .ofs_x = 1, .ofs_y = -1},
    {.bitmap_index = 74863, .adv_w = 320, .box_w = 18, .box_h = 16, .ofs_x = 1, .ofs_y = -1},
    {.bitmap_index = 75007, .adv_w = 320, .box_w = 15, .box_h = 17, .ofs_x = 2, .ofs_y = -1},
    {.bitmap_index = 75135, .adv_w = 320, .box_w = 18, .box_h = 17, .ofs_x = 1, .ofs_y = -1},
    {.bitmap_index = 75288, .adv_w = 320, .box_w = 16, .box_h = 17, .ofs_x = 2, .ofs_y = -1},
    {.bitmap_index = 75424, .adv_w = 320, .box_w = 17, .box_h = 16, .ofs_x = 2, .ofs_y = -1},
    {.bitmap_index = 75560, .adv_w = 320, .box_w = 16, .box_h = 15, .ofs_x = 2, .ofs_y = -2},
    {.bitmap_index = 75680, .adv_w = 320, .box_w = 18, .box_h = 19, .ofs_x = 1, .ofs_y = -2},
    {.bitmap_index = 75851, .adv_w = 320, .box_w = 16, .box_h = 12, .ofs_x = 2, .ofs_y = -1},
    {.bitmap_index = 75947, .adv_w = 320, .box_w = 18, .box_h = 14, .ofs_x = 1, .ofs_y = 0},
    {.bitmap_index = 76073, .adv_w = 320, .box_w = 12, .box_h = 14, .ofs_x = 4, .ofs_y = -2},
    {.bitmap_index = 76157, .adv_w = 320, .box_w = 14, .box_h = 16, .ofs_x = 3, .ofs_y = -1},
    {.bitmap_index = 76269, .adv_w = 320, .box_w = 16, .box_h = 18, .ofs_x = 2, .ofs_y = -2},
    {.bitmap_index = 76413, .adv_w = 320, .box_w = 12, .box_h = 18, .ofs_x = 4, .ofs_y = -2},
    {.bitmap_index = 76521, .adv_w = 320, .box_w = 18, .box_h = 17, .ofs_x = 1, .ofs_y = -1},
    {.bitmap_index = 76674, .adv_w = 320, .box_w = 16, .box_h = 17, .ofs_x = 3, .ofs_y = -1},
    {.bitmap_index = 76810, .adv_w = 320, .box_w = 16, .box_h = 15, .ofs_x = 2, .ofs_y = -1},
    {.bitmap_index = 76930, .adv_w = 320, .box_w = 14, .box_h = 13, .ofs_x = 3, .ofs_y = -2},
    {.bitmap_index = 77021, .adv_w = 320, .box_w = 16, .box_h = 17, .ofs_x = 2, .ofs_y = -2},
    {.bitmap_index = 77157, .adv_w = 320, .box_w = 18, .box_h = 18, .ofs_x = 1, .ofs_y = -2},
    {.bitmap_index = 77319, .adv_w = 320, .box_w = 18, .box_h = 15, .ofs_x = 1, .ofs_y = 0},
    {.bitmap_index = 77454, .adv_w = 320, .box_w = 15, .box_h = 17, .ofs_x = 3, .ofs_y = -2},
    {.bitmap_index = 77582, .adv_w = 320, .box_w = 17, .box_h = 16, .ofs_x = 2, .ofs_y = -1},
    {.bitmap_index = 77718, .adv_w = 320, .box_w = 17, .box_h = 19, .ofs_x = 2, .ofs_y = -1},
    {.bitmap_index = 77880, .adv_w = 320, .box_w = 14, .box_h = 15, .ofs_x = 3, .ofs_y = -2},
    {.bitmap_index = 77985, .adv_w = 320, .box_w = 16, .box_h = 15, .ofs_x = 2, .ofs_y = -2},
    {.bitmap_index = 78105, .adv_w = 320, .box_w = 17, .box_h = 20, .ofs_x = 2, .ofs_y = -2},
    {.bitmap_index = 78275, .adv_w = 320, .box_w = 19, .box_h = 19, .ofs_x = 1, .ofs_y = -2},
    {.bitmap_index = 78456, .adv_w = 320, .box_w = 18, .box_h = 18, .ofs_x = 1, .ofs_y = -1},
    {.bitmap_index = 78618, .adv_w = 320, .box_w = 17, .box_h = 20, .ofs_x = 2, .ofs_y = -2},
    {.bitmap_index = 78788, .adv_w = 320, .box_w = 6, .box_h = 5, .ofs_x = 7, .ofs_y = 5},
    {.bitmap_index = 78803, .adv_w = 320, .box_w = 18, .box_h = 4, .ofs_x = 1, .ofs_y = 6},
    {.bitmap_index = 78839, .adv_w = 320, .box_w = 11, .box_h = 11, .ofs_x = 5, .ofs_y = 1},
    {.bitmap_index = 78900, .adv_w = 320, .box_w = 12, .box_h = 14, .ofs_x = 5, .ofs_y = 1},
    {.bitmap_index = 78984, .adv_w = 320, .box_w = 13, .box_h = 17, .ofs_x = 3, .ofs_y = -1},
    {.bitmap_index = 79095, .adv_w = 320, .box_w = 20, .box_h = 18, .ofs_x = 0, .ofs_y = -2},
    {.bitmap_index = 79275, .adv_w = 320, .box_w = 18, .box_h = 20, .ofs_x = 1, .ofs_y = -3},
    {.bitmap_index = 79455, .adv_w = 320, .box_w = 20, .box_h = 19, .ofs_x = 0, .ofs_y = -2},
    {.bitmap_index = 79645, .adv_w = 320, .box_w = 17, .box_h = 19, .ofs_x = 2, .ofs_y = -2},
    {.bitmap_index = 79807, .adv_w = 320, .box_w = 18, .box_h = 20, .ofs_x = 1, .ofs_y = -3},
    {.bitmap_index = 79987, .adv_w = 320, .box_w = 18, .box_h = 18, .ofs_x = 1, .ofs_y = -1},
    {.bitmap_index = 80149, .adv_w = 320, .box_w = 20, .box_h = 19, .ofs_x = 0, .ofs_y = -2},
    {.bitmap_index = 80339, .adv_w = 320, .box_w = 17, .box_h = 19, .ofs_x = 1, .ofs_y = -3},
    {.bitmap_index = 80501, .adv_w = 320, .box_w = 20, .box_h = 20, .ofs_x = 0, .ofs_y = -3},
    {.bitmap_index = 80701, .adv_w = 320, .box_w = 18, .box_h = 20, .ofs_x = 1, .ofs_y = -3},
    {.bitmap_index = 80881, .adv_w = 320, .box_w = 18, .box_h = 20, .ofs_x = 1, .ofs_y = -3},
    {.bitmap_index = 81061, .adv_w = 320, .box_w = 20, .box_h = 20, .ofs_x = 0, .ofs_y = -3},
    {.bitmap_index = 81261, .adv_w = 320, .box_w = 20, .box_h = 20, .ofs_x = 0, .ofs_y = -2},
    {.bitmap_index = 81461, .adv_w = 320, .box_w = 20, .box_h = 19, .ofs_x = 0, .ofs_y = -2},
    {.bitmap_index = 81651, .adv_w = 320, .box_w = 20, .box_h = 20, .ofs_x = 0, .ofs_y = -3},
    {.bitmap_index = 81851, .adv_w = 320, .box_w = 20, .box_h = 20, .ofs_x = 0, .ofs_y = -3},
    {.bitmap_index = 82051, .adv_w = 320, .box_w = 19, .box_h = 19, .ofs_x = 0, .ofs_y = -2},
    {.bitmap_index = 82232, .adv_w = 320, .box_w = 20, .box_h = 20, .ofs_x = 0, .ofs_y = -3},
    {.bitmap_index = 82432, .adv_w = 320, .box_w = 20, .box_h = 19, .ofs_x = 0, .ofs_y = -2},
    {.bitmap_index = 82622, .adv_w = 320, .box_w = 20, .box_h = 19, .ofs_x = 0, .ofs_y = -2},
    {.bitmap_index = 82812, .adv_w = 320, .box_w = 20, .box_h = 20, .ofs_x = 0, .ofs_y = -3},
    {.bitmap_index = 83012, .adv_w = 320, .box_w = 20, .box_h = 21, .ofs_x = 0, .ofs_y = -3},
    {.bitmap_index = 83222, .adv_w = 320, .box_w = 20, .box_h = 20, .ofs_x = 0, .ofs_y = -3},
    {.bitmap_index = 83422, .adv_w = 320, .box_w = 20, .box_h = 19, .ofs_x = 0, .ofs_y = -3},
    {.bitmap_index = 83612, .adv_w = 320, .box_w = 20, .box_h = 19, .ofs_x = 0, .ofs_y = -2},
    {.bitmap_index = 83802, .adv_w = 320, .box_w = 20, .box_h = 20, .ofs_x = 0, .ofs_y = -2},
    {.bitmap_index = 84002, .adv_w = 320, .box_w = 20, .box_h = 19, .ofs_x = 0, .ofs_y = -2},
    {.bitmap_index = 84192, .adv_w = 320, .box_w = 19, .box_h = 19, .ofs_x = 0, .ofs_y = -2},
    {.bitmap_index = 84373, .adv_w = 320, .box_w = 20, .box_h = 19, .ofs_x = 0, .ofs_y = -2},
    {.bitmap_index = 84563, .adv_w = 320, .box_w = 20, .box_h = 18, .ofs_x = 0, .ofs_y = -2},
    {.bitmap_index = 84743, .adv_w = 320, .box_w = 18, .box_h = 20, .ofs_x = 1, .ofs_y = -2},
    {.bitmap_index = 84923, .adv_w = 320, .box_w = 20, .box_h = 19, .ofs_x = 0, .ofs_y = -3},
    {.bitmap_index = 85113, .adv_w = 320, .box_w = 18, .box_h = 19, .ofs_x = 1, .ofs_y = -3},
    {.bitmap_index = 85284, .adv_w = 320, .box_w = 20, .box_h = 19, .ofs_x = 0, .ofs_y = -2},
    {.bitmap_index = 85474, .adv_w = 320, .box_w = 17, .box_h = 19, .ofs_x = 1, .ofs_y = -2},
    {.bitmap_index = 85636, .adv_w = 320, .box_w = 19, .box_h = 19, .ofs_x = 0, .ofs_y = -3},
    {.bitmap_index = 85817, .adv_w = 320, .box_w = 19, .box_h = 20, .ofs_x = 0, .ofs_y = -3},
    {.bitmap_index = 86007, .adv_w = 320, .box_w = 18, .box_h = 19, .ofs_x = 1, .ofs_y = -2},
    {.bitmap_index = 86178, .adv_w = 320, .box_w = 19, .box_h = 20, .ofs_x = 0, .ofs_y = -3},
    {.bitmap_index = 86368, .adv_w = 320, .box_w = 19, .box_h = 20, .ofs_x = 0, .ofs_y = -3},
    {.bitmap_index = 86558, .adv_w = 320, .box_w = 19, .box_h = 19, .ofs_x = 1, .ofs_y = -2},
    {.bitmap_index = 86739, .adv_w = 320, .box_w = 19, .box_h = 21, .ofs_x = 0, .ofs_y = -3},
    {.bitmap_index = 86939, .adv_w = 320, .box_w = 19, .box_h = 20, .ofs_x = 0, .ofs_y = -3},
    {.bitmap_index = 87129, .adv_w = 320, .box_w = 19, .box_h = 20, .ofs_x = 0, .ofs_y = -3},
    {.bitmap_index = 87319, .adv_w = 320, .box_w = 19, .box_h = 20, .ofs_x = 0, .ofs_y = -3},
    {.bitmap_index = 87509, .adv_w = 320, .box_w = 20, .box_h = 19, .ofs_x = 0, .ofs_y = -2},
    {.bitmap_index = 87699, .adv_w = 320, .box_w = 19, .box_h = 18, .ofs_x = 1, .ofs_y = -2},
    {.bitmap_index = 87870, .adv_w = 320, .box_w = 17, .box_h = 20, .ofs_x = 2, .ofs_y = -3},
    {.bitmap_index = 88040, .adv_w = 320, .box_w = 19, .box_h = 19, .ofs_x = 1, .ofs_y = -2},
    {.bitmap_index = 88221, .adv_w = 320, .box_w = 19, .box_h = 18, .ofs_x = 0, .ofs_y = -2},
    {.bitmap_index = 88392, .adv_w = 320, .box_w = 20, .box_h = 19, .ofs_x = 0, .ofs_y = -2},
    {.bitmap_index = 88582, .adv_w = 320, .box_w = 20, .box_h = 20, .ofs_x = 0, .ofs_y = -2},
    {.bitmap_index = 88782, .adv_w = 320, .box_w = 20, .box_h = 19, .ofs_x = 0, .ofs_y = -3},
    {.bitmap_index = 88972, .adv_w = 320, .box_w = 20, .box_h = 19, .ofs_x = 0, .ofs_y = -2},
    {.bitmap_index = 89162, .adv_w = 320, .box_w = 18, .box_h = 20, .ofs_x = 1, .ofs_y = -3},
    {.bitmap_index = 89342, .adv_w = 320, .box_w = 18, .box_h = 18, .ofs_x = 1, .ofs_y = -2},
    {.bitmap_index = 89504, .adv_w = 320, .box_w = 18, .box_h = 19, .ofs_x = 0, .ofs_y = -2},
    {.bitmap_index = 89675, .adv_w = 320, .box_w = 19, .box_h = 20, .ofs_x = 0, .ofs_y = -3},
    {.bitmap_index = 89865, .adv_w = 320, .box_w = 18, .box_h = 19, .ofs_x = 0, .ofs_y = -3},
    {.bitmap_index = 90036, .adv_w = 320, .box_w = 19, .box_h = 19, .ofs_x = 0, .ofs_y = -2},
    {.bitmap_index = 90217, .adv_w = 320, .box_w = 20, .box_h = 20, .ofs_x = 0, .ofs_y = -3},
    {.bitmap_index = 90417, .adv_w = 320, .box_w = 18, .box_h = 18, .ofs_x = 1, .ofs_y = -2},
    {.bitmap_index = 90579, .adv_w = 320, .box_w = 18, .box_h = 19, .ofs_x = 1, .ofs_y = -2},
    {.bitmap_index = 90750, .adv_w = 320, .box_w = 19, .box_h = 19, .ofs_x = 0, .ofs_y = -2},
    {.bitmap_index = 90931, .adv_w = 320, .box_w = 20, .box_h = 19, .ofs_x = 0, .ofs_y = -2},
    {.bitmap_index = 91121, .adv_w = 320, .box_w = 20, .box_h = 20, .ofs_x = 0, .ofs_y = -3},
    {.bitmap_index = 91321, .adv_w = 320, .box_w = 20, .box_h = 19, .ofs_x = 0, .ofs_y = -2},
    {.bitmap_index = 91511, .adv_w = 320, .box_w = 19, .box_h = 19, .ofs_x = 0, .ofs_y = -2},
    {.bitmap_index = 91692, .adv_w = 320, .box_w = 20, .box_h = 20, .ofs_x = 0, .ofs_y = -3},
    {.bitmap_index = 91892, .adv_w = 320, .box_w = 19, .box_h = 19, .ofs_x = 0, .ofs_y = -2},
    {.bitmap_index = 92073, .adv_w = 320, .box_w = 20, .box_h = 20, .ofs_x = 0, .ofs_y = -3},
    {.bitmap_index = 92273, .adv_w = 320, .box_w = 20, .box_h = 19, .ofs_x = 0, .ofs_y = -2},
    {.bitmap_index = 92463, .adv_w = 320, .box_w = 20, .box_h = 18, .ofs_x = 0, .ofs_y = -2},
    {.bitmap_index = 92643, .adv_w = 320, .box_w = 20, .box_h = 20, .ofs_x = 0, .ofs_y = -2},
    {.bitmap_index = 92843, .adv_w = 320, .box_w = 20, .box_h = 20, .ofs_x = 0, .ofs_y = -3},
    {.bitmap_index = 93043, .adv_w = 320, .box_w = 18, .box_h = 21, .ofs_x = 1, .ofs_y = -3},
    {.bitmap_index = 93232, .adv_w = 320, .box_w = 20, .box_h = 20, .ofs_x = 0, .ofs_y = -3},
    {.bitmap_index = 93432, .adv_w = 320, .box_w = 20, .box_h = 21, .ofs_x = 0, .ofs_y = -3},
    {.bitmap_index = 93642, .adv_w = 320, .box_w = 19, .box_h = 21, .ofs_x = 0, .ofs_y = -3},
    {.bitmap_index = 93842, .adv_w = 320, .box_w = 19, .box_h = 20, .ofs_x = 0, .ofs_y = -3},
    {.bitmap_index = 94032, .adv_w = 320, .box_w = 19, .box_h = 19, .ofs_x = 0, .ofs_y = -2},
    {.bitmap_index = 94213, .adv_w = 320, .box_w = 20, .box_h = 19, .ofs_x = 0, .ofs_y = -2},
    {.bitmap_index = 94403, .adv_w = 320, .box_w = 20, .box_h = 19, .ofs_x = 0, .ofs_y = -3},
    {.bitmap_index = 94593, .adv_w = 320, .box_w = 20, .box_h = 20, .ofs_x = 0, .ofs_y = -3},
    {.bitmap_index = 94793, .adv_w = 320, .box_w = 20, .box_h = 16, .ofs_x = 0, .ofs_y = -1},
    {.bitmap_index = 94953, .adv_w = 320, .box_w = 19, .box_h = 18, .ofs_x = 1, .ofs_y = -2},
    {.bitmap_index = 95124, .adv_w = 320, .box_w = 19, .box_h = 20, .ofs_x = 1, .ofs_y = -2},
    {.bitmap_index = 95314, .adv_w = 320, .box_w = 19, .box_h = 19, .ofs_x = 0, .ofs_y = -2},
    {.bitmap_index = 95495, .adv_w = 320, .box_w = 18, .box_h = 19, .ofs_x = 1, .ofs_y = -2},
    {.bitmap_index = 95666, .adv_w = 320, .box_w = 20, .box_h = 19, .ofs_x = 0, .ofs_y = -2},
    {.bitmap_index = 95856, .adv_w = 320, .box_w = 20, .box_h = 20, .ofs_x = 0, .ofs_y = -3},
    {.bitmap_index = 96056, .adv_w = 320, .box_w = 20, .box_h = 19, .ofs_x = 0, .ofs_y = -2},
    {.bitmap_index = 96246, .adv_w = 320, .box_w = 20, .box_h = 20, .ofs_x = 0, .ofs_y = -3},
    {.bitmap_index = 96446, .adv_w = 320, .box_w = 19, .box_h = 19, .ofs_x = 1, .ofs_y = -3},
    {.bitmap_index = 96627, .adv_w = 320, .box_w = 20, .box_h = 20, .ofs_x = 0, .ofs_y = -3},
    {.bitmap_index = 96827, .adv_w = 320, .box_w = 19, .box_h = 19, .ofs_x = 1, .ofs_y = -2},
    {.bitmap_index = 97008, .adv_w = 320, .box_w = 20, .box_h = 20, .ofs_x = 0, .ofs_y = -3},
    {.bitmap_index = 97208, .adv_w = 320, .box_w = 19, .box_h = 20, .ofs_x = 1, .ofs_y = -3},
    {.bitmap_index = 97398, .adv_w = 320, .box_w = 19, .box_h = 19, .ofs_x = 1, .ofs_y = -3},
    {.bitmap_index = 97579, .adv_w = 320, .box_w = 20, .box_h = 20, .ofs_x = 0, .ofs_y = -3},
    {.bitmap_index = 97779, .adv_w = 320, .box_w = 19, .box_h = 20, .ofs_x = 0, .ofs_y = -3},
    {.bitmap_index = 97969, .adv_w = 320, .box_w = 20, .box_h = 19, .ofs_x = 0, .ofs_y = -2},
    {.bitmap_index = 98159, .adv_w = 320, .box_w = 19, .box_h = 19, .ofs_x = 0, .ofs_y = -2},
    {.bitmap_index = 98340, .adv_w = 320, .box_w = 20, .box_h = 20, .ofs_x = 0, .ofs_y = -3},
    {.bitmap_index = 98540, .adv_w = 320, .box_w = 20, .box_h = 20, .ofs_x = 0, .ofs_y = -3},
    {.bitmap_index = 98740, .adv_w = 320, .box_w = 19, .box_h = 20, .ofs_x = 0, .ofs_y = -2},
    {.bitmap_index = 98930, .adv_w = 320, .box_w = 20, .box_h = 19, .ofs_x = 0, .ofs_y = -2},
    {.bitmap_index = 99120, .adv_w = 320, .box_w = 20, .box_h = 20, .ofs_x = 0, .ofs_y = -3},
    {.bitmap_index = 99320, .adv_w = 320, .box_w = 19, .box_h = 21, .ofs_x = 0, .ofs_y = -3},
    {.bitmap_index = 99520, .adv_w = 320, .box_w = 18, .box_h = 19, .ofs_x = 0, .ofs_y = -2},
    {.bitmap_index = 99691, .adv_w = 320, .box_w = 19, .box_h = 19, .ofs_x = 0, .ofs_y = -2},
    {.bitmap_index = 99872, .adv_w = 320, .box_w = 20, .box_h = 19, .ofs_x = 0, .ofs_y = -2},
    {.bitmap_index = 100062, .adv_w = 320, .box_w = 20, .box_h = 20, .ofs_x = 0, .ofs_y = -3},
    {.bitmap_index = 100262, .adv_w = 320, .box_w = 19, .box_h = 19, .ofs_x = 0, .ofs_y = -2},
    {.bitmap_index = 100443, .adv_w = 320, .box_w = 20, .box_h = 20, .ofs_x = 0, .ofs_y = -3},
    {.bitmap_index = 100643, .adv_w = 320, .box_w = 19, .box_h = 19, .ofs_x = 0, .ofs_y = -2},
    {.bitmap_index = 100824, .adv_w = 320, .box_w = 20, .box_h = 20, .ofs_x = 0, .ofs_y = -3},
    {.bitmap_index = 101024, .adv_w = 320, .box_w = 20, .box_h = 20, .ofs_x = 0, .ofs_y = -3},
    {.bitmap_index = 101224, .adv_w = 320, .box_w = 20, .box_h = 19, .ofs_x = 0, .ofs_y = -2},
    {.bitmap_index = 101414, .adv_w = 320, .box_w = 20, .box_h = 20, .ofs_x = 0, .ofs_y = -3},
    {.bitmap_index = 101614, .adv_w = 320, .box_w = 20, .box_h = 20, .ofs_x = 0, .ofs_y = -3},
    {.bitmap_index = 101814, .adv_w = 320, .box_w = 20, .box_h = 20, .ofs_x = 0, .ofs_y = -3},
    {.bitmap_index = 102014, .adv_w = 320, .box_w = 19, .box_h = 20, .ofs_x = 1, .ofs_y = -3},
    {.bitmap_index = 102204, .adv_w = 320, .box_w = 20, .box_h = 19, .ofs_x = 0, .ofs_y = -2},
    {.bitmap_index = 102394, .adv_w = 320, .box_w = 20, .box_h = 19, .ofs_x = 0, .ofs_y = -2},
    {.bitmap_index = 102584, .adv_w = 320, .box_w = 20, .box_h = 19, .ofs_x = 0, .ofs_y = -2},
    {.bitmap_index = 102774, .adv_w = 320, .box_w = 20, .box_h = 20, .ofs_x = 0, .ofs_y = -2},
    {.bitmap_index = 102974, .adv_w = 320, .box_w = 19, .box_h = 20, .ofs_x = 1, .ofs_y = -3},
    {.bitmap_index = 103164, .adv_w = 320, .box_w = 20, .box_h = 20, .ofs_x = 0, .ofs_y = -2},
    {.bitmap_index = 103364, .adv_w = 320, .box_w = 20, .box_h = 19, .ofs_x = 0, .ofs_y = -3},
    {.bitmap_index = 103554, .adv_w = 320, .box_w = 14, .box_h = 19, .ofs_x = 3, .ofs_y = -3},
    {.bitmap_index = 103687, .adv_w = 320, .box_w = 19, .box_h = 20, .ofs_x = 1, .ofs_y = -3},
    {.bitmap_index = 103877, .adv_w = 320, .box_w = 18, .box_h = 20, .ofs_x = 1, .ofs_y = -3},
    {.bitmap_index = 104057, .adv_w = 320, .box_w = 19, .box_h = 20, .ofs_x = 1, .ofs_y = -3},
    {.bitmap_index = 104247, .adv_w = 320, .box_w = 19, .box_h = 20, .ofs_x = 1, .ofs_y = -3},
    {.bitmap_index = 104437, .adv_w = 320, .box_w = 18, .box_h = 20, .ofs_x = 1, .ofs_y = -3},
    {.bitmap_index = 104617, .adv_w = 320, .box_w = 19, .box_h = 19, .ofs_x = 0, .ofs_y = -2},
    {.bitmap_index = 104798, .adv_w = 320, .box_w = 19, .box_h = 20, .ofs_x = 0, .ofs_y = -3},
    {.bitmap_index = 104988, .adv_w = 320, .box_w = 20, .box_h = 19, .ofs_x = 0, .ofs_y = -2},
    {.bitmap_index = 105178, .adv_w = 320, .box_w = 20, .box_h = 19, .ofs_x = 0, .ofs_y = -2},
    {.bitmap_index = 105368, .adv_w = 320, .box_w = 20, .box_h = 19, .ofs_x = 0, .ofs_y = -2},
    {.bitmap_index = 105558, .adv_w = 320, .box_w = 20, .box_h = 20, .ofs_x = 0, .ofs_y = -3},
    {.bitmap_index = 105758, .adv_w = 320, .box_w = 20, .box_h = 20, .ofs_x = 0, .ofs_y = -2},
    {.bitmap_index = 105958, .adv_w = 320, .box_w = 20, .box_h = 20, .ofs_x = 0, .ofs_y = -3},
    {.bitmap_index = 106158, .adv_w = 320, .box_w = 20, .box_h = 19, .ofs_x = 0, .ofs_y = -2},
    {.bitmap_index = 106348, .adv_w = 320, .box_w = 20, .box_h = 20, .ofs_x = 0, .ofs_y = -3},
    {.bitmap_index = 106548, .adv_w = 320, .box_w = 20, .box_h = 21, .ofs_x = 0, .ofs_y = -3},
    {.bitmap_index = 106758, .adv_w = 320, .box_w = 20, .box_h = 20, .ofs_x = 0, .ofs_y = -3},
    {.bitmap_index = 106958, .adv_w = 320, .box_w = 20, .box_h = 20, .ofs_x = 0, .ofs_y = -2},
    {.bitmap_index = 107158, .adv_w = 320, .box_w = 20, .box_h = 20, .ofs_x = 0, .ofs_y = -3},
    {.bitmap_index = 107358, .adv_w = 320, .box_w = 20, .box_h = 21, .ofs_x = 0, .ofs_y = -3},
    {.bitmap_index = 107568, .adv_w = 320, .box_w = 20, .box_h = 21, .ofs_x = 0, .ofs_y = -3},
    {.bitmap_index = 107778, .adv_w = 320, .box_w = 20, .box_h = 20, .ofs_x = 0, .ofs_y = -3},
    {.bitmap_index = 107978, .adv_w = 320, .box_w = 19, .box_h = 18, .ofs_x = 1, .ofs_y = -1},
    {.bitmap_index = 108149, .adv_w = 320, .box_w = 19, .box_h = 17, .ofs_x = 1, .ofs_y = -1},
    {.bitmap_index = 108311, .adv_w = 320, .box_w = 19, .box_h = 19, .ofs_x = 0, .ofs_y = -2},
    {.bitmap_index = 108492, .adv_w = 320, .box_w = 20, .box_h = 20, .ofs_x = 0, .ofs_y = -3},
    {.bitmap_index = 108692, .adv_w = 320, .box_w = 20, .box_h = 20, .ofs_x = 0, .ofs_y = -3},
    {.bitmap_index = 108892, .adv_w = 320, .box_w = 20, .box_h = 19, .ofs_x = 0, .ofs_y = -2},
    {.bitmap_index = 109082, .adv_w = 320, .box_w = 20, .box_h = 21, .ofs_x = 0, .ofs_y = -3},
    {.bitmap_index = 109292, .adv_w = 320, .box_w = 20, .box_h = 19, .ofs_x = 0, .ofs_y = -2},
    {.bitmap_index = 109482, .adv_w = 320, .box_w = 20, .box_h = 20, .ofs_x = 0, .ofs_y = -3},
    {.bitmap_index = 109682, .adv_w = 320, .box_w = 20, .box_h = 19, .ofs_x = 0, .ofs_y = -2},
    {.bitmap_index = 109872, .adv_w = 320, .box_w = 19, .box_h = 20, .ofs_x = 0, .ofs_y = -3},
    {.bitmap_index = 110062, .adv_w = 320, .box_w = 19, .box_h = 19, .ofs_x = 0, .ofs_y = -2},
    {.bitmap_index = 110243, .adv_w = 320, .box_w = 20, .box_h = 19, .ofs_x = 0, .ofs_y = -2},
    {.bitmap_index = 110433, .adv_w = 320, .box_w = 19, .box_h = 19, .ofs_x = 0, .ofs_y = -2},
    {.bitmap_index = 110614, .adv_w = 320, .box_w = 20, .box_h = 21, .ofs_x = 0, .ofs_y = -3},
    {.bitmap_index = 110824, .adv_w = 320, .box_w = 20, .box_h = 20, .ofs_x = 0, .ofs_y = -3},
    {.bitmap_index = 111024, .adv_w = 320, .box_w = 20, .box_h = 19, .ofs_x = 0, .ofs_y = -2},
    {.bitmap_index = 111214, .adv_w = 320, .box_w = 20, .box_h = 19, .ofs_x = 0, .ofs_y = -2},
    {.bitmap_index = 111404, .adv_w = 320, .box_w = 19, .box_h = 20, .ofs_x = 0, .ofs_y = -3},
    {.bitmap_index = 111594, .adv_w = 320, .box_w = 20, .box_h = 20, .ofs_x = 0, .ofs_y = -3},
    {.bitmap_index = 111794, .adv_w = 320, .box_w = 20, .box_h = 19, .ofs_x = 0, .ofs_y = -2},
    {.bitmap_index = 111984, .adv_w = 320, .box_w = 20, .box_h = 20, .ofs_x = 0, .ofs_y = -3},
    {.bitmap_index = 112184, .adv_w = 320, .box_w = 19, .box_h = 19, .ofs_x = 1, .ofs_y = -3},
    {.bitmap_index = 112365, .adv_w = 320, .box_w = 18, .box_h = 19, .ofs_x = 0, .ofs_y = -3},
    {.bitmap_index = 112536, .adv_w = 320, .box_w = 16, .box_h = 20, .ofs_x = 2, .ofs_y = -3},
    {.bitmap_index = 112696, .adv_w = 320, .box_w = 18, .box_h = 18, .ofs_x = 1, .ofs_y = -2},
    {.bitmap_index = 112858, .adv_w = 320, .box_w = 20, .box_h = 20, .ofs_x = 0, .ofs_y = -2},
    {.bitmap_index = 113058, .adv_w = 320, .box_w = 14, .box_h = 18, .ofs_x = 3, .ofs_y = -2},
    {.bitmap_index = 113184, .adv_w = 320, .box_w = 19, .box_h = 20, .ofs_x = 0, .ofs_y = -3},
    {.bitmap_index = 113374, .adv_w = 320, .box_w = 19, .box_h = 19, .ofs_x = 0, .ofs_y = -2},
    {.bitmap_index = 113555, .adv_w = 320, .box_w = 20, .box_h = 20, .ofs_x = 0, .ofs_y = -3},
    {.bitmap_index = 113755, .adv_w = 320, .box_w = 19, .box_h = 19, .ofs_x = 0, .ofs_y = -3},
    {.bitmap_index = 113936, .adv_w = 320, .box_w = 19, .box_h = 20, .ofs_x = 0, .ofs_y = -3},
    {.bitmap_index = 114126, .adv_w = 320, .box_w = 19, .box_h = 19, .ofs_x = 0, .ofs_y = -3},
    {.bitmap_index = 114307, .adv_w = 320, .box_w = 18, .box_h = 20, .ofs_x = 1, .ofs_y = -3},
    {.bitmap_index = 114487, .adv_w = 320, .box_w = 20, .box_h = 19, .ofs_x = 0, .ofs_y = -2},
    {.bitmap_index = 114677, .adv_w = 320, .box_w = 20, .box_h = 19, .ofs_x = 0, .ofs_y = -2},
    {.bitmap_index = 114867, .adv_w = 320, .box_w = 20, .box_h = 19, .ofs_x = 0, .ofs_y = -2},
    {.bitmap_index = 115057, .adv_w = 320, .box_w = 20, .box_h = 19, .ofs_x = 0, .ofs_y = -2},
    {.bitmap_index = 115247, .adv_w = 320, .box_w = 20, .box_h = 19, .ofs_x = 0, .ofs_y = -2},
    {.bitmap_index = 115437, .adv_w = 320, .box_w = 20, .box_h = 20, .ofs_x = 0, .ofs_y = -3},
    {.bitmap_index = 115637, .adv_w = 320, .box_w = 18, .box_h = 19, .ofs_x = 1, .ofs_y = -1},
    {.bitmap_index = 115808, .adv_w = 320, .box_w = 20, .box_h = 20, .ofs_x = 0, .ofs_y = -3},
    {.bitmap_index = 116008, .adv_w = 320, .box_w = 19, .box_h = 20, .ofs_x = 0, .ofs_y = -3},
    {.bitmap_index = 116198, .adv_w = 320, .box_w = 18, .box_h = 20, .ofs_x = 1, .ofs_y = -3},
    {.bitmap_index = 116378, .adv_w = 320, .box_w = 19, .box_h = 20, .ofs_x = 0, .ofs_y = -3},
    {.bitmap_index = 116568, .adv_w = 320, .box_w = 20, .box_h = 20, .ofs_x = 0, .ofs_y = -3},
    {.bitmap_index = 116768, .adv_w = 320, .box_w = 20, .box_h = 21, .ofs_x = 0, .ofs_y = -3},
    {.bitmap_index = 116978, .adv_w = 320, .box_w = 20, .box_h = 20, .ofs_x = 0, .ofs_y = -3},
    {.bitmap_index = 117178, .adv_w = 320, .box_w = 20, .box_h = 21, .ofs_x = 0, .ofs_y = -3},
    {.bitmap_index = 117388, .adv_w = 320, .box_w = 20, .box_h = 20, .ofs_x = 0, .ofs_y = -2},
    {.bitmap_index = 117588, .adv_w = 320, .box_w = 19, .box_h = 19, .ofs_x = 1, .ofs_y = -2},
    {.bitmap_index = 117769, .adv_w = 320, .box_w = 20, .box_h = 19, .ofs_x = 0, .ofs_y = -2},
    {.bitmap_index = 117959, .adv_w = 320, .box_w = 20, .box_h = 20, .ofs_x = 0, .ofs_y = -3},
    {.bitmap_index = 118159, .adv_w = 320, .box_w = 20, .box_h = 18, .ofs_x = 0, .ofs_y = -1},
    {.bitmap_index = 118339, .adv_w = 320, .box_w = 19, .box_h = 19, .ofs_x = 0, .ofs_y = -2},
    {.bitmap_index = 118520, .adv_w = 320, .box_w = 18, .box_h = 19, .ofs_x = 1, .ofs_y = -2},
    {.bitmap_index = 118691, .adv_w = 320, .box_w = 20, .box_h = 19, .ofs_x = 0, .ofs_y = -2},
    {.bitmap_index = 118881, .adv_w = 320, .box_w = 19, .box_h = 20, .ofs_x = 0, .ofs_y = -3},
    {.bitmap_index = 119071, .adv_w = 320, .box_w = 15, .box_h = 20, .ofs_x = 3, .ofs_y = -3},
    {.bitmap_index = 119221, .adv_w = 320, .box_w = 20, .box_h = 19, .ofs_x = 0, .ofs_y = -2},
    {.bitmap_index = 119411, .adv_w = 320, .box_w = 19, .box_h = 19, .ofs_x = 1, .ofs_y = -2},
    {.bitmap_index = 119592, .adv_w = 320, .box_w = 19, .box_h = 21, .ofs_x = 0, .ofs_y = -3},
    {.bitmap_index = 119792, .adv_w = 320, .box_w = 20, .box_h = 21, .ofs_x = 0, .ofs_y = -3},
    {.bitmap_index = 120002, .adv_w = 320, .box_w = 20, .box_h = 20, .ofs_x = 0, .ofs_y = -3},
    {.bitmap_index = 120202, .adv_w = 320, .box_w = 20, .box_h = 19, .ofs_x = 0, .ofs_y = -2},
    {.bitmap_index = 120392, .adv_w = 320, .box_w = 20, .box_h = 20, .ofs_x = 0, .ofs_y = -3},
    {.bitmap_index = 120592, .adv_w = 320, .box_w = 20, .box_h = 19, .ofs_x = 0, .ofs_y = -2},
    {.bitmap_index = 120782, .adv_w = 320, .box_w = 20, .box_h = 20, .ofs_x = 0, .ofs_y = -3},
    {.bitmap_index = 120982, .adv_w = 320, .box_w = 17, .box_h = 20, .ofs_x = 1, .ofs_y = -3},
    {.bitmap_index = 121152, .adv_w = 320, .box_w = 20, .box_h = 20, .ofs_x = 0, .ofs_y = -3},
    {.bitmap_index = 121352, .adv_w = 320, .box_w = 19, .box_h = 20, .ofs_x = 1, .ofs_y = -3},
    {.bitmap_index = 121542, .adv_w = 320, .box_w = 19, .box_h = 19, .ofs_x = 1, .ofs_y = -2},
    {.bitmap_index = 121723, .adv_w = 320, .box_w = 20, .box_h = 20, .ofs_x = 0, .ofs_y = -3},
    {.bitmap_index = 121923, .adv_w = 320, .box_w = 20, .box_h = 19, .ofs_x = 0, .ofs_y = -2},
    {.bitmap_index = 122113, .adv_w = 320, .box_w = 20, .box_h = 20, .ofs_x = 0, .ofs_y = -3},
    {.bitmap_index = 122313, .adv_w = 320, .box_w = 19, .box_h = 20, .ofs_x = 0, .ofs_y = -3},
    {.bitmap_index = 122503, .adv_w = 320, .box_w = 20, .box_h = 19, .ofs_x = 0, .ofs_y = -2},
    {.bitmap_index = 122693, .adv_w = 320, .box_w = 20, .box_h = 19, .ofs_x = 0, .ofs_y = -2},
    {.bitmap_index = 122883, .adv_w = 320, .box_w = 20, .box_h = 19, .ofs_x = 0, .ofs_y = -2},
    {.bitmap_index = 123073, .adv_w = 320, .box_w = 20, .box_h = 19, .ofs_x = 0, .ofs_y = -2},
    {.bitmap_index = 123263, .adv_w = 320, .box_w = 20, .box_h = 20, .ofs_x = 0, .ofs_y = -3},
    {.bitmap_index = 123463, .adv_w = 320, .box_w = 20, .box_h = 19, .ofs_x = 0, .ofs_y = -2},
    {.bitmap_index = 123653, .adv_w = 320, .box_w = 20, .box_h = 19, .ofs_x = 0, .ofs_y = -2},
    {.bitmap_index = 123843, .adv_w = 320, .box_w = 19, .box_h = 20, .ofs_x = 0, .ofs_y = -3},
    {.bitmap_index = 124033, .adv_w = 320, .box_w = 20, .box_h = 20, .ofs_x = 0, .ofs_y = -3},
    {.bitmap_index = 124233, .adv_w = 320, .box_w = 19, .box_h = 19, .ofs_x = 0, .ofs_y = -2},
    {.bitmap_index = 124414, .adv_w = 320, .box_w = 20, .box_h = 19, .ofs_x = 0, .ofs_y = -2},
    {.bitmap_index = 124604, .adv_w = 320, .box_w = 20, .box_h = 19, .ofs_x = 0, .ofs_y = -2},
    {.bitmap_index = 124794, .adv_w = 320, .box_w = 20, .box_h = 20, .ofs_x = 0, .ofs_y = -3},
    {.bitmap_index = 124994, .adv_w = 320, .box_w = 20, .box_h = 20, .ofs_x = 0, .ofs_y = -3},
    {.bitmap_index = 125194, .adv_w = 320, .box_w = 20, .box_h = 19, .ofs_x = 0, .ofs_y = -2},
    {.bitmap_index = 125384, .adv_w = 320, .box_w = 20, .box_h = 18, .ofs_x = 0, .ofs_y = -1},
    {.bitmap_index = 125564, .adv_w = 320, .box_w = 20, .box_h = 20, .ofs_x = 0, .ofs_y = -3},
    {.bitmap_index = 125764, .adv_w = 320, .box_w = 20, .box_h = 20, .ofs_x = 0, .ofs_y = -3},
    {.bitmap_index = 125964, .adv_w = 320, .box_w = 20, .box_h = 20, .ofs_x = 0, .ofs_y = -2},
    {.bitmap_index = 126164, .adv_w = 320, .box_w = 20, .box_h = 19, .ofs_x = 0, .ofs_y = -2},
    {.bitmap_index = 126354, .adv_w = 320, .box_w = 20, .box_h = 19, .ofs_x = 0, .ofs_y = -2},
    {.bitmap_index = 126544, .adv_w = 320, .box_w = 20, .box_h = 19, .ofs_x = 0, .ofs_y = -2},
    {.bitmap_index = 126734, .adv_w = 320, .box_w = 20, .box_h = 19, .ofs_x = 0, .ofs_y = -2},
    {.bitmap_index = 126924, .adv_w = 320, .box_w = 20, .box_h = 19, .ofs_x = 0, .ofs_y = -3},
    {.bitmap_index = 127114, .adv_w = 320, .box_w = 19, .box_h = 19, .ofs_x = 0, .ofs_y = -2},
    {.bitmap_index = 127295, .adv_w = 320, .box_w = 20, .box_h = 20, .ofs_x = 0, .ofs_y = -3},
    {.bitmap_index = 127495, .adv_w = 320, .box_w = 20, .box_h = 19, .ofs_x = 0, .ofs_y = -3},
    {.bitmap_index = 127685, .adv_w = 320, .box_w = 20, .box_h = 21, .ofs_x = 0, .ofs_y = -3},
    {.bitmap_index = 127895, .adv_w = 320, .box_w = 20, .box_h = 19, .ofs_x = 0, .ofs_y = -2},
    {.bitmap_index = 128085, .adv_w = 320, .box_w = 19, .box_h = 21, .ofs_x = 1, .ofs_y = -3},
    {.bitmap_index = 128285, .adv_w = 320, .box_w = 20, .box_h = 20, .ofs_x = 0, .ofs_y = -3},
    {.bitmap_index = 128485, .adv_w = 320, .box_w = 20, .box_h = 19, .ofs_x = 0, .ofs_y = -2},
    {.bitmap_index = 128675, .adv_w = 320, .box_w = 20, .box_h = 20, .ofs_x = 0, .ofs_y = -3},
    {.bitmap_index = 128875, .adv_w = 320, .box_w = 20, .box_h = 20, .ofs_x = 0, .ofs_y = -3},
    {.bitmap_index = 129075, .adv_w = 320, .box_w = 20, .box_h = 20, .ofs_x = 0, .ofs_y = -3},
    {.bitmap_index = 129275, .adv_w = 320, .box_w = 20, .box_h = 20, .ofs_x = 0, .ofs_y = -3},
    {.bitmap_index = 129475, .adv_w = 320, .box_w = 20, .box_h = 21, .ofs_x = 0, .ofs_y = -3},
    {.bitmap_index = 129685, .adv_w = 320, .box_w = 20, .box_h = 20, .ofs_x = 0, .ofs_y = -3},
    {.bitmap_index = 129885, .adv_w = 320, .box_w = 19, .box_h = 20, .ofs_x = 0, .ofs_y = -3},
    {.bitmap_index = 130075, .adv_w = 320, .box_w = 20, .box_h = 20, .ofs_x = 0, .ofs_y = -3},
    {.bitmap_index = 130275, .adv_w = 320, .box_w = 20, .box_h = 20, .ofs_x = 0, .ofs_y = -3},
    {.bitmap_index = 130475, .adv_w = 320, .box_w = 20, .box_h = 20, .ofs_x = 0, .ofs_y = -2},
    {.bitmap_index = 130675, .adv_w = 320, .box_w = 20, .box_h = 20, .ofs_x = 0, .ofs_y = -3},
    {.bitmap_index = 130875, .adv_w = 320, .box_w = 19, .box_h = 20, .ofs_x = 1, .ofs_y = -3},
    {.bitmap_index = 131065, .adv_w = 320, .box_w = 19, .box_h = 18, .ofs_x = 1, .ofs_y = -2},
    {.bitmap_index = 131236, .adv_w = 320, .box_w = 20, .box_h = 18, .ofs_x = 0, .ofs_y = -1},
    {.bitmap_index = 131416, .adv_w = 320, .box_w = 20, .box_h = 19, .ofs_x = 0, .ofs_y = -2},
    {.bitmap_index = 131606, .adv_w = 320, .box_w = 20, .box_h = 20, .ofs_x = 0, .ofs_y = -3},
    {.bitmap_index = 131806, .adv_w = 320, .box_w = 19, .box_h = 20, .ofs_x = 0, .ofs_y = -3},
    {.bitmap_index = 131996, .adv_w = 320, .box_w = 20, .box_h = 19, .ofs_x = 0, .ofs_y = -2},
    {.bitmap_index = 132186, .adv_w = 320, .box_w = 20, .box_h = 19, .ofs_x = 0, .ofs_y = -2},
    {.bitmap_index = 132376, .adv_w = 320, .box_w = 20, .box_h = 21, .ofs_x = 0, .ofs_y = -3},
    {.bitmap_index = 132586, .adv_w = 320, .box_w = 20, .box_h = 20, .ofs_x = 0, .ofs_y = -3},
    {.bitmap_index = 132786, .adv_w = 320, .box_w = 18, .box_h = 20, .ofs_x = 1, .ofs_y = -3},
    {.bitmap_index = 132966, .adv_w = 320, .box_w = 18, .box_h = 20, .ofs_x = 1, .ofs_y = -3},
    {.bitmap_index = 133146, .adv_w = 320, .box_w = 18, .box_h = 20, .ofs_x = 1, .ofs_y = -3},
    {.bitmap_index = 133326, .adv_w = 320, .box_w = 18, .box_h = 19, .ofs_x = 1, .ofs_y = -2},
    {.bitmap_index = 133497, .adv_w = 320, .box_w = 19, .box_h = 21, .ofs_x = 1, .ofs_y = -3},
    {.bitmap_index = 133697, .adv_w = 320, .box_w = 19, .box_h = 19, .ofs_x = 1, .ofs_y = -2},
    {.bitmap_index = 133878, .adv_w = 320, .box_w = 19, .box_h = 20, .ofs_x = 1, .ofs_y = -3},
    {.bitmap_index = 134068, .adv_w = 320, .box_w = 19, .box_h = 20, .ofs_x = 1, .ofs_y = -3},
    {.bitmap_index = 134258, .adv_w = 320, .box_w = 20, .box_h = 19, .ofs_x = 0, .ofs_y = -2},
    {.bitmap_index = 134448, .adv_w = 320, .box_w = 19, .box_h = 19, .ofs_x = 1, .ofs_y = -2},
    {.bitmap_index = 134629, .adv_w = 320, .box_w = 18, .box_h = 18, .ofs_x = 1, .ofs_y = -2},
    {.bitmap_index = 134791, .adv_w = 320, .box_w = 18, .box_h = 20, .ofs_x = 1, .ofs_y = -3},
    {.bitmap_index = 134971, .adv_w = 320, .box_w = 20, .box_h = 19, .ofs_x = 0, .ofs_y = -2},
    {.bitmap_index = 135161, .adv_w = 320, .box_w = 20, .box_h = 20, .ofs_x = 0, .ofs_y = -3},
    {.bitmap_index = 135361, .adv_w = 320, .box_w = 20, .box_h = 19, .ofs_x = 0, .ofs_y = -2},
    {.bitmap_index = 135551, .adv_w = 320, .box_w = 20, .box_h = 19, .ofs_x = 0, .ofs_y = -2},
    {.bitmap_index = 135741, .adv_w = 320, .box_w = 20, .box_h = 20, .ofs_x = 0, .ofs_y = -3},
    {.bitmap_index = 135941, .adv_w = 320, .box_w = 18, .box_h = 20, .ofs_x = 1, .ofs_y = -3},
    {.bitmap_index = 136121, .adv_w = 320, .box_w = 18, .box_h = 20, .ofs_x = 1, .ofs_y = -3},
    {.bitmap_index = 136301, .adv_w = 320, .box_w = 20, .box_h = 19, .ofs_x = 0, .ofs_y = -2},
    {.bitmap_index = 136491, .adv_w = 320, .box_w = 18, .box_h = 19, .ofs_x = 2, .ofs_y = -2},
    {.bitmap_index = 136662, .adv_w = 320, .box_w = 4, .box_h = 16, .ofs_x = 3, .ofs_y = -1},
    {.bitmap_index = 136694, .adv_w = 320, .box_w = 7, .box_h = 20, .ofs_x = 13, .ofs_y = -2},
    {.bitmap_index = 136764, .adv_w = 320, .box_w = 7, .box_h = 20, .ofs_x = 0, .ofs_y = -2},
    {.bitmap_index = 136834, .adv_w = 320, .box_w = 4, .box_h = 14, .ofs_x = 3, .ofs_y = -1},
    {.bitmap_index = 136862, .adv_w = 320, .box_w = 10, .box_h = 17, .ofs_x = 0, .ofs_y = -1}
};

/*---------------------
 *  CHARACTER MAPPING
 *--------------------*/

static const uint16_t unicode_list_3[] = {
    0x0, 0x7, 0x13, 0x15, 0x27, 0x28, 0x2c, 0x33
};

static const uint16_t unicode_list_5[] = {
    0x0, 0x1, 0x8, 0x9, 0x10, 0x11, 0x12, 0x13
};

static const uint16_t unicode_list_7[] = {
    0x0, 0x1, 0x2, 0x3, 0xa, 0xb, 0xc, 0xd,
    0x14, 0x15, 0x16, 0x17, 0x18, 0x19, 0x1e, 0x1f,
    0x2091, 0x2af1, 0x2af2, 0x2af5, 0x2afc, 0x2afd
};

static const uint16_t unicode_list_10[] = {
    0x0, 0x1, 0x1d, 0x20, 0x2d, 0x2e, 0x3c, 0x79,
    0x7e, 0x9e, 0xa1, 0xb8, 0xbd, 0xe9, 0xf0, 0x113,
    0x140, 0x141, 0x146, 0x172, 0x1d4, 0x24f, 0x2c0, 0x336,
    0x358, 0x35b, 0x35f, 0x364, 0x366, 0x36a, 0x378, 0x380,
    0x38c, 0x3b9, 0x3ed, 0x3fa, 0x413, 0x423, 0x429, 0x43d,
    0x440, 0x48e, 0x49c, 0x4ac, 0x4c8, 0x4f8, 0x52d, 0x553,
    0x554, 0x575, 0x5ae, 0x5c4, 0x5c9, 0x5ca, 0x5ea, 0x5ff,
    0x600, 0x622, 0x65b, 0x67f, 0x85b, 0x8e6, 0x8f1, 0x91b,
    0x923, 0x9c1, 0x9d2, 0x9f9, 0xa27, 0xae3, 0xafa, 0xb00,
    0xb1c, 0xb24, 0xbbe, 0xd4a, 0xd4b, 0xd7f, 0xd8d, 0xd95,
    0xdb9, 0xdf1, 0xe42, 0xe58, 0xfd8, 0xfe5, 0xff5, 0x1022,
    0x1038, 0x1048, 0x1086, 0x1099, 0x10e9, 0x10f3, 0x10f6, 0x1102,
    0x112a, 0x112c, 0x1148, 0x1155, 0x118a, 0x119c, 0x11ca, 0x11de,
    0x1255, 0x1262, 0x1312, 0x1355, 0x1403, 0x142a, 0x145e, 0x1471,
    0x1491, 0x14ce, 0x14dc, 0x1532, 0x1561, 0x1598, 0x159a, 0x15c2,
    0x15c3, 0x160f, 0x1729, 0x173b, 0x174a, 0x1763, 0x177a, 0x17a0,
    0x17a3, 0x17d3, 0x17d8, 0x17e9, 0x1801, 0x1835, 0x1875, 0x18eb,
    0x18fc, 0x1912, 0x191d, 0x191f, 0x192d, 0x1954, 0x1958, 0x1974,
    0x1983, 0x19fa, 0x1a14, 0x1a2f, 0x1ab3, 0x1b0f, 0x1bf0, 0x1c14,
    0x1c1d, 0x1d55, 0x1d56, 0x1d58, 0x1d67, 0x1da8, 0x1e07, 0x1e0a,
    0x1ed5, 0x1f2e, 0x1f38, 0x1f3e, 0x1f7b, 0x1fe4, 0x1ff8, 0x1ffb,
    0x20d7, 0x22ac, 0x2314, 0x243a, 0x245c, 0x257a, 0x25a3, 0x26d9,
    0x271b, 0x2724, 0x272e, 0x28cb, 0x28e1, 0x2933, 0x29d8, 0x29e0,
    0x29f4, 0x2a61, 0x2b2d, 0x2bae, 0x2bb4, 0x2bc5, 0x2bcb, 0x2be3,
    0x2bfe, 0x2c2f, 0x2c6d, 0x2ce2, 0x2d73, 0x2f15, 0x2f23, 0x2f3f,
    0x2f64, 0x2f8d, 0x3021, 0x309a, 0x30b2, 0x30b7, 0x30d2, 0x30da,
    0x3109, 0x3161, 0x3197, 0x323d, 0x33dd, 0x3465, 0x3475, 0x356a,
    0x35aa, 0x37c2, 0x38f5, 0x3a3f, 0x3a5b, 0x3b7e, 0x3bc5, 0x3bd6,
    0x3bf3, 0x3bfb, 0x3c20, 0x3c66, 0x3c91, 0x3cb2, 0x3d94, 0x3d97,
    0x3da3, 0x3db1, 0x3de0, 0x3de2, 0x3dea, 0x3df6, 0x3e54, 0x3edd,
    0x3f18, 0x3f1b, 0x3f6a, 0x3f78, 0x3fb6, 0x3fd0, 0x3fe2, 0x3fe6,
    0x401d, 0x4178, 0x4186, 0x41af, 0x41ba, 0x41c3, 0x41c4, 0x41ce,
    0x41cf, 0x41d1, 0x41d2, 0x41f0, 0x41f4, 0x41f5, 0x41fc, 0x420d,
    0x4212, 0x4238, 0x4246, 0x4253, 0x4258, 0x426b, 0x426d, 0x42ae,
    0x42f0, 0x4340, 0x4385, 0x43c0, 0x43c2, 0x4568, 0x4698, 0x46b6,
    0x46f4, 0x470c, 0x4721, 0x477e, 0x4786, 0x47e0, 0x47e7, 0x4857,
    0x4883, 0x4896, 0x48d5, 0x494c, 0x4951, 0x4955, 0x49e6, 0x4a6c,
    0x4a77, 0x4a79, 0x4a84, 0x4a8b, 0x4ccb, 0x5016, 0x50cb, 0x5113,
    0xb0f4, 0xb0fb, 0xb0fc, 0xb10d, 0xb112
};

/*Collect the unicode lists and glyph_id offsets*/
static const lv_font_fmt_txt_cmap_t cmaps[] =
{
    {
        .range_start = 32, .range_length = 95, .glyph_id_start = 1,
        .unicode_list = NULL, .glyph_id_ofs_list = NULL, .list_length = 0, .type = LV_FONT_FMT_TXT_CMAP_FORMAT0_TINY
    },
    {
        .range_start = 160, .range_length = 13, .glyph_id_start = 96,
        .unicode_list = NULL, .glyph_id_ofs_list = NULL, .list_length = 0, .type = LV_FONT_FMT_TXT_CMAP_FORMAT0_TINY
    },
    {
        .range_start = 174, .range_length = 210, .glyph_id_start = 109,
        .unicode_list = NULL, .glyph_id_ofs_list = NULL, .list_length = 0, .type = LV_FONT_FMT_TXT_CMAP_FORMAT0_TINY
    },
    {
        .range_start = 916, .range_length = 52, .glyph_id_start = 319,
        .unicode_list = unicode_list_3, .glyph_id_ofs_list = NULL, .list_length = 8, .type = LV_FONT_FMT_TXT_CMAP_SPARSE_TINY
    },
    {
        .range_start = 1024, .range_length = 96, .glyph_id_start = 327,
        .unicode_list = NULL, .glyph_id_ofs_list = NULL, .list_length = 0, .type = LV_FONT_FMT_TXT_CMAP_FORMAT0_TINY
    },
    {
        .range_start = 1122, .range_length = 20, .glyph_id_start = 423,
        .unicode_list = unicode_list_5, .glyph_id_ofs_list = NULL, .list_length = 8, .type = LV_FONT_FMT_TXT_CMAP_SPARSE_TINY
    },
    {
        .range_start = 1162, .range_length = 118, .glyph_id_start = 431,
        .unicode_list = NULL, .glyph_id_ofs_list = NULL, .list_length = 0, .type = LV_FONT_FMT_TXT_CMAP_FORMAT0_TINY
    },
    {
        .range_start = 1296, .range_length = 11006, .glyph_id_start = 549,
        .unicode_list = unicode_list_7, .glyph_id_ofs_list = NULL, .list_length = 22, .type = LV_FONT_FMT_TXT_CMAP_SPARSE_TINY
    },
    {
        .range_start = 12353, .range_length = 86, .glyph_id_start = 571,
        .unicode_list = NULL, .glyph_id_ofs_list = NULL, .list_length = 0, .type = LV_FONT_FMT_TXT_CMAP_FORMAT0_TINY
    },
    {
        .range_start = 12441, .range_length = 103, .glyph_id_start = 657,
        .unicode_list = NULL, .glyph_id_ofs_list = NULL, .list_length = 0, .type = LV_FONT_FMT_TXT_CMAP_FORMAT0_TINY
    },
    {
        .range_start = 19981, .range_length = 45331, .glyph_id_start = 760,
        .unicode_list = unicode_list_10, .glyph_id_ofs_list = NULL, .list_length = 309, .type = LV_FONT_FMT_TXT_CMAP_SPARSE_TINY
    }
};

/*-----------------
 *    KERNING
 *----------------*/


/*Pair left and right glyphs for kerning*/
static const uint16_t kern_pair_glyph_ids[] =
{
    2, 11,
    2, 18,
    2, 24,
    2, 101,
    3, 3,
    3, 6,
    3, 7,
    3, 8,
    3, 11,
    3, 13,
    3, 15,
    3, 16,
    3, 17,
    3, 18,
    3, 19,
    3, 20,
    3, 21,
    3, 22,
    3, 23,
    3, 24,
    3, 25,
    3, 26,
    3, 27,
    3, 28,
    3, 32,
    3, 33,
    3, 61,
    3, 62,
    3, 64,
    3, 94,
    3, 98,
    3, 100,
    3, 101,
    3, 105,
    3, 109,
    3, 111,
    3, 117,
    3, 126,
    5, 3,
    5, 8,
    5, 11,
    5, 12,
    5, 13,
    5, 14,
    5, 15,
    5, 18,
    5, 20,
    5, 21,
    5, 24,
    5, 26,
    5, 27,
    5, 28,
    5, 32,
    5, 61,
    5, 64,
    5, 95,
    5, 107,
    5, 108,
    5, 111,
    5, 112,
    5, 118,
    5, 126,
    5, 182,
    6, 3,
    6, 6,
    6, 8,
    6, 10,
    6, 11,
    6, 12,
    6, 13,
    6, 14,
    6, 15,
    6, 18,
    6, 19,
    6, 20,
    6, 21,
    6, 22,
    6, 24,
    6, 25,
    6, 32,
    6, 61,
    6, 95,
    6, 98,
    6, 107,
    6, 108,
    6, 111,
    6, 112,
    6, 118,
    6, 182,
    7, 2,
    7, 3,
    7, 6,
    7, 7,
    7, 8,
    7, 11,
    7, 13,
    7, 15,
    7, 16,
    7, 18,
    7, 19,
    7, 24,
    7, 27,
    7, 28,
    7, 32,
    7, 61,
    7, 62,
    7, 64,
    7, 94,
    7, 97,
    7, 111,
    7, 117,
    8, 3,
    8, 6,
    8, 7,
    8, 8,
    8, 11,
    8, 13,
    8, 15,
    8, 16,
    8, 17,
    8, 18,
    8, 19,
    8, 20,
    8, 21,
    8, 22,
    8, 23,
    8, 24,
    8, 25,
    8, 26,
    8, 27,
    8, 28,
    8, 32,
    8, 33,
    8, 61,
    8, 62,
    8, 64,
    8, 94,
    8, 98,
    8, 100,
    8, 101,
    8, 105,
    8, 109,
    8, 111,
    8, 117,
    8, 126,
    9, 16,
    9, 18,
    9, 21,
    9, 61,
    9, 62,
    9, 94,
    9, 101,
    11, 2,
    11, 3,
    11, 5,
    11, 6,
    11, 7,
    11, 8,
    11, 11,
    11, 12,
    11, 13,
    11, 14,
    11, 15,
    11, 16,
    11, 17,
    11, 18,
    11, 19,
    11, 20,
    11, 21,
    11, 23,
    11, 24,
    11, 26,
    11, 32,
    11, 64,
    11, 95,
    11, 98,
    11, 100,
    11, 107,
    11, 108,
    11, 111,
    11, 112,
    11, 117,
    11, 118,
    11, 122,
    11, 126,
    11, 182,
    12, 5,
    12, 6,
    12, 11,
    12, 13,
    12, 15,
    12, 17,
    12, 18,
    12, 19,
    12, 20,
    12, 21,
    12, 23,
    12, 24,
    12, 32,
    12, 33,
    12, 61,
    12, 98,
    12, 100,
    12, 101,
    12, 103,
    12, 105,
    12, 109,
    12, 117,
    12, 122,
    13, 3,
    13, 5,
    13, 6,
    13, 8,
    13, 11,
    13, 12,
    13, 14,
    13, 16,
    13, 17,
    13, 18,
    13, 19,
    13, 20,
    13, 21,
    13, 23,
    13, 24,
    13, 25,
    13, 32,
    13, 33,
    13, 61,
    13, 64,
    13, 95,
    13, 98,
    13, 100,
    13, 101,
    13, 105,
    13, 107,
    13, 108,
    13, 109,
    13, 111,
    13, 112,
    13, 117,
    13, 118,
    13, 126,
    13, 182,
    14, 5,
    14, 6,
    14, 11,
    14, 13,
    14, 15,
    14, 17,
    14, 18,
    14, 19,
    14, 20,
    14, 21,
    14, 23,
    14, 24,
    14, 32,
    14, 33,
    14, 61,
    14, 98,
    14, 100,
    14, 101,
    14, 103,
    14, 105,
    14, 109,
    14, 117,
    14, 122,
    15, 3,
    15, 5,
    15, 6,
    15, 8,
    15, 11,
    15, 12,
    15, 14,
    15, 16,
    15, 17,
    15, 18,
    15, 19,
    15, 20,
    15, 21,
    15, 23,
    15, 24,
    15, 25,
    15, 32,
    15, 33,
    15, 61,
    15, 64,
    15, 95,
    15, 98,
    15, 100,
    15, 101,
    15, 105,
    15, 107,
    15, 108,
    15, 109,
    15, 111,
    15, 112,
    15, 117,
    15, 118,
    15, 126,
    15, 182,
    16, 3,
    16, 5,
    16, 7,
    16, 8,
    16, 10,
    16, 12,
    16, 13,
    16, 14,
    16, 15,
    16, 16,
    16, 17,
    16, 18,
    16, 21,
    16, 23,
    16, 24,
    16, 25,
    16, 27,
    16, 28,
    16, 33,
    16, 61,
    16, 62,
    16, 64,
    16, 94,
    16, 95,
    16, 97,
    16, 98,
    16, 99,
    16, 101,
    16, 103,
    16, 105,
    16, 107,
    16, 108,
    16, 109,
    16, 111,
    16, 112,
    16, 116,
    16, 118,
    16, 122,
    16, 126,
    16, 182,
    17, 3,
    17, 8,
    17, 11,
    17, 12,
    17, 13,
    17, 14,
    17, 15,
    17, 16,
    17, 20,
    17, 24,
    17, 32,
    17, 61,
    17, 64,
    17, 95,
    17, 101,
    17, 107,
    17, 108,
    17, 111,
    17, 112,
    17, 118,
    17, 126,
    17, 182,
    19, 6,
    19, 7,
    19, 12,
    19, 13,
    19, 14,
    19, 15,
    19, 16,
    19, 17,
    19, 21,
    19, 23,
    19, 24,
    19, 61,
    19, 64,
    19, 95,
    19, 98,
    19, 107,
    19, 108,
    19, 112,
    19, 118,
    19, 182,
    20, 3,
    20, 6,
    20, 8,
    20, 19,
    20, 20,
    20, 22,
    20, 24,
    20, 111,
    21, 3,
    21, 5,
    21, 6,
    21, 7,
    21, 8,
    21, 11,
    21, 12,
    21, 13,
    21, 14,
    21, 15,
    21, 16,
    21, 18,
    21, 19,
    21, 20,
    21, 22,
    21, 24,
    21, 25,
    21, 26,
    21, 27,
    21, 28,
    21, 32,
    21, 33,
    21, 61,
    21, 64,
    21, 95,
    21, 98,
    21, 99,
    21, 100,
    21, 101,
    21, 103,
    21, 105,
    21, 107,
    21, 108,
    21, 109,
    21, 111,
    21, 112,
    21, 117,
    21, 118,
    21, 126,
    21, 182,
    22, 6,
    22, 11,
    22, 19,
    22, 20,
    22, 22,
    22, 24,
    22, 61,
    22, 111,
    23, 3,
    23, 6,
    23, 7,
    23, 8,
    23, 11,
    23, 12,
    23, 13,
    23, 14,
    23, 15,
    23, 16,
    23, 24,
    23, 95,
    23, 98,
    23, 100,
    23, 103,
    23, 107,
    23, 108,
    23, 111,
    23, 112,
    23, 118,
    23, 182,
    24, 3,
    24, 5,
    24, 7,
    24, 8,
    24, 11,
    24, 12,
    24, 13,
    24, 14,
    24, 15,
    24, 16,
    24, 17,
    24, 18,
    24, 20,
    24, 21,
    24, 22,
    24, 23,
    24, 25,
    24, 27,
    24, 28,
    24, 32,
    24, 33,
    24, 61,
    24, 62,
    24, 64,
    24, 94,
    24, 95,
    24, 97,
    24, 98,
    24, 99,
    24, 100,
    24, 101,
    24, 103,
    24, 105,
    24, 107,
    24, 108,
    24, 109,
    24, 111,
    24, 112,
    24, 116,
    24, 117,
    24, 118,
    24, 122,
    24, 126,
    24, 182,
    25, 3,
    25, 6,
    25, 8,
    25, 11,
    25, 13,
    25, 15,
    25, 32,
    25, 61,
    25, 101,
    25, 103,
    25, 126,
    26, 3,
    26, 8,
    26, 11,
    26, 12,
    26, 13,
    26, 14,
    26, 15,
    26, 16,
    26, 20,
    26, 24,
    26, 32,
    26, 61,
    26, 64,
    26, 95,
    26, 101,
    26, 107,
    26, 108,
    26, 111,
    26, 112,
    26, 118,
    26, 126,
    26, 182,
    27, 3,
    27, 8,
    27, 16,
    27, 24,
    27, 32,
    27, 61,
    27, 64,
    27, 101,
    28, 3,
    28, 8,
    28, 16,
    28, 24,
    28, 32,
    28, 61,
    28, 64,
    28, 101,
    32, 2,
    32, 7,
    32, 11,
    32, 13,
    32, 15,
    32, 16,
    32, 20,
    32, 21,
    32, 25,
    32, 26,
    32, 32,
    32, 60,
    32, 64,
    32, 97,
    32, 98,
    32, 101,
    32, 111,
    32, 122,
    32, 126,
    33, 3,
    33, 8,
    33, 10,
    33, 12,
    33, 13,
    33, 14,
    33, 15,
    33, 16,
    33, 18,
    33, 19,
    33, 20,
    33, 32,
    33, 61,
    33, 62,
    33, 64,
    33, 94,
    33, 95,
    33, 107,
    33, 108,
    33, 111,
    33, 112,
    33, 118,
    33, 126,
    33, 182,
    60, 3,
    60, 8,
    60, 10,
    60, 12,
    60, 14,
    60, 16,
    60, 18,
    60, 21,
    60, 24,
    60, 32,
    60, 61,
    60, 64,
    60, 95,
    60, 101,
    60, 107,
    60, 108,
    60, 112,
    60, 118,
    60, 182,
    61, 3,
    61, 6,
    61, 7,
    61, 8,
    61, 10,
    61, 11,
    61, 13,
    61, 15,
    61, 16,
    61, 17,
    61, 18,
    61, 19,
    61, 20,
    61, 21,
    61, 23,
    61, 24,
    61, 27,
    61, 28,
    61, 32,
    61, 33,
    61, 61,
    61, 62,
    61, 64,
    61, 94,
    61, 97,
    61, 103,
    61, 105,
    61, 109,
    61, 111,
    61, 117,
    61, 122,
    61, 126,
    64, 3,
    64, 5,
    64, 6,
    64, 8,
    64, 11,
    64, 13,
    64, 15,
    64, 16,
    64, 17,
    64, 18,
    64, 19,
    64, 20,
    64, 21,
    64, 22,
    64, 23,
    64, 26,
    64, 27,
    64, 28,
    64, 32,
    64, 33,
    64, 61,
    64, 62,
    64, 94,
    64, 97,
    64, 98,
    64, 99,
    64, 100,
    64, 101,
    64, 103,
    64, 105,
    64, 109,
    64, 117,
    64, 122,
    92, 3,
    92, 8,
    92, 10,
    92, 12,
    92, 14,
    92, 16,
    92, 18,
    92, 21,
    92, 24,
    92, 32,
    92, 61,
    92, 64,
    92, 95,
    92, 101,
    92, 107,
    92, 108,
    92, 112,
    92, 118,
    92, 182,
    95, 5,
    95, 6,
    95, 11,
    95, 13,
    95, 15,
    95, 17,
    95, 18,
    95, 19,
    95, 20,
    95, 21,
    95, 23,
    95, 24,
    95, 32,
    95, 33,
    95, 61,
    95, 98,
    95, 100,
    95, 101,
    95, 103,
    95, 105,
    95, 109,
    95, 117,
    95, 122,
    97, 16,
    97, 18,
    97, 61,
    97, 64,
    97, 101,
    98, 7,
    98, 10,
    98, 11,
    98, 12,
    98, 13,
    98, 14,
    98, 15,
    98, 17,
    98, 18,
    98, 19,
    98, 20,
    98, 21,
    98, 23,
    98, 24,
    98, 25,
    98, 26,
    98, 27,
    98, 28,
    98, 32,
    98, 60,
    98, 61,
    98, 62,
    98, 94,
    98, 95,
    98, 98,
    98, 103,
    98, 107,
    98, 108,
    98, 111,
    98, 112,
    98, 118,
    98, 126,
    98, 182,
    99, 5,
    99, 7,
    99, 11,
    99, 12,
    99, 14,
    99, 16,
    99, 17,
    99, 18,
    99, 19,
    99, 20,
    99, 21,
    99, 22,
    99, 23,
    99, 24,
    99, 25,
    99, 26,
    99, 27,
    99, 28,
    99, 33,
    99, 61,
    99, 64,
    99, 95,
    99, 97,
    99, 98,
    99, 103,
    99, 105,
    99, 107,
    99, 108,
    99, 109,
    99, 112,
    99, 116,
    99, 117,
    99, 118,
    99, 122,
    99, 126,
    99, 182,
    100, 11,
    100, 12,
    100, 13,
    100, 14,
    100, 15,
    100, 19,
    100, 24,
    100, 64,
    100, 95,
    100, 107,
    100, 108,
    100, 112,
    100, 118,
    100, 126,
    100, 182,
    101, 2,
    101, 3,
    101, 8,
    101, 10,
    101, 12,
    101, 13,
    101, 14,
    101, 15,
    101, 16,
    101, 17,
    101, 18,
    101, 20,
    101, 21,
    101, 23,
    101, 24,
    101, 25,
    101, 27,
    101, 28,
    101, 61,
    101, 62,
    101, 64,
    101, 94,
    101, 95,
    101, 97,
    101, 107,
    101, 108,
    101, 112,
    101, 118,
    101, 126,
    101, 182,
    103, 12,
    103, 14,
    103, 16,
    103, 21,
    103, 24,
    103, 25,
    103, 64,
    103, 95,
    103, 98,
    103, 107,
    103, 108,
    103, 112,
    103, 116,
    103, 118,
    103, 182,
    105, 3,
    105, 8,
    105, 10,
    105, 12,
    105, 13,
    105, 14,
    105, 15,
    105, 16,
    105, 18,
    105, 19,
    105, 20,
    105, 32,
    105, 61,
    105, 62,
    105, 64,
    105, 94,
    105, 95,
    105, 107,
    105, 108,
    105, 111,
    105, 112,
    105, 118,
    105, 126,
    105, 182,
    107, 11,
    107, 12,
    107, 14,
    107, 16,
    107, 21,
    107, 22,
    107, 32,
    107, 61,
    107, 64,
    107, 95,
    107, 107,
    107, 108,
    107, 112,
    107, 118,
    107, 126,
    107, 182,
    109, 3,
    109, 8,
    109, 10,
    109, 12,
    109, 13,
    109, 14,
    109, 15,
    109, 16,
    109, 18,
    109, 19,
    109, 20,
    109, 32,
    109, 61,
    109, 62,
    109, 64,
    109, 94,
    109, 95,
    109, 107,
    109, 108,
    109, 111,
    109, 112,
    109, 118,
    109, 126,
    109, 182,
    111, 3,
    111, 5,
    111, 6,
    111, 8,
    111, 11,
    111, 13,
    111, 15,
    111, 16,
    111, 17,
    111, 18,
    111, 19,
    111, 20,
    111, 21,
    111, 22,
    111, 23,
    111, 24,
    111, 26,
    111, 32,
    111, 33,
    111, 61,
    111, 98,
    111, 105,
    111, 109,
    111, 126,
    112, 5,
    112, 6,
    112, 11,
    112, 13,
    112, 15,
    112, 17,
    112, 18,
    112, 19,
    112, 20,
    112, 21,
    112, 23,
    112, 24,
    112, 32,
    112, 33,
    112, 61,
    112, 98,
    112, 100,
    112, 101,
    112, 103,
    112, 105,
    112, 109,
    112, 117,
    112, 122,
    116, 5,
    116, 18,
    116, 32,
    116, 61,
    118, 5,
    118, 6,
    118, 11,
    118, 13,
    118, 15,
    118, 17,
    118, 18,
    118, 19,
    118, 20,
    118, 21,
    118, 23,
    118, 24,
    118, 32,
    118, 33,
    118, 61,
    118, 98,
    118, 100,
    118, 101,
    118, 103,
    118, 105,
    118, 109,
    118, 117,
    118, 122,
    122, 5,
    122, 6,
    122, 11,
    122, 13,
    122, 15,
    122, 17,
    122, 18,
    122, 19,
    122, 20,
    122, 21,
    122, 23,
    122, 24,
    122, 32,
    122, 33,
    122, 61,
    122, 98,
    122, 100,
    122, 101,
    122, 103,
    122, 105,
    122, 109,
    122, 117,
    122, 122,
    126, 3,
    126, 6,
    126, 7,
    126, 8,
    126, 11,
    126, 12,
    126, 14,
    126, 16,
    126, 17,
    126, 18,
    126, 21,
    126, 23,
    126, 24,
    126, 25,
    126, 32,
    126, 33,
    126, 61,
    126, 62,
    126, 64,
    126, 94,
    126, 95,
    126, 98,
    126, 99,
    126, 100,
    126, 101,
    126, 105,
    126, 107,
    126, 108,
    126, 109,
    126, 111,
    126, 112,
    126, 116,
    126, 117,
    126, 118,
    126, 122,
    126, 126,
    126, 182,
    182, 5,
    182, 6,
    182, 11,
    182, 13,
    182, 15,
    182, 17,
    182, 18,
    182, 19,
    182, 20,
    182, 21,
    182, 23,
    182, 24,
    182, 32,
    182, 33,
    182, 61,
    182, 98,
    182, 100,
    182, 101,
    182, 103,
    182, 105,
    182, 109,
    182, 117,
    182, 122,
    571, 566,
    571, 567,
    572, 608,
    572, 609,
    572, 693,
    572, 694,
    572, 717,
    573, 608,
    573, 609,
    574, 608,
    574, 609,
    574, 642,
    576, 567,
    576, 717,
    576, 718,
    576, 719,
    578, 583,
    578, 584,
    578, 585,
    578, 586,
    578, 606,
    578, 607,
    578, 608,
    578, 609,
    578, 626,
    578, 627,
    578, 628,
    578, 645,
    578, 685,
    578, 717,
    578, 718,
    578, 720,
    578, 721,
    578, 722,
    581, 566,
    581, 567,
    581, 617,
    581, 642,
    582, 566,
    582, 567,
    582, 642,
    583, 566,
    583, 567,
    583, 573,
    583, 575,
    583, 576,
    583, 577,
    583, 579,
    583, 605,
    583, 645,
    584, 566,
    584, 567,
    584, 573,
    584, 575,
    584, 577,
    584, 579,
    584, 585,
    584, 586,
    584, 605,
    584, 637,
    584, 639,
    584, 641,
    585, 576,
    585, 608,
    585, 609,
    585, 633,
    585, 645,
    586, 566,
    586, 576,
    586, 608,
    586, 609,
    586, 633,
    586, 645,
    587, 566,
    587, 567,
    588, 566,
    588, 567,
    589, 566,
    589, 595,
    589, 596,
    589, 605,
    590, 595,
    590, 596,
    590, 608,
    590, 609,
    592, 642,
    593, 595,
    593, 596,
    593, 606,
    593, 607,
    593, 608,
    593, 609,
    593, 638,
    593, 685,
    595, 566,
    595, 567,
    595, 573,
    595, 575,
    595, 577,
    595, 579,
    595, 605,
    595, 608,
    595, 609,
    595, 623,
    595, 624,
    595, 625,
    595, 626,
    595, 627,
    595, 628,
    595, 637,
    595, 679,
    595, 710,
    595, 720,
    595, 721,
    595, 722,
    596, 566,
    596, 567,
    596, 602,
    596, 626,
    596, 627,
    596, 628,
    596, 710,
    596, 720,
    596, 721,
    596, 722,
    598, 595,
    598, 596,
    598, 608,
    598, 609,
    598, 626,
    598, 627,
    598, 628,
    601, 632,
    601, 647,
    602, 566,
    602, 567,
    602, 632,
    602, 647,
    605, 608,
    605, 616,
    606, 566,
    606, 567,
    607, 566,
    607, 567,
    608, 566,
    608, 567,
    608, 572,
    608, 580,
    608, 583,
    608, 584,
    608, 585,
    608, 586,
    608, 599,
    608, 600,
    608, 605,
    608, 606,
    608, 607,
    608, 617,
    608, 618,
    608, 619,
    608, 632,
    608, 636,
    608, 652,
    609, 566,
    609, 567,
    609, 572,
    609, 586,
    610, 566,
    610, 585,
    610, 595,
    610, 596,
    610, 599,
    610, 600,
    610, 605,
    610, 606,
    610, 607,
    610, 608,
    610, 609,
    610, 612,
    610, 616,
    610, 626,
    610, 627,
    610, 628,
    611, 566,
    611, 567,
    611, 583,
    611, 584,
    611, 585,
    611, 586,
    611, 589,
    611, 590,
    611, 591,
    611, 592,
    611, 599,
    611, 600,
    611, 606,
    611, 607,
    611, 608,
    611, 609,
    611, 612,
    611, 626,
    611, 627,
    611, 628,
    611, 633,
    613, 566,
    613, 582,
    613, 585,
    613, 586,
    613, 589,
    613, 590,
    613, 591,
    613, 592,
    613, 595,
    613, 596,
    613, 599,
    613, 600,
    614, 583,
    614, 584,
    614, 603,
    614, 620,
    614, 621,
    614, 622,
    616, 583,
    617, 601,
    617, 602,
    618, 581,
    619, 581,
    620, 610,
    620, 611,
    623, 603,
    623, 604,
    624, 603,
    624, 604,
    625, 603,
    625, 604,
    626, 608,
    626, 609,
    626, 610,
    626, 611,
    627, 608,
    627, 609,
    627, 611,
    628, 608,
    628, 609,
    628, 610,
    628, 611,
    631, 625,
    632, 566,
    632, 567,
    632, 597,
    632, 598,
    632, 605,
    636, 566,
    636, 574,
    636, 576,
    636, 599,
    636, 600,
    636, 606,
    636, 608,
    636, 609,
    636, 610,
    636, 611,
    637, 567,
    638, 566,
    638, 567,
    640, 566,
    640, 567,
    640, 623,
    640, 624,
    640, 625,
    642, 575,
    642, 605,
    642, 644,
    642, 645,
    643, 595,
    643, 596,
    643, 597,
    643, 598,
    643, 608,
    643, 609,
    644, 566,
    644, 567,
    644, 606,
    645, 606,
    645, 607,
    645, 700,
    645, 701,
    645, 726,
    646, 566,
    646, 567,
    646, 606,
    646, 607,
    646, 608,
    646, 609,
    646, 623,
    646, 624,
    646, 625,
    649, 646,
    651, 566,
    653, 595,
    653, 608,
    653, 609,
    653, 611,
    665, 566,
    665, 567,
    666, 566,
    666, 567,
    666, 610,
    666, 611,
    666, 623,
    666, 624,
    666, 625,
    666, 668,
    666, 679,
    666, 680,
    666, 687,
    666, 688,
    666, 691,
    666, 692,
    666, 697,
    666, 706,
    666, 707,
    666, 710,
    666, 711,
    666, 712,
    666, 713,
    666, 720,
    666, 721,
    666, 722,
    666, 727,
    666, 728,
    666, 729,
    666, 739,
    666, 747,
    666, 756,
    668, 566,
    668, 567,
    668, 623,
    668, 624,
    668, 625,
    668, 672,
    668, 679,
    668, 680,
    668, 689,
    668, 690,
    668, 695,
    668, 696,
    668, 702,
    668, 706,
    668, 711,
    668, 712,
    668, 713,
    668, 728,
    668, 732,
    668, 734,
    670, 566,
    670, 567,
    673, 566,
    673, 567,
    674, 566,
    674, 567,
    674, 679,
    674, 680,
    674, 728,
    675, 566,
    676, 566,
    677, 566,
    677, 567,
    677, 689,
    677, 710,
    677, 747,
    678, 566,
    678, 567,
    678, 710,
    679, 566,
    679, 567,
    679, 671,
    679, 679,
    679, 680,
    679, 689,
    679, 690,
    679, 695,
    679, 696,
    679, 710,
    679, 711,
    679, 712,
    679, 713,
    679, 728,
    679, 729,
    679, 739,
    679, 755,
    680, 566,
    680, 567,
    680, 679,
    680, 680,
    680, 694,
    680, 710,
    680, 728,
    681, 566,
    681, 567,
    681, 668,
    681, 702,
    681, 703,
    681, 710,
    681, 711,
    681, 712,
    681, 713,
    681, 720,
    681, 721,
    681, 722,
    681, 727,
    681, 728,
    681, 729,
    681, 740,
    681, 747,
    682, 566,
    682, 567,
    682, 667,
    682, 668,
    682, 671,
    682, 710,
    682, 711,
    682, 712,
    682, 713,
    682, 727,
    682, 728,
    682, 729,
    683, 670,
    684, 689,
    684, 690,
    685, 566,
    685, 567,
    685, 689,
    685, 710,
    685, 711,
    685, 712,
    685, 713,
    685, 728,
    686, 566,
    686, 567,
    686, 689,
    686, 710,
    686, 728,
    687, 566,
    687, 567,
    687, 711,
    687, 712,
    687, 713,
    688, 566,
    688, 567,
    688, 695,
    688, 696,
    688, 710,
    688, 711,
    688, 712,
    688, 713,
    688, 731,
    688, 733,
    689, 720,
    689, 721,
    689, 722,
    689, 726,
    691, 720,
    691, 729,
    692, 566,
    692, 567,
    692, 710,
    692, 720,
    693, 566,
    693, 567,
    693, 710,
    693, 728,
    694, 566,
    694, 567,
    694, 710,
    695, 566,
    695, 567,
    695, 710,
    695, 729,
    696, 566,
    696, 567,
    696, 687,
    696, 688,
    696, 710,
    696, 729,
    697, 566,
    697, 567,
    697, 710,
    697, 728,
    697, 731,
    698, 566,
    698, 567,
    698, 671,
    698, 710,
    699, 566,
    699, 567,
    700, 566,
    700, 567,
    700, 728,
    701, 566,
    701, 567,
    701, 710,
    701, 728,
    702, 566,
    702, 567,
    702, 667,
    702, 710,
    702, 711,
    702, 728,
    703, 566,
    703, 567,
    703, 667,
    703, 728,
    704, 566,
    704, 567,
    705, 566,
    705, 567,
    705, 710,
    706, 566,
    706, 567,
    706, 710,
    706, 728,
    708, 566,
    708, 567,
    708, 710,
    709, 683,
    709, 684,
    710, 566,
    710, 567,
    710, 665,
    710, 667,
    710, 669,
    710, 671,
    710, 673,
    710, 695,
    710, 699,
    710, 733,
    711, 668,
    711, 704,
    712, 704,
    712, 705,
    712, 747,
    713, 704,
    713, 705,
    713, 747,
    715, 667,
    717, 566,
    717, 567,
    717, 667,
    717, 682,
    717, 728,
    717, 747,
    718, 566,
    718, 567,
    718, 667,
    719, 566,
    719, 567,
    719, 667,
    719, 733,
    721, 689,
    721, 690,
    726, 566,
    726, 567,
    726, 710,
    728, 717,
    728, 718,
    728, 719,
    728, 737,
    731, 566,
    731, 567,
    732, 566,
    732, 567,
    732, 668,
    732, 710,
    732, 711,
    732, 712,
    732, 713,
    732, 728,
    732, 729,
    733, 566,
    733, 666,
    733, 740,
    736, 623,
    736, 624,
    736, 625,
    737, 566,
    737, 567,
    737, 687,
    737, 688,
    737, 689,
    737, 690,
    737, 710,
    737, 711,
    737, 712,
    737, 713,
    737, 728,
    737, 729,
    738, 566,
    738, 567,
    739, 675,
    739, 676,
    739, 683,
    739, 684,
    739, 728,
    739, 747,
    740, 728,
    743, 566,
    743, 567,
    743, 667,
    743, 710,
    743, 711,
    743, 712,
    743, 713,
    744, 710,
    746, 566,
    746, 567,
    747, 566,
    747, 567,
    747, 689,
    747, 690,
    747, 709,
    747, 710,
    747, 717,
    747, 718,
    747, 719,
    747, 728,
    747, 729,
    748, 566,
    748, 567,
    751, 566,
    751, 567,
    754, 566,
    754, 624,
    756, 566,
    756, 567,
    756, 608,
    756, 609,
    756, 623,
    756, 624,
    756, 625,
    756, 666,
    756, 667,
    756, 685,
    756, 686,
    756, 687,
    756, 688,
    756, 689,
    756, 690,
    756, 700,
    756, 701,
    756, 710,
    756, 711,
    756, 712,
    756, 713,
    756, 717,
    756, 718,
    756, 719,
    756, 728,
    756, 729,
    756, 747
};

/* Kerning between the respective left and right glyphs
 * 4.4 format which needs to scaled with `kern_scale`*/
static const int8_t kern_pair_values[] =
{
    2, 3, 2, 4, 14, 9, -7, 14,
    6, -18, -18, -19, 2, 15, 7, 5,
    -13, 2, 2, 16, 0, 13, 3, 3,
    10, -5, 19, 3, -2, 3, -5, -6,
    6, -5, -5, 6, 15, -14, -10, -10,
    -6, 5, 6, 5, 6, -3, -2, 3,
    -3, -3, -2, -2, -6, -3, -6, 5,
    5, 5, -5, 5, 5, -3, 5, -9,
    -39, -9, -6, -16, 6, 10, 6, 10,
    -6, 3, 3, 11, 6, -5, 6, -18,
    -12, 6, 7, 6, 6, -9, 6, 6,
    6, -4, -16, -13, -2, -16, -10, 1,
    1, 12, -10, -3, -5, -2, -2, -24,
    -26, -3, 12, -3, -3, -13, -14, 14,
    9, -7, 14, 6, -18, -18, -19, 2,
    15, 7, 5, -13, 2, 2, 16, 0,
    13, 3, 3, 10, -5, 19, 3, -2,
    3, -5, -6, 6, -5, -5, 6, 15,
    -14, 11, 3, -6, 12, 3, 3, 4,
    2, 6, 3, 10, -3, 6, 6, -3,
    -11, -3, -11, -44, 2, 9, 6, 0,
    -4, 2, 12, 10, 10, -3, -3, -5,
    2, -3, -3, 10, -3, 12, -3, 4,
    -26, -3, -5, -12, -3, -2, -2, 2,
    -6, -4, -6, 2, 2, -3, -13, 2,
    -21, 3, 2, -7, 3, 2, 2, -28,
    -3, -18, 3, -20, -18, -11, -2, -2,
    32, -4, -4, 3, 3, -3, -4, -4,
    3, -17, -6, -31, 3, -2, -4, -3,
    -10, -6, -2, -2, -6, -20, -2, -41,
    -2, 3, -2, -5, -12, -3, -2, -2,
    2, -6, -4, -6, 2, 2, -3, -13,
    2, -21, 3, 2, -7, 3, 2, 2,
    -28, -3, -18, 3, -20, -18, -11, -2,
    -2, 32, -4, -4, 3, 3, -3, -4,
    -4, 3, -17, -6, -31, 3, -2, -4,
    -3, -10, -6, -2, -2, -6, -20, -2,
    -41, -2, 3, -2, 19, -6, -12, 19,
    11, -22, -31, -22, -31, -22, -6, 10,
    -21, -6, 4, -7, -5, -5, -6, 8,
    10, -39, 10, -22, -21, -21, -3, 13,
    -6, -6, -22, -22, -6, 15, -22, -21,
    -22, -16, -24, -22, 2, 2, 2, 2,
    -4, 2, -4, -6, -3, -2, -6, -6,
    -6, 2, -4, 2, 2, 0, 2, 2,
    -10, 2, 3, -2, -2, 3, -2, 3,
    3, 0, -6, 0, 0, -2, 10, -2,
    -3, -2, -2, -2, -2, -2, -3, -3,
    -3, -2, -2, -3, -4, -5, -10, -2,
    -10, 6, -10, -6, 3, 6, 3, 6,
    9, -8, 0, -4, 0, -15, 3, -2,
    2, 2, -17, 3, -16, 6, 3, 4,
    3, 3, -3, 7, 3, 3, 3, 3,
    -10, 3, -6, 3, 3, 3, -3, -3,
    -2, -2, -2, -4, -3, -4, -2, -6,
    3, -2, -4, 2, 3, 2, 3, 3,
    -2, 2, 3, 3, 6, 2, 2, -6,
    2, 2, 2, 10, -2, -10, 10, 9,
    -16, -17, -16, -17, -13, -6, 3, -3,
    -21, -6, -6, -6, -6, -6, 5, -6,
    3, -1, -10, -1, -16, -9, -16, -4,
    -6, 4, -3, -6, -16, -16, -6, 2,
    -16, -8, 9, -16, -5, -20, -16, 0,
    -3, 0, 2, 3, 3, -3, -10, -3,
    3, -6, 2, 2, 2, 2, -4, 2,
    -4, -6, -3, -2, -6, -6, -6, 2,
    -4, 2, 2, 0, 2, 2, -10, 2,
    3, 3, 15, 2, -3, -6, 3, -13,
    3, 3, 15, 2, -3, -6, 3, -13,
    -2, -6, 4, -16, -16, -10, -5, -16,
    -3, 3, -15, -5, -6, -2, -3, -5,
    3, 3, -34, -5, -5, 4, 2, -6,
    2, -6, -6, -3, -3, -4, -10, -6,
    3, -10, 3, 2, 2, 2, 3, 2,
    2, -6, 2, 3, 3, 3, -3, -3,
    12, 6, -4, 6, 3, 10, 9, -3,
    4, -3, -3, -3, -3, -3, -19, -3,
    5, -19, 10, -44, 32, 32, 4, -6,
    -6, 3, 3, -2, -6, -16, 15, 15,
    -19, -6, -22, 12, 45, 12, 13, 10,
    -6, -6, -19, -10, 3, 10, -2, 6,
    -9, -2, -3, 3, 3, 41, -6, -3,
    10, 9, -9, 3, -6, 3, 3, 3,
    -4, -10, -42, 9, 9, 4, -9, 5,
    -2, -3, 9, -10, -10, -23, 3, 3,
    3, 3, -3, -3, 12, 6, -4, 6,
    3, 10, 9, -3, 4, -3, -3, -3,
    -3, -3, -5, -12, -3, -2, -2, 2,
    -6, -4, -6, 2, 2, -3, -13, 2,
    -21, 3, 2, -7, 3, 2, 2, -28,
    -3, 13, -6, -18, 4, -6, -7, -7,
    4, -4, 6, -4, 6, -2, -7, -2,
    -5, -6, -2, -4, -2, -2, 2, 2,
    -5, -2, -15, -3, -3, -4, -3, -3,
    -4, -4, 5, -4, -4, -2, -4, -3,
    -12, 8, -10, -10, 4, -12, 5, -3,
    -3, -11, -4, -12, 2, -11, -6, -10,
    -10, -4, 5, 5, -10, -8, -10, -3,
    -4, -10, -10, -4, -10, -6, 4, -10,
    -4, -7, -10, 2, 2, -3, 2, -3,
    -3, -4, -2, 2, 2, 2, 2, 2,
    -2, 2, 4, 6, 6, 4, -7, -10,
    -7, -10, -10, -4, 10, 3, -3, -4,
    9, -3, -13, -13, 16, 4, -3, 4,
    -7, -6, -7, -7, -7, -7, -13, -7,
    6, 6, 7, 5, 2, 3, 2, 6,
    2, 6, 6, 6, 2, 6, 6, -5,
    -5, 4, 2, -6, 2, -6, -6, -3,
    -3, -4, -10, -6, 3, -10, 3, 2,
    2, 2, 3, 2, 2, -6, 2, 4,
    -3, -3, 3, 2, 2, -3, -18, 3,
    -3, -3, -3, -3, -3, 2, -3, -5,
    -5, 4, 2, -6, 2, -6, -6, -3,
    -3, -4, -10, -6, 3, -10, 3, 2,
    2, 2, 3, 2, 2, -6, 2, 6,
    6, 7, 6, 10, -20, -20, -18, 0,
    14, 10, 5, -13, 2, 0, 13, 12,
    6, 3, 17, -5, 3, 3, -20, -5,
    -12, -3, -2, -2, 2, -6, -4, -6,
    2, 2, -3, -13, 2, -21, 3, 2,
    -7, 3, 2, 2, -28, -3, -5, -2,
    7, -21, -5, -12, -3, -2, -2, 2,
    -6, -4, -6, 2, 2, -3, -13, 2,
    -21, 3, 2, -7, 3, 2, 2, -28,
    -3, -5, -12, -3, -2, -2, 2, -6,
    -4, -6, 2, 2, -3, -13, 2, -21,
    3, 2, -7, 3, 2, 2, -28, -3,
    -11, -19, -5, -11, -27, -13, -13, 13,
    -15, -14, -14, -15, -14, -14, -43, -17,
    -30, 3, 16, 3, -13, -11, 3, -6,
    -16, -17, -13, -13, -17, -19, -13, -4,
    -28, -13, -3, -8, -13, -5, -12, -3,
    -2, -2, 2, -6, -4, -6, 2, 2,
    -3, -13, 2, -21, 3, 2, -7, 3,
    2, 2, -28, -3, -6, -6, -6, -6,
    -3, -3, -6, -6, -6, -10, -10, -6,
    -19, -6, -6, -6, -10, -10, -10, -10,
    -10, -10, -16, -10, -22, -22, -22, -10,
    -10, -6, -6, -6, -6, -6, -6, -6,
    -13, -16, -6, -6, -16, -22, -16, -13,
    -13, -6, -10, -10, -13, -6, -16, -16,
    -6, -10, -6, -13, 6, 6, -13, -6,
    -10, -16, -6, -10, -10, 13, -6, -10,
    -6, 3, 3, 10, -6, -16, -16, -22,
    -16, -6, -6, -6, -22, 3, 3, 3,
    3, -13, -6, -6, -19, -19, -10, -10,
    -3, -6, -26, -32, -6, -10, -13, -6,
    -13, 3, 3, -6, -6, -6, -22, -22,
    -22, -6, -10, -19, -29, -22, -29, -22,
    -32, -3, -16, -16, -16, -22, -22, -22,
    -22, 6, 6, 10, 10, -16, -16, -16,
    -10, -19, -10, -10, -6, -19, -16, 10,
    -13, -13, -10, -10, -16, -10, -10, -10,
    -10, -10, -10, -10, -10, -10, -19, -6,
    -6, -6, -6, -6, -16, -16, -6, -13,
    -13, -3, 6, -13, -10, -10, -10, -10,
    -10, -10, -13, -13, -10, -10, -10, -3,
    -16, -16, -16, -16, -16, -10, -10, -10,
    -10, -10, -10, -10, -10, -10, -10, -10,
    -10, -6, -6, -6, -16, -16, -16, -10,
    -10, -6, -6, -6, -6, -6, -6, -6,
    3, 3, -6, -6, -6, -6, -10, -6,
    -6, -6, -10, -6, -6, 6, 6, -10,
    -10, -10, -10, 3, 3, 3, 3, -22,
    -22, -16, -16, -13, -13, -13, -13, -13,
    -13, -13, 3, -13, -13, -10, -10, -13,
    -10, -6, -10, -6, -6, -13, -13, -13,
    -6, -6, -6, -10, -3, -6, -16, -6,
    -10, -10, -13, -10, -6, -10, -6, -6,
    -6, -6, -10, -10, -13, -6, 3, -13,
    -13, -6, -6, -13, 3, 3, -6, -6,
    -10, -10, 3, 3, 3, -16, -6, -6,
    -16, -16, -10, -16, -16, -32, -32, -6,
    -10, -10, -6, -6, -16, -16, -16, -13,
    -13, -6, -6, -6, -6, -6, -29, -13,
    -13, -6, -6, -6, -6, -6, -22, -16,
    -3, -13, -19, -6, -6, -3, -3, -3,
    -3, -6, -6, -10, -10, -13, -13, -6,
    -6, -6, -6, -6, -6, -10, -6, -10,
    -6, -16, -16, -19, -19, -6, -6, -10,
    -6, -6, -13, -13, -10, -22, -10, -10,
    -10, -13, -29, -26, -3, -13, -13, -10,
    -6, -13, -13, -19, -16, -16, -16, -26,
    -13, -10, -6, -22, -26, -6, -6, 3,
    -6, -6, -26, -29, -6, -6, -6, -19,
    -13, -13, -13, -10, -10, -10, -10, -22,
    -10, -6, -10, -26, -26, -10, -6, -6,
    -10, -6, -6, -6, -3, -16, -10, -13,
    6, 6, -29, -29, -6, -6, -13, -13,
    -13, -6, -26, -22, -3, -6, -6, -6,
    -6, -10, -10, -10, -10, -10, -6, -6,
    -6, -19, -19, -19, -16, -22, -22, -22,
    -22, -10, -6, -6, -3, -3, -10, -3,
    -19, -19, -10, -6, -19, -19, -10, -10,
    -10, -10, -10, -16, -10, 6, 6, -10,
    -10, -19, -16, -10, -6, -3, -16, -10,
    -6, -10, -3, -3, -26, -10, -6, -10,
    -10, -10, -6, -10, -10, -19, -10, -6,
    -10, -10, -10, -22, -6, -6, -6, -13,
    -6, -6, -16, -16, -16, -10, -6, -6,
    -6, -6, -6, -6, -6, -6, -13, -6,
    -6, -10, -6, -6, -6, -6, 10, 10,
    10, 16, 10, 10, 16, -6, -13, -13,
    -6, -3, -10, 6, -10, -10, -10, -10,
    -10, -10, -6, 6, 6, -16, -10, -10,
    -19, -19, -19, -16, -6, -6, -26, -26,
    -6, -26, -6, -6, -6, -10, -6, -6,
    -6, -6, -6, -6, -6, -6, -6, -6,
    -6, -6, -6, -6, -3, -3, -3, -10,
    -10, -19, -13, -10, -10, -6, -6, -6,
    -6, -6, -19, -19, -10, -16, -3, -6,
    -6, -16, -26, -19, -19, -19, -6, -6,
    -6, -16, -10, -10, -10, -6, -10, -16,
    -16, -6, -6, -6, -6, -3, -3, -19,
    -19, -13, -13, -13, -13, -13, -6, -6,
    -6, -6, -16, -16, -6, -6, -19, -6,
    -3, -3, -19, -19, -19, -10, -13, -16
};

/*Collect the kern pair's data in one place*/
static const lv_font_fmt_txt_kern_pair_t kern_pairs =
{
    .glyph_ids = kern_pair_glyph_ids,
    .values = kern_pair_values,
    .pair_cnt = 1736,
    .glyph_ids_size = 1
};

/*--------------------
 *  ALL CUSTOM DATA
 *--------------------*/

#if LVGL_VERSION_MAJOR == 8
/*Store all the custom data of the font*/
static  lv_font_fmt_txt_glyph_cache_t cache;
#endif

#if LVGL_VERSION_MAJOR >= 8
static const lv_font_fmt_txt_dsc_t font_dsc = {
#else
static lv_font_fmt_txt_dsc_t font_dsc = {
#endif
    .glyph_bitmap = glyph_bitmap,
    .glyph_dsc = glyph_dsc,
    .cmaps = cmaps,
    .kern_dsc = &kern_pairs,
    .kern_scale = 16,
    .cmap_num = 11,
    .bpp = 4,
    .kern_classes = 0,
    .bitmap_format = 0,
#if LVGL_VERSION_MAJOR == 8
    .cache = &cache
#endif
};

extern const lv_font_t ui_font_fallback_20;


/*-----------------
 *  PUBLIC FONT
 *----------------*/

/*Initialize a public general font descriptor*/
#if LVGL_VERSION_MAJOR >= 8
const lv_font_t ui_font_montserrat_20 = {
#else
lv_font_t ui_font_montserrat_20 = {
#endif
    .get_glyph_dsc = lv_font_get_glyph_dsc_fmt_txt,    /*Function pointer to get glyph's data*/
    .get_glyph_bitmap = lv_font_get_bitmap_fmt_txt,    /*Function pointer to get glyph's bitmap*/
    .line_height = 25,          /*The maximum line height required by the font*/
    .base_line = 5,             /*Baseline measured from the bottom of the line*/
#if !(LVGL_VERSION_MAJOR == 6 && LVGL_VERSION_MINOR == 0)
    .subpx = LV_FONT_SUBPX_NONE,
#endif
#if LV_VERSION_CHECK(7, 4, 0) || LVGL_VERSION_MAJOR >= 8
    .underline_position = -2,
    .underline_thickness = 1,
#endif
    .dsc = &font_dsc,          /*The custom font data. Will be accessed by `get_glyph_bitmap/dsc` */
#if LV_VERSION_CHECK(8, 2, 0) || LVGL_VERSION_MAJOR >= 9
    .fallback = &ui_font_fallback_20,
#endif
    .user_data = NULL,
};



#endif /*#if UI_FONT_MONTSERRAT_20*/

