/*******************************************************************************
 * Size: 12 px
 * Bpp: 4
 * Opts: --bpp 4 --size 12 --no-compress --format lvgl --lv-font-name ui_font_montserrat_12 --lv-fallback ui_font_fallback_12 --font NotoEmoji.ttf --range 0x1F450-0x1F4FF,0x1F500-0x1F57F,0x1F680-0x1F7FC,0x2600-0x270F --font Montserrat-Medium.ttf --range 32-127,160-255,256-383,880-1023,1024-1279,1280-1327 --font NotoSansSC-Medium.ttf --range 0x25A1,0x3001-0x3002,0x3005,0x300C-0x300D,0x3040-0x30FF,0x4E0D-0x4E0E,0x4E2A,0x4E2D,0x4E3A-0x4E3B,0x4E49,0x4E86,0x4E8B,0x4EAB,0x4EAE,0x4EC5,0x4ECA,0x4EF6,0x4EFD,0x4F20,0x4F4D-0x4F4E,0x4F53,0x4F7F,0x4FE1,0x505C,0x50CD,0x5143,0x5165,0x5168,0x516C,0x5171,0x5173,0x5177,0x5185,0x518D,0x5199,0x51C6,0x51FA,0x5207,0x5220,0x5230,0x5236,0x524A,0x524D,0x529B,0x52A9,0x52B9,0x52D5,0x5305,0x533A,0x5360-0x5361,0x5382,0x53BB,0x53D1,0x53D6-0x53D7,0x53F7,0x540C-0x540D,0x542F,0x5468,0x548C,0x5668,0x56F3,0x56FE,0x5728,0x5730,0x57CE,0x57DF,0x5806,0x5834,0x58F0,0x5907,0x590D,0x5929,0x5931,0x59CB,0x5B57-0x5B58,0x5B8C,0x5B9A,0x5BA2,0x5BC6,0x5BFE,0x5C4F,0x5C65,0x5DE5,0x5DF2,0x5E02,0x5E2F,0x5E45,0x5E55,0x5E93,0x5EA6,0x5EF6,0x5F00,0x5F03,0x5F0F,0x5F37,0x5F39,0x5F55,0x5F62,0x5F97,0x5FA9,0x5FD7,0x5FEB,0x6062,0x606F,0x611F,0x6162,0x6210,0x6237,0x626B,0x627E,0x629E,0x62DB,0x62E9,0x633F,0x636E,0x63A5,0x63A7,0x63CF-0x63D0,0x641C,0x6536,0x6548,0x6557,0x6570,0x6587,0x65AD,0x65B0,0x65E0,0x65E5,0x65F6,0x660E,0x6642,0x6682,0x66F8,0x6709,0x671F,0x672A,0x672C,0x673A,0x6761,0x6765,0x6781,0x6790,0x6807,0x6821,0x683C,0x68C0,0x691C,0x69FD,0x6A21,0x6A2A,0x6B62-0x6B63,0x6B65,0x6B74,0x6BB5,0x6C14,0x6C17,0x6CE2,0x6D3B,0x6D45,0x6D4B,0x6D88,0x6DF1,0x6E05,0x6E08,0x6EE4,0x70B9,0x7121,0x7247,0x7269,0x7387,0x73B0,0x74E6,0x7528,0x7531,0x753B,0x76D8,0x76EE,0x7740,0x77E5,0x77ED,0x7801,0x786E,0x793A,0x79BB,0x79C1,0x79D2,0x79D8,0x79F0,0x7A0B,0x7A3C,0x7A7A,0x7AEF,0x7B80,0x7D22,0x7D30,0x7D4C,0x7D71,0x7D9A,0x7E2E,0x7EA7,0x7EBF,0x7EC4,0x7EDF,0x7EE7,0x7F16,0x7F6E,0x7FA4,0x804A,0x81EA,0x8272,0x8282,0x8377,0x83B7,0x85CF,0x8702,0x884C,0x8868,0x898B,0x89D2,0x89E3,0x8A00,0x8A08,0x8A2D,0x8A73,0x8A9E,0x8ABF,0x8BA1,0x8BA4,0x8BB0,0x8BBE,0x8BED,0x8BEF,0x8BF7,0x8C03,0x8C61,0x8CEA,0x8D25,0x8D28,0x8D77,0x8D85,0x8DC3,0x8DDD,0x8DEF,0x8DF3,0x8E2A,0x8F85,0x8F93,0x8FBC,0x8FC7,0x8FD0-0x8FD1,0x8FDB-0x8FDC,0x8FDE-0x8FDF,0x8FFD,0x9001-0x9002,0x9009,0x901A,0x901F,0x9045,0x9053,0x9060,0x9065,0x9078,0x907A,0x90BB,0x90FD,0x914D,0x9192,0x91CD,0x91CF,0x9375,0x94A5,0x94C3,0x9501,0x9519,0x952E,0x958B,0x9593,0x95ED,0x95F4,0x9664,0x9690,0x96A3,0x96E2,0x9759,0x975E,0x9762,0x97F3,0x9879,0x9884,0x9886,0x9891,0x9898,0x9AD8,0x9E23,0x9ED8,0x9F20,0xFF01,0xFF08-0xFF09,0xFF1A,0xFF1F -o out/ui_font_montserrat_12.c
 ******************************************************************************/

#ifdef LV_LVGL_H_INCLUDE_SIMPLE
#include "lvgl.h"
#else
#include "lvgl/lvgl.h"
#endif

#ifndef UI_FONT_MONTSERRAT_12
#define UI_FONT_MONTSERRAT_12 1
#endif

#if UI_FONT_MONTSERRAT_12

/*-----------------
 *    BITMAPS
 *----------------*/

/*Store the image of the glyphs*/
static LV_ATTRIBUTE_LARGE_CONST const uint8_t glyph_bitmap[] = {
    /* U+0020 " " */

    /* U+0021 "!" */
    0xf, 0x40, 0xf3, 0xf, 0x30, 0xf2, 0xe, 0x20,
    0xd1, 0x3, 0x0, 0x81, 0x1e, 0x30,

    /* U+0022 "\"" */
    0x3c, 0x1e, 0x3b, 0xe, 0x3b, 0xe, 0x15, 0x7,

    /* U+0023 "#" */
    0x0, 0x48, 0x3, 0xa0, 0x0, 0x7, 0x60, 0x58,
    0x0, 0x4f, 0xff, 0xff, 0xff, 0x10, 0xa, 0x20,
    0x84, 0x0, 0x0, 0xc1, 0xa, 0x30, 0x0, 0xd,
    0x0, 0xb1, 0x0, 0xaf, 0xff, 0xff, 0xfb, 0x0,
    0x1c, 0x0, 0xd0, 0x0, 0x3, 0xa0, 0x1c, 0x0,
    0x0,

    /* U+0024 "$" */
    0x0, 0x9, 0x20, 0x0, 0x0, 0x92, 0x0, 0x4,
    0xcf, 0xfb, 0x31, 0xf7, 0xa5, 0x74, 0x4e, 0x9,
    0x20, 0x1, 0xf9, 0xb2, 0x0, 0x3, 0xbf, 0xe8,
    0x0, 0x0, 0x97, 0xda, 0x0, 0x9, 0x24, 0xe5,
    0xb4, 0xa5, 0xbb, 0x8, 0xef, 0xfa, 0x10, 0x0,
    0x92, 0x0, 0x0, 0x4, 0x10, 0x0,

    /* U+0025 "%" */
    0xa, 0xc8, 0x0, 0xc, 0x10, 0x66, 0xa, 0x20,
    0x76, 0x0, 0x83, 0x7, 0x42, 0xc0, 0x0, 0x57,
    0xa, 0x2b, 0x20, 0x0, 0x8, 0xb6, 0x68, 0x5b,
    0x90, 0x0, 0x1, 0xc1, 0xb0, 0x67, 0x0, 0xa,
    0x43, 0x90, 0x2a, 0x0, 0x49, 0x1, 0xb0, 0x58,
    0x0, 0xc1, 0x0, 0x7c, 0xb1,

    /* U+0026 "&" */
    0x0, 0x9e, 0xd4, 0x0, 0x0, 0x5c, 0x3, 0xd0,
    0x0, 0x4, 0xc0, 0x4c, 0x0, 0x0, 0xc, 0xad,
    0x20, 0x0, 0x3, 0xde, 0x80, 0x10, 0x1, 0xe3,
    0x1d, 0x68, 0x80, 0x6b, 0x0, 0x1d, 0xf2, 0x4,
    0xf4, 0x13, 0xcf, 0x60, 0x6, 0xdf, 0xd6, 0x2b,
    0x0, 0x0, 0x0, 0x0, 0x0,

    /* U+0027 "'" */
    0x3c, 0x3b, 0x3b, 0x15,

    /* U+0028 "(" */
    0xa, 0x71, 0xf1, 0x5c, 0x9, 0x80, 0xb6, 0xc,
    0x40, 0xd4, 0xc, 0x40, 0xb6, 0x9, 0x80, 0x5c,
    0x1, 0xf1, 0xa, 0x70,

    /* U+0029 ")" */
    0x6b, 0x0, 0xf2, 0xb, 0x60, 0x8a, 0x5, 0xc0,
    0x4d, 0x3, 0xe0, 0x4d, 0x5, 0xc0, 0x7a, 0xb,
    0x60, 0xf1, 0x6b, 0x0,

    /* U+002A "*" */
    0x0, 0xb0, 0x8, 0x9c, 0xb5, 0xb, 0xf8, 0x8,
    0x7c, 0x95, 0x0, 0xa0, 0x0,

    /* U+002B "+" */
    0x0, 0xb, 0x0, 0x0, 0x0, 0xf0, 0x0, 0x0,
    0xf, 0x0, 0x2, 0xee, 0xfe, 0xe2, 0x1, 0x1f,
    0x11, 0x0, 0x0, 0xf0, 0x0,

    /* U+002C "," */
    0x18, 0x4, 0xf1, 0xd, 0x3, 0x80,

    /* U+002D "-" */
    0x4f, 0xfd, 0x2, 0x22,

    /* U+002E "." */
    0x2a, 0x4, 0xd0,

    /* U+002F "/" */
    0x0, 0x0, 0x34, 0x0, 0x0, 0xb5, 0x0, 0x0,
    0xf0, 0x0, 0x5, 0xb0, 0x0, 0xa, 0x60, 0x0,
    0xe, 0x10, 0x0, 0x4c, 0x0, 0x0, 0x97, 0x0,
    0x0, 0xe2, 0x0, 0x3, 0xd0, 0x0, 0x8, 0x70,
    0x0, 0xd, 0x20, 0x0, 0x2d, 0x0, 0x0,

    /* U+0030 "0" */
    0x0, 0x9e, 0xe9, 0x0, 0xa, 0xd4, 0x4d, 0x90,
    0x1f, 0x20, 0x2, 0xf1, 0x5e, 0x0, 0x0, 0xd5,
    0x6c, 0x0, 0x0, 0xc6, 0x5e, 0x0, 0x0, 0xd5,
    0x1f, 0x20, 0x2, 0xf1, 0xa, 0xd4, 0x4d, 0xa0,
    0x0, 0x9e, 0xe9, 0x0,

    /* U+0031 "1" */
    0xef, 0xf3, 0x22, 0xf3, 0x0, 0xf3, 0x0, 0xf3,
    0x0, 0xf3, 0x0, 0xf3, 0x0, 0xf3, 0x0, 0xf3,
    0x0, 0xf3,

    /* U+0032 "2" */
    0x19, 0xef, 0xc2, 0x8, 0xb4, 0x3a, 0xe0, 0x0,
    0x0, 0x2f, 0x10, 0x0, 0x5, 0xe0, 0x0, 0x2,
    0xe5, 0x0, 0x1, 0xd7, 0x0, 0x1, 0xd8, 0x0,
    0x1, 0xda, 0x22, 0x21, 0x8f, 0xff, 0xff, 0x70,

    /* U+0033 "3" */
    0x9f, 0xff, 0xff, 0x1, 0x22, 0x2d, 0x80, 0x0,
    0x9, 0xb0, 0x0, 0x5, 0xf2, 0x0, 0x0, 0x7c,
    0xf8, 0x0, 0x0, 0x2, 0xf2, 0x0, 0x0, 0xe,
    0x4b, 0x94, 0x39, 0xe1, 0x3b, 0xef, 0xc3, 0x0,

    /* U+0034 "4" */
    0x0, 0x0, 0x9b, 0x0, 0x0, 0x4, 0xe1, 0x0,
    0x0, 0x1e, 0x50, 0x0, 0x0, 0xaa, 0x0, 0x0,
    0x5, 0xe1, 0xd, 0x40, 0x1e, 0x40, 0xd, 0x40,
    0x8f, 0xff, 0xff, 0xfd, 0x12, 0x22, 0x2e, 0x62,
    0x0, 0x0, 0xe, 0x40,

    /* U+0035 "5" */
    0xc, 0xff, 0xff, 0x0, 0xe5, 0x22, 0x20, 0xf,
    0x10, 0x0, 0x1, 0xff, 0xeb, 0x40, 0x2, 0x23,
    0x9f, 0x20, 0x0, 0x0, 0xd6, 0x0, 0x0, 0xd,
    0x69, 0xb4, 0x38, 0xf1, 0x2a, 0xef, 0xc4, 0x0,

    /* U+0036 "6" */
    0x0, 0x6d, 0xfd, 0x50, 0x8, 0xd5, 0x23, 0x20,
    0x1f, 0x10, 0x0, 0x0, 0x5d, 0x6d, 0xea, 0x10,
    0x6f, 0xc3, 0x3c, 0xb0, 0x5f, 0x20, 0x2, 0xf0,
    0x2f, 0x20, 0x2, 0xf0, 0xa, 0xb2, 0x2b, 0xa0,
    0x1, 0xaf, 0xfa, 0x10,

    /* U+0037 "7" */
    0xaf, 0xff, 0xff, 0xba, 0x92, 0x22, 0xd7, 0x76,
    0x0, 0x3f, 0x10, 0x0, 0xa, 0x90, 0x0, 0x1,
    0xf2, 0x0, 0x0, 0x7c, 0x0, 0x0, 0xe, 0x50,
    0x0, 0x5, 0xe0, 0x0, 0x0, 0xc8, 0x0, 0x0,

    /* U+0038 "8" */
    0x3, 0xcf, 0xea, 0x10, 0xe, 0x81, 0x2c, 0xa0,
    0x2f, 0x10, 0x5, 0xd0, 0xe, 0x70, 0x1b, 0x90,
    0x6, 0xff, 0xff, 0x20, 0x3f, 0x50, 0x18, 0xe0,
    0x6c, 0x0, 0x0, 0xf2, 0x3f, 0x61, 0x29, 0xe0,
    0x5, 0xcf, 0xfb, 0x20,

    /* U+0039 "9" */
    0x7, 0xef, 0xc3, 0x6, 0xe3, 0x15, 0xe1, 0x98,
    0x0, 0xb, 0x87, 0xd1, 0x3, 0xeb, 0xa, 0xff,
    0xd9, 0xc0, 0x0, 0x10, 0x8b, 0x0, 0x0, 0xe,
    0x70, 0x62, 0x4b, 0xd0, 0x1c, 0xfe, 0xa1, 0x0,

    /* U+003A ":" */
    0x4d, 0x2, 0xa0, 0x0, 0x0, 0x0, 0x0, 0x2,
    0xa0, 0x4d, 0x0,

    /* U+003B ";" */
    0x4d, 0x2, 0xa0, 0x0, 0x0, 0x0, 0x0, 0x1,
    0x80, 0x4f, 0x10, 0xd0, 0x38, 0x0,

    /* U+003C "<" */
    0x0, 0x0, 0x2, 0x10, 0x0, 0x4b, 0xe1, 0x7,
    0xdc, 0x50, 0x3, 0xf7, 0x0, 0x0, 0x4, 0xbe,
    0x71, 0x0, 0x0, 0x29, 0xe2, 0x0, 0x0, 0x0,
    0x0,

    /* U+003D "=" */
    0x3f, 0xff, 0xff, 0x30, 0x0, 0x0, 0x0, 0x0,
    0x0, 0x0, 0x2, 0xee, 0xee, 0xe2, 0x1, 0x11,
    0x11, 0x0,

    /* U+003E ">" */
    0x12, 0x0, 0x0, 0x2, 0xeb, 0x40, 0x0, 0x0,
    0x5c, 0xd6, 0x0, 0x0, 0x8, 0xf2, 0x1, 0x7e,
    0xb4, 0x2, 0xe9, 0x20, 0x0, 0x0, 0x0, 0x0,
    0x0,

    /* U+003F "?" */
    0x1a, 0xef, 0xc3, 0x9, 0xa3, 0x2a, 0xe0, 0x0,
    0x0, 0x3f, 0x0, 0x0, 0xa, 0xa0, 0x0, 0x9,
    0xc0, 0x0, 0x2, 0xf1, 0x0, 0x0, 0x1, 0x0,
    0x0, 0x2, 0x80, 0x0, 0x0, 0x4d, 0x0, 0x0,

    /* U+0040 "@" */
    0x0, 0x4, 0xbe, 0xdd, 0x81, 0x0, 0x0, 0x9b,
    0x30, 0x0, 0x6d, 0x30, 0x7, 0xa0, 0x8e, 0xe8,
    0xd5, 0xd1, 0xd, 0x7, 0xd2, 0x19, 0xf3, 0x67,
    0x4a, 0xd, 0x40, 0x0, 0xf3, 0x1b, 0x68, 0xf,
    0x20, 0x0, 0xd3, 0xc, 0x68, 0xd, 0x40, 0x0,
    0xf3, 0x1b, 0x4a, 0x7, 0xd2, 0x19, 0xf5, 0x77,
    0xe, 0x0, 0x8e, 0xe8, 0x5f, 0xb0, 0x7, 0xa0,
    0x0, 0x0, 0x0, 0x0, 0x0, 0xab, 0x30, 0x2,
    0x40, 0x0, 0x0, 0x5, 0xbe, 0xed, 0x60, 0x0,

    /* U+0041 "A" */
    0x0, 0x0, 0x6f, 0x30, 0x0, 0x0, 0x0, 0xdd,
    0x90, 0x0, 0x0, 0x4, 0xe3, 0xf1, 0x0, 0x0,
    0xb, 0x80, 0xc7, 0x0, 0x0, 0x1f, 0x20, 0x6e,
    0x0, 0x0, 0x8c, 0x0, 0x1f, 0x50, 0x0, 0xef,
    0xee, 0xef, 0xb0, 0x6, 0xe2, 0x11, 0x14, 0xf2,
    0xc, 0x70, 0x0, 0x0, 0xb9,

    /* U+0042 "B" */
    0xbf, 0xff, 0xfb, 0x20, 0xb7, 0x11, 0x2a, 0xd0,
    0xb7, 0x0, 0x3, 0xf0, 0xb7, 0x0, 0x9, 0xc0,
    0xbf, 0xff, 0xff, 0x40, 0xb8, 0x22, 0x26, 0xf2,
    0xb7, 0x0, 0x0, 0xc7, 0xb7, 0x11, 0x15, 0xf4,
    0xbf, 0xff, 0xfd, 0x60,

    /* U+0043 "C" */
    0x0, 0x3b, 0xff, 0xb3, 0x0, 0x4f, 0x93, 0x38,
    0xe0, 0xe, 0x60, 0x0, 0x0, 0x4, 0xe0, 0x0,
    0x0, 0x0, 0x6c, 0x0, 0x0, 0x0, 0x4, 0xe0,
    0x0, 0x0, 0x0, 0xe, 0x60, 0x0, 0x0, 0x0,
    0x4f, 0x93, 0x48, 0xe0, 0x0, 0x3b, 0xff, 0xb3,
    0x0,

    /* U+0044 "D" */
    0xbf, 0xff, 0xea, 0x30, 0xb, 0x82, 0x23, 0x9f,
    0x40, 0xb7, 0x0, 0x0, 0x7e, 0xb, 0x70, 0x0,
    0x0, 0xf3, 0xb7, 0x0, 0x0, 0xe, 0x5b, 0x70,
    0x0, 0x0, 0xf3, 0xb7, 0x0, 0x0, 0x7e, 0xb,
    0x82, 0x23, 0x9f, 0x40, 0xbf, 0xff, 0xeb, 0x30,
    0x0,

    /* U+0045 "E" */
    0xbf, 0xff, 0xff, 0x3b, 0x82, 0x22, 0x20, 0xb7,
    0x0, 0x0, 0xb, 0x70, 0x0, 0x0, 0xbf, 0xff,
    0xfa, 0xb, 0x82, 0x22, 0x10, 0xb7, 0x0, 0x0,
    0xb, 0x82, 0x22, 0x20, 0xbf, 0xff, 0xff, 0x50,

    /* U+0046 "F" */
    0xbf, 0xff, 0xff, 0x3b, 0x82, 0x22, 0x20, 0xb7,
    0x0, 0x0, 0xb, 0x70, 0x0, 0x0, 0xbf, 0xff,
    0xfa, 0xb, 0x82, 0x22, 0x10, 0xb7, 0x0, 0x0,
    0xb, 0x70, 0x0, 0x0, 0xb7, 0x0, 0x0, 0x0,

    /* U+0047 "G" */
    0x0, 0x3b, 0xff, 0xc4, 0x0, 0x4f, 0x94, 0x37,
    0xe1, 0xe, 0x60, 0x0, 0x0, 0x4, 0xe0, 0x0,
    0x0, 0x0, 0x6c, 0x0, 0x0, 0x8, 0x24, 0xe0,
    0x0, 0x0, 0xe3, 0xe, 0x60, 0x0, 0xe, 0x30,
    0x4f, 0x93, 0x37, 0xf3, 0x0, 0x3b, 0xff, 0xc5,
    0x0,

    /* U+0048 "H" */
    0xb7, 0x0, 0x0, 0xb7, 0xb7, 0x0, 0x0, 0xb7,
    0xb7, 0x0, 0x0, 0xb7, 0xb7, 0x0, 0x0, 0xb7,
    0xbf, 0xff, 0xff, 0xf7, 0xb8, 0x22, 0x22, 0xc7,
    0xb7, 0x0, 0x0, 0xb7, 0xb7, 0x0, 0x0, 0xb7,
    0xb7, 0x0, 0x0, 0xb7,

    /* U+0049 "I" */
    0xb7, 0xb7, 0xb7, 0xb7, 0xb7, 0xb7, 0xb7, 0xb7,
    0xb7,

    /* U+004A "J" */
    0x4, 0xff, 0xff, 0x0, 0x22, 0x5f, 0x0, 0x0,
    0x3f, 0x0, 0x0, 0x3f, 0x0, 0x0, 0x3f, 0x0,
    0x0, 0x3f, 0x0, 0x0, 0x4e, 0xd, 0x52, 0xbb,
    0x5, 0xdf, 0xb2,

    /* U+004B "K" */
    0xb7, 0x0, 0x6, 0xd1, 0xb7, 0x0, 0x5e, 0x20,
    0xb7, 0x4, 0xe3, 0x0, 0xb7, 0x3e, 0x40, 0x0,
    0xb9, 0xef, 0x20, 0x0, 0xbf, 0x89, 0xd0, 0x0,
    0xba, 0x0, 0xca, 0x0, 0xb7, 0x0, 0x1e, 0x70,
    0xb7, 0x0, 0x3, 0xf3,

    /* U+004C "L" */
    0xb7, 0x0, 0x0, 0xb, 0x70, 0x0, 0x0, 0xb7,
    0x0, 0x0, 0xb, 0x70, 0x0, 0x0, 0xb7, 0x0,
    0x0, 0xb, 0x70, 0x0, 0x0, 0xb7, 0x0, 0x0,
    0xb, 0x82, 0x22, 0x20, 0xbf, 0xff, 0xff, 0x0,

    /* U+004D "M" */
    0xb8, 0x0, 0x0, 0x1, 0xf2, 0xbf, 0x10, 0x0,
    0x9, 0xf3, 0xbe, 0xa0, 0x0, 0x2e, 0xf3, 0xb7,
    0xe3, 0x0, 0xb7, 0xf3, 0xb6, 0x7b, 0x4, 0xd0,
    0xf3, 0xb6, 0xd, 0x4c, 0x50, 0xf3, 0xb6, 0x5,
    0xfc, 0x0, 0xf3, 0xb6, 0x0, 0xb3, 0x0, 0xf3,
    0xb6, 0x0, 0x0, 0x0, 0xf3,

    /* U+004E "N" */
    0xb9, 0x0, 0x0, 0xb7, 0xbf, 0x50, 0x0, 0xb7,
    0xbc, 0xf2, 0x0, 0xb7, 0xb7, 0xad, 0x0, 0xb7,
    0xb7, 0xd, 0x90, 0xb7, 0xb7, 0x2, 0xf5, 0xb7,
    0xb7, 0x0, 0x6f, 0xd7, 0xb7, 0x0, 0xa, 0xf7,
    0xb7, 0x0, 0x0, 0xd7,

    /* U+004F "O" */
    0x0, 0x3b, 0xff, 0xb4, 0x0, 0x4, 0xf9, 0x33,
    0x8f, 0x60, 0xe, 0x60, 0x0, 0x5, 0xf1, 0x4e,
    0x0, 0x0, 0x0, 0xd6, 0x6c, 0x0, 0x0, 0x0,
    0xb7, 0x4e, 0x0, 0x0, 0x0, 0xd6, 0xe, 0x60,
    0x0, 0x5, 0xf1, 0x4, 0xf8, 0x33, 0x8f, 0x60,
    0x0, 0x2b, 0xff, 0xc4, 0x0,

    /* U+0050 "P" */
    0xbf, 0xff, 0xd8, 0x0, 0xb8, 0x22, 0x4d, 0x90,
    0xb7, 0x0, 0x4, 0xe0, 0xb7, 0x0, 0x3, 0xf0,
    0xb7, 0x0, 0x2c, 0xa0, 0xbf, 0xff, 0xfa, 0x10,
    0xb8, 0x22, 0x0, 0x0, 0xb7, 0x0, 0x0, 0x0,
    0xb7, 0x0, 0x0, 0x0,

    /* U+0051 "Q" */
    0x0, 0x3b, 0xff, 0xb4, 0x0, 0x4, 0xf9, 0x33,
    0x8f, 0x60, 0xe, 0x60, 0x0, 0x5, 0xf1, 0x4e,
    0x0, 0x0, 0x0, 0xd5, 0x6c, 0x0, 0x0, 0x0,
    0xb7, 0x4e, 0x0, 0x0, 0x0, 0xd6, 0xf, 0x60,
    0x0, 0x5, 0xf1, 0x5, 0xf8, 0x32, 0x7f, 0x60,
    0x0, 0x4c, 0xff, 0xc5, 0x0, 0x0, 0x0, 0xc,
    0xb0, 0x28, 0x0, 0x0, 0x1, 0xbf, 0xf6, 0x0,
    0x0, 0x0, 0x0, 0x0,

    /* U+0052 "R" */
    0xbf, 0xff, 0xd8, 0x0, 0xb8, 0x22, 0x4d, 0x90,
    0xb7, 0x0, 0x4, 0xe0, 0xb7, 0x0, 0x3, 0xf0,
    0xb7, 0x0, 0x2b, 0xb0, 0xbf, 0xff, 0xfb, 0x10,
    0xb8, 0x22, 0xb9, 0x0, 0xb7, 0x0, 0x1f, 0x30,
    0xb7, 0x0, 0x7, 0xd0,

    /* U+0053 "S" */
    0x4, 0xcf, 0xeb, 0x31, 0xf8, 0x23, 0x74, 0x4e,
    0x0, 0x0, 0x1, 0xf8, 0x20, 0x0, 0x3, 0xbf,
    0xd8, 0x0, 0x0, 0x4, 0xda, 0x0, 0x0, 0x4,
    0xe5, 0xb4, 0x23, 0xbb, 0x8, 0xdf, 0xea, 0x10,

    /* U+0054 "T" */
    0xff, 0xff, 0xff, 0xf2, 0x23, 0xf3, 0x22, 0x0,
    0x1f, 0x10, 0x0, 0x1, 0xf1, 0x0, 0x0, 0x1f,
    0x10, 0x0, 0x1, 0xf1, 0x0, 0x0, 0x1f, 0x10,
    0x0, 0x1, 0xf1, 0x0, 0x0, 0x1f, 0x10, 0x0,

    /* U+0055 "U" */
    0xd6, 0x0, 0x0, 0xe4, 0xd6, 0x0, 0x0, 0xe4,
    0xd6, 0x0, 0x0, 0xe4, 0xd6, 0x0, 0x0, 0xe4,
    0xd6, 0x0, 0x0, 0xe4, 0xc7, 0x0, 0x0, 0xf3,
    0x9a, 0x0, 0x2, 0xf1, 0x2f, 0x83, 0x5d, 0xa0,
    0x4, 0xcf, 0xd8, 0x0,

    /* U+0056 "V" */
    0xc, 0x70, 0x0, 0x0, 0xd5, 0x6, 0xe0, 0x0,
    0x4, 0xe0, 0x0, 0xf4, 0x0, 0xa, 0x80, 0x0,
    0x9b, 0x0, 0x1f, 0x20, 0x0, 0x2f, 0x20, 0x7b,
    0x0, 0x0, 0xc, 0x80, 0xe4, 0x0, 0x0, 0x5,
    0xe5, 0xe0, 0x0, 0x0, 0x0, 0xee, 0x70, 0x0,
    0x0, 0x0, 0x8f, 0x10, 0x0,

    /* U+0057 "W" */
    0x7c, 0x0, 0x0, 0xe8, 0x0, 0x2, 0xf0, 0x2f,
    0x10, 0x3, 0xfd, 0x0, 0x7, 0xa0, 0xd, 0x60,
    0x8, 0x9f, 0x20, 0xc, 0x50, 0x8, 0xb0, 0xd,
    0x3b, 0x70, 0x1f, 0x0, 0x3, 0xf0, 0x3e, 0x6,
    0xc0, 0x6b, 0x0, 0x0, 0xe5, 0x89, 0x1, 0xf1,
    0xb6, 0x0, 0x0, 0x9a, 0xd4, 0x0, 0xb7, 0xf1,
    0x0, 0x0, 0x4f, 0xe0, 0x0, 0x6f, 0xc0, 0x0,
    0x0, 0xf, 0xa0, 0x0, 0x1f, 0x70, 0x0,

    /* U+0058 "X" */
    0x5f, 0x10, 0x0, 0xe5, 0xa, 0xb0, 0x9, 0xa0,
    0x1, 0xe6, 0x4e, 0x10, 0x0, 0x4f, 0xe4, 0x0,
    0x0, 0xd, 0xe0, 0x0, 0x0, 0x7d, 0xd8, 0x0,
    0x2, 0xf3, 0x2f, 0x30, 0xc, 0x80, 0x7, 0xd0,
    0x8d, 0x0, 0x0, 0xc9,

    /* U+0059 "Y" */
    0xc, 0x80, 0x0, 0xa, 0x80, 0x3f, 0x10, 0x3,
    0xe0, 0x0, 0xaa, 0x0, 0xc6, 0x0, 0x1, 0xf3,
    0x6c, 0x0, 0x0, 0x7, 0xce, 0x30, 0x0, 0x0,
    0xe, 0xa0, 0x0, 0x0, 0x0, 0xb7, 0x0, 0x0,
    0x0, 0xb, 0x70, 0x0, 0x0, 0x0, 0xb7, 0x0,
    0x0,

    /* U+005A "Z" */
    0x6f, 0xff, 0xff, 0xf5, 0x2, 0x22, 0x29, 0xd0,
    0x0, 0x0, 0x3f, 0x30, 0x0, 0x1, 0xe6, 0x0,
    0x0, 0xb, 0xa0, 0x0, 0x0, 0x8d, 0x0, 0x0,
    0x4, 0xf2, 0x0, 0x0, 0x1e, 0x82, 0x22, 0x21,
    0x7f, 0xff, 0xff, 0xf8,

    /* U+005B "[" */
    0xbf, 0xcb, 0x60, 0xb6, 0xb, 0x60, 0xb6, 0xb,
    0x60, 0xb6, 0xb, 0x60, 0xb6, 0xb, 0x60, 0xb6,
    0xb, 0x60, 0xbf, 0xc0,

    /* U+005C "\\" */
    0x35, 0x0, 0x0, 0x2e, 0x0, 0x0, 0xd, 0x30,
    0x0, 0x8, 0x80, 0x0, 0x3, 0xd0, 0x0, 0x0,
    0xd2, 0x0, 0x0, 0x87, 0x0, 0x0, 0x3c, 0x0,
    0x0, 0xe, 0x20, 0x0, 0x9, 0x70, 0x0, 0x4,
    0xc0, 0x0, 0x0, 0xe1, 0x0, 0x0, 0xa6,

    /* U+005D "]" */
    0xcf, 0xb0, 0x7b, 0x6, 0xb0, 0x6b, 0x6, 0xb0,
    0x6b, 0x6, 0xb0, 0x6b, 0x6, 0xb0, 0x6b, 0x6,
    0xb0, 0x7b, 0xcf, 0xb0,

    /* U+005E "^" */
    0x0, 0x7, 0x0, 0x0, 0x5, 0xe5, 0x0, 0x0,
    0xb4, 0xb0, 0x0, 0x2c, 0xc, 0x20, 0x8, 0x60,
    0x68, 0x0, 0xd0, 0x0, 0xd0,

    /* U+005F "_" */
    0xdd, 0xdd, 0xdd,

    /* U+0060 "`" */
    0x27, 0x10, 0x5, 0xc1,

    /* U+0061 "a" */
    0x8, 0xdf, 0xc3, 0x0, 0xa4, 0x29, 0xd0, 0x0,
    0x0, 0x1f, 0x10, 0x8d, 0xee, 0xf2, 0x4e, 0x10,
    0xf, 0x24, 0xe1, 0x8, 0xf2, 0x9, 0xee, 0x7f,
    0x20,

    /* U+0062 "b" */
    0xe4, 0x0, 0x0, 0xe, 0x40, 0x0, 0x0, 0xe4,
    0x0, 0x0, 0xe, 0x7c, 0xfc, 0x40, 0xef, 0x52,
    0x7f, 0x2e, 0x70, 0x0, 0xb8, 0xe4, 0x0, 0x8,
    0xae, 0x70, 0x0, 0xb8, 0xef, 0x52, 0x7f, 0x2e,
    0x6c, 0xfc, 0x40,

    /* U+0063 "c" */
    0x2, 0xbf, 0xe8, 0x0, 0xda, 0x24, 0xd3, 0x5d,
    0x0, 0x0, 0x7, 0xb0, 0x0, 0x0, 0x5d, 0x0,
    0x0, 0x0, 0xda, 0x24, 0xd3, 0x2, 0xbf, 0xe8,
    0x0,

    /* U+0064 "d" */
    0x0, 0x0, 0x1, 0xf1, 0x0, 0x0, 0x1, 0xf1,
    0x0, 0x0, 0x1, 0xf1, 0x2, 0xbf, 0xd6, 0xf1,
    0xe, 0xa2, 0x3e, 0xf1, 0x5d, 0x0, 0x4, 0xf1,
    0x7b, 0x0, 0x1, 0xf1, 0x5d, 0x0, 0x4, 0xf1,
    0xe, 0xa2, 0x3d, 0xf1, 0x2, 0xbf, 0xd5, 0xf1,

    /* U+0065 "e" */
    0x2, 0xbf, 0xd6, 0x0, 0xe8, 0x14, 0xe4, 0x5d,
    0x0, 0x6, 0xa7, 0xfd, 0xdd, 0xdc, 0x5d, 0x0,
    0x0, 0x0, 0xd9, 0x23, 0xa2, 0x2, 0xbf, 0xe9,
    0x0,

    /* U+0066 "f" */
    0x1, 0xcf, 0x70, 0x9a, 0x11, 0xb, 0x60, 0xd,
    0xff, 0xf3, 0xb, 0x60, 0x0, 0xb6, 0x0, 0xb,
    0x60, 0x0, 0xb6, 0x0, 0xb, 0x60, 0x0, 0xb6,
    0x0,

    /* U+0067 "g" */
    0x2, 0xbf, 0xe6, 0xe2, 0xe, 0xa2, 0x3d, 0xf2,
    0x5d, 0x0, 0x2, 0xf2, 0x7b, 0x0, 0x0, 0xf2,
    0x5d, 0x0, 0x2, 0xf2, 0xe, 0xa2, 0x3d, 0xf2,
    0x2, 0xbf, 0xe5, 0xf2, 0x0, 0x0, 0x2, 0xf0,
    0xc, 0x62, 0x3b, 0xb0, 0x6, 0xcf, 0xea, 0x10,

    /* U+0068 "h" */
    0xe4, 0x0, 0x0, 0xe, 0x40, 0x0, 0x0, 0xe4,
    0x0, 0x0, 0xe, 0x8d, 0xfc, 0x20, 0xee, 0x52,
    0xad, 0xe, 0x60, 0x2, 0xf1, 0xe4, 0x0, 0xf,
    0x1e, 0x40, 0x0, 0xf2, 0xe4, 0x0, 0xf, 0x2e,
    0x40, 0x0, 0xf2,

    /* U+0069 "i" */
    0xd, 0x40, 0x82, 0x0, 0x0, 0xe4, 0xe, 0x40,
    0xe4, 0xe, 0x40, 0xe4, 0xe, 0x40, 0xe4,

    /* U+006A "j" */
    0x0, 0xd, 0x50, 0x0, 0x72, 0x0, 0x0, 0x0,
    0x0, 0xd4, 0x0, 0xd, 0x40, 0x0, 0xd4, 0x0,
    0xd, 0x40, 0x0, 0xd4, 0x0, 0xd, 0x40, 0x0,
    0xd4, 0x0, 0xd, 0x40, 0x22, 0xf2, 0xd, 0xf8,
    0x0,

    /* U+006B "k" */
    0xe4, 0x0, 0x0, 0xe, 0x40, 0x0, 0x0, 0xe4,
    0x0, 0x0, 0xe, 0x40, 0xb, 0xa0, 0xe4, 0xb,
    0xb0, 0xe, 0x4b, 0xc0, 0x0, 0xee, 0xfd, 0x0,
    0xe, 0xc1, 0xd9, 0x0, 0xe4, 0x2, 0xf4, 0xe,
    0x40, 0x6, 0xe1,

    /* U+006C "l" */
    0xe4, 0xe4, 0xe4, 0xe4, 0xe4, 0xe4, 0xe4, 0xe4,
    0xe4, 0xe4,

    /* U+006D "m" */
    0xe7, 0xdf, 0xb2, 0x9e, 0xe8, 0xe, 0xd3, 0x2c,
    0xfa, 0x23, 0xe5, 0xe6, 0x0, 0x4f, 0x10, 0x9,
    0x9e, 0x40, 0x3, 0xf0, 0x0, 0x8a, 0xe4, 0x0,
    0x3f, 0x0, 0x8, 0xae, 0x40, 0x3, 0xf0, 0x0,
    0x8a, 0xe4, 0x0, 0x3f, 0x0, 0x8, 0xa0,

    /* U+006E "n" */
    0xe6, 0xdf, 0xc2, 0xe, 0xe4, 0x1a, 0xd0, 0xe6,
    0x0, 0x1f, 0x1e, 0x40, 0x0, 0xf1, 0xe4, 0x0,
    0xf, 0x2e, 0x40, 0x0, 0xf2, 0xe4, 0x0, 0xf,
    0x20,

    /* U+006F "o" */
    0x2, 0xbf, 0xe8, 0x0, 0xd, 0xa2, 0x3e, 0x80,
    0x5d, 0x0, 0x4, 0xf0, 0x7b, 0x0, 0x1, 0xf1,
    0x5d, 0x0, 0x4, 0xf0, 0xd, 0xa2, 0x3e, 0x80,
    0x2, 0xbf, 0xe8, 0x0,

    /* U+0070 "p" */
    0xe7, 0xdf, 0xc4, 0xe, 0xf4, 0x17, 0xf2, 0xe6,
    0x0, 0xa, 0x8e, 0x40, 0x0, 0x8a, 0xe7, 0x0,
    0xb, 0x8e, 0xf5, 0x28, 0xf2, 0xe7, 0xcf, 0xc4,
    0xe, 0x40, 0x0, 0x0, 0xe4, 0x0, 0x0, 0xe,
    0x40, 0x0, 0x0,

    /* U+0071 "q" */
    0x2, 0xbf, 0xd5, 0xf1, 0xe, 0xa2, 0x3e, 0xf1,
    0x5d, 0x0, 0x4, 0xf1, 0x7b, 0x0, 0x1, 0xf1,
    0x5d, 0x0, 0x4, 0xf1, 0xe, 0xa2, 0x3e, 0xf1,
    0x2, 0xbf, 0xd6, 0xf1, 0x0, 0x0, 0x1, 0xf1,
    0x0, 0x0, 0x1, 0xf1, 0x0, 0x0, 0x1, 0xf1,

    /* U+0072 "r" */
    0xe7, 0xd8, 0xee, 0x51, 0xe6, 0x0, 0xe4, 0x0,
    0xe4, 0x0, 0xe4, 0x0, 0xe4, 0x0,

    /* U+0073 "s" */
    0x8, 0xef, 0xc2, 0x6d, 0x22, 0x61, 0x6d, 0x20,
    0x0, 0xa, 0xfe, 0x91, 0x0, 0x2, 0xc8, 0x56,
    0x22, 0xb8, 0x4c, 0xee, 0xa0,

    /* U+0074 "t" */
    0x5, 0x30, 0x0, 0xb6, 0x0, 0xdf, 0xff, 0x30,
    0xb6, 0x0, 0xb, 0x60, 0x0, 0xb6, 0x0, 0xb,
    0x60, 0x0, 0xaa, 0x11, 0x2, 0xdf, 0x60,

    /* U+0075 "u" */
    0xf3, 0x0, 0x2f, 0xf, 0x30, 0x2, 0xf0, 0xf3,
    0x0, 0x2f, 0xf, 0x30, 0x2, 0xf0, 0xe4, 0x0,
    0x4f, 0xa, 0xc3, 0x4d, 0xf0, 0x1b, 0xfe, 0x5f,
    0x0,

    /* U+0076 "v" */
    0xd, 0x50, 0x0, 0x98, 0x6, 0xc0, 0x0, 0xf2,
    0x1, 0xf2, 0x6, 0xb0, 0x0, 0xa8, 0xc, 0x50,
    0x0, 0x3e, 0x3e, 0x0, 0x0, 0xd, 0xd8, 0x0,
    0x0, 0x6, 0xf2, 0x0,

    /* U+0077 "w" */
    0xc5, 0x0, 0x3f, 0x10, 0x7, 0x86, 0xa0, 0x9,
    0xf6, 0x0, 0xd3, 0x1f, 0x0, 0xe7, 0xb0, 0x2d,
    0x0, 0xb5, 0x4c, 0xe, 0x18, 0x80, 0x6, 0xa9,
    0x60, 0xa6, 0xd3, 0x0, 0x1e, 0xe1, 0x4, 0xed,
    0x0, 0x0, 0xbb, 0x0, 0xe, 0x80, 0x0,

    /* U+0078 "x" */
    0x5d, 0x0, 0x4e, 0x10, 0xa9, 0x1e, 0x40, 0x1,
    0xed, 0x90, 0x0, 0x8, 0xf1, 0x0, 0x2, 0xeb,
    0xa0, 0x0, 0xc7, 0xd, 0x60, 0x7c, 0x0, 0x3f,
    0x20,

    /* U+0079 "y" */
    0xd, 0x50, 0x0, 0x98, 0x7, 0xb0, 0x0, 0xe2,
    0x1, 0xf2, 0x5, 0xc0, 0x0, 0xb8, 0xb, 0x50,
    0x0, 0x4e, 0x1e, 0x0, 0x0, 0xe, 0xb9, 0x0,
    0x0, 0x8, 0xf3, 0x0, 0x0, 0x5, 0xd0, 0x0,
    0x5, 0x2c, 0x60, 0x0, 0x1c, 0xf9, 0x0, 0x0,

    /* U+007A "z" */
    0x7f, 0xff, 0xfb, 0x0, 0x2, 0xf3, 0x0, 0xc,
    0x70, 0x0, 0x8b, 0x0, 0x4, 0xe1, 0x0, 0x1e,
    0x50, 0x0, 0x8f, 0xff, 0xfd,

    /* U+007B "{" */
    0x0, 0xbf, 0x4, 0xf1, 0x5, 0xc0, 0x5, 0xc0,
    0x5, 0xc0, 0x6, 0xc0, 0x4f, 0x60, 0x8, 0xb0,
    0x5, 0xc0, 0x5, 0xc0, 0x5, 0xc0, 0x4, 0xf1,
    0x0, 0xbf,

    /* U+007C "|" */
    0xb5, 0xb5, 0xb5, 0xb5, 0xb5, 0xb5, 0xb5, 0xb5,
    0xb5, 0xb5, 0xb5, 0xb5, 0xb5,

    /* U+007D "}" */
    0xcd, 0x10, 0xc, 0x70, 0x9, 0x90, 0x9, 0x90,
    0x9, 0x90, 0x8, 0xa0, 0x3, 0xf7, 0x8, 0xb0,
    0x9, 0x90, 0x9, 0x90, 0x9, 0x90, 0xc, 0x80,
    0xcd, 0x20,

    /* U+007E "~" */
    0xb, 0xe8, 0xa, 0x33, 0xa1, 0x9e, 0xb0,

    /* U+00A0 " " */

    /* U+00A1 "¡" */
    0xe, 0x30, 0x81, 0x0, 0x0, 0xd1, 0xe, 0x10,
    0xf2, 0xf, 0x30, 0xf3, 0xf, 0x40,

    /* U+00A2 "¢" */
    0x0, 0x9, 0x20, 0x0, 0x0, 0x92, 0x0, 0x2,
    0xcf, 0xf9, 0x1, 0xe7, 0xa4, 0xb2, 0x6d, 0x9,
    0x20, 0x7, 0xb0, 0x92, 0x0, 0x4e, 0x9, 0x22,
    0x0, 0xbd, 0xca, 0xf3, 0x0, 0x5d, 0xa3, 0x0,
    0x0, 0x92, 0x0, 0x0, 0x0, 0x0, 0x0,

    /* U+00A3 "£" */
    0x0, 0x1a, 0xef, 0xc4, 0x0, 0xdb, 0x43, 0x63,
    0x3, 0xf0, 0x0, 0x0, 0x5, 0xd0, 0x0, 0x0,
    0x8e, 0xfe, 0xee, 0x0, 0x5, 0xd0, 0x0, 0x0,
    0x5, 0xd0, 0x0, 0x0, 0x16, 0xe2, 0x22, 0x20,
    0xaf, 0xff, 0xff, 0xf6,

    /* U+00A4 "¤" */
    0x23, 0x0, 0x0, 0x4, 0x4, 0xe6, 0xcd, 0x9a,
    0xb0, 0x9, 0xe4, 0x29, 0xf0, 0x0, 0xd2, 0x0,
    0xb, 0x40, 0xe, 0x0, 0x0, 0x76, 0x0, 0xe1,
    0x0, 0xa, 0x40, 0x8, 0xc1, 0x7, 0xe0, 0x2,
    0xea, 0xff, 0xcd, 0x70, 0x45, 0x0, 0x0, 0x18,
    0x0,

    /* U+00A5 "¥" */
    0xb, 0x80, 0x0, 0x1, 0xe3, 0x1, 0xf3, 0x0,
    0xa, 0x80, 0x0, 0x6d, 0x0, 0x5d, 0x0, 0x0,
    0xc, 0x71, 0xe4, 0x0, 0x0, 0x2, 0xfb, 0x90,
    0x0, 0x0, 0xac, 0xef, 0xcc, 0x40, 0x0, 0x0,
    0x5d, 0x0, 0x0, 0x0, 0xac, 0xdf, 0xcc, 0x40,
    0x0, 0x0, 0x5d, 0x0, 0x0,

    /* U+00A6 "¦" */
    0xb5, 0xb5, 0xb5, 0xb5, 0x63, 0x0, 0x0, 0x0,
    0x63, 0xb5, 0xb5, 0xb5, 0xb5,

    /* U+00A7 "§" */
    0x5, 0xdf, 0xd5, 0x2e, 0x20, 0x33, 0x3d, 0x0,
    0x0, 0xd, 0xe8, 0x20, 0x4c, 0x48, 0xe3, 0x88,
    0x0, 0x88, 0x4f, 0x95, 0xd5, 0x3, 0xae, 0xe0,
    0x0, 0x0, 0xd3, 0x44, 0x1, 0xd3, 0x5d, 0xff,
    0x80, 0x0, 0x0, 0x0,

    /* U+00A8 "¨" */
    0x0, 0x0, 0x0, 0xf0, 0xc3, 0x2, 0x2, 0x0,

    /* U+00A9 "©" */
    0x0, 0x18, 0x99, 0x60, 0x0, 0x2, 0xa1, 0x0,
    0x49, 0x0, 0x9, 0x6, 0xdd, 0x43, 0x60, 0x36,
    0x3c, 0x12, 0x60, 0x90, 0x62, 0x86, 0x0, 0x0,
    0x80, 0x62, 0x86, 0x0, 0x0, 0x80, 0x36, 0x3c,
    0x12, 0x60, 0x90, 0x9, 0x6, 0xdd, 0x44, 0x60,
    0x2, 0xa1, 0x0, 0x59, 0x0, 0x0, 0x18, 0x99,
    0x50, 0x0,

    /* U+00AA "ª" */
    0x29, 0xa9, 0x2, 0x98, 0xe0, 0x85, 0xd, 0x12,
    0xa9, 0xa0,

    /* U+00AB "«" */
    0x0, 0x0, 0x0, 0x2, 0xd1, 0xc4, 0xc, 0x57,
    0x90, 0x4c, 0xf, 0x10, 0xc, 0x57, 0xa0, 0x1,
    0xd1, 0xc4,

    /* U+00AC "¬" */
    0x2e, 0xee, 0xee, 0x20, 0x11, 0x11, 0xd3, 0x0,
    0x0, 0xd, 0x30, 0x0, 0x0, 0x81,

    /* U+00AE "®" */
    0x0, 0x18, 0x99, 0x60, 0x0, 0x2, 0xa1, 0x0,
    0x49, 0x0, 0x9, 0xc, 0xbb, 0x43, 0x60, 0x36,
    0xc, 0x0, 0xc0, 0x90, 0x62, 0xc, 0x0, 0xc0,
    0x80, 0x62, 0xd, 0xbe, 0x40, 0x80, 0x36, 0xd,
    0x6, 0x60, 0x90, 0x9, 0x8, 0x0, 0x84, 0x60,
    0x2, 0xa1, 0x0, 0x59, 0x0, 0x0, 0x18, 0x99,
    0x50, 0x0,

    /* U+00AF "¯" */
    0x4c, 0xcc, 0x70,

    /* U+00B0 "°" */
    0x7, 0xb7, 0x3, 0x80, 0x84, 0x64, 0x3, 0x73,
    0x80, 0x84, 0x7, 0xb7, 0x0,

    /* U+00B1 "±" */
    0x0, 0xf, 0x0, 0x0, 0x0, 0xf0, 0x0, 0x2e,
    0xef, 0xee, 0x20, 0x11, 0xf1, 0x10, 0x0, 0xf,
    0x0, 0x0, 0x0, 0x90, 0x0, 0x0, 0x0, 0x0,
    0x3, 0xff, 0xff, 0xf3,

    /* U+00B2 "²" */
    0x4b, 0xbb, 0x0, 0x0, 0x94, 0x0, 0x4b, 0x0,
    0x5a, 0x0, 0x5f, 0xbb, 0x60,

    /* U+00B3 "³" */
    0x5b, 0xbf, 0x30, 0x8, 0x60, 0x1, 0xab, 0x21,
    0x0, 0x58, 0x5c, 0xbb, 0x20,

    /* U+00B4 "´" */
    0x0, 0x73, 0xb, 0x70,

    /* U+00B5 "µ" */
    0xe4, 0x0, 0x1f, 0x1e, 0x40, 0x1, 0xf1, 0xe4,
    0x0, 0x1f, 0x1e, 0x40, 0x1, 0xf1, 0xe5, 0x0,
    0x3f, 0x1e, 0xc2, 0x2c, 0xf1, 0xea, 0xee, 0x7f,
    0x1e, 0x40, 0x0, 0x0, 0xe4, 0x0, 0x0, 0xe,
    0x40, 0x0, 0x0,

    /* U+00B6 "¶" */
    0x1a, 0xff, 0xff, 0x89, 0xff, 0xb0, 0x78, 0xbf,
    0xfb, 0x7, 0x86, 0xff, 0xb0, 0x78, 0x5, 0xbb,
    0x7, 0x80, 0x4, 0xb0, 0x78, 0x0, 0x4b, 0x7,
    0x80, 0x4, 0xb0, 0x78, 0x0, 0x4b, 0x7, 0x80,
    0x4, 0xb0, 0x78, 0x0, 0x4a, 0x6, 0x80,

    /* U+00B7 "·" */
    0xa, 0x21, 0xe3,

    /* U+00B8 "¸" */
    0x0, 0x0, 0xb1, 0x5, 0xb7, 0xb5,

    /* U+00B9 "¹" */
    0xa, 0xe3, 0x0, 0xa, 0x30, 0x0, 0xa3, 0x0,
    0xa, 0x30, 0xb, 0xec, 0x40,

    /* U+00BA "º" */
    0x1a, 0xaa, 0x18, 0x40, 0x48, 0x76, 0x6, 0x80,
    0x8a, 0x80,

    /* U+00BB "»" */
    0x0, 0x0, 0x0, 0x4c, 0x1d, 0x20, 0x9, 0x84,
    0xc0, 0x1, 0xf0, 0xc5, 0x9, 0x74, 0xc0, 0x4c,
    0x1d, 0x20,

    /* U+00BC "¼" */
    0xb, 0xd3, 0x0, 0x0, 0x93, 0x0, 0x0, 0xa,
    0x30, 0x0, 0x3a, 0x0, 0x0, 0x0, 0xa3, 0x0,
    0xc, 0x10, 0x0, 0x0, 0xa, 0x30, 0x7, 0x70,
    0x0, 0x0, 0x0, 0xa3, 0x2, 0xc0, 0x5, 0x70,
    0x0, 0xbd, 0xc5, 0xb3, 0x2, 0xb0, 0x0, 0x0,
    0x0, 0x59, 0x0, 0xc1, 0x91, 0x0, 0x0, 0xc,
    0x0, 0x6d, 0xce, 0xc0, 0x0, 0x9, 0x50, 0x0,
    0x0, 0xb1, 0x0, 0x0, 0x50, 0x0, 0x0, 0x4,
    0x0,

    /* U+00BD "½" */
    0xb, 0xd3, 0x0, 0x0, 0x93, 0x0, 0x0, 0xa3,
    0x0, 0x4, 0xa0, 0x0, 0x0, 0xa3, 0x0, 0xc,
    0x10, 0x0, 0x0, 0xa3, 0x0, 0x96, 0xac, 0xb1,
    0xc, 0xdc, 0x54, 0xa1, 0x30, 0x68, 0x0, 0x0,
    0xc, 0x10, 0x0, 0x95, 0x0, 0x0, 0x95, 0x0,
    0x7, 0xa0, 0x0, 0x3, 0xb0, 0x0, 0x6a, 0x0,
    0x0, 0xb, 0x10, 0x2, 0xdc, 0xc9,

    /* U+00BE "¾" */
    0x6c, 0xcd, 0x40, 0x0, 0x93, 0x0, 0x0, 0x4,
    0xa0, 0x0, 0x3a, 0x0, 0x0, 0x0, 0xe6, 0x0,
    0xc, 0x10, 0x0, 0x0, 0x3, 0xa6, 0x7, 0x70,
    0x0, 0x0, 0x31, 0x6, 0x72, 0xc0, 0x6, 0x70,
    0x4, 0xbb, 0x90, 0xb3, 0x3, 0xb0, 0x0, 0x0,
    0x0, 0x59, 0x0, 0xc1, 0x91, 0x0, 0x0, 0xc,
    0x0, 0x6d, 0xce, 0xc0, 0x0, 0x9, 0x50, 0x0,
    0x0, 0xb1, 0x0, 0x0, 0x50, 0x0, 0x0, 0x4,
    0x0,

    /* U+00BF "¿" */
    0x0, 0x1e, 0x20, 0x0, 0x0, 0x91, 0x0, 0x0,
    0x0, 0x0, 0x0, 0x3, 0xf0, 0x0, 0x0, 0xc8,
    0x0, 0x0, 0xba, 0x0, 0x0, 0x1f, 0x10, 0x0,
    0x0, 0xf6, 0x1, 0xa6, 0x6, 0xff, 0xfb, 0x10,
    0x0, 0x11, 0x0,

    /* U+00C0 "À" */
    0x0, 0x3, 0x70, 0x0, 0x0, 0x0, 0x0, 0x7b,
    0x0, 0x0, 0x0, 0x0, 0x0, 0x0, 0x0, 0x0,
    0x0, 0x6f, 0x30, 0x0, 0x0, 0x0, 0xdd, 0x90,
    0x0, 0x0, 0x4, 0xe3, 0xf1, 0x0, 0x0, 0xb,
    0x80, 0xc7, 0x0, 0x0, 0x1f, 0x20, 0x6e, 0x0,
    0x0, 0x8c, 0x0, 0x1f, 0x50, 0x0, 0xef, 0xee,
    0xef, 0xb0, 0x6, 0xe2, 0x11, 0x14, 0xf2, 0xc,
    0x70, 0x0, 0x0, 0xb9,

    /* U+00C1 "Á" */
    0x0, 0x0, 0x1, 0x72, 0x0, 0x0, 0x0, 0x1c,
    0x50, 0x0, 0x0, 0x0, 0x0, 0x0, 0x0, 0x0,
    0x0, 0x6f, 0x30, 0x0, 0x0, 0x0, 0xdd, 0x90,
    0x0, 0x0, 0x4, 0xe3, 0xf1, 0x0, 0x0, 0xb,
    0x80, 0xc7, 0x0, 0x0, 0x1f, 0x20, 0x6e, 0x0,
    0x0, 0x8c, 0x0, 0x1f, 0x50, 0x0, 0xef, 0xee,
    0xef, 0xb0, 0x6, 0xe2, 0x11, 0x14, 0xf2, 0xc,
    0x70, 0x0, 0x0, 0xb9,

    /* U+00C2 "Â" */
    0x0, 0x0, 0x37, 0x10, 0x0, 0x0, 0x4, 0xb5,
    0xc2, 0x0, 0x0, 0x0, 0x0, 0x0, 0x0, 0x0,
    0x0, 0x6f, 0x30, 0x0, 0x0, 0x0, 0xdd, 0x90,
    0x0, 0x0, 0x4, 0xe3, 0xf1, 0x0, 0x0, 0xb,
    0x80, 0xc7, 0x0, 0x0, 0x1f, 0x20, 0x6e, 0x0,
    0x0, 0x8c, 0x0, 0x1f, 0x50, 0x0, 0xef, 0xee,
    0xef, 0xb0, 0x6, 0xe2, 0x11, 0x14, 0xf2, 0xc,
    0x70, 0x0, 0x0, 0xb9,

    /* U+00C3 "Ã" */
    0x0, 0x5, 0xd6, 0x37, 0x0, 0x0, 0xa, 0x18,
    0xd2, 0x0, 0x0, 0x0, 0x0, 0x0, 0x0, 0x0,
    0x0, 0x6f, 0x30, 0x0, 0x0, 0x0, 0xdd, 0x90,
    0x0, 0x0, 0x4, 0xe3, 0xf1, 0x0, 0x0, 0xb,
    0x80, 0xc7, 0x0, 0x0, 0x1f, 0x20, 0x6e, 0x0,
    0x0, 0x8c, 0x0, 0x1f, 0x50, 0x0, 0xef, 0xee,
    0xef, 0xb0, 0x6, 0xe2, 0x11, 0x14, 0xf2, 0xc,
    0x70, 0x0, 0x0, 0xb9,

    /* U+00C4 "Ä" */
    0x0, 0x0, 0x0, 0x0, 0x0, 0x0, 0x3, 0xc0,
    0xf0, 0x0, 0x0, 0x0, 0x20, 0x20, 0x0, 0x0,
    0x0, 0x6f, 0x30, 0x0, 0x0, 0x0, 0xdd, 0x90,
    0x0, 0x0, 0x4, 0xe3, 0xf1, 0x0, 0x0, 0xb,
    0x80, 0xc7, 0x0, 0x0, 0x1f, 0x20, 0x6e, 0x0,
    0x0, 0x8c, 0x0, 0x1f, 0x50, 0x0, 0xef, 0xee,
    0xef, 0xb0, 0x6, 0xe2, 0x11, 0x14, 0xf2, 0xc,
    0x70, 0x0, 0x0, 0xb9,

    /* U+00C5 "Å" */
    0x0, 0x0, 0x49, 0x20, 0x0, 0x0, 0x0, 0x90,
    0x90, 0x0, 0x0, 0x0, 0x90, 0x90, 0x0, 0x0,
    0x0, 0x48, 0x20, 0x0, 0x0, 0x0, 0x6f, 0x30,
    0x0, 0x0, 0x0, 0xdd, 0x90, 0x0, 0x0, 0x4,
    0xe3, 0xf1, 0x0, 0x0, 0xb, 0x80, 0xc7, 0x0,
    0x0, 0x1f, 0x20, 0x6e, 0x0, 0x0, 0x8c, 0x0,
    0x1f, 0x50, 0x0, 0xef, 0xee, 0xef, 0xb0, 0x6,
    0xe2, 0x11, 0x14, 0xf2, 0xc, 0x70, 0x0, 0x0,
    0xb9,

    /* U+00C6 "Æ" */
    0x0, 0x0, 0x4, 0xff, 0xff, 0xff, 0xb0, 0x0,
    0x0, 0xd9, 0xf2, 0x22, 0x21, 0x0, 0x0, 0x6d,
    0x3f, 0x0, 0x0, 0x0, 0x0, 0xe, 0x53, 0xf0,
    0x0, 0x0, 0x0, 0x8, 0xd0, 0x3f, 0xff, 0xff,
    0x30, 0x1, 0xf5, 0x3, 0xf2, 0x22, 0x20, 0x0,
    0xaf, 0xee, 0xff, 0x0, 0x0, 0x0, 0x3f, 0x41,
    0x14, 0xf2, 0x22, 0x22, 0xb, 0x80, 0x0, 0x3f,
    0xff, 0xff, 0xe0,

    /* U+00C7 "Ç" */
    0x0, 0x3b, 0xff, 0xb3, 0x0, 0x4f, 0x93, 0x38,
    0xe0, 0xe, 0x60, 0x0, 0x0, 0x4, 0xe0, 0x0,
    0x0, 0x0, 0x6c, 0x0, 0x0, 0x0, 0x4, 0xe0,
    0x0, 0x0, 0x0, 0xe, 0x60, 0x0, 0x0, 0x0,
    0x4f, 0x93, 0x48, 0xe0, 0x0, 0x3b, 0xff, 0xb3,
    0x0, 0x0, 0x8, 0x50, 0x0, 0x0, 0x0, 0x1c,
    0x10, 0x0, 0x0, 0x3b, 0xb0, 0x0,

    /* U+00C8 "È" */
    0x5, 0x60, 0x0, 0x0, 0x9, 0x90, 0x0, 0x0,
    0x0, 0x0, 0xb, 0xff, 0xff, 0xf3, 0xb8, 0x22,
    0x22, 0xb, 0x70, 0x0, 0x0, 0xb7, 0x0, 0x0,
    0xb, 0xff, 0xff, 0xa0, 0xb8, 0x22, 0x21, 0xb,
    0x70, 0x0, 0x0, 0xb8, 0x22, 0x22, 0xb, 0xff,
    0xff, 0xf5,

    /* U+00C9 "É" */
    0x0, 0x2, 0x71, 0x0, 0x3, 0xc3, 0x0, 0x0,
    0x0, 0x0, 0xb, 0xff, 0xff, 0xf3, 0xb8, 0x22,
    0x22, 0xb, 0x70, 0x0, 0x0, 0xb7, 0x0, 0x0,
    0xb, 0xff, 0xff, 0xa0, 0xb8, 0x22, 0x21, 0xb,
    0x70, 0x0, 0x0, 0xb8, 0x22, 0x22, 0xb, 0xff,
    0xff, 0xf5,

    /* U+00CA "Ê" */
    0x0, 0x47, 0x0, 0x0, 0x6a, 0x5b, 0x10, 0x0,
    0x0, 0x0, 0xb, 0xff, 0xff, 0xf3, 0xb8, 0x22,
    0x22, 0xb, 0x70, 0x0, 0x0, 0xb7, 0x0, 0x0,
    0xb, 0xff, 0xff, 0xa0, 0xb8, 0x22, 0x21, 0xb,
    0x70, 0x0, 0x0, 0xb8, 0x22, 0x22, 0xb, 0xff,
    0xff, 0xf5,

    /* U+00CB "Ë" */
    0x0, 0x0, 0x0, 0x0, 0x69, 0x2d, 0x0, 0x0,
    0x10, 0x20, 0xb, 0xff, 0xff, 0xf3, 0xb8, 0x22,
    0x22, 0xb, 0x70, 0x0, 0x0, 0xb7, 0x0, 0x0,
    0xb, 0xff, 0xff, 0xa0, 0xb8, 0x22, 0x21, 0xb,
    0x70, 0x0, 0x0, 0xb8, 0x22, 0x22, 0xb, 0xff,
    0xff, 0xf5,

    /* U+00CC "Ì" */
    0x7, 0x30, 0x2, 0xc4, 0x0, 0x0, 0x0, 0xb7,
    0x0, 0xb7, 0x0, 0xb7, 0x0, 0xb7, 0x0, 0xb7,
    0x0, 0xb7, 0x0, 0xb7, 0x0, 0xb7, 0x0, 0xb7,

    /* U+00CD "Í" */
    0x0, 0x55, 0x0, 0x7a, 0x0, 0x0, 0x0, 0x0,
    0xb7, 0x0, 0xb, 0x70, 0x0, 0xb7, 0x0, 0xb,
    0x70, 0x0, 0xb7, 0x0, 0xb, 0x70, 0x0, 0xb7,
    0x0, 0xb, 0x70, 0x0, 0xb7, 0x0,

    /* U+00CE "Î" */
    0x0, 0x75, 0x0, 0xb, 0x69, 0x70, 0x0, 0x0,
    0x0, 0x0, 0xb7, 0x0, 0x0, 0xb7, 0x0, 0x0,
    0xb7, 0x0, 0x0, 0xb7, 0x0, 0x0, 0xb7, 0x0,
    0x0, 0xb7, 0x0, 0x0, 0xb7, 0x0, 0x0, 0xb7,
    0x0, 0x0, 0xb7, 0x0,

    /* U+00CF "Ï" */
    0x0, 0x0, 0xc3, 0x87, 0x20, 0x11, 0xb, 0x70,
    0xb, 0x70, 0xb, 0x70, 0xb, 0x70, 0xb, 0x70,
    0xb, 0x70, 0xb, 0x70, 0xb, 0x70, 0xb, 0x70,

    /* U+00D0 "Ð" */
    0xa, 0xff, 0xfe, 0xb3, 0x0, 0xa, 0x92, 0x23,
    0x8f, 0x50, 0xa, 0x90, 0x0, 0x6, 0xf0, 0xa,
    0x90, 0x0, 0x0, 0xe5, 0xcf, 0xfe, 0xd0, 0x0,
    0xc6, 0x1c, 0xa1, 0x10, 0x0, 0xe5, 0xa, 0x90,
    0x0, 0x6, 0xf0, 0xa, 0x92, 0x23, 0x8f, 0x50,
    0xa, 0xff, 0xfe, 0xb4, 0x0,

    /* U+00D1 "Ñ" */
    0x0, 0xbb, 0x1b, 0x0, 0x3, 0x73, 0xc8, 0x0,
    0x0, 0x0, 0x0, 0x0, 0xb9, 0x0, 0x0, 0xb7,
    0xbf, 0x50, 0x0, 0xb7, 0xbc, 0xf2, 0x0, 0xb7,
    0xb7, 0xad, 0x0, 0xb7, 0xb7, 0xd, 0x90, 0xb7,
    0xb7, 0x2, 0xf5, 0xb7, 0xb7, 0x0, 0x6f, 0xd7,
    0xb7, 0x0, 0xa, 0xf7, 0xb7, 0x0, 0x0, 0xd7,

    /* U+00D2 "Ò" */
    0x0, 0x6, 0x40, 0x0, 0x0, 0x0, 0x1, 0xb6,
    0x0, 0x0, 0x0, 0x0, 0x0, 0x0, 0x0, 0x0,
    0x3b, 0xff, 0xb4, 0x0, 0x4, 0xf9, 0x33, 0x8f,
    0x60, 0xe, 0x60, 0x0, 0x5, 0xf1, 0x4e, 0x0,
    0x0, 0x0, 0xd6, 0x6c, 0x0, 0x0, 0x0, 0xb7,
    0x4e, 0x0, 0x0, 0x0, 0xd6, 0xe, 0x60, 0x0,
    0x5, 0xf1, 0x4, 0xf8, 0x33, 0x8f, 0x60, 0x0,
    0x2b, 0xff, 0xc4, 0x0,

    /* U+00D3 "Ó" */
    0x0, 0x0, 0x3, 0x60, 0x0, 0x0, 0x0, 0x5c,
    0x10, 0x0, 0x0, 0x0, 0x0, 0x0, 0x0, 0x0,
    0x3b, 0xff, 0xb4, 0x0, 0x4, 0xf9, 0x33, 0x8f,
    0x60, 0xe, 0x60, 0x0, 0x5, 0xf1, 0x4e, 0x0,
    0x0, 0x0, 0xd6, 0x6c, 0x0, 0x0, 0x0, 0xb7,
    0x4e, 0x0, 0x0, 0x0, 0xd6, 0xe, 0x60, 0x0,
    0x5, 0xf1, 0x4, 0xf8, 0x33, 0x8f, 0x60, 0x0,
    0x2b, 0xff, 0xc4, 0x0,

    /* U+00D4 "Ô" */
    0x0, 0x0, 0x66, 0x0, 0x0, 0x0, 0x8, 0x87,
    0xa0, 0x0, 0x0, 0x0, 0x0, 0x0, 0x0, 0x0,
    0x3b, 0xff, 0xb4, 0x0, 0x4, 0xf9, 0x33, 0x8f,
    0x60, 0xe, 0x60, 0x0, 0x5, 0xf1, 0x4e, 0x0,
    0x0, 0x0, 0xd6, 0x6c, 0x0, 0x0, 0x0, 0xb7,
    0x4e, 0x0, 0x0, 0x0, 0xd6, 0xe, 0x60, 0x0,
    0x5, 0xf1, 0x4, 0xf8, 0x33, 0x8f, 0x60, 0x0,
    0x2b, 0xff, 0xc4, 0x0,

    /* U+00D5 "Õ" */
    0x0, 0x9, 0xc2, 0x92, 0x0, 0x0, 0x1a, 0x1b,
    0xa0, 0x0, 0x0, 0x0, 0x0, 0x0, 0x0, 0x0,
    0x3b, 0xff, 0xb4, 0x0, 0x4, 0xf9, 0x33, 0x8f,
    0x60, 0xe, 0x60, 0x0, 0x5, 0xf1, 0x4e, 0x0,
    0x0, 0x0, 0xd6, 0x6c, 0x0, 0x0, 0x0, 0xb7,
    0x4e, 0x0, 0x0, 0x0, 0xd6, 0xe, 0x60, 0x0,
    0x5, 0xf1, 0x4, 0xf8, 0x33, 0x8f, 0x60, 0x0,
    0x2b, 0xff, 0xc4, 0x0,

    /* U+00D6 "Ö" */
    0x0, 0x0, 0x0, 0x0, 0x0, 0x0, 0x9, 0x65,
    0xa0, 0x0, 0x0, 0x1, 0x0, 0x10, 0x0, 0x0,
    0x0, 0x0, 0x0, 0x0, 0x0, 0x3b, 0xff, 0xb4,
    0x0, 0x4, 0xf9, 0x33, 0x8f, 0x60, 0xe, 0x60,
    0x0, 0x5, 0xf1, 0x4e, 0x0, 0x0, 0x0, 0xd6,
    0x6c, 0x0, 0x0, 0x0, 0xb7, 0x4e, 0x0, 0x0,
    0x0, 0xd6, 0xe, 0x60, 0x0, 0x5, 0xf1, 0x4,
    0xf8, 0x33, 0x8f, 0x60, 0x0, 0x2b, 0xff, 0xc4,
    0x0,

    /* U+00D7 "×" */
    0x0, 0x0, 0x7, 0x60, 0x67, 0x1e, 0x9e, 0x10,
    0x6f, 0x60, 0x3e, 0x6e, 0x36, 0x40, 0x45,

    /* U+00D8 "Ø" */
    0x0, 0x0, 0x0, 0xe, 0x10, 0x0, 0x3b, 0xff,
    0xfd, 0x0, 0x4, 0xf9, 0x34, 0xff, 0x60, 0xe,
    0x60, 0x7, 0x95, 0xf1, 0x4e, 0x0, 0xe, 0x10,
    0xd6, 0x6c, 0x0, 0x79, 0x0, 0xb7, 0x4e, 0x0,
    0xe1, 0x0, 0xd6, 0xe, 0x67, 0x80, 0x5, 0xf1,
    0x4, 0xff, 0x53, 0x8f, 0x60, 0x0, 0xaf, 0xff,
    0xc4, 0x0, 0x0, 0xe1, 0x0, 0x0, 0x0,

    /* U+00D9 "Ù" */
    0x1, 0x72, 0x0, 0x0, 0x0, 0x3c, 0x30, 0x0,
    0x0, 0x0, 0x0, 0x0, 0xd6, 0x0, 0x0, 0xe4,
    0xd6, 0x0, 0x0, 0xe4, 0xd6, 0x0, 0x0, 0xe4,
    0xd6, 0x0, 0x0, 0xe4, 0xd6, 0x0, 0x0, 0xe4,
    0xc7, 0x0, 0x0, 0xf3, 0x9a, 0x0, 0x2, 0xf1,
    0x2f, 0x83, 0x5d, 0xa0, 0x4, 0xcf, 0xd8, 0x0,

    /* U+00DA "Ú" */
    0x0, 0x0, 0x64, 0x0, 0x0, 0x9, 0x90, 0x0,
    0x0, 0x0, 0x0, 0x0, 0xd6, 0x0, 0x0, 0xe4,
    0xd6, 0x0, 0x0, 0xe4, 0xd6, 0x0, 0x0, 0xe4,
    0xd6, 0x0, 0x0, 0xe4, 0xd6, 0x0, 0x0, 0xe4,
    0xc7, 0x0, 0x0, 0xf3, 0x9a, 0x0, 0x2, 0xf1,
    0x2f, 0x83, 0x5d, 0xa0, 0x4, 0xcf, 0xd8, 0x0,

    /* U+00DB "Û" */
    0x0, 0x7, 0x40, 0x0, 0x1, 0xb5, 0xb6, 0x0,
    0x0, 0x0, 0x0, 0x0, 0xd6, 0x0, 0x0, 0xe4,
    0xd6, 0x0, 0x0, 0xe4, 0xd6, 0x0, 0x0, 0xe4,
    0xd6, 0x0, 0x0, 0xe4, 0xd6, 0x0, 0x0, 0xe4,
    0xc7, 0x0, 0x0, 0xf3, 0x9a, 0x0, 0x2, 0xf1,
    0x2f, 0x83, 0x5d, 0xa0, 0x4, 0xcf, 0xd8, 0x0,

    /* U+00DC "Ü" */
    0x0, 0x0, 0x0, 0x0, 0x0, 0xd2, 0xa5, 0x0,
    0x0, 0x20, 0x10, 0x0, 0x0, 0x0, 0x0, 0x0,
    0xd6, 0x0, 0x0, 0xe4, 0xd6, 0x0, 0x0, 0xe4,
    0xd6, 0x0, 0x0, 0xe4, 0xd6, 0x0, 0x0, 0xe4,
    0xd6, 0x0, 0x0, 0xe4, 0xc7, 0x0, 0x0, 0xf3,
    0x9a, 0x0, 0x2, 0xf1, 0x2f, 0x83, 0x5d, 0xa0,
    0x4, 0xcf, 0xd8, 0x0,

    /* U+00DD "Ý" */
    0x0, 0x0, 0x5, 0x50, 0x0, 0x0, 0x7, 0xa0,
    0x0, 0x0, 0x0, 0x0, 0x0, 0x0, 0xc8, 0x0,
    0x0, 0xa8, 0x3, 0xf1, 0x0, 0x3e, 0x0, 0xa,
    0xa0, 0xc, 0x60, 0x0, 0x1f, 0x36, 0xc0, 0x0,
    0x0, 0x7c, 0xe3, 0x0, 0x0, 0x0, 0xea, 0x0,
    0x0, 0x0, 0xb, 0x70, 0x0, 0x0, 0x0, 0xb7,
    0x0, 0x0, 0x0, 0xb, 0x70, 0x0,

    /* U+00DE "Þ" */
    0xb7, 0x0, 0x0, 0x0, 0xbf, 0xff, 0xd7, 0x0,
    0xb8, 0x22, 0x5d, 0x90, 0xb7, 0x0, 0x4, 0xe0,
    0xb7, 0x0, 0x3, 0xf0, 0xb7, 0x0, 0x2b, 0xa0,
    0xbf, 0xff, 0xfa, 0x10, 0xb8, 0x22, 0x0, 0x0,
    0xb7, 0x0, 0x0, 0x0,

    /* U+00DF "ß" */
    0x8, 0xef, 0xb1, 0x7, 0xd3, 0x2b, 0xa0, 0xc5,
    0x0, 0x4d, 0xe, 0x40, 0xa, 0x80, 0xe4, 0x2f,
    0xf4, 0xe, 0x40, 0x26, 0xf3, 0xe4, 0x0, 0xa,
    0x8e, 0x40, 0x0, 0xa8, 0xe4, 0x11, 0x5f, 0x3e,
    0x48, 0xfe, 0x60,

    /* U+00E0 "à" */
    0x3, 0xe3, 0x0, 0x0, 0x3, 0xc1, 0x0, 0x0,
    0x0, 0x0, 0x0, 0x8d, 0xfc, 0x30, 0xa, 0x42,
    0x9d, 0x0, 0x0, 0x1, 0xf1, 0x8, 0xde, 0xef,
    0x24, 0xe1, 0x0, 0xf2, 0x4e, 0x10, 0x8f, 0x20,
    0x9e, 0xe7, 0xf2,

    /* U+00E1 "á" */
    0x0, 0x3, 0xe3, 0x0, 0x1, 0xc3, 0x0, 0x0,
    0x0, 0x0, 0x0, 0x8d, 0xfc, 0x30, 0xa, 0x42,
    0x9d, 0x0, 0x0, 0x1, 0xf1, 0x8, 0xde, 0xef,
    0x24, 0xe1, 0x0, 0xf2, 0x4e, 0x10, 0x8f, 0x20,
    0x9e, 0xe7, 0xf2,

    /* U+00E2 "â" */
    0x0, 0x7f, 0x70, 0x0, 0x4b, 0x1b, 0x30, 0x0,
    0x0, 0x0, 0x0, 0x8d, 0xfc, 0x30, 0xa, 0x42,
    0x9d, 0x0, 0x0, 0x1, 0xf1, 0x8, 0xde, 0xef,
    0x24, 0xe1, 0x0, 0xf2, 0x4e, 0x10, 0x8f, 0x20,
    0x9e, 0xe7, 0xf2,

    /* U+00E3 "ã" */
    0x2, 0xc7, 0x47, 0x0, 0x63, 0x6b, 0x10, 0x0,
    0x0, 0x0, 0x0, 0x8d, 0xfc, 0x30, 0xa, 0x42,
    0x9d, 0x0, 0x0, 0x1, 0xf1, 0x8, 0xde, 0xef,
    0x24, 0xe1, 0x0, 0xf2, 0x4e, 0x10, 0x8f, 0x20,
    0x9e, 0xe7, 0xf2,

    /* U+00E4 "ä" */
    0x2, 0xc0, 0xd1, 0x0, 0x3, 0x3, 0x0, 0x0,
    0x0, 0x0, 0x0, 0x8d, 0xfc, 0x30, 0xa, 0x42,
    0x9d, 0x0, 0x0, 0x1, 0xf1, 0x8, 0xde, 0xef,
    0x24, 0xe1, 0x0, 0xf2, 0x4e, 0x10, 0x8f, 0x20,
    0x9e, 0xe7, 0xf2,

    /* U+00E5 "å" */
    0x0, 0x49, 0x40, 0x0, 0x9, 0x9, 0x0, 0x0,
    0x49, 0x40, 0x0, 0x0, 0x0, 0x0, 0x8, 0xdf,
    0xc3, 0x0, 0xa4, 0x29, 0xd0, 0x0, 0x0, 0x1f,
    0x10, 0x8d, 0xee, 0xf2, 0x4e, 0x10, 0xf, 0x24,
    0xe1, 0x8, 0xf2, 0x9, 0xee, 0x7f, 0x20,

    /* U+00E6 "æ" */
    0x8, 0xdf, 0xc3, 0x6e, 0xfa, 0x10, 0xa, 0x42,
    0x9f, 0xe4, 0x2a, 0xc0, 0x0, 0x0, 0x1f, 0x50,
    0x0, 0xe3, 0x8, 0xde, 0xef, 0xee, 0xee, 0xe5,
    0x4d, 0x0, 0xf, 0x50, 0x0, 0x0, 0x4e, 0x32,
    0x9e, 0xe4, 0x26, 0x80, 0x8, 0xef, 0xa1, 0x7d,
    0xfd, 0x40,

    /* U+00E7 "ç" */
    0x2, 0xbf, 0xe8, 0x0, 0xda, 0x24, 0xd3, 0x5d,
    0x0, 0x0, 0x7, 0xb0, 0x0, 0x0, 0x5d, 0x0,
    0x0, 0x0, 0xda, 0x24, 0xd3, 0x2, 0xbf, 0xe8,
    0x0, 0x0, 0xc2, 0x0, 0x0, 0x2, 0xc0, 0x0,
    0x7, 0xc8, 0x0,

    /* U+00E8 "è" */
    0x2, 0xd5, 0x0, 0x0, 0x1, 0xc3, 0x0, 0x0,
    0x0, 0x0, 0x0, 0x2b, 0xfd, 0x60, 0xe, 0x81,
    0x4e, 0x45, 0xd0, 0x0, 0x6a, 0x7f, 0xdd, 0xdd,
    0xc5, 0xd0, 0x0, 0x0, 0xd, 0x92, 0x3a, 0x20,
    0x2b, 0xfe, 0x90,

    /* U+00E9 "é" */
    0x0, 0x1, 0xe5, 0x0, 0x0, 0xb5, 0x0, 0x0,
    0x0, 0x0, 0x0, 0x2b, 0xfd, 0x60, 0xe, 0x81,
    0x4e, 0x45, 0xd0, 0x0, 0x6a, 0x7f, 0xdd, 0xdd,
    0xc5, 0xd0, 0x0, 0x0, 0xd, 0x92, 0x3a, 0x20,
    0x2b, 0xfe, 0x90,

    /* U+00EA "ê" */
    0x0, 0x4f, 0xa0, 0x0, 0x2c, 0x29, 0x60, 0x0,
    0x0, 0x0, 0x0, 0x2b, 0xfd, 0x60, 0xe, 0x81,
    0x4e, 0x45, 0xd0, 0x0, 0x6a, 0x7f, 0xdd, 0xdd,
    0xc5, 0xd0, 0x0, 0x0, 0xd, 0x92, 0x3a, 0x20,
    0x2b, 0xfe, 0x90,

    /* U+00EB "ë" */
    0x0, 0xd1, 0xa4, 0x0, 0x3, 0x2, 0x0, 0x0,
    0x0, 0x0, 0x0, 0x2b, 0xfd, 0x60, 0xe, 0x81,
    0x4e, 0x45, 0xd0, 0x0, 0x6a, 0x7f, 0xdd, 0xdd,
    0xc5, 0xd0, 0x0, 0x0, 0xd, 0x92, 0x3a, 0x20,
    0x2b, 0xfe, 0x90,

    /* U+00EC "ì" */
    0x2d, 0x50, 0x1, 0xc2, 0x0, 0x0, 0x0, 0xe4,
    0x0, 0xe4, 0x0, 0xe4, 0x0, 0xe4, 0x0, 0xe4,
    0x0, 0xe4, 0x0, 0xe4,

    /* U+00ED "í" */
    0x1, 0xe5, 0xb, 0x40, 0x0, 0x0, 0xe, 0x40,
    0xe, 0x40, 0xe, 0x40, 0xe, 0x40, 0xe, 0x40,
    0xe, 0x40, 0xe, 0x40,

    /* U+00EE "î" */
    0x3, 0xf8, 0x0, 0xb2, 0xb3, 0x0, 0x0, 0x0,
    0xe, 0x40, 0x0, 0xe4, 0x0, 0xe, 0x40, 0x0,
    0xe4, 0x0, 0xe, 0x40, 0x0, 0xe4, 0x0, 0xe,
    0x40,

    /* U+00EF "ï" */
    0xa4, 0xd0, 0x20, 0x30, 0x0, 0x0, 0xe, 0x40,
    0xe, 0x40, 0xe, 0x40, 0xe, 0x40, 0xe, 0x40,
    0xe, 0x40, 0xe, 0x40,

    /* U+00F0 "ð" */
    0x2, 0xc2, 0x5, 0x0, 0x4, 0xfd, 0x60, 0x4,
    0xc7, 0xe3, 0x0, 0x10, 0x5, 0xc0, 0x6, 0xdf,
    0x9d, 0x33, 0xf4, 0x5, 0xf7, 0x7b, 0x0, 0xc,
    0x97, 0xb0, 0x0, 0xc7, 0x2f, 0x51, 0x6f, 0x10,
    0x5d, 0xfc, 0x40,

    /* U+00F1 "ñ" */
    0x7, 0xc2, 0xa1, 0x0, 0x90, 0xa9, 0x0, 0x0,
    0x0, 0x0, 0xe, 0x6d, 0xfc, 0x20, 0xee, 0x41,
    0xad, 0xe, 0x60, 0x1, 0xf1, 0xe4, 0x0, 0xf,
    0x1e, 0x40, 0x0, 0xf2, 0xe4, 0x0, 0xf, 0x2e,
    0x40, 0x0, 0xf2,

    /* U+00F2 "ò" */
    0x1, 0xc7, 0x0, 0x0, 0x0, 0xb, 0x40, 0x0,
    0x0, 0x0, 0x0, 0x0, 0x2, 0xbf, 0xe8, 0x0,
    0xd, 0xa2, 0x3e, 0x80, 0x5d, 0x0, 0x4, 0xf0,
    0x7b, 0x0, 0x1, 0xf1, 0x5d, 0x0, 0x4, 0xf0,
    0xd, 0xa2, 0x3e, 0x80, 0x2, 0xbf, 0xe8, 0x0,

    /* U+00F3 "ó" */
    0x0, 0x0, 0xd7, 0x0, 0x0, 0xa, 0x70, 0x0,
    0x0, 0x0, 0x0, 0x0, 0x2, 0xbf, 0xe8, 0x0,
    0xd, 0xa2, 0x3e, 0x80, 0x5d, 0x0, 0x4, 0xf0,
    0x7b, 0x0, 0x1, 0xf1, 0x5d, 0x0, 0x4, 0xf0,
    0xd, 0xa2, 0x3e, 0x80, 0x2, 0xbf, 0xe8, 0x0,

    /* U+00F4 "ô" */
    0x0, 0x3e, 0xb0, 0x0, 0x1, 0xc3, 0x88, 0x0,
    0x0, 0x0, 0x0, 0x0, 0x2, 0xbf, 0xe8, 0x0,
    0xd, 0xa2, 0x3e, 0x80, 0x5d, 0x0, 0x4, 0xf0,
    0x7b, 0x0, 0x1, 0xf1, 0x5d, 0x0, 0x4, 0xf0,
    0xd, 0xa2, 0x3e, 0x80, 0x2, 0xbf, 0xe8, 0x0,

    /* U+00F5 "õ" */
    0x0, 0xba, 0xa, 0x0, 0x2, 0x72, 0xc5, 0x0,
    0x0, 0x0, 0x0, 0x0, 0x2, 0xbf, 0xe8, 0x0,
    0xd, 0xa2, 0x3e, 0x80, 0x5d, 0x0, 0x4, 0xf0,
    0x7b, 0x0, 0x1, 0xf1, 0x5d, 0x0, 0x4, 0xf0,
    0xd, 0xa2, 0x3e, 0x80, 0x2, 0xbf, 0xe8, 0x0,

    /* U+00F6 "ö" */
    0x0, 0xc2, 0x86, 0x0, 0x0, 0x30, 0x21, 0x0,
    0x0, 0x0, 0x0, 0x0, 0x2, 0xbf, 0xe8, 0x0,
    0xd, 0xa2, 0x3e, 0x80, 0x5d, 0x0, 0x4, 0xf0,
    0x7b, 0x0, 0x1, 0xf1, 0x5d, 0x0, 0x4, 0xf0,
    0xd, 0xa2, 0x3e, 0x80, 0x2, 0xbf, 0xe8, 0x0,

    /* U+00F7 "÷" */
    0x0, 0x7, 0x0, 0x0, 0x1, 0xe1, 0x0, 0x0,
    0x0, 0x0, 0x2, 0xee, 0xee, 0xe2, 0x1, 0x11,
    0x11, 0x0, 0x0, 0x70, 0x0, 0x0, 0x1e, 0x10,
    0x0,

    /* U+00F8 "ø" */
    0x0, 0x0, 0xc, 0x10, 0x2, 0xbf, 0xff, 0x0,
    0xd, 0xa2, 0xff, 0x80, 0x5d, 0x3, 0xa4, 0xf0,
    0x7b, 0xa, 0x31, 0xf1, 0x5d, 0x2b, 0x4, 0xf0,
    0xd, 0xf6, 0x3e, 0x80, 0x3, 0xff, 0xe8, 0x0,
    0x8, 0x50, 0x0, 0x0,

    /* U+00F9 "ù" */
    0x9, 0xb0, 0x0, 0x0, 0x8, 0x70, 0x0, 0x0,
    0x0, 0x0, 0xf, 0x30, 0x2, 0xf0, 0xf3, 0x0,
    0x2f, 0xf, 0x30, 0x2, 0xf0, 0xf3, 0x0, 0x2f,
    0xe, 0x40, 0x4, 0xf0, 0xac, 0x34, 0xdf, 0x1,
    0xbf, 0xe5, 0xf0,

    /* U+00FA "ú" */
    0x0, 0xa, 0xa0, 0x0, 0x6, 0x90, 0x0, 0x0,
    0x0, 0x0, 0xf, 0x30, 0x2, 0xf0, 0xf3, 0x0,
    0x2f, 0xf, 0x30, 0x2, 0xf0, 0xf3, 0x0, 0x2f,
    0xe, 0x40, 0x4, 0xf0, 0xac, 0x34, 0xdf, 0x1,
    0xbf, 0xe5, 0xf0,

    /* U+00FB "û" */
    0x1, 0xdd, 0x10, 0x0, 0xa5, 0x4b, 0x0, 0x0,
    0x0, 0x0, 0xf, 0x30, 0x2, 0xf0, 0xf3, 0x0,
    0x2f, 0xf, 0x30, 0x2, 0xf0, 0xf3, 0x0, 0x2f,
    0xe, 0x40, 0x4, 0xf0, 0xac, 0x34, 0xdf, 0x1,
    0xbf, 0xe5, 0xf0,

    /* U+00FC "ü" */
    0x8, 0x65, 0x90, 0x0, 0x21, 0x12, 0x0, 0x0,
    0x0, 0x0, 0xf, 0x30, 0x2, 0xf0, 0xf3, 0x0,
    0x2f, 0xf, 0x30, 0x2, 0xf0, 0xf3, 0x0, 0x2f,
    0xe, 0x40, 0x4, 0xf0, 0xac, 0x34, 0xdf, 0x1,
    0xbf, 0xe5, 0xf0,

    /* U+00FD "ý" */
    0x0, 0x0, 0x8c, 0x10, 0x0, 0x4, 0xb0, 0x0,
    0x0, 0x0, 0x0, 0x0, 0xd, 0x50, 0x0, 0x98,
    0x7, 0xb0, 0x0, 0xe2, 0x1, 0xf2, 0x5, 0xc0,
    0x0, 0xb8, 0xb, 0x50, 0x0, 0x4e, 0x1e, 0x0,
    0x0, 0xe, 0xb9, 0x0, 0x0, 0x8, 0xf3, 0x0,
    0x0, 0x5, 0xd0, 0x0, 0x5, 0x2c, 0x60, 0x0,
    0x1c, 0xf9, 0x0, 0x0,

    /* U+00FE "þ" */
    0xe4, 0x0, 0x0, 0xe, 0x40, 0x0, 0x0, 0xe4,
    0x0, 0x0, 0xe, 0x7d, 0xfc, 0x40, 0xef, 0x52,
    0x7f, 0x2e, 0x70, 0x0, 0xb8, 0xe4, 0x0, 0x8,
    0xae, 0x70, 0x0, 0xb8, 0xef, 0x52, 0x7f, 0x2e,
    0x7c, 0xfc, 0x40, 0xe4, 0x0, 0x0, 0xe, 0x40,
    0x0, 0x0, 0xe4, 0x0, 0x0, 0x0,

    /* U+00FF "ÿ" */
    0x0, 0x68, 0x2c, 0x0, 0x0, 0x12, 0x3, 0x0,
    0x0, 0x0, 0x0, 0x0, 0xd, 0x50, 0x0, 0x98,
    0x7, 0xb0, 0x0, 0xe2, 0x1, 0xf2, 0x5, 0xc0,
    0x0, 0xb8, 0xb, 0x50, 0x0, 0x4e, 0x1e, 0x0,
    0x0, 0xe, 0xb9, 0x0, 0x0, 0x8, 0xf3, 0x0,
    0x0, 0x5, 0xd0, 0x0, 0x5, 0x2c, 0x60, 0x0,
    0x1c, 0xf9, 0x0, 0x0,

    /* U+0100 "Ā" */
    0x0, 0x7, 0xcc, 0xc4, 0x0, 0x0, 0x0, 0x0,
    0x0, 0x0, 0x0, 0x0, 0x6f, 0x30, 0x0, 0x0,
    0x0, 0xdd, 0x90, 0x0, 0x0, 0x4, 0xe3, 0xf1,
    0x0, 0x0, 0xb, 0x80, 0xc7, 0x0, 0x0, 0x1f,
    0x20, 0x6e, 0x0, 0x0, 0x8c, 0x0, 0x1f, 0x50,
    0x0, 0xef, 0xee, 0xef, 0xb0, 0x6, 0xe2, 0x11,
    0x14, 0xf2, 0xc, 0x70, 0x0, 0x0, 0xb9,

    /* U+0101 "ā" */
    0x5, 0xcc, 0xc5, 0x0, 0x0, 0x0, 0x0, 0x8,
    0xdf, 0xc3, 0x0, 0xa4, 0x29, 0xd0, 0x0, 0x0,
    0x1f, 0x10, 0x8d, 0xee, 0xf2, 0x4e, 0x10, 0xf,
    0x24, 0xe1, 0x8, 0xf2, 0x9, 0xee, 0x7f, 0x20,

    /* U+0102 "Ă" */
    0x0, 0x3, 0x20, 0x42, 0x0, 0x0, 0x1, 0xab,
    0x90, 0x0, 0x0, 0x0, 0x0, 0x0, 0x0, 0x0,
    0x0, 0x6f, 0x30, 0x0, 0x0, 0x0, 0xdd, 0x90,
    0x0, 0x0, 0x4, 0xe3, 0xf1, 0x0, 0x0, 0xb,
    0x80, 0xc7, 0x0, 0x0, 0x1f, 0x20, 0x6e, 0x0,
    0x0, 0x8c, 0x0, 0x1f, 0x50, 0x0, 0xef, 0xee,
    0xef, 0xb0, 0x6, 0xe2, 0x11, 0x14, 0xf2, 0xc,
    0x70, 0x0, 0x0, 0xb9,

    /* U+0103 "ă" */
    0x5, 0x80, 0x85, 0x0, 0x9, 0xb8, 0x0, 0x0,
    0x0, 0x0, 0x0, 0x8d, 0xfc, 0x30, 0xa, 0x42,
    0x9d, 0x0, 0x0, 0x1, 0xf1, 0x8, 0xde, 0xef,
    0x24, 0xe1, 0x0, 0xf2, 0x4e, 0x10, 0x8f, 0x20,
    0x9e, 0xe7, 0xf2,

    /* U+0104 "Ą" */
    0x0, 0x0, 0x6f, 0x30, 0x0, 0x0, 0x0, 0xd,
    0xd9, 0x0, 0x0, 0x0, 0x4, 0xe3, 0xf1, 0x0,
    0x0, 0x0, 0xb8, 0xc, 0x70, 0x0, 0x0, 0x1f,
    0x20, 0x6e, 0x0, 0x0, 0x8, 0xc0, 0x1, 0xf5,
    0x0, 0x0, 0xef, 0xee, 0xef, 0xb0, 0x0, 0x6e,
    0x21, 0x11, 0x4f, 0x20, 0xc, 0x70, 0x0, 0x0,
    0xbb, 0x0, 0x0, 0x0, 0x0, 0x1b, 0x30, 0x0,
    0x0, 0x0, 0x6, 0x70, 0x0, 0x0, 0x0, 0x0,
    0x2d, 0xb0,

    /* U+0105 "ą" */
    0x8, 0xdf, 0xc3, 0x0, 0xa4, 0x29, 0xd0, 0x0,
    0x0, 0x1f, 0x10, 0x8d, 0xee, 0xf2, 0x4e, 0x10,
    0xf, 0x24, 0xe1, 0x8, 0xf2, 0x9, 0xee, 0x8f,
    0x20, 0x0, 0xa, 0x50, 0x0, 0x1, 0xc0, 0x0,
    0x0, 0xb, 0xc3,

    /* U+0106 "Ć" */
    0x0, 0x0, 0x4, 0x60, 0x0, 0x0, 0x6, 0xb1,
    0x0, 0x0, 0x0, 0x0, 0x0, 0x0, 0x3, 0xbf,
    0xfb, 0x30, 0x4, 0xf9, 0x33, 0x8e, 0x0, 0xe6,
    0x0, 0x0, 0x0, 0x4e, 0x0, 0x0, 0x0, 0x6,
    0xc0, 0x0, 0x0, 0x0, 0x4e, 0x0, 0x0, 0x0,
    0x0, 0xe6, 0x0, 0x0, 0x0, 0x4, 0xf9, 0x34,
    0x8e, 0x0, 0x3, 0xbf, 0xfb, 0x30,

    /* U+0107 "ć" */
    0x0, 0x1, 0xe5, 0x0, 0x0, 0xb5, 0x0, 0x0,
    0x0, 0x0, 0x0, 0x2b, 0xfe, 0x80, 0xd, 0xa2,
    0x4d, 0x35, 0xd0, 0x0, 0x0, 0x7b, 0x0, 0x0,
    0x5, 0xd0, 0x0, 0x0, 0xd, 0xa2, 0x4d, 0x30,
    0x2b, 0xfe, 0x80,

    /* U+0108 "Ĉ" */
    0x0, 0x0, 0x65, 0x0, 0x0, 0x0, 0xa7, 0x98,
    0x0, 0x0, 0x0, 0x0, 0x0, 0x0, 0x3, 0xbf,
    0xfb, 0x30, 0x4, 0xf9, 0x33, 0x8e, 0x0, 0xe6,
    0x0, 0x0, 0x0, 0x4e, 0x0, 0x0, 0x0, 0x6,
    0xc0, 0x0, 0x0, 0x0, 0x4e, 0x0, 0x0, 0x0,
    0x0, 0xe6, 0x0, 0x0, 0x0, 0x4, 0xf9, 0x34,
    0x8e, 0x0, 0x3, 0xbf, 0xfb, 0x30,

    /* U+0109 "ĉ" */
    0x0, 0x4f, 0xa0, 0x0, 0x2c, 0x29, 0x60, 0x0,
    0x0, 0x0, 0x0, 0x2b, 0xfe, 0x80, 0xd, 0xa2,
    0x4d, 0x35, 0xd0, 0x0, 0x0, 0x7b, 0x0, 0x0,
    0x5, 0xd0, 0x0, 0x0, 0xd, 0xa2, 0x4d, 0x30,
    0x2b, 0xfe, 0x80,

    /* U+010A "Ċ" */
    0x0, 0x0, 0x97, 0x0, 0x0, 0x0, 0x4, 0x30,
    0x0, 0x0, 0x0, 0x0, 0x0, 0x0, 0x3, 0xbf,
    0xfb, 0x30, 0x4, 0xf9, 0x33, 0x8e, 0x0, 0xe6,
    0x0, 0x0, 0x0, 0x4e, 0x0, 0x0, 0x0, 0x6,
    0xc0, 0x0, 0x0, 0x0, 0x4e, 0x0, 0x0, 0x0,
    0x0, 0xe6, 0x0, 0x0, 0x0, 0x4, 0xf9, 0x34,
    0x8e, 0x0, 0x3, 0xbf, 0xfb, 0x30,

    /* U+010B "ċ" */
    0x0, 0xd, 0x30, 0x0, 0x0, 0x61, 0x0, 0x0,
    0x0, 0x0, 0x0, 0x2b, 0xfe, 0x80, 0xd, 0xa2,
    0x4d, 0x35, 0xd0, 0x0, 0x0, 0x7b, 0x0, 0x0,
    0x5, 0xd0, 0x0, 0x0, 0xd, 0xa2, 0x4d, 0x30,
    0x2b, 0xfe, 0x80,

    /* U+010C "Č" */
    0x0, 0x7, 0x12, 0x60, 0x0, 0x0, 0x3d, 0xc2,
    0x0, 0x0, 0x0, 0x0, 0x0, 0x0, 0x3, 0xbf,
    0xfb, 0x30, 0x4, 0xf9, 0x33, 0x8e, 0x0, 0xe6,
    0x0, 0x0, 0x0, 0x4e, 0x0, 0x0, 0x0, 0x6,
    0xc0, 0x0, 0x0, 0x0, 0x4e, 0x0, 0x0, 0x0,
    0x0, 0xe6, 0x0, 0x0, 0x0, 0x4, 0xf9, 0x34,
    0x8e, 0x0, 0x3, 0xbf, 0xfb, 0x30,

    /* U+010D "č" */
    0x2, 0xd2, 0xa6, 0x0, 0x4, 0xe9, 0x0, 0x0,
    0x0, 0x0, 0x0, 0x2b, 0xfe, 0x80, 0xd, 0xa2,
    0x4d, 0x35, 0xd0, 0x0, 0x0, 0x7b, 0x0, 0x0,
    0x5, 0xd0, 0x0, 0x0, 0xd, 0xa2, 0x4d, 0x30,
    0x2b, 0xfe, 0x80,

    /* U+010E "Ď" */
    0x2, 0x50, 0x53, 0x0, 0x0, 0x8, 0xd9, 0x0,
    0x0, 0x0, 0x0, 0x0, 0x0, 0xb, 0xff, 0xfe,
    0xa3, 0x0, 0xb8, 0x22, 0x39, 0xf4, 0xb, 0x70,
    0x0, 0x7, 0xe0, 0xb7, 0x0, 0x0, 0xf, 0x3b,
    0x70, 0x0, 0x0, 0xe5, 0xb7, 0x0, 0x0, 0xf,
    0x3b, 0x70, 0x0, 0x7, 0xe0, 0xb8, 0x22, 0x39,
    0xf4, 0xb, 0xff, 0xfe, 0xb3, 0x0,

    /* U+010F "ď" */
    0x0, 0x0, 0x1, 0xf1, 0xd1, 0x0, 0x0, 0x1,
    0xf1, 0xd0, 0x0, 0x0, 0x1, 0xf1, 0x70, 0x2,
    0xbf, 0xd6, 0xf1, 0x0, 0xe, 0xa2, 0x3e, 0xf1,
    0x0, 0x5d, 0x0, 0x4, 0xf1, 0x0, 0x7b, 0x0,
    0x1, 0xf1, 0x0, 0x5d, 0x0, 0x4, 0xf1, 0x0,
    0xe, 0xa2, 0x3d, 0xf1, 0x0, 0x2, 0xbf, 0xd5,
    0xf1, 0x0,

    /* U+0110 "Đ" */
    0xa, 0xff, 0xfe, 0xb3, 0x0, 0xa, 0x92, 0x23,
    0x8f, 0x50, 0xa, 0x90, 0x0, 0x6, 0xf0, 0xa,
    0x90, 0x0, 0x0, 0xe5, 0xcf, 0xfe, 0xd0, 0x0,
    0xc6, 0x1c, 0xa1, 0x10, 0x0, 0xe5, 0xa, 0x90,
    0x0, 0x6, 0xf0, 0xa, 0x92, 0x23, 0x8f, 0x50,
    0xa, 0xff, 0xfe, 0xb4, 0x0,

    /* U+0111 "đ" */
    0x0, 0x0, 0x1, 0xf1, 0x0, 0x0, 0x7e, 0xff,
    0xf2, 0x0, 0x0, 0x1, 0xf1, 0x0, 0x2b, 0xfd,
    0x6f, 0x10, 0xe, 0xa2, 0x3e, 0xf1, 0x5, 0xd0,
    0x0, 0x4f, 0x10, 0x7b, 0x0, 0x1, 0xf1, 0x5,
    0xd0, 0x0, 0x4f, 0x10, 0xe, 0xa2, 0x3d, 0xf1,
    0x0, 0x2b, 0xfd, 0x5f, 0x10,

    /* U+0112 "Ē" */
    0x9, 0xcc, 0xc2, 0x0, 0x0, 0x0, 0x0, 0xbf,
    0xff, 0xff, 0x3b, 0x82, 0x22, 0x20, 0xb7, 0x0,
    0x0, 0xb, 0x70, 0x0, 0x0, 0xbf, 0xff, 0xfa,
    0xb, 0x82, 0x22, 0x10, 0xb7, 0x0, 0x0, 0xb,
    0x82, 0x22, 0x20, 0xbf, 0xff, 0xff, 0x50,

    /* U+0113 "ē" */
    0x3, 0xcc, 0xc8, 0x0, 0x0, 0x0, 0x0, 0x2,
    0xbf, 0xd6, 0x0, 0xe8, 0x14, 0xe4, 0x5d, 0x0,
    0x6, 0xa7, 0xfd, 0xdd, 0xdc, 0x5d, 0x0, 0x0,
    0x0, 0xd9, 0x23, 0xa2, 0x2, 0xbf, 0xe9, 0x0,

    /* U+0114 "Ĕ" */
    0x5, 0x10, 0x60, 0x0, 0x3b, 0xb7, 0x0, 0x0,
    0x0, 0x0, 0xb, 0xff, 0xff, 0xf3, 0xb8, 0x22,
    0x22, 0xb, 0x70, 0x0, 0x0, 0xb7, 0x0, 0x0,
    0xb, 0xff, 0xff, 0xa0, 0xb8, 0x22, 0x21, 0xb,
    0x70, 0x0, 0x0, 0xb8, 0x22, 0x22, 0xb, 0xff,
    0xff, 0xf5,

    /* U+0115 "ĕ" */
    0x2, 0xb0, 0x58, 0x0, 0x6, 0xba, 0x10, 0x0,
    0x0, 0x0, 0x0, 0x2b, 0xfd, 0x60, 0xe, 0x81,
    0x4e, 0x45, 0xd0, 0x0, 0x6a, 0x7f, 0xdd, 0xdd,
    0xc5, 0xd0, 0x0, 0x0, 0xd, 0x92, 0x3a, 0x20,
    0x2b, 0xfe, 0x90,

    /* U+0116 "Ė" */
    0x0, 0x15, 0x0, 0x0, 0x5, 0xc0, 0x0, 0x0,
    0x0, 0x0, 0xb, 0xff, 0xff, 0xf3, 0xb8, 0x22,
    0x22, 0xb, 0x70, 0x0, 0x0, 0xb7, 0x0, 0x0,
    0xb, 0xff, 0xff, 0xa0, 0xb8, 0x22, 0x21, 0xb,
    0x70, 0x0, 0x0, 0xb8, 0x22, 0x22, 0xb, 0xff,
    0xff, 0xf5,

    /* U+0117 "ė" */
    0x0, 0xd, 0x30, 0x0, 0x0, 0x61, 0x0, 0x0,
    0x0, 0x0, 0x0, 0x2b, 0xfd, 0x60, 0xe, 0x81,
    0x4e, 0x45, 0xd0, 0x0, 0x6a, 0x7f, 0xdd, 0xdd,
    0xc5, 0xd0, 0x0, 0x0, 0xd, 0x92, 0x3a, 0x20,
    0x2b, 0xfe, 0x90,

    /* U+0118 "Ę" */
    0xbf, 0xff, 0xff, 0x3b, 0x82, 0x22, 0x20, 0xb7,
    0x0, 0x0, 0xb, 0x70, 0x0, 0x0, 0xbf, 0xff,
    0xfa, 0xb, 0x82, 0x22, 0x10, 0xb7, 0x0, 0x0,
    0xb, 0x82, 0x22, 0x20, 0xbf, 0xff, 0xff, 0x60,
    0x0, 0x6, 0x90, 0x0, 0x0, 0xd0, 0x0, 0x0,
    0x8, 0xc6,

    /* U+0119 "ę" */
    0x2, 0xbf, 0xd6, 0x0, 0xe8, 0x14, 0xe4, 0x5d,
    0x0, 0x6, 0xa7, 0xfd, 0xdd, 0xdc, 0x5d, 0x0,
    0x0, 0x0, 0xd9, 0x23, 0xa2, 0x2, 0xbf, 0xfc,
    0x0, 0x0, 0xc, 0x10, 0x0, 0x2, 0xa0, 0x0,
    0x0, 0xb, 0xc2,

    /* U+011A "Ě" */
    0x5, 0x30, 0x71, 0x0, 0x1c, 0xd5, 0x0, 0x0,
    0x0, 0x0, 0xb, 0xff, 0xff, 0xf3, 0xb8, 0x22,
    0x22, 0xb, 0x70, 0x0, 0x0, 0xb7, 0x0, 0x0,
    0xb, 0xff, 0xff, 0xa0, 0xb8, 0x22, 0x21, 0xb,
    0x70, 0x0, 0x0, 0xb8, 0x22, 0x22, 0xb, 0xff,
    0xff, 0xf5,

    /* U+011B "ě" */
    0x2, 0xd2, 0xa6, 0x0, 0x4, 0xe9, 0x0, 0x0,
    0x0, 0x0, 0x0, 0x2b, 0xfd, 0x60, 0xe, 0x81,
    0x4e, 0x45, 0xd0, 0x0, 0x6a, 0x7f, 0xdd, 0xdd,
    0xc5, 0xd0, 0x0, 0x0, 0xd, 0x92, 0x3a, 0x20,
    0x2b, 0xfe, 0x90,

    /* U+011C "Ĝ" */
    0x0, 0x0, 0x65, 0x0, 0x0, 0x0, 0xa7, 0x98,
    0x0, 0x0, 0x0, 0x0, 0x0, 0x0, 0x3, 0xbf,
    0xfc, 0x40, 0x4, 0xf9, 0x43, 0x7e, 0x10, 0xe6,
    0x0, 0x0, 0x0, 0x4e, 0x0, 0x0, 0x0, 0x6,
    0xc0, 0x0, 0x0, 0x82, 0x4e, 0x0, 0x0, 0xe,
    0x30, 0xe6, 0x0, 0x0, 0xe3, 0x4, 0xf9, 0x33,
    0x7f, 0x30, 0x3, 0xbf, 0xfc, 0x50,

    /* U+011D "ĝ" */
    0x0, 0x1e, 0xd1, 0x0, 0x0, 0xb4, 0x6a, 0x0,
    0x0, 0x0, 0x0, 0x0, 0x2, 0xbf, 0xe6, 0xe2,
    0xe, 0xa2, 0x3d, 0xf2, 0x5d, 0x0, 0x2, 0xf2,
    0x7b, 0x0, 0x0, 0xf2, 0x5d, 0x0, 0x2, 0xf2,
    0xe, 0xa2, 0x3d, 0xf2, 0x2, 0xbf, 0xe5, 0xf2,
    0x0, 0x0, 0x2, 0xf0, 0xc, 0x62, 0x3b, 0xb0,
    0x6, 0xcf, 0xea, 0x10,

    /* U+011E "Ğ" */
    0x0, 0xc, 0x1, 0xb0, 0x0, 0x0, 0x4b, 0xb2,
    0x0, 0x0, 0x0, 0x0, 0x0, 0x0, 0x3, 0xbf,
    0xfc, 0x40, 0x4, 0xf9, 0x43, 0x7e, 0x10, 0xe6,
    0x0, 0x0, 0x0, 0x4e, 0x0, 0x0, 0x0, 0x6,
    0xc0, 0x0, 0x0, 0x82, 0x4e, 0x0, 0x0, 0xe,
    0x30, 0xe6, 0x0, 0x0, 0xe3, 0x4, 0xf9, 0x33,
    0x7f, 0x30, 0x3, 0xbf, 0xfc, 0x50,

    /* U+011F "ğ" */
    0x0, 0xc0, 0xc, 0x0, 0x0, 0xa2, 0x49, 0x0,
    0x0, 0x1b, 0xa1, 0x0, 0x2, 0xbf, 0xe6, 0xe2,
    0xe, 0xa2, 0x3d, 0xf2, 0x5d, 0x0, 0x2, 0xf2,
    0x7b, 0x0, 0x0, 0xf2, 0x5d, 0x0, 0x2, 0xf2,
    0xe, 0xa2, 0x3d, 0xf2, 0x2, 0xbf, 0xe5, 0xf2,
    0x0, 0x0, 0x2, 0xf0, 0xc, 0x62, 0x3b, 0xb0,
    0x6, 0xcf, 0xea, 0x10,

    /* U+0120 "Ġ" */
    0x0, 0x0, 0x97, 0x0, 0x0, 0x0, 0x4, 0x30,
    0x0, 0x0, 0x0, 0x0, 0x0, 0x0, 0x3, 0xbf,
    0xfc, 0x40, 0x4, 0xf9, 0x43, 0x7e, 0x10, 0xe6,
    0x0, 0x0, 0x0, 0x4e, 0x0, 0x0, 0x0, 0x6,
    0xc0, 0x0, 0x0, 0x82, 0x4e, 0x0, 0x0, 0xe,
    0x30, 0xe6, 0x0, 0x0, 0xe3, 0x4, 0xf9, 0x33,
    0x7f, 0x30, 0x3, 0xbf, 0xfc, 0x50,

    /* U+0121 "ġ" */
    0x0, 0x9, 0x70, 0x0, 0x0, 0x4, 0x30, 0x0,
    0x0, 0x0, 0x0, 0x0, 0x2, 0xbf, 0xe6, 0xe2,
    0xe, 0xa2, 0x3d, 0xf2, 0x5d, 0x0, 0x2, 0xf2,
    0x7b, 0x0, 0x0, 0xf2, 0x5d, 0x0, 0x2, 0xf2,
    0xe, 0xa2, 0x3d, 0xf2, 0x2, 0xbf, 0xe5, 0xf2,
    0x0, 0x0, 0x2, 0xf0, 0xc, 0x62, 0x3b, 0xb0,
    0x6, 0xcf, 0xea, 0x10,

    /* U+0122 "Ģ" */
    0x0, 0x3b, 0xff, 0xc4, 0x0, 0x4f, 0x94, 0x37,
    0xe1, 0xe, 0x60, 0x0, 0x0, 0x4, 0xe0, 0x0,
    0x0, 0x0, 0x6c, 0x0, 0x0, 0x8, 0x24, 0xe0,
    0x0, 0x0, 0xe3, 0xe, 0x60, 0x0, 0xe, 0x30,
    0x4f, 0x93, 0x37, 0xf3, 0x0, 0x3b, 0xff, 0xc5,
    0x0, 0x0, 0x0, 0x0, 0x0, 0x0, 0x0, 0x95,
    0x0, 0x0, 0x0, 0x7, 0x30, 0x0, 0x0, 0x0,
    0x20, 0x0, 0x0,

    /* U+0123 "ģ" */
    0x0, 0x4, 0x60, 0x0, 0x0, 0x9, 0x60, 0x0,
    0x0, 0x3, 0x30, 0x0, 0x2, 0xbf, 0xe6, 0xe2,
    0xe, 0xa2, 0x3d, 0xf2, 0x5d, 0x0, 0x2, 0xf2,
    0x7b, 0x0, 0x0, 0xf2, 0x5d, 0x0, 0x2, 0xf2,
    0xe, 0xa2, 0x3d, 0xf2, 0x2, 0xbf, 0xe5, 0xf2,
    0x0, 0x0, 0x2, 0xf0, 0xc, 0x62, 0x3b, 0xb0,
    0x6, 0xcf, 0xea, 0x10,

    /* U+0124 "Ĥ" */
    0x0, 0x7, 0x50, 0x0, 0x0, 0xb6, 0x97, 0x0,
    0x0, 0x0, 0x0, 0x0, 0xb7, 0x0, 0x0, 0xb7,
    0xb7, 0x0, 0x0, 0xb7, 0xb7, 0x0, 0x0, 0xb7,
    0xb7, 0x0, 0x0, 0xb7, 0xbf, 0xff, 0xff, 0xf7,
    0xb8, 0x22, 0x22, 0xc7, 0xb7, 0x0, 0x0, 0xb7,
    0xb7, 0x0, 0x0, 0xb7, 0xb7, 0x0, 0x0, 0xb7,

    /* U+0125 "ĥ" */
    0x4, 0xf9, 0x0, 0x0, 0x2, 0xd2, 0xa6, 0x0,
    0x0, 0x0, 0xe4, 0x0, 0x0, 0x0, 0xe, 0x40,
    0x0, 0x0, 0x0, 0xe4, 0x0, 0x0, 0x0, 0xe,
    0x8d, 0xfc, 0x20, 0x0, 0xee, 0x52, 0xad, 0x0,
    0xe, 0x60, 0x2, 0xf1, 0x0, 0xe4, 0x0, 0xf,
    0x10, 0xe, 0x40, 0x0, 0xf2, 0x0, 0xe4, 0x0,
    0xf, 0x20, 0xe, 0x40, 0x0, 0xf2,

    /* U+0126 "Ħ" */
    0xa, 0x80, 0x0, 0xa, 0x90, 0xcf, 0xfe, 0xee,
    0xef, 0xfb, 0x1a, 0x91, 0x11, 0x1a, 0x91, 0xa,
    0x80, 0x0, 0xa, 0x90, 0xa, 0xff, 0xff, 0xff,
    0x90, 0xa, 0x92, 0x22, 0x2a, 0x90, 0xa, 0x80,
    0x0, 0xa, 0x90, 0xa, 0x80, 0x0, 0xa, 0x90,
    0xa, 0x80, 0x0, 0xa, 0x90,

    /* U+0127 "ħ" */
    0xc, 0x60, 0x0, 0x0, 0xcf, 0xee, 0x60, 0x0,
    0xc, 0x60, 0x0, 0x0, 0xc, 0x9c, 0xfd, 0x40,
    0xc, 0xf5, 0x29, 0xe0, 0xc, 0x80, 0x0, 0xf3,
    0xc, 0x60, 0x0, 0xe4, 0xc, 0x60, 0x0, 0xe4,
    0xc, 0x60, 0x0, 0xe4, 0xc, 0x60, 0x0, 0xe4,

    /* U+0128 "Ĩ" */
    0x8b, 0x28, 0xa3, 0xd4, 0x0, 0x0, 0xb, 0x70,
    0xb, 0x70, 0xb, 0x70, 0xb, 0x70, 0xb, 0x70,
    0xb, 0x70, 0xb, 0x70, 0xb, 0x70, 0xb, 0x70,

    /* U+0129 "ĩ" */
    0xa, 0x95, 0x50, 0x94, 0xc1, 0x0, 0x0, 0x0,
    0xe, 0x40, 0x0, 0xe4, 0x0, 0xe, 0x40, 0x0,
    0xe4, 0x0, 0xe, 0x40, 0x0, 0xe4, 0x0, 0xe,
    0x40,

    /* U+012A "Ī" */
    0x9c, 0xc5, 0x0, 0x0, 0xb, 0x70, 0xb, 0x70,
    0xb, 0x70, 0xb, 0x70, 0xb, 0x70, 0xb, 0x70,
    0xb, 0x70, 0xb, 0x70, 0xb, 0x70,

    /* U+012B "ī" */
    0xbc, 0xc3, 0x0, 0x0, 0xe, 0x40, 0xe, 0x40,
    0xe, 0x40, 0xe, 0x40, 0xe, 0x40, 0xe, 0x40,
    0xe, 0x40,

    /* U+012C "Ĭ" */
    0x6, 0x0, 0x50, 0x6b, 0xb3, 0x0, 0x0, 0x0,
    0xb, 0x70, 0x0, 0xb7, 0x0, 0xb, 0x70, 0x0,
    0xb7, 0x0, 0xb, 0x70, 0x0, 0xb7, 0x0, 0xb,
    0x70, 0x0, 0xb7, 0x0, 0xb, 0x70,

    /* U+012D "ĭ" */
    0xc0, 0x93, 0x5b, 0x80, 0x0, 0x0, 0xe, 0x40,
    0xe, 0x40, 0xe, 0x40, 0xe, 0x40, 0xe, 0x40,
    0xe, 0x40, 0xe, 0x40,

    /* U+012E "Į" */
    0xb, 0x70, 0xb7, 0xb, 0x70, 0xb7, 0xb, 0x70,
    0xb7, 0xb, 0x70, 0xb7, 0xc, 0x80, 0xa2, 0xc,
    0x0, 0xb9,

    /* U+012F "į" */
    0xd, 0x40, 0x82, 0x0, 0x0, 0xe4, 0xe, 0x40,
    0xe4, 0xe, 0x40, 0xe4, 0xe, 0x40, 0xf4, 0xc,
    0x3, 0x90, 0x1d, 0x60,

    /* U+0130 "İ" */
    0x42, 0xa6, 0x0, 0xb7, 0xb7, 0xb7, 0xb7, 0xb7,
    0xb7, 0xb7, 0xb7, 0xb7,

    /* U+0131 "ı" */
    0xe4, 0xe4, 0xe4, 0xe4, 0xe4, 0xe4, 0xe4,

    /* U+0132 "Ĳ" */
    0xd6, 0x0, 0xc, 0x7d, 0x60, 0x0, 0xc7, 0xd6,
    0x0, 0xc, 0x7d, 0x60, 0x0, 0xc7, 0xd6, 0x0,
    0xc, 0x71, 0x0, 0x0, 0xc6, 0x0, 0x0, 0x1f,
    0x39, 0x73, 0x4b, 0xc0, 0x4c, 0xee, 0xa1, 0x0,

    /* U+0133 "ĳ" */
    0xd, 0x40, 0x8a, 0x8, 0x20, 0x45, 0x0, 0x0,
    0x0, 0xe, 0x40, 0x8a, 0xe, 0x40, 0x8a, 0xe,
    0x40, 0x8a, 0xe, 0x40, 0x8a, 0xe, 0x40, 0x8a,
    0xe, 0x40, 0x8a, 0xe, 0x40, 0x8a, 0x0, 0x0,
    0x8a, 0x0, 0x21, 0xb8, 0x0, 0x8f, 0xc1,

    /* U+0134 "Ĵ" */
    0x0, 0x7, 0x50, 0x0, 0xb, 0x69, 0x70, 0x0,
    0x0, 0x0, 0x0, 0x4f, 0xff, 0xf0, 0x0, 0x22,
    0x5f, 0x0, 0x0, 0x3, 0xf0, 0x0, 0x0, 0x3f,
    0x0, 0x0, 0x3, 0xf0, 0x0, 0x0, 0x3f, 0x0,
    0x0, 0x4, 0xe0, 0xd, 0x52, 0xbb, 0x0, 0x5d,
    0xfb, 0x20,

    /* U+0135 "ĵ" */
    0x0, 0x2f, 0x90, 0x0, 0xb3, 0xa3, 0x0, 0x0,
    0x0, 0x0, 0xd, 0x40, 0x0, 0xd, 0x40, 0x0,
    0xd, 0x40, 0x0, 0xd, 0x40, 0x0, 0xd, 0x40,
    0x0, 0xd, 0x40, 0x0, 0xd, 0x40, 0x0, 0xd,
    0x40, 0x2, 0x2f, 0x20, 0xd, 0xf8, 0x0,

    /* U+0136 "Ķ" */
    0xb7, 0x0, 0x6, 0xd1, 0xb7, 0x0, 0x5e, 0x20,
    0xb7, 0x4, 0xe3, 0x0, 0xb7, 0x3e, 0x40, 0x0,
    0xb9, 0xef, 0x20, 0x0, 0xbf, 0x89, 0xd0, 0x0,
    0xba, 0x0, 0xca, 0x0, 0xb7, 0x0, 0x1e, 0x70,
    0xb7, 0x0, 0x3, 0xf3, 0x0, 0x0, 0x0, 0x0,
    0x0, 0xe, 0x0, 0x0, 0x0, 0xb, 0x0, 0x0,
    0x0, 0x2, 0x0, 0x0,

    /* U+0137 "ķ" */
    0xe4, 0x0, 0x0, 0xe, 0x40, 0x0, 0x0, 0xe4,
    0x0, 0x0, 0xe, 0x40, 0xb, 0xa0, 0xe4, 0xb,
    0xb0, 0xe, 0x4b, 0xc0, 0x0, 0xee, 0xfd, 0x0,
    0xe, 0xc1, 0xd9, 0x0, 0xe4, 0x2, 0xf4, 0xe,
    0x40, 0x6, 0xe1, 0x0, 0x0, 0x0, 0x0, 0xb,
    0x40, 0x0, 0x0, 0x92, 0x0, 0x0, 0x2, 0x0,
    0x0,

    /* U+0138 "ĸ" */
    0xe4, 0x0, 0xba, 0xe, 0x40, 0xbb, 0x0, 0xe4,
    0xbc, 0x0, 0xe, 0xef, 0xd0, 0x0, 0xec, 0x1d,
    0x90, 0xe, 0x40, 0x2f, 0x40, 0xe4, 0x0, 0x6e,
    0x10,

    /* U+0139 "Ĺ" */
    0x0, 0x55, 0x0, 0x0, 0x7, 0xa0, 0x0, 0x0,
    0x0, 0x0, 0x0, 0x0, 0xb, 0x70, 0x0, 0x0,
    0xb, 0x70, 0x0, 0x0, 0xb, 0x70, 0x0, 0x0,
    0xb, 0x70, 0x0, 0x0, 0xb, 0x70, 0x0, 0x0,
    0xb, 0x70, 0x0, 0x0, 0xb, 0x70, 0x0, 0x0,
    0xb, 0x82, 0x22, 0x20, 0xb, 0xff, 0xff, 0xf0,

    /* U+013A "ĺ" */
    0x3, 0xd4, 0x7, 0x10, 0xe, 0x40, 0xe, 0x40,
    0xe, 0x40, 0xe, 0x40, 0xe, 0x40, 0xe, 0x40,
    0xe, 0x40, 0xe, 0x40, 0xe, 0x40, 0xe, 0x40,

    /* U+013B "Ļ" */
    0xb7, 0x0, 0x0, 0xb, 0x70, 0x0, 0x0, 0xb7,
    0x0, 0x0, 0xb, 0x70, 0x0, 0x0, 0xb7, 0x0,
    0x0, 0xb, 0x70, 0x0, 0x0, 0xb7, 0x0, 0x0,
    0xb, 0x82, 0x22, 0x20, 0xbf, 0xff, 0xff, 0x0,
    0x0, 0x0, 0x0, 0x0, 0x5a, 0x0, 0x0, 0x3,
    0x80, 0x0, 0x0, 0x10, 0x0, 0x0,

    /* U+013C "ļ" */
    0xe4, 0xe4, 0xe4, 0xe4, 0xe4, 0xe4, 0xe4, 0xe4,
    0xe4, 0xe4, 0x0, 0xc2, 0xa1, 0x20,

    /* U+013D "Ľ" */
    0x0, 0x0, 0xc2, 0xb, 0x70, 0xc, 0x10, 0xb7,
    0x0, 0x60, 0xb, 0x70, 0x0, 0x0, 0xb7, 0x0,
    0x0, 0xb, 0x70, 0x0, 0x0, 0xb7, 0x0, 0x0,
    0xb, 0x70, 0x0, 0x0, 0xb8, 0x22, 0x22, 0xb,
    0xff, 0xff, 0xf0,

    /* U+013E "ľ" */
    0xe4, 0xb3, 0xe4, 0xb2, 0xe4, 0x51, 0xe4, 0x0,
    0xe4, 0x0, 0xe4, 0x0, 0xe4, 0x0, 0xe4, 0x0,
    0xe4, 0x0, 0xe4, 0x0,

    /* U+013F "Ŀ" */
    0xb7, 0x0, 0x0, 0xb, 0x70, 0x0, 0x0, 0xb7,
    0x0, 0x0, 0xb, 0x70, 0xe, 0x20, 0xb7, 0x0,
    0x80, 0xb, 0x70, 0x0, 0x0, 0xb7, 0x0, 0x0,
    0xb, 0x82, 0x22, 0x20, 0xbf, 0xff, 0xff, 0x0,

    /* U+0140 "ŀ" */
    0xe4, 0x0, 0xe4, 0x0, 0xe4, 0x0, 0xe4, 0x0,
    0xe4, 0x33, 0xe4, 0x88, 0xe4, 0x0, 0xe4, 0x0,
    0xe4, 0x0, 0xe4, 0x0,

    /* U+0141 "Ł" */
    0xa, 0x90, 0x0, 0x0, 0xa, 0x90, 0x0, 0x0,
    0xa, 0x96, 0x20, 0x0, 0xa, 0xfb, 0x0, 0x0,
    0x1f, 0xf0, 0x0, 0x0, 0xaf, 0x90, 0x0, 0x0,
    0xa, 0x90, 0x0, 0x0, 0xa, 0x92, 0x22, 0x20,
    0xa, 0xff, 0xff, 0xf1,

    /* U+0142 "ł" */
    0x0, 0xd5, 0x0, 0xd, 0x50, 0x0, 0xd5, 0x0,
    0xd, 0x61, 0x0, 0xff, 0x50, 0x3f, 0xa0, 0xb,
    0xf5, 0x0, 0xd, 0x50, 0x0, 0xd5, 0x0, 0xd,
    0x50,

    /* U+0143 "Ń" */
    0x0, 0x0, 0x55, 0x0, 0x0, 0x7, 0xa0, 0x0,
    0x0, 0x0, 0x0, 0x0, 0xb9, 0x0, 0x0, 0xb7,
    0xbf, 0x50, 0x0, 0xb7, 0xbc, 0xf2, 0x0, 0xb7,
    0xb7, 0xad, 0x0, 0xb7, 0xb7, 0xd, 0x90, 0xb7,
    0xb7, 0x2, 0xf5, 0xb7, 0xb7, 0x0, 0x6f, 0xd7,
    0xb7, 0x0, 0xa, 0xf7, 0xb7, 0x0, 0x0, 0xd7,

    /* U+0144 "ń" */
    0x0, 0x9, 0xb0, 0x0, 0x5, 0xa0, 0x0, 0x0,
    0x0, 0x0, 0xe, 0x6d, 0xfc, 0x20, 0xee, 0x41,
    0xad, 0xe, 0x60, 0x1, 0xf1, 0xe4, 0x0, 0xf,
    0x1e, 0x40, 0x0, 0xf2, 0xe4, 0x0, 0xf, 0x2e,
    0x40, 0x0, 0xf2,

    /* U+0145 "Ņ" */
    0xb9, 0x0, 0x0, 0xb7, 0xbf, 0x50, 0x0, 0xb7,
    0xbc, 0xf2, 0x0, 0xb7, 0xb7, 0xad, 0x0, 0xb7,
    0xb7, 0xd, 0x90, 0xb7, 0xb7, 0x2, 0xf5, 0xb7,
    0xb7, 0x0, 0x6f, 0xd7, 0xb7, 0x0, 0xa, 0xf7,
    0xb7, 0x0, 0x0, 0xd7, 0x0, 0x0, 0x0, 0x0,
    0x0, 0x9, 0x50, 0x0, 0x0, 0x7, 0x30, 0x0,
    0x0, 0x2, 0x0, 0x0,

    /* U+0146 "ņ" */
    0xe6, 0xdf, 0xc2, 0xe, 0xe4, 0x1a, 0xd0, 0xe6,
    0x0, 0x1f, 0x1e, 0x40, 0x0, 0xf1, 0xe4, 0x0,
    0xf, 0x2e, 0x40, 0x0, 0xf2, 0xe4, 0x0, 0xf,
    0x20, 0x0, 0x0, 0x0, 0x0, 0x69, 0x0, 0x0,
    0x3, 0x70, 0x0, 0x0, 0x10, 0x0, 0x0,

    /* U+0147 "Ň" */
    0x0, 0x70, 0x25, 0x0, 0x0, 0x4d, 0xc1, 0x0,
    0x0, 0x0, 0x0, 0x0, 0xb9, 0x0, 0x0, 0xb7,
    0xbf, 0x50, 0x0, 0xb7, 0xbc, 0xf2, 0x0, 0xb7,
    0xb7, 0xad, 0x0, 0xb7, 0xb7, 0xd, 0x90, 0xb7,
    0xb7, 0x2, 0xf5, 0xb7, 0xb7, 0x0, 0x6f, 0xd7,
    0xb7, 0x0, 0xa, 0xf7, 0xb7, 0x0, 0x0, 0xd7,

    /* U+0148 "ň" */
    0x9, 0x84, 0xc0, 0x0, 0xb, 0xd1, 0x0, 0x0,
    0x0, 0x0, 0xe, 0x6d, 0xfc, 0x20, 0xee, 0x41,
    0xad, 0xe, 0x60, 0x1, 0xf1, 0xe4, 0x0, 0xf,
    0x1e, 0x40, 0x0, 0xf2, 0xe4, 0x0, 0xf, 0x2e,
    0x40, 0x0, 0xf2,

    /* U+0149 "ŉ" */
    0xc6, 0x0, 0x0, 0x0, 0xb7, 0x0, 0x0, 0x0,
    0xa3, 0x0, 0x0, 0x0, 0x85, 0xc8, 0xef, 0x90,
    0x5, 0xf9, 0x23, 0xe6, 0x5, 0xf0, 0x0, 0x8a,
    0x5, 0xd0, 0x0, 0x7a, 0x5, 0xd0, 0x0, 0x7b,
    0x5, 0xd0, 0x0, 0x7b, 0x5, 0xd0, 0x0, 0x7b,

    /* U+014A "Ŋ" */
    0xb9, 0x0, 0x0, 0xb7, 0xbf, 0x50, 0x0, 0xb7,
    0xbc, 0xf2, 0x0, 0xb7, 0xb7, 0xad, 0x0, 0xb7,
    0xb7, 0xd, 0x90, 0xb7, 0xb7, 0x2, 0xf5, 0xb7,
    0xb7, 0x0, 0x6f, 0xd7, 0xb7, 0x0, 0xa, 0xf7,
    0xb7, 0x0, 0x0, 0xd7, 0x0, 0x0, 0x0, 0xd6,
    0x0, 0x1c, 0x35, 0xf2, 0x0, 0x9, 0xfe, 0x60,

    /* U+014B "ŋ" */
    0xe6, 0xdf, 0xc2, 0xe, 0xe4, 0x1a, 0xc0, 0xe6,
    0x0, 0x2f, 0x1e, 0x40, 0x0, 0xf1, 0xe4, 0x0,
    0xf, 0x2e, 0x40, 0x0, 0xf2, 0xe4, 0x0, 0xf,
    0x20, 0x0, 0x0, 0xf1, 0x0, 0x3, 0x4f, 0x0,
    0x1, 0xee, 0x60,

    /* U+014C "Ō" */
    0x0, 0xb, 0xcc, 0xc0, 0x0, 0x0, 0x0, 0x0,
    0x0, 0x0, 0x0, 0x3b, 0xff, 0xb4, 0x0, 0x4,
    0xf9, 0x33, 0x8f, 0x60, 0xe, 0x60, 0x0, 0x5,
    0xf1, 0x4e, 0x0, 0x0, 0x0, 0xd6, 0x6c, 0x0,
    0x0, 0x0, 0xb7, 0x4e, 0x0, 0x0, 0x0, 0xd6,
    0xe, 0x60, 0x0, 0x5, 0xf1, 0x4, 0xf8, 0x33,
    0x8f, 0x60, 0x0, 0x2b, 0xff, 0xc4, 0x0,

    /* U+014D "ō" */
    0x1, 0xcc, 0xc9, 0x0, 0x0, 0x0, 0x0, 0x0,
    0x2, 0xbf, 0xe8, 0x0, 0xd, 0xa2, 0x3e, 0x80,
    0x5d, 0x0, 0x4, 0xf0, 0x7b, 0x0, 0x1, 0xf1,
    0x5d, 0x0, 0x4, 0xf0, 0xd, 0xa2, 0x3e, 0x80,
    0x2, 0xbf, 0xe8, 0x0,

    /* U+014E "Ŏ" */
    0x0, 0xb, 0x10, 0xc0, 0x0, 0x0, 0x3, 0xbb,
    0x30, 0x0, 0x0, 0x0, 0x0, 0x0, 0x0, 0x0,
    0x3b, 0xff, 0xb4, 0x0, 0x4, 0xf9, 0x33, 0x8f,
    0x60, 0xe, 0x60, 0x0, 0x5, 0xf1, 0x4e, 0x0,
    0x0, 0x0, 0xd6, 0x6c, 0x0, 0x0, 0x0, 0xb7,
    0x4e, 0x0, 0x0, 0x0, 0xd6, 0xe, 0x60, 0x0,
    0x5, 0xf1, 0x4, 0xf8, 0x33, 0x8f, 0x60, 0x0,
    0x2b, 0xff, 0xc4, 0x0,

    /* U+014F "ŏ" */
    0x0, 0xc0, 0x3a, 0x0, 0x0, 0x5b, 0xa1, 0x0,
    0x0, 0x0, 0x0, 0x0, 0x2, 0xbf, 0xe8, 0x0,
    0xd, 0xa2, 0x3e, 0x80, 0x5d, 0x0, 0x4, 0xf0,
    0x7b, 0x0, 0x1, 0xf1, 0x5d, 0x0, 0x4, 0xf0,
    0xd, 0xa2, 0x3e, 0x80, 0x2, 0xbf, 0xe8, 0x0,

    /* U+0150 "Ő" */
    0x0, 0x0, 0x76, 0x66, 0x0, 0x0, 0x2, 0xc2,
    0xd1, 0x0, 0x0, 0x0, 0x0, 0x0, 0x0, 0x0,
    0x3b, 0xff, 0xb4, 0x0, 0x4, 0xf9, 0x33, 0x8f,
    0x60, 0xe, 0x60, 0x0, 0x5, 0xf1, 0x4e, 0x0,
    0x0, 0x0, 0xd6, 0x6c, 0x0, 0x0, 0x0, 0xb7,
    0x4e, 0x0, 0x0, 0x0, 0xd6, 0xe, 0x60, 0x0,
    0x5, 0xf1, 0x4, 0xf8, 0x33, 0x8f, 0x60, 0x0,
    0x2b, 0xff, 0xc4, 0x0,

    /* U+0151 "ő" */
    0x0, 0x1e, 0x3d, 0x40, 0x0, 0x55, 0x46, 0x0,
    0x0, 0x0, 0x0, 0x0, 0x2, 0xbf, 0xe8, 0x0,
    0xd, 0xa2, 0x3e, 0x80, 0x5d, 0x0, 0x4, 0xf0,
    0x7b, 0x0, 0x1, 0xf1, 0x5d, 0x0, 0x4, 0xf0,
    0xd, 0xa2, 0x3e, 0x80, 0x2, 0xbf, 0xe8, 0x0,

    /* U+0152 "Œ" */
    0x0, 0x3b, 0xef, 0xff, 0xff, 0xff, 0xa0, 0x5f,
    0x83, 0x25, 0xe2, 0x22, 0x21, 0xf, 0x60, 0x0,
    0x4e, 0x0, 0x0, 0x4, 0xe0, 0x0, 0x4, 0xe0,
    0x0, 0x0, 0x6c, 0x0, 0x0, 0x4f, 0xff, 0xff,
    0x24, 0xe0, 0x0, 0x4, 0xe2, 0x22, 0x20, 0xf,
    0x60, 0x0, 0x4e, 0x0, 0x0, 0x0, 0x5f, 0x83,
    0x25, 0xe2, 0x22, 0x21, 0x0, 0x4b, 0xef, 0xff,
    0xff, 0xff, 0xd0,

    /* U+0153 "œ" */
    0x2, 0xbf, 0xe7, 0x7, 0xef, 0xa1, 0x0, 0xda,
    0x23, 0xec, 0xd3, 0x2a, 0xb0, 0x5d, 0x0, 0x4,
    0xf4, 0x0, 0xf, 0x17, 0xb0, 0x0, 0x1f, 0xdd,
    0xdd, 0xe3, 0x5d, 0x0, 0x4, 0xf4, 0x0, 0x0,
    0x0, 0xda, 0x23, 0xec, 0xd4, 0x26, 0x80, 0x2,
    0xbf, 0xe8, 0x7, 0xdf, 0xc3, 0x0,

    /* U+0154 "Ŕ" */
    0x0, 0x1, 0x72, 0x0, 0x0, 0x1c, 0x50, 0x0,
    0x0, 0x0, 0x0, 0x0, 0xbf, 0xff, 0xd8, 0x0,
    0xb8, 0x22, 0x4d, 0x90, 0xb7, 0x0, 0x4, 0xe0,
    0xb7, 0x0, 0x3, 0xf0, 0xb7, 0x0, 0x2b, 0xb0,
    0xbf, 0xff, 0xfb, 0x10, 0xb8, 0x22, 0xb9, 0x0,
    0xb7, 0x0, 0x1f, 0x30, 0xb7, 0x0, 0x7, 0xd0,

    /* U+0155 "ŕ" */
    0x0, 0xd7, 0xa, 0x60, 0x0, 0x0, 0xe7, 0xd8,
    0xee, 0x51, 0xe6, 0x0, 0xe4, 0x0, 0xe4, 0x0,
    0xe4, 0x0, 0xe4, 0x0,

    /* U+0156 "Ŗ" */
    0xbf, 0xff, 0xd8, 0x0, 0xb8, 0x22, 0x4d, 0x90,
    0xb7, 0x0, 0x4, 0xe0, 0xb7, 0x0, 0x3, 0xf0,
    0xb7, 0x0, 0x2b, 0xb0, 0xbf, 0xff, 0xfb, 0x10,
    0xb8, 0x22, 0xb9, 0x0, 0xb7, 0x0, 0x1f, 0x30,
    0xb7, 0x0, 0x7, 0xd0, 0x0, 0x0, 0x0, 0x0,
    0x0, 0x1d, 0x0, 0x0, 0x0, 0xb, 0x0, 0x0,
    0x0, 0x1, 0x0, 0x0,

    /* U+0157 "ŗ" */
    0xe7, 0xd8, 0xee, 0x51, 0xe6, 0x0, 0xe4, 0x0,
    0xe4, 0x0, 0xe4, 0x0, 0xe4, 0x0, 0x0, 0x0,
    0xb4, 0x0, 0x91, 0x0, 0x20, 0x0,

    /* U+0158 "Ř" */
    0x3, 0x40, 0x62, 0x0, 0x0, 0xad, 0x70, 0x0,
    0x0, 0x0, 0x0, 0x0, 0xbf, 0xff, 0xd8, 0x0,
    0xb8, 0x22, 0x4d, 0x90, 0xb7, 0x0, 0x4, 0xe0,
    0xb7, 0x0, 0x3, 0xf0, 0xb7, 0x0, 0x2b, 0xb0,
    0xbf, 0xff, 0xfb, 0x10, 0xb8, 0x22, 0xb9, 0x0,
    0xb7, 0x0, 0x1f, 0x30, 0xb7, 0x0, 0x7, 0xd0,

    /* U+0159 "ř" */
    0x1c, 0x39, 0x80, 0x2d, 0xa0, 0x0, 0x0, 0x0,
    0xe7, 0xd8, 0xe, 0xe5, 0x10, 0xe6, 0x0, 0xe,
    0x40, 0x0, 0xe4, 0x0, 0xe, 0x40, 0x0, 0xe4,
    0x0,

    /* U+015A "Ś" */
    0x0, 0x0, 0x55, 0x0, 0x0, 0x7a, 0x0, 0x0,
    0x0, 0x0, 0x0, 0x4c, 0xfe, 0xb3, 0x1f, 0x82,
    0x37, 0x44, 0xe0, 0x0, 0x0, 0x1f, 0x82, 0x0,
    0x0, 0x3b, 0xfd, 0x80, 0x0, 0x0, 0x4d, 0xa0,
    0x0, 0x0, 0x4e, 0x5b, 0x42, 0x3b, 0xb0, 0x8d,
    0xfe, 0xa1,

    /* U+015B "ś" */
    0x0, 0xb, 0xa0, 0x0, 0x79, 0x0, 0x0, 0x0,
    0x0, 0x8, 0xef, 0xc2, 0x6d, 0x22, 0x61, 0x6d,
    0x20, 0x0, 0xa, 0xfe, 0x91, 0x0, 0x2, 0xc8,
    0x56, 0x22, 0xb8, 0x4c, 0xee, 0xa0,

    /* U+015C "Ŝ" */
    0x0, 0x7, 0x50, 0x0, 0xb, 0x69, 0x70, 0x0,
    0x0, 0x0, 0x0, 0x4c, 0xfe, 0xb3, 0x1f, 0x82,
    0x37, 0x44, 0xe0, 0x0, 0x0, 0x1f, 0x82, 0x0,
    0x0, 0x3b, 0xfd, 0x80, 0x0, 0x0, 0x4d, 0xa0,
    0x0, 0x0, 0x4e, 0x5b, 0x42, 0x3b, 0xb0, 0x8d,
    0xfe, 0xa1,

    /* U+015D "ŝ" */
    0x1, 0xdd, 0x10, 0xb, 0x55, 0xa0, 0x0, 0x0,
    0x0, 0x8, 0xef, 0xc2, 0x6d, 0x22, 0x61, 0x6d,
    0x20, 0x0, 0xa, 0xfe, 0x91, 0x0, 0x2, 0xc8,
    0x56, 0x22, 0xb8, 0x4c, 0xee, 0xa0,

    /* U+015E "Ş" */
    0x4, 0xcf, 0xeb, 0x31, 0xf8, 0x23, 0x74, 0x4e,
    0x0, 0x0, 0x1, 0xf8, 0x20, 0x0, 0x3, 0xbf,
    0xd8, 0x0, 0x0, 0x4, 0xda, 0x0, 0x0, 0x4,
    0xe5, 0xb4, 0x23, 0xbb, 0x8, 0xdf, 0xfa, 0x10,
    0x0, 0xa4, 0x0, 0x0, 0x1, 0xd0, 0x0, 0x4,
    0xba, 0x0,

    /* U+015F "ş" */
    0x8, 0xef, 0xc2, 0x6d, 0x22, 0x61, 0x6d, 0x20,
    0x0, 0xa, 0xfe, 0x91, 0x0, 0x2, 0xc8, 0x56,
    0x22, 0xb8, 0x4c, 0xff, 0xa0, 0x0, 0x86, 0x0,
    0x0, 0x1c, 0x10, 0x3, 0xcb, 0x0,

    /* U+0160 "Š" */
    0x0, 0x70, 0x25, 0x0, 0x4, 0xdc, 0x10, 0x0,
    0x0, 0x0, 0x0, 0x4c, 0xfe, 0xb3, 0x1f, 0x82,
    0x37, 0x44, 0xe0, 0x0, 0x0, 0x1f, 0x82, 0x0,
    0x0, 0x3b, 0xfd, 0x80, 0x0, 0x0, 0x4d, 0xa0,
    0x0, 0x0, 0x4e, 0x5b, 0x42, 0x3b, 0xb0, 0x8d,
    0xfe, 0xa1,

    /* U+0161 "š" */
    0xb, 0x56, 0xb0, 0x1, 0xdc, 0x0, 0x0, 0x0,
    0x0, 0x8, 0xef, 0xc2, 0x6d, 0x22, 0x61, 0x6d,
    0x20, 0x0, 0xa, 0xfe, 0x91, 0x0, 0x2, 0xc8,
    0x56, 0x22, 0xb8, 0x4c, 0xee, 0xa0,

    /* U+0162 "Ţ" */
    0xff, 0xff, 0xff, 0xf2, 0x23, 0xf3, 0x22, 0x0,
    0x1f, 0x10, 0x0, 0x1, 0xf1, 0x0, 0x0, 0x1f,
    0x10, 0x0, 0x1, 0xf1, 0x0, 0x0, 0x1f, 0x10,
    0x0, 0x1, 0xf1, 0x0, 0x0, 0x1f, 0x10, 0x0,
    0x0, 0xc0, 0x0, 0x0, 0x6, 0x90, 0x0, 0x9,
    0xc6, 0x0,

    /* U+0163 "ţ" */
    0x5, 0x30, 0x0, 0xb6, 0x0, 0xdf, 0xff, 0x30,
    0xb6, 0x0, 0xb, 0x60, 0x0, 0xb6, 0x0, 0xb,
    0x60, 0x0, 0xaa, 0x11, 0x2, 0xef, 0x60, 0x7,
    0x70, 0x0, 0x1b, 0x20, 0x2c, 0xb0,

    /* U+0164 "Ť" */
    0x2, 0x50, 0x53, 0x0, 0x8, 0xd9, 0x0, 0x0,
    0x0, 0x0, 0xf, 0xff, 0xff, 0xff, 0x22, 0x3f,
    0x32, 0x20, 0x1, 0xf1, 0x0, 0x0, 0x1f, 0x10,
    0x0, 0x1, 0xf1, 0x0, 0x0, 0x1f, 0x10, 0x0,
    0x1, 0xf1, 0x0, 0x0, 0x1f, 0x10, 0x0, 0x1,
    0xf1, 0x0,

    /* U+0165 "ť" */
    0x0, 0x9, 0x40, 0x52, 0x93, 0xb, 0x61, 0xd,
    0xff, 0xf3, 0xb, 0x60, 0x0, 0xb6, 0x0, 0xb,
    0x60, 0x0, 0xb6, 0x0, 0xa, 0xa1, 0x10, 0x2d,
    0xf6,

    /* U+0166 "Ŧ" */
    0xff, 0xff, 0xff, 0xf2, 0x23, 0xf3, 0x22, 0x0,
    0x1f, 0x10, 0x0, 0x1, 0xf1, 0x0, 0xd, 0xef,
    0xee, 0x0, 0x12, 0xf3, 0x10, 0x0, 0x1f, 0x10,
    0x0, 0x1, 0xf1, 0x0, 0x0, 0x1f, 0x10, 0x0,

    /* U+0167 "ŧ" */
    0x5, 0x30, 0x0, 0xb7, 0x0, 0xdf, 0xff, 0x40,
    0xb7, 0x0, 0xb, 0x70, 0xb, 0xfe, 0xa0, 0xb,
    0x70, 0x0, 0x9a, 0x11, 0x2, 0xdf, 0x60,

    /* U+0168 "Ũ" */
    0x1, 0xca, 0xb, 0x0, 0x5, 0x64, 0xd6, 0x0,
    0x0, 0x0, 0x0, 0x0, 0xd6, 0x0, 0x0, 0xe4,
    0xd6, 0x0, 0x0, 0xe4, 0xd6, 0x0, 0x0, 0xe4,
    0xd6, 0x0, 0x0, 0xe4, 0xd6, 0x0, 0x0, 0xe4,
    0xc7, 0x0, 0x0, 0xf3, 0x9a, 0x0, 0x2, 0xf1,
    0x2f, 0x83, 0x5d, 0xa0, 0x4, 0xcf, 0xd8, 0x0,

    /* U+0169 "ũ" */
    0x8, 0xc2, 0xb0, 0x0, 0x91, 0xa7, 0x0, 0x0,
    0x0, 0x0, 0xf, 0x30, 0x2, 0xf0, 0xf3, 0x0,
    0x2f, 0xf, 0x30, 0x2, 0xf0, 0xf3, 0x0, 0x2f,
    0xe, 0x40, 0x4, 0xf0, 0xac, 0x34, 0xdf, 0x1,
    0xbf, 0xe5, 0xf0,

    /* U+016A "Ū" */
    0x2, 0xcc, 0xc8, 0x0, 0x0, 0x0, 0x0, 0x0,
    0xd6, 0x0, 0x0, 0xe4, 0xd6, 0x0, 0x0, 0xe4,
    0xd6, 0x0, 0x0, 0xe4, 0xd6, 0x0, 0x0, 0xe4,
    0xd6, 0x0, 0x0, 0xe4, 0xc7, 0x0, 0x0, 0xf3,
    0x9a, 0x0, 0x2, 0xf1, 0x2f, 0x83, 0x5d, 0xa0,
    0x4, 0xcf, 0xd8, 0x0,

    /* U+016B "ū" */
    0xb, 0xcc, 0xc0, 0x0, 0x0, 0x0, 0x0, 0xf3,
    0x0, 0x2f, 0xf, 0x30, 0x2, 0xf0, 0xf3, 0x0,
    0x2f, 0xf, 0x30, 0x2, 0xf0, 0xe4, 0x0, 0x4f,
    0xa, 0xc3, 0x4d, 0xf0, 0x1b, 0xfe, 0x5f, 0x0,

    /* U+016C "Ŭ" */
    0x1, 0xb0, 0x49, 0x0, 0x0, 0x6b, 0xa1, 0x0,
    0x0, 0x0, 0x0, 0x0, 0xd6, 0x0, 0x0, 0xe4,
    0xd6, 0x0, 0x0, 0xe4, 0xd6, 0x0, 0x0, 0xe4,
    0xd6, 0x0, 0x0, 0xe4, 0xd6, 0x0, 0x0, 0xe4,
    0xc7, 0x0, 0x0, 0xf3, 0x9a, 0x0, 0x2, 0xf1,
    0x2f, 0x83, 0x5d, 0xa0, 0x4, 0xcf, 0xd8, 0x0,

    /* U+016D "ŭ" */
    0xc, 0x10, 0xc0, 0x0, 0x3b, 0xb3, 0x0, 0x0,
    0x0, 0x0, 0xf, 0x30, 0x2, 0xf0, 0xf3, 0x0,
    0x2f, 0xf, 0x30, 0x2, 0xf0, 0xf3, 0x0, 0x2f,
    0xe, 0x40, 0x4, 0xf0, 0xac, 0x34, 0xdf, 0x1,
    0xbf, 0xe5, 0xf0,

    /* U+016E "Ů" */
    0x0, 0x29, 0x70, 0x0, 0x0, 0x80, 0x90, 0x0,
    0x0, 0x29, 0x70, 0x0, 0x0, 0x0, 0x0, 0x0,
    0xd6, 0x0, 0x0, 0xe4, 0xd6, 0x0, 0x0, 0xe4,
    0xd6, 0x0, 0x0, 0xe4, 0xd6, 0x0, 0x0, 0xe4,
    0xd6, 0x0, 0x0, 0xe4, 0xc7, 0x0, 0x0, 0xf3,
    0x9a, 0x0, 0x2, 0xf1, 0x2f, 0x83, 0x5d, 0xa0,
    0x4, 0xcf, 0xd8, 0x0,

    /* U+016F "ů" */
    0x0, 0x89, 0x0, 0x0, 0x35, 0x44, 0x0, 0x0,
    0x88, 0x0, 0x0, 0x0, 0x0, 0x0, 0xf3, 0x0,
    0x2f, 0xf, 0x30, 0x2, 0xf0, 0xf3, 0x0, 0x2f,
    0xf, 0x30, 0x2, 0xf0, 0xe4, 0x0, 0x4f, 0xa,
    0xc3, 0x4d, 0xf0, 0x1b, 0xfe, 0x5f, 0x0,

    /* U+0170 "Ű" */
    0x0, 0xa, 0x29, 0x30, 0x0, 0x79, 0x5a, 0x0,
    0x0, 0x0, 0x0, 0x0, 0xd6, 0x0, 0x0, 0xe4,
    0xd6, 0x0, 0x0, 0xe4, 0xd6, 0x0, 0x0, 0xe4,
    0xd6, 0x0, 0x0, 0xe4, 0xd6, 0x0, 0x0, 0xe4,
    0xc7, 0x0, 0x0, 0xf3, 0x9a, 0x0, 0x2, 0xf1,
    0x2f, 0x83, 0x5d, 0xa0, 0x4, 0xcf, 0xd8, 0x0,

    /* U+0171 "ű" */
    0x0, 0xb6, 0xa7, 0x0, 0x38, 0x29, 0x0, 0x0,
    0x0, 0x0, 0xf, 0x30, 0x2, 0xf0, 0xf3, 0x0,
    0x2f, 0xf, 0x30, 0x2, 0xf0, 0xf3, 0x0, 0x2f,
    0xe, 0x40, 0x4, 0xf0, 0xac, 0x34, 0xdf, 0x1,
    0xbf, 0xe5, 0xf0,

    /* U+0172 "Ų" */
    0xd6, 0x0, 0x0, 0xe4, 0xd6, 0x0, 0x0, 0xe4,
    0xd6, 0x0, 0x0, 0xe4, 0xd6, 0x0, 0x0, 0xe4,
    0xd6, 0x0, 0x0, 0xe4, 0xc7, 0x0, 0x0, 0xe4,
    0xaa, 0x0, 0x2, 0xf2, 0x3f, 0x72, 0x4c, 0xb0,
    0x5, 0xdf, 0xfb, 0x10, 0x0, 0x1d, 0x40, 0x0,
    0x0, 0x57, 0x0, 0x0, 0x0, 0x2c, 0xb0, 0x0,

    /* U+0173 "ų" */
    0xf3, 0x0, 0x2f, 0xf, 0x30, 0x2, 0xf0, 0xf3,
    0x0, 0x2f, 0xf, 0x30, 0x2, 0xf0, 0xe4, 0x0,
    0x4f, 0xa, 0xc3, 0x4d, 0xf0, 0x1b, 0xfe, 0x6f,
    0x0, 0x0, 0xb, 0x40, 0x0, 0x3, 0xa0, 0x0,
    0x0, 0xc, 0xc2,

    /* U+0174 "Ŵ" */
    0x0, 0x0, 0x0, 0x74, 0x0, 0x0, 0x0, 0x0,
    0x0, 0x1b, 0x5a, 0x60, 0x0, 0x0, 0x0, 0x0,
    0x0, 0x0, 0x0, 0x0, 0x0, 0x7c, 0x0, 0x0,
    0xe8, 0x0, 0x2, 0xf0, 0x2f, 0x10, 0x3, 0xfd,
    0x0, 0x7, 0xa0, 0xd, 0x60, 0x8, 0x9f, 0x20,
    0xc, 0x50, 0x8, 0xb0, 0xd, 0x3b, 0x70, 0x1f,
    0x0, 0x3, 0xf0, 0x3e, 0x6, 0xc0, 0x6b, 0x0,
    0x0, 0xe5, 0x89, 0x1, 0xf1, 0xb6, 0x0, 0x0,
    0x9a, 0xd4, 0x0, 0xb7, 0xf1, 0x0, 0x0, 0x4f,
    0xe0, 0x0, 0x6f, 0xc0, 0x0, 0x0, 0xf, 0xa0,
    0x0, 0x1f, 0x70, 0x0,

    /* U+0175 "ŵ" */
    0x0, 0x0, 0x9f, 0x50, 0x0, 0x0, 0x0, 0x59,
    0x1b, 0x20, 0x0, 0x0, 0x0, 0x0, 0x0, 0x0,
    0xc, 0x50, 0x3, 0xf1, 0x0, 0x78, 0x6a, 0x0,
    0x9f, 0x60, 0xd, 0x31, 0xf0, 0xe, 0x7b, 0x2,
    0xd0, 0xb, 0x54, 0xc0, 0xe1, 0x88, 0x0, 0x6a,
    0x96, 0xa, 0x6d, 0x30, 0x1, 0xee, 0x10, 0x4e,
    0xd0, 0x0, 0xb, 0xb0, 0x0, 0xe8, 0x0,

    /* U+0176 "Ŷ" */
    0x0, 0x0, 0x86, 0x0, 0x0, 0x0, 0xa8, 0xb6,
    0x0, 0x0, 0x2, 0x0, 0x30, 0x0, 0xc8, 0x0,
    0x0, 0xa8, 0x3, 0xf1, 0x0, 0x3e, 0x0, 0xa,
    0xa0, 0xc, 0x60, 0x0, 0x1f, 0x36, 0xc0, 0x0,
    0x0, 0x7c, 0xe3, 0x0, 0x0, 0x0, 0xea, 0x0,
    0x0, 0x0, 0xb, 0x70, 0x0, 0x0, 0x0, 0xb7,
    0x0, 0x0, 0x0, 0xb, 0x70, 0x0,

    /* U+0177 "ŷ" */
    0x0, 0xc, 0xe3, 0x0, 0x0, 0x87, 0x2b, 0x10,
    0x0, 0x0, 0x0, 0x0, 0xd, 0x50, 0x0, 0x98,
    0x7, 0xb0, 0x0, 0xe2, 0x1, 0xf2, 0x5, 0xc0,
    0x0, 0xb8, 0xb, 0x50, 0x0, 0x4e, 0x1e, 0x0,
    0x0, 0xe, 0xb9, 0x0, 0x0, 0x8, 0xf3, 0x0,
    0x0, 0x5, 0xd0, 0x0, 0x5, 0x2c, 0x60, 0x0,
    0x1c, 0xf9, 0x0, 0x0,

    /* U+0178 "Ÿ" */
    0x0, 0x0, 0x0, 0x0, 0x0, 0x0, 0xb4, 0x87,
    0x0, 0x0, 0x2, 0x1, 0x10, 0x0, 0xc8, 0x0,
    0x0, 0xa8, 0x3, 0xf1, 0x0, 0x3e, 0x0, 0xa,
    0xa0, 0xc, 0x60, 0x0, 0x1f, 0x36, 0xc0, 0x0,
    0x0, 0x7c, 0xe3, 0x0, 0x0, 0x0, 0xea, 0x0,
    0x0, 0x0, 0xb, 0x70, 0x0, 0x0, 0x0, 0xb7,
    0x0, 0x0, 0x0, 0xb, 0x70, 0x0,

    /* U+0179 "Ź" */
    0x0, 0x0, 0x46, 0x0, 0x0, 0x5, 0xc1, 0x0,
    0x0, 0x0, 0x0, 0x0, 0x6f, 0xff, 0xff, 0xf5,
    0x2, 0x22, 0x29, 0xd0, 0x0, 0x0, 0x3f, 0x30,
    0x0, 0x1, 0xe6, 0x0, 0x0, 0xb, 0xa0, 0x0,
    0x0, 0x8d, 0x0, 0x0, 0x4, 0xf2, 0x0, 0x0,
    0x1e, 0x82, 0x22, 0x21, 0x7f, 0xff, 0xff, 0xf8,

    /* U+017A "ź" */
    0x0, 0x8, 0xc0, 0x0, 0x5a, 0x0, 0x0, 0x0,
    0x0, 0x7f, 0xff, 0xfb, 0x0, 0x2, 0xf3, 0x0,
    0xc, 0x70, 0x0, 0x8b, 0x0, 0x4, 0xe1, 0x0,
    0x1e, 0x50, 0x0, 0x8f, 0xff, 0xfd,

    /* U+017B "Ż" */
    0x0, 0x3, 0x30, 0x0, 0x0, 0x8, 0x90, 0x0,
    0x0, 0x0, 0x0, 0x0, 0x6f, 0xff, 0xff, 0xf5,
    0x2, 0x22, 0x29, 0xd0, 0x0, 0x0, 0x3f, 0x30,
    0x0, 0x1, 0xe6, 0x0, 0x0, 0xb, 0xa0, 0x0,
    0x0, 0x8d, 0x0, 0x0, 0x4, 0xf2, 0x0, 0x0,
    0x1e, 0x82, 0x22, 0x21, 0x7f, 0xff, 0xff, 0xf8,

    /* U+017C "ż" */
    0x0, 0x6a, 0x0, 0x0, 0x24, 0x0, 0x0, 0x0,
    0x0, 0x7f, 0xff, 0xfb, 0x0, 0x2, 0xf3, 0x0,
    0xc, 0x70, 0x0, 0x8b, 0x0, 0x4, 0xe1, 0x0,
    0x1e, 0x50, 0x0, 0x8f, 0xff, 0xfd,

    /* U+017D "Ž" */
    0x0, 0x61, 0x16, 0x0, 0x0, 0x2c, 0xd3, 0x0,
    0x0, 0x0, 0x0, 0x0, 0x6f, 0xff, 0xff, 0xf5,
    0x2, 0x22, 0x29, 0xd0, 0x0, 0x0, 0x3f, 0x30,
    0x0, 0x1, 0xe6, 0x0, 0x0, 0xb, 0xa0, 0x0,
    0x0, 0x8d, 0x0, 0x0, 0x4, 0xf2, 0x0, 0x0,
    0x1e, 0x82, 0x22, 0x21, 0x7f, 0xff, 0xff, 0xf8,

    /* U+017E "ž" */
    0x9, 0x84, 0xc0, 0x0, 0xad, 0x10, 0x0, 0x0,
    0x0, 0x7f, 0xff, 0xfb, 0x0, 0x2, 0xf3, 0x0,
    0xc, 0x70, 0x0, 0x8b, 0x0, 0x4, 0xe1, 0x0,
    0x1e, 0x50, 0x0, 0x8f, 0xff, 0xfd,

    /* U+017F "ſ" */
    0x1, 0xbf, 0x80, 0x7b, 0x12, 0x9, 0x80, 0xb,
    0xf8, 0x0, 0xa, 0x80, 0x0, 0xa8, 0x0, 0xa,
    0x80, 0x0, 0xa8, 0x0, 0xa, 0x80, 0x0, 0xa8,
    0x0,

    /* U+0394 "Δ" */
    0x0, 0x0, 0x7f, 0x30, 0x0, 0x0, 0x0, 0xea,
    0xb0, 0x0, 0x0, 0x6, 0xc1, 0xf2, 0x0, 0x0,
    0xd, 0x40, 0x8a, 0x0, 0x0, 0x5d, 0x0, 0x1f,
    0x20, 0x0, 0xd5, 0x0, 0xa, 0x90, 0x4, 0xe0,
    0x0, 0x2, 0xf1, 0xc, 0xff, 0xff, 0xff, 0xf8,

    /* U+039B "Λ" */
    0x0, 0x0, 0x9f, 0x10, 0x0, 0x0, 0x1, 0xfd,
    0x80, 0x0, 0x0, 0x7, 0xb4, 0xf1, 0x0, 0x0,
    0xe, 0x40, 0xc7, 0x0, 0x0, 0x6c, 0x0, 0x5e,
    0x0, 0x0, 0xd5, 0x0, 0xd, 0x60, 0x5, 0xd0,
    0x0, 0x6, 0xd0, 0xc, 0x60, 0x0, 0x0, 0xe5,

    /* U+03A7 "Χ" */
    0x2d, 0xd5, 0x0, 0x9, 0xa0, 0x0, 0x13, 0xe1,
    0x4, 0xe1, 0x0, 0x0, 0xa, 0x80, 0xd5, 0x0,
    0x0, 0x0, 0x2f, 0xaa, 0x0, 0x0, 0x0, 0x0,
    0x9f, 0x10, 0x0, 0x0, 0x0, 0xd, 0xf4, 0x0,
    0x0, 0x0, 0x7, 0xb6, 0xc0, 0x0, 0x0, 0x1,
    0xe2, 0xd, 0x50, 0x0, 0x0, 0xb8, 0x0, 0x5e,
    0x1, 0x0, 0x5d, 0x0, 0x0, 0x9e, 0xb0,

    /* U+03A9 "Ω" */
    0x0, 0x4c, 0xff, 0xc4, 0x0, 0x7, 0xe5, 0x0,
    0x5e, 0x80, 0x2f, 0x30, 0x0, 0x2, 0xf2, 0x6d,
    0x0, 0x0, 0x0, 0xc6, 0x5d, 0x0, 0x0, 0x0,
    0xc6, 0x1f, 0x30, 0x0, 0x2, 0xf2, 0x6, 0xe3,
    0x0, 0x2d, 0x70, 0xef, 0xfe, 0x0, 0xdf, 0xff,

    /* U+03BB "λ" */
    0x2d, 0xf9, 0x0, 0x0, 0x2, 0xb, 0x70, 0x0,
    0x0, 0x5, 0xe0, 0x0, 0x0, 0xc, 0xe7, 0x0,
    0x0, 0x4d, 0x3e, 0x0, 0x0, 0xc5, 0xb, 0x70,
    0x4, 0xd0, 0x3, 0xe0, 0xc, 0x50, 0x0, 0xb7,

    /* U+03BC "μ" */
    0xe4, 0x0, 0x1f, 0x1e, 0x40, 0x1, 0xf1, 0xe4,
    0x0, 0x1f, 0x1e, 0x40, 0x2, 0xf1, 0xea, 0x1,
    0xaf, 0x1e, 0xbe, 0xe7, 0xf1, 0xe4, 0x0, 0x0,
    0xe, 0x40, 0x0, 0x0,

    /* U+03C0 "π" */
    0x6, 0xee, 0xfe, 0xef, 0xe8, 0xf, 0x15, 0xc0,
    0x5c, 0x0, 0xd, 0x17, 0xa0, 0x5c, 0x0, 0x0,
    0x9, 0x80, 0x5c, 0x0, 0x0, 0xb, 0x60, 0x5c,
    0x0, 0x0, 0xd, 0x40, 0x5c, 0x0,

    /* U+03C7 "χ" */
    0x3e, 0xc1, 0x0, 0xe3, 0x0, 0x7, 0xa0, 0x89,
    0x0, 0x0, 0xd, 0x5e, 0x10, 0x0, 0x0, 0x4f,
    0x50, 0x0, 0x0, 0x7, 0xf7, 0x0, 0x0, 0x2,
    0xe3, 0xe1, 0x0, 0x0, 0xb6, 0x7, 0x90, 0x0,
    0x5c, 0x0, 0xb, 0xc5,

    /* U+0400 "Ѐ" */
    0x4, 0x60, 0x0, 0x0, 0x8, 0x90, 0x0, 0x0,
    0x0, 0x0, 0xb, 0xff, 0xff, 0xf3, 0xb9, 0x22,
    0x22, 0xb, 0x80, 0x0, 0x0, 0xb8, 0x0, 0x0,
    0xb, 0xff, 0xff, 0xa0, 0xb9, 0x22, 0x21, 0xb,
    0x80, 0x0, 0x0, 0xb9, 0x22, 0x22, 0xb, 0xff,
    0xff, 0xf6,

    /* U+0401 "Ё" */
    0x0, 0x0, 0x0, 0x0, 0x5a, 0x2e, 0x0, 0x0,
    0x10, 0x20, 0xb, 0xff, 0xff, 0xf3, 0xb9, 0x22,
    0x22, 0xb, 0x80, 0x0, 0x0, 0xb8, 0x0, 0x0,
    0xb, 0xff, 0xff, 0xa0, 0xb9, 0x22, 0x21, 0xb,
    0x80, 0x0, 0x0, 0xb9, 0x22, 0x22, 0xb, 0xff,
    0xff, 0xf6,

    /* U+0402 "Ђ" */
    0xdf, 0xff, 0xff, 0xf6, 0x0, 0x12, 0x2f, 0x52,
    0x20, 0x0, 0x0, 0xf, 0x30, 0x0, 0x0, 0x0,
    0xf, 0x45, 0x64, 0x0, 0x0, 0xf, 0xfb, 0xae,
    0xc0, 0x0, 0xf, 0x30, 0x0, 0xd6, 0x0, 0xf,
    0x30, 0x0, 0xb8, 0x0, 0xf, 0x30, 0x4, 0xf5,
    0x0, 0xf, 0x33, 0xfe, 0x70, 0x0, 0x0, 0x0,
    0x0, 0x0,

    /* U+0403 "Ѓ" */
    0x0, 0x4, 0x60, 0x0, 0x6b, 0x10, 0x0, 0x0,
    0x0, 0xbf, 0xff, 0xfc, 0xb8, 0x22, 0x21, 0xb7,
    0x0, 0x0, 0xb7, 0x0, 0x0, 0xb7, 0x0, 0x0,
    0xb7, 0x0, 0x0, 0xb7, 0x0, 0x0, 0xb7, 0x0,
    0x0, 0xb7, 0x0, 0x0,

    /* U+0404 "Є" */
    0x0, 0x4c, 0xfe, 0xa2, 0x0, 0x4f, 0x93, 0x49,
    0xd0, 0xe, 0x70, 0x0, 0x0, 0x3, 0xf0, 0x0,
    0x0, 0x0, 0x5f, 0xff, 0xfe, 0x0, 0x3, 0xf2,
    0x22, 0x10, 0x0, 0xe, 0x70, 0x0, 0x0, 0x0,
    0x4f, 0x93, 0x49, 0xd0, 0x0, 0x4c, 0xff, 0xb2,
    0x0,

    /* U+0405 "Ѕ" */
    0x3, 0xbf, 0xeb, 0x30, 0xe, 0x92, 0x27, 0x50,
    0x2f, 0x0, 0x0, 0x0, 0xe, 0x92, 0x0, 0x0,
    0x2, 0xaf, 0xe8, 0x10, 0x0, 0x0, 0x4c, 0xc0,
    0x0, 0x0, 0x2, 0xf0, 0x3c, 0x52, 0x3a, 0xc0,
    0x7, 0xdf, 0xea, 0x10,

    /* U+0406 "І" */
    0xb8, 0xb8, 0xb8, 0xb8, 0xb8, 0xb8, 0xb8, 0xb8,
    0xb8,

    /* U+0407 "Ї" */
    0x0, 0x0, 0xc3, 0x87, 0x20, 0x11, 0xb, 0x70,
    0xb, 0x70, 0xb, 0x70, 0xb, 0x70, 0xb, 0x70,
    0xb, 0x70, 0xb, 0x70, 0xb, 0x70, 0xb, 0x70,

    /* U+0408 "Ј" */
    0xf, 0xff, 0xf4, 0x2, 0x22, 0xe4, 0x0, 0x0,
    0xe4, 0x0, 0x0, 0xe4, 0x0, 0x0, 0xe4, 0x0,
    0x0, 0xe4, 0x0, 0x0, 0xf3, 0x89, 0x27, 0xf1,
    0x2b, 0xfd, 0x50,

    /* U+0409 "Љ" */
    0x0, 0xcf, 0xff, 0xff, 0x50, 0x0, 0x0, 0x0,
    0xc5, 0x22, 0x2f, 0x50, 0x0, 0x0, 0x0, 0xd3,
    0x0, 0xf, 0x50, 0x0, 0x0, 0x0, 0xd3, 0x0,
    0xf, 0xfe, 0xec, 0x70, 0x0, 0xe2, 0x0, 0xf,
    0x61, 0x25, 0xe6, 0x0, 0xf0, 0x0, 0xf, 0x50,
    0x0, 0x8b, 0x3, 0xe0, 0x0, 0xf, 0x50, 0x0,
    0x9a, 0x3c, 0xa0, 0x0, 0xf, 0x83, 0x37, 0xf5,
    0xcd, 0x20, 0x0, 0xf, 0xff, 0xfd, 0x70,

    /* U+040A "Њ" */
    0xb8, 0x0, 0x0, 0xd5, 0x0, 0x0, 0xb, 0x80,
    0x0, 0xd, 0x50, 0x0, 0x0, 0xb8, 0x0, 0x0,
    0xd5, 0x0, 0x0, 0xb, 0xff, 0xff, 0xff, 0xff,
    0xfd, 0x70, 0xb9, 0x22, 0x22, 0xd7, 0x22, 0x6f,
    0x6b, 0x80, 0x0, 0xd, 0x50, 0x0, 0x9a, 0xb8,
    0x0, 0x0, 0xd5, 0x0, 0x9, 0xab, 0x80, 0x0,
    0xd, 0x50, 0x4, 0xf5, 0xb8, 0x0, 0x0, 0xdf,
    0xff, 0xd7, 0x0,

    /* U+040B "Ћ" */
    0xdf, 0xff, 0xff, 0xf5, 0x0, 0x12, 0x2f, 0x52,
    0x20, 0x0, 0x0, 0xf, 0x30, 0x0, 0x0, 0x0,
    0xf, 0xad, 0xfd, 0x40, 0x0, 0xf, 0xb5, 0x39,
    0xf2, 0x0, 0xf, 0x30, 0x0, 0xd6, 0x0, 0xf,
    0x30, 0x0, 0xa8, 0x0, 0xf, 0x30, 0x0, 0xa8,
    0x0, 0xf, 0x30, 0x0, 0xa8,

    /* U+040C "Ќ" */
    0x0, 0x1, 0x71, 0x0, 0x0, 0x2c, 0x40, 0x0,
    0x0, 0x0, 0x0, 0x0, 0xb7, 0x0, 0x6, 0xd0,
    0xb7, 0x0, 0x2e, 0x30, 0xb7, 0x0, 0xb8, 0x0,
    0xb7, 0x6, 0xd0, 0x0, 0xbf, 0xff, 0x50, 0x0,
    0xb9, 0x29, 0xd0, 0x0, 0xb7, 0x0, 0xc9, 0x0,
    0xb7, 0x0, 0x2f, 0x40, 0xb7, 0x0, 0x6, 0xe1,

    /* U+040D "Ѝ" */
    0x0, 0x73, 0x0, 0x0, 0x0, 0x2c, 0x40, 0x0,
    0x0, 0x0, 0x0, 0x0, 0xb8, 0x0, 0x0, 0xd9,
    0xb8, 0x0, 0x9, 0xf9, 0xb8, 0x0, 0x5f, 0xb9,
    0xb8, 0x1, 0xe5, 0x99, 0xb8, 0xb, 0xa0, 0x99,
    0xb8, 0x7d, 0x0, 0x99, 0xbb, 0xf3, 0x0, 0x99,
    0xbf, 0x70, 0x0, 0x99, 0xbc, 0x0, 0x0, 0x99,

    /* U+040E "Ў" */
    0x0, 0x60, 0x6, 0x0, 0x0, 0x6, 0xcc, 0x80,
    0x0, 0x0, 0x0, 0x0, 0x0, 0x9, 0xb0, 0x0,
    0x3, 0xe0, 0x1f, 0x20, 0x0, 0xb7, 0x0, 0x9a,
    0x0, 0x3e, 0x0, 0x2, 0xf2, 0xa, 0x70, 0x0,
    0x9, 0x92, 0xe0, 0x0, 0x0, 0x2f, 0xb7, 0x0,
    0x0, 0x0, 0xae, 0x0, 0x0, 0x0, 0xc, 0x70,
    0x0, 0x0, 0xce, 0xb0, 0x0, 0x0, 0x3, 0x30,
    0x0, 0x0, 0x0,

    /* U+040F "Џ" */
    0xb8, 0x0, 0x0, 0xd5, 0xb8, 0x0, 0x0, 0xd5,
    0xb8, 0x0, 0x0, 0xd5, 0xb8, 0x0, 0x0, 0xd5,
    0xb8, 0x0, 0x0, 0xd5, 0xb8, 0x0, 0x0, 0xd5,
    0xb8, 0x0, 0x0, 0xd5, 0xb9, 0x22, 0x22, 0xd5,
    0xbf, 0xff, 0xff, 0xf5, 0x0, 0xb, 0x60, 0x0,
    0x0, 0xb, 0x60, 0x0,

    /* U+0410 "А" */
    0x0, 0x4, 0xf5, 0x0, 0x0, 0x0, 0xad, 0xc0,
    0x0, 0x0, 0x1f, 0x2f, 0x30, 0x0, 0x8, 0xb0,
    0xa9, 0x0, 0x0, 0xe5, 0x4, 0xf1, 0x0, 0x6e,
    0x0, 0xd, 0x70, 0xc, 0xfe, 0xee, 0xfe, 0x3,
    0xf3, 0x11, 0x12, 0xf5, 0xa9, 0x0, 0x0, 0x8,
    0xb0,

    /* U+0411 "Б" */
    0xbf, 0xff, 0xff, 0xa0, 0xb8, 0x11, 0x11, 0x10,
    0xb8, 0x0, 0x0, 0x0, 0xbf, 0xee, 0xda, 0x10,
    0xb8, 0x11, 0x3b, 0xc0, 0xb8, 0x0, 0x1, 0xf1,
    0xb8, 0x0, 0x1, 0xf1, 0xb8, 0x0, 0x1a, 0xc0,
    0xbf, 0xff, 0xea, 0x10,

    /* U+0412 "В" */
    0xbf, 0xff, 0xea, 0x10, 0xb8, 0x0, 0x2c, 0xa0,
    0xb8, 0x0, 0x6, 0xc0, 0xb8, 0x0, 0x1b, 0x80,
    0xbf, 0xff, 0xfe, 0x20, 0xb8, 0x0, 0x6, 0xe0,
    0xb8, 0x0, 0x0, 0xf3, 0xb8, 0x0, 0x17, 0xf1,
    0xbf, 0xff, 0xfc, 0x40,

    /* U+0413 "Г" */
    0xbf, 0xff, 0xfc, 0xb8, 0x22, 0x21, 0xb7, 0x0,
    0x0, 0xb7, 0x0, 0x0, 0xb7, 0x0, 0x0, 0xb7,
    0x0, 0x0, 0xb7, 0x0, 0x0, 0xb7, 0x0, 0x0,
    0xb7, 0x0, 0x0,

    /* U+0414 "Д" */
    0x0, 0xdf, 0xff, 0xff, 0x10, 0x0, 0xd4, 0x22,
    0x3f, 0x10, 0x0, 0xe2, 0x0, 0x1f, 0x10, 0x0,
    0xf1, 0x0, 0x1f, 0x10, 0x0, 0xf0, 0x0, 0x1f,
    0x10, 0x2, 0xf0, 0x0, 0x1f, 0x10, 0x5, 0xc0,
    0x0, 0x1f, 0x10, 0x2c, 0x82, 0x22, 0x3f, 0x30,
    0xdf, 0xff, 0xff, 0xff, 0xf5, 0xd4, 0x0, 0x0,
    0x0, 0xc5, 0xd4, 0x0, 0x0, 0x0, 0xc5,

    /* U+0415 "Е" */
    0xbf, 0xff, 0xff, 0x3b, 0x92, 0x22, 0x20, 0xb8,
    0x0, 0x0, 0xb, 0x80, 0x0, 0x0, 0xbf, 0xff,
    0xfa, 0xb, 0x92, 0x22, 0x10, 0xb8, 0x0, 0x0,
    0xb, 0x92, 0x22, 0x20, 0xbf, 0xff, 0xff, 0x60,

    /* U+0416 "Ж" */
    0x4e, 0x10, 0x6, 0xc0, 0x0, 0xaa, 0x0, 0xb8,
    0x0, 0x6c, 0x0, 0x3f, 0x10, 0x2, 0xf2, 0x6,
    0xc0, 0xc, 0x70, 0x0, 0x8, 0xa0, 0x6c, 0x5,
    0xd0, 0x0, 0x0, 0x2f, 0xff, 0xff, 0xf7, 0x0,
    0x0, 0xa, 0xc2, 0x8c, 0x27, 0xe1, 0x0, 0x4,
    0xf2, 0x6, 0xc0, 0xc, 0x90, 0x0, 0xd8, 0x0,
    0x6c, 0x0, 0x3f, 0x30, 0x7e, 0x0, 0x6, 0xc0,
    0x0, 0x9c, 0x0,

    /* U+0417 "З" */
    0x2a, 0xef, 0xd6, 0x4, 0x84, 0x26, 0xf4, 0x0,
    0x0, 0xb, 0x80, 0x0, 0x1, 0xe5, 0x4, 0xff,
    0xfc, 0x0, 0x2, 0x23, 0xc9, 0x0, 0x0, 0x5,
    0xda, 0x73, 0x24, 0xda, 0x4b, 0xef, 0xe8, 0x0,

    /* U+0418 "И" */
    0xb8, 0x0, 0x0, 0xd9, 0xb8, 0x0, 0x9, 0xf9,
    0xb8, 0x0, 0x5f, 0xb9, 0xb8, 0x1, 0xe5, 0x99,
    0xb8, 0xb, 0xa0, 0x99, 0xb8, 0x7d, 0x0, 0x99,
    0xbb, 0xf3, 0x0, 0x99, 0xbf, 0x70, 0x0, 0x99,
    0xbc, 0x0, 0x0, 0x99,

    /* U+0419 "Й" */
    0x0, 0x60, 0x6, 0x0, 0x0, 0x8c, 0xc6, 0x0,
    0x0, 0x0, 0x0, 0x0, 0xb8, 0x0, 0x0, 0xd9,
    0xb8, 0x0, 0x9, 0xf9, 0xb8, 0x0, 0x5f, 0xb9,
    0xb8, 0x1, 0xe5, 0x99, 0xb8, 0xb, 0xa0, 0x99,
    0xb8, 0x7d, 0x0, 0x99, 0xbb, 0xf3, 0x0, 0x99,
    0xbf, 0x70, 0x0, 0x99, 0xbc, 0x0, 0x0, 0x99,

    /* U+041A "К" */
    0xb7, 0x0, 0x6, 0xd0, 0xb7, 0x0, 0x2e, 0x30,
    0xb7, 0x0, 0xb8, 0x0, 0xb7, 0x6, 0xd0, 0x0,
    0xbf, 0xff, 0x50, 0x0, 0xb9, 0x29, 0xd0, 0x0,
    0xb7, 0x0, 0xc9, 0x0, 0xb7, 0x0, 0x2f, 0x40,
    0xb7, 0x0, 0x6, 0xe1,

    /* U+041B "Л" */
    0x0, 0xcf, 0xff, 0xff, 0x20, 0xc, 0x52, 0x22,
    0xf2, 0x0, 0xd3, 0x0, 0xf, 0x20, 0xd, 0x30,
    0x0, 0xf2, 0x0, 0xe2, 0x0, 0xf, 0x20, 0xf,
    0x0, 0x0, 0xf2, 0x3, 0xe0, 0x0, 0xf, 0x23,
    0xca, 0x0, 0x0, 0xf2, 0xcd, 0x20, 0x0, 0xf,
    0x20,

    /* U+041C "М" */
    0xb9, 0x0, 0x0, 0x1, 0xf3, 0xbf, 0x20, 0x0,
    0x9, 0xf3, 0xbe, 0xa0, 0x0, 0x2e, 0xf3, 0xb8,
    0xe3, 0x0, 0xa7, 0xe3, 0xb7, 0x6c, 0x3, 0xe0,
    0xe3, 0xb7, 0xd, 0x5c, 0x60, 0xe3, 0xb7, 0x4,
    0xfd, 0x0, 0xe3, 0xb7, 0x0, 0xa4, 0x0, 0xe3,
    0xb7, 0x0, 0x0, 0x0, 0xe3,

    /* U+041D "Н" */
    0xb8, 0x0, 0x0, 0xa8, 0xb8, 0x0, 0x0, 0xa8,
    0xb8, 0x0, 0x0, 0xa8, 0xb8, 0x0, 0x0, 0xa8,
    0xbf, 0xff, 0xff, 0xf8, 0xb9, 0x22, 0x22, 0xb8,
    0xb8, 0x0, 0x0, 0xa8, 0xb8, 0x0, 0x0, 0xa8,
    0xb8, 0x0, 0x0, 0xa8,

    /* U+041E "О" */
    0x0, 0x3b, 0xff, 0xc4, 0x0, 0x4, 0xf9, 0x33,
    0x8f, 0x60, 0xd, 0x70, 0x0, 0x5, 0xf1, 0x4f,
    0x0, 0x0, 0x0, 0xd6, 0x5d, 0x0, 0x0, 0x0,
    0xb8, 0x4f, 0x0, 0x0, 0x0, 0xd6, 0xe, 0x70,
    0x0, 0x5, 0xf1, 0x4, 0xf9, 0x33, 0x8f, 0x60,
    0x0, 0x2b, 0xff, 0xc4, 0x0,

    /* U+041F "П" */
    0xbf, 0xff, 0xff, 0xf8, 0xb9, 0x22, 0x22, 0xa8,
    0xb8, 0x0, 0x0, 0xa8, 0xb8, 0x0, 0x0, 0xa8,
    0xb8, 0x0, 0x0, 0xa8, 0xb8, 0x0, 0x0, 0xa8,
    0xb8, 0x0, 0x0, 0xa8, 0xb8, 0x0, 0x0, 0xa8,
    0xb8, 0x0, 0x0, 0xa8,

    /* U+0420 "Р" */
    0xbf, 0xff, 0xd8, 0x0, 0xb9, 0x22, 0x4d, 0xa0,
    0xb8, 0x0, 0x3, 0xf0, 0xb8, 0x0, 0x3, 0xf0,
    0xb8, 0x0, 0x1b, 0xb0, 0xbf, 0xff, 0xfb, 0x10,
    0xb9, 0x22, 0x0, 0x0, 0xb8, 0x0, 0x0, 0x0,
    0xb8, 0x0, 0x0, 0x0,

    /* U+0421 "С" */
    0x0, 0x3b, 0xff, 0xc4, 0x0, 0x4f, 0x94, 0x38,
    0xe1, 0xd, 0x70, 0x0, 0x0, 0x4, 0xf0, 0x0,
    0x0, 0x0, 0x5d, 0x0, 0x0, 0x0, 0x4, 0xf0,
    0x0, 0x0, 0x0, 0xd, 0x70, 0x0, 0x0, 0x0,
    0x4f, 0x94, 0x38, 0xe1, 0x0, 0x3b, 0xff, 0xc3,
    0x0,

    /* U+0422 "Т" */
    0xdf, 0xff, 0xff, 0xf1, 0x12, 0x2f, 0x52, 0x20,
    0x0, 0xf, 0x30, 0x0, 0x0, 0xf, 0x30, 0x0,
    0x0, 0xf, 0x30, 0x0, 0x0, 0xf, 0x30, 0x0,
    0x0, 0xf, 0x30, 0x0, 0x0, 0xf, 0x30, 0x0,
    0x0, 0xf, 0x30, 0x0,

    /* U+0423 "У" */
    0x9b, 0x0, 0x0, 0x3e, 0x1, 0xf2, 0x0, 0xb,
    0x70, 0x9, 0xa0, 0x3, 0xe0, 0x0, 0x2f, 0x20,
    0xa7, 0x0, 0x0, 0x99, 0x2e, 0x0, 0x0, 0x2,
    0xfb, 0x70, 0x0, 0x0, 0xa, 0xe0, 0x0, 0x0,
    0x0, 0xc7, 0x0, 0x0, 0xc, 0xeb, 0x0, 0x0,
    0x0, 0x33, 0x0, 0x0, 0x0,

    /* U+0424 "Ф" */
    0x0, 0x0, 0xd, 0x10, 0x0, 0x0, 0x5, 0xbe,
    0xfe, 0xc6, 0x0, 0x9, 0xe6, 0x2f, 0x45, 0xda,
    0x2, 0xf2, 0x0, 0xf2, 0x1, 0xe4, 0x6c, 0x0,
    0xf, 0x20, 0xa, 0x86, 0xc0, 0x0, 0xf2, 0x0,
    0xa8, 0x3f, 0x10, 0xf, 0x20, 0xe, 0x50, 0xbc,
    0x30, 0xf2, 0x2b, 0xd0, 0x0, 0x8e, 0xff, 0xff,
    0x91, 0x0, 0x0, 0x1, 0xf3, 0x0, 0x0,

    /* U+0425 "Х" */
    0x4f, 0x20, 0x2, 0xf4, 0x9, 0xc0, 0xc, 0x90,
    0x1, 0xe7, 0x7e, 0x0, 0x0, 0x4f, 0xf4, 0x0,
    0x0, 0xe, 0xe0, 0x0, 0x0, 0x7d, 0xe8, 0x0,
    0x2, 0xf4, 0x4f, 0x30, 0xc, 0x90, 0x9, 0xc0,
    0x7d, 0x0, 0x0, 0xe7,

    /* U+0426 "Ц" */
    0xb8, 0x0, 0x0, 0xd5, 0xb, 0x80, 0x0, 0xd,
    0x50, 0xb8, 0x0, 0x0, 0xd5, 0xb, 0x80, 0x0,
    0xd, 0x50, 0xb8, 0x0, 0x0, 0xd5, 0xb, 0x80,
    0x0, 0xd, 0x50, 0xb8, 0x0, 0x0, 0xd5, 0xb,
    0x92, 0x22, 0x2d, 0x71, 0xbf, 0xff, 0xff, 0xff,
    0xa0, 0x0, 0x0, 0x0, 0x7a, 0x0, 0x0, 0x0,
    0x7, 0xa0,

    /* U+0427 "Ч" */
    0x99, 0x0, 0x0, 0xe4, 0x99, 0x0, 0x0, 0xe4,
    0x99, 0x0, 0x0, 0xe4, 0x7b, 0x0, 0x0, 0xe4,
    0x3f, 0x50, 0x15, 0xf4, 0x7, 0xff, 0xfc, 0xf4,
    0x0, 0x2, 0x10, 0xe4, 0x0, 0x0, 0x0, 0xe4,
    0x0, 0x0, 0x0, 0xe4,

    /* U+0428 "Ш" */
    0xb8, 0x0, 0xf, 0x20, 0x5, 0xdb, 0x80, 0x0,
    0xf2, 0x0, 0x5d, 0xb8, 0x0, 0xf, 0x20, 0x5,
    0xdb, 0x80, 0x0, 0xf2, 0x0, 0x5d, 0xb8, 0x0,
    0xf, 0x20, 0x5, 0xdb, 0x80, 0x0, 0xf2, 0x0,
    0x5d, 0xb8, 0x0, 0xf, 0x20, 0x5, 0xdb, 0x92,
    0x22, 0xf4, 0x22, 0x6d, 0xbf, 0xff, 0xff, 0xff,
    0xff, 0xd0,

    /* U+0429 "Щ" */
    0xb8, 0x0, 0xf, 0x20, 0x5, 0xd0, 0xb, 0x80,
    0x0, 0xf2, 0x0, 0x5d, 0x0, 0xb8, 0x0, 0xf,
    0x20, 0x5, 0xd0, 0xb, 0x80, 0x0, 0xf2, 0x0,
    0x5d, 0x0, 0xb8, 0x0, 0xf, 0x20, 0x5, 0xd0,
    0xb, 0x80, 0x0, 0xf2, 0x0, 0x5d, 0x0, 0xb8,
    0x0, 0xf, 0x20, 0x5, 0xd0, 0xb, 0x92, 0x22,
    0xf4, 0x22, 0x7f, 0x20, 0xbf, 0xff, 0xff, 0xff,
    0xff, 0xff, 0x10, 0x0, 0x0, 0x0, 0x0, 0x0,
    0xf1, 0x0, 0x0, 0x0, 0x0, 0x0, 0xf, 0x10,

    /* U+042A "Ъ" */
    0xdf, 0xfe, 0x0, 0x0, 0x0, 0x12, 0x6e, 0x0,
    0x0, 0x0, 0x0, 0x5e, 0x0, 0x0, 0x0, 0x0,
    0x5f, 0xee, 0xeb, 0x40, 0x0, 0x5e, 0x11, 0x27,
    0xf2, 0x0, 0x5e, 0x0, 0x0, 0xd6, 0x0, 0x5e,
    0x0, 0x0, 0xd5, 0x0, 0x5e, 0x0, 0x17, 0xf1,
    0x0, 0x5f, 0xff, 0xfc, 0x40,

    /* U+042B "Ы" */
    0xb8, 0x0, 0x0, 0x0, 0x99, 0xb8, 0x0, 0x0,
    0x0, 0x99, 0xb8, 0x0, 0x0, 0x0, 0x99, 0xbf,
    0xee, 0xd9, 0x10, 0x99, 0xb8, 0x11, 0x3c, 0xb0,
    0x99, 0xb8, 0x0, 0x3, 0xf0, 0x99, 0xb8, 0x0,
    0x3, 0xf0, 0x99, 0xb8, 0x0, 0x2b, 0xb0, 0x99,
    0xbf, 0xff, 0xe9, 0x10, 0x99,

    /* U+042C "Ь" */
    0xb8, 0x0, 0x0, 0x0, 0xb8, 0x0, 0x0, 0x0,
    0xb8, 0x0, 0x0, 0x0, 0xbf, 0xee, 0xd9, 0x10,
    0xb8, 0x11, 0x3c, 0xb0, 0xb8, 0x0, 0x3, 0xf0,
    0xb8, 0x0, 0x3, 0xf0, 0xb8, 0x0, 0x2b, 0xb0,
    0xbf, 0xff, 0xe9, 0x10,

    /* U+042D "Э" */
    0x7, 0xdf, 0xe8, 0x0, 0x6d, 0x53, 0x5d, 0xc0,
    0x0, 0x0, 0x1, 0xe6, 0x0, 0x0, 0x0, 0x8b,
    0x0, 0x6f, 0xff, 0xfd, 0x0, 0x2, 0x22, 0x8b,
    0x0, 0x0, 0x0, 0xd6, 0x6c, 0x53, 0x5d, 0xc0,
    0x7, 0xdf, 0xe8, 0x0,

    /* U+042E "Ю" */
    0xb8, 0x0, 0x9, 0xef, 0xc5, 0x0, 0xb8, 0x0,
    0xdb, 0x31, 0x6e, 0x70, 0xb8, 0x8, 0xc0, 0x0,
    0x3, 0xf1, 0xb8, 0xd, 0x50, 0x0, 0x0, 0xc6,
    0xbf, 0xff, 0x30, 0x0, 0x0, 0xa8, 0xb9, 0x2e,
    0x60, 0x0, 0x0, 0xd6, 0xb8, 0x9, 0xd0, 0x0,
    0x4, 0xf1, 0xb8, 0x1, 0xec, 0x53, 0x7f, 0x70,
    0xb8, 0x0, 0x19, 0xef, 0xc5, 0x0,

    /* U+042F "Я" */
    0x2, 0xbf, 0xff, 0xf7, 0xd, 0xb3, 0x22, 0xc7,
    0x3f, 0x0, 0x0, 0xb7, 0x3f, 0x0, 0x0, 0xb7,
    0xf, 0x80, 0x0, 0xb7, 0x3, 0xdf, 0xff, 0xf7,
    0x0, 0xc7, 0x22, 0xc7, 0x6, 0xd0, 0x0, 0xb7,
    0x1e, 0x40, 0x0, 0xb7,

    /* U+0430 "а" */
    0x8, 0xdf, 0xc3, 0x0, 0xa3, 0x29, 0xd0, 0x0,
    0x0, 0x1f, 0x0, 0x9d, 0xee, 0xf1, 0x4d, 0x10,
    0xf, 0x15, 0xe1, 0x8, 0xf1, 0x9, 0xfe, 0x7f,
    0x10,

    /* U+0431 "б" */
    0x0, 0x0, 0x1, 0x40, 0x0, 0x17, 0xcf, 0xd0,
    0x1, 0xdb, 0x51, 0x0, 0xb, 0x70, 0x0, 0x0,
    0xf, 0x5d, 0xeb, 0x10, 0x3f, 0xd4, 0x3b, 0xd0,
    0x3f, 0x40, 0x0, 0xe4, 0x2f, 0x10, 0x0, 0xc6,
    0xf, 0x40, 0x0, 0xe4, 0x9, 0xd3, 0x1a, 0xd0,
    0x0, 0x9e, 0xfa, 0x10,

    /* U+0432 "в" */
    0xef, 0xff, 0xa0, 0xe4, 0x1, 0xd6, 0xe4, 0x0,
    0xd4, 0xee, 0xef, 0xc1, 0xe4, 0x0, 0xa9, 0xe4,
    0x0, 0xa9, 0xef, 0xff, 0xc2,

    /* U+0433 "г" */
    0xef, 0xff, 0xce, 0x51, 0x11, 0xe4, 0x0, 0xe,
    0x40, 0x0, 0xe4, 0x0, 0xe, 0x40, 0x0, 0xe4,
    0x0, 0x0,

    /* U+0434 "д" */
    0x5, 0xff, 0xff, 0x90, 0x6, 0xb1, 0x19, 0x90,
    0x6, 0xa0, 0x8, 0x90, 0x7, 0x90, 0x8, 0x90,
    0xa, 0x60, 0x8, 0x90, 0x2e, 0x31, 0x19, 0xa0,
    0xef, 0xff, 0xff, 0xf9, 0xe3, 0x0, 0x0, 0x89,
    0x81, 0x0, 0x0, 0x45,

    /* U+0435 "е" */
    0x2, 0xbf, 0xd6, 0x0, 0xd8, 0x14, 0xe4, 0x5d,
    0x0, 0x6, 0xb7, 0xfd, 0xdd, 0xdc, 0x5d, 0x0,
    0x0, 0x0, 0xd9, 0x23, 0x92, 0x1, 0xbf, 0xf9,
    0x0,

    /* U+0436 "ж" */
    0x6d, 0x0, 0x7a, 0x0, 0xa9, 0x0, 0xc6, 0x7,
    0xa0, 0x3e, 0x10, 0x3, 0xe0, 0x7a, 0xc, 0x60,
    0x0, 0xc, 0xff, 0xff, 0xf0, 0x0, 0x4, 0xf3,
    0x8b, 0x2d, 0x70, 0x0, 0xd7, 0x7, 0xa0, 0x4f,
    0x20, 0x8d, 0x0, 0x7a, 0x0, 0xab, 0x0,

    /* U+0437 "з" */
    0x2b, 0xfe, 0xa1, 0x16, 0x22, 0xc9, 0x0, 0x0,
    0xa8, 0x2, 0xef, 0xe1, 0x0, 0x0, 0x8c, 0x45,
    0x22, 0xac, 0x3b, 0xee, 0xb2,

    /* U+0438 "и" */
    0xe4, 0x0, 0x3f, 0x3e, 0x40, 0x1e, 0xf3, 0xe4,
    0xb, 0x9f, 0x3e, 0x48, 0xc0, 0xf3, 0xe8, 0xe2,
    0xf, 0x3e, 0xf5, 0x0, 0xf3, 0xe8, 0x0, 0xf,
    0x30,

    /* U+0439 "й" */
    0x5, 0x0, 0x60, 0x0, 0x4b, 0xc6, 0x0, 0x0,
    0x0, 0x0, 0xe, 0x40, 0x3, 0xf3, 0xe4, 0x1,
    0xef, 0x3e, 0x40, 0xb9, 0xf3, 0xe4, 0x8c, 0xf,
    0x3e, 0x8e, 0x20, 0xf3, 0xef, 0x50, 0xf, 0x3e,
    0x80, 0x0, 0xf3,

    /* U+043A "к" */
    0xe4, 0x0, 0xa8, 0xe, 0x40, 0x5d, 0x0, 0xe4,
    0x1e, 0x30, 0xe, 0xff, 0xb0, 0x0, 0xe5, 0x3f,
    0x40, 0xe, 0x40, 0x6e, 0x10, 0xe4, 0x0, 0xab,
    0x0,

    /* U+043B "л" */
    0x5, 0xff, 0xff, 0x90, 0x6b, 0x11, 0x99, 0x6,
    0x90, 0x9, 0x90, 0x78, 0x0, 0x99, 0x9, 0x60,
    0x9, 0x92, 0xe3, 0x0, 0x99, 0xea, 0x0, 0x9,
    0x90,

    /* U+043C "м" */
    0xe8, 0x0, 0x0, 0xd7, 0xef, 0x10, 0x7, 0xf7,
    0xea, 0x90, 0xe, 0xb7, 0xe3, 0xe2, 0x88, 0x97,
    0xe2, 0x6b, 0xe0, 0x97, 0xe2, 0xd, 0x60, 0x97,
    0xe2, 0x1, 0x0, 0x97,

    /* U+043D "н" */
    0xe4, 0x0, 0x1f, 0xe, 0x40, 0x1, 0xf0, 0xe4,
    0x0, 0x1f, 0xe, 0xff, 0xff, 0xf0, 0xe5, 0x22,
    0x3f, 0xe, 0x40, 0x1, 0xf0, 0xe4, 0x0, 0x1f,
    0x0,

    /* U+043E "о" */
    0x1, 0xbf, 0xe8, 0x0, 0xd, 0xa2, 0x3d, 0x80,
    0x5d, 0x0, 0x3, 0xf0, 0x7b, 0x0, 0x0, 0xf1,
    0x5d, 0x0, 0x3, 0xf0, 0xd, 0xa2, 0x3d, 0x80,
    0x1, 0xbf, 0xe8, 0x0,

    /* U+043F "п" */
    0xef, 0xff, 0xff, 0xe, 0x51, 0x13, 0xf0, 0xe4,
    0x0, 0x2f, 0xe, 0x40, 0x2, 0xf0, 0xe4, 0x0,
    0x2f, 0xe, 0x40, 0x2, 0xf0, 0xe4, 0x0, 0x2f,
    0x0,

    /* U+0440 "р" */
    0xe7, 0xdf, 0xc4, 0xe, 0xf4, 0x17, 0xf2, 0xe6,
    0x0, 0xa, 0x8e, 0x40, 0x0, 0x7a, 0xe7, 0x0,
    0xa, 0x8e, 0xf5, 0x27, 0xf2, 0xe7, 0xcf, 0xc4,
    0xe, 0x40, 0x0, 0x0, 0xe4, 0x0, 0x0, 0xe,
    0x40, 0x0, 0x0,

    /* U+0441 "с" */
    0x1, 0xbf, 0xe8, 0x0, 0xda, 0x24, 0xc3, 0x5d,
    0x0, 0x0, 0x7, 0xb0, 0x0, 0x0, 0x5d, 0x0,
    0x0, 0x0, 0xda, 0x24, 0xd3, 0x1, 0xbf, 0xe8,
    0x0,

    /* U+0442 "т" */
    0xff, 0xff, 0xfd, 0x11, 0xa9, 0x11, 0x0, 0xa8,
    0x0, 0x0, 0xa8, 0x0, 0x0, 0xa8, 0x0, 0x0,
    0xa8, 0x0, 0x0, 0xa8, 0x0,

    /* U+0443 "у" */
    0xc, 0x60, 0x0, 0x89, 0x6, 0xd0, 0x0, 0xe3,
    0x0, 0xf3, 0x4, 0xd0, 0x0, 0x99, 0xa, 0x70,
    0x0, 0x3e, 0x1f, 0x10, 0x0, 0xd, 0xba, 0x0,
    0x0, 0x7, 0xf4, 0x0, 0x0, 0x4, 0xe0, 0x0,
    0x5, 0x2b, 0x70, 0x0, 0xc, 0xfa, 0x0, 0x0,

    /* U+0444 "ф" */
    0x0, 0x0, 0xb6, 0x0, 0x0, 0x0, 0x0, 0xb6,
    0x0, 0x0, 0x1, 0xae, 0xff, 0xd7, 0x0, 0xd,
    0xb4, 0xc8, 0x5d, 0x80, 0x5d, 0x0, 0xb6, 0x3,
    0xf0, 0x7b, 0x0, 0xb6, 0x0, 0xf1, 0x5d, 0x0,
    0xb6, 0x4, 0xf0, 0xd, 0xa3, 0xc7, 0x5e, 0x80,
    0x1, 0xae, 0xff, 0xd7, 0x0, 0x0, 0x0, 0xb6,
    0x0, 0x0, 0x0, 0x0, 0xb6, 0x0, 0x0, 0x0,
    0x0, 0xb6, 0x0, 0x0,

    /* U+0445 "х" */
    0x6d, 0x0, 0x5d, 0x0, 0xb8, 0x1e, 0x30, 0x1,
    0xed, 0x80, 0x0, 0x9, 0xf1, 0x0, 0x2, 0xeb,
    0x90, 0x0, 0xd6, 0xe, 0x50, 0x8b, 0x0, 0x4e,
    0x10,

    /* U+0446 "ц" */
    0xe4, 0x0, 0x4e, 0xe, 0x40, 0x4, 0xe0, 0xe4,
    0x0, 0x4e, 0xe, 0x40, 0x4, 0xe0, 0xe4, 0x0,
    0x4e, 0xe, 0x51, 0x15, 0xe1, 0xef, 0xff, 0xff,
    0xe0, 0x0, 0x0, 0x3e, 0x0, 0x0, 0x1, 0x80,

    /* U+0447 "ч" */
    0x8a, 0x0, 0xf, 0x38, 0xa0, 0x0, 0xf3, 0x7a,
    0x0, 0xf, 0x35, 0xe1, 0x3, 0xf3, 0xa, 0xff,
    0xcf, 0x30, 0x0, 0x0, 0xf3, 0x0, 0x0, 0xf,
    0x30,

    /* U+0448 "ш" */
    0xe4, 0x0, 0xe3, 0x0, 0xf2, 0xe4, 0x0, 0xe3,
    0x0, 0xf2, 0xe4, 0x0, 0xe3, 0x0, 0xf2, 0xe4,
    0x0, 0xe3, 0x0, 0xf2, 0xe4, 0x0, 0xe3, 0x0,
    0xf2, 0xe5, 0x11, 0xe4, 0x11, 0xf2, 0xef, 0xff,
    0xff, 0xff, 0xf2,

    /* U+0449 "щ" */
    0xe4, 0x0, 0xe3, 0x0, 0xf2, 0xe, 0x40, 0xe,
    0x30, 0xf, 0x20, 0xe4, 0x0, 0xe3, 0x0, 0xf2,
    0xe, 0x40, 0xe, 0x30, 0xf, 0x20, 0xe4, 0x0,
    0xe3, 0x0, 0xf2, 0xe, 0x51, 0x1e, 0x41, 0x1f,
    0x40, 0xef, 0xff, 0xff, 0xff, 0xff, 0x10, 0x0,
    0x0, 0x0, 0x0, 0xf1, 0x0, 0x0, 0x0, 0x0,
    0x7, 0x0,

    /* U+044A "ъ" */
    0xff, 0xf2, 0x0, 0x0, 0x11, 0xf2, 0x0, 0x0,
    0x0, 0xff, 0xfd, 0x60, 0x0, 0xf2, 0x3, 0xf2,
    0x0, 0xf2, 0x0, 0xe4, 0x0, 0xf2, 0x3, 0xf1,
    0x0, 0xff, 0xfd, 0x50,

    /* U+044B "ы" */
    0xe4, 0x0, 0x0, 0x99, 0xe4, 0x0, 0x0, 0x99,
    0xee, 0xed, 0x80, 0x99, 0xe4, 0x2, 0xe4, 0x99,
    0xe4, 0x0, 0xb6, 0x99, 0xe4, 0x2, 0xe3, 0x99,
    0xef, 0xfe, 0x70, 0x99,

    /* U+044C "ь" */
    0xe4, 0x0, 0x0, 0xe4, 0x0, 0x0, 0xee, 0xee,
    0x80, 0xe4, 0x1, 0xe5, 0xe4, 0x0, 0xa8, 0xe4,
    0x1, 0xe5, 0xef, 0xfe, 0x80,

    /* U+044D "э" */
    0x2b, 0xfe, 0x91, 0x5, 0x71, 0x2a, 0xc0, 0x0,
    0x0, 0xe, 0x30, 0xd, 0xee, 0xf5, 0x0, 0x0,
    0xe, 0x35, 0x71, 0x2a, 0xc0, 0x1b, 0xfe, 0x91,
    0x0,

    /* U+044E "ю" */
    0xe4, 0x1, 0xbf, 0xe7, 0xe, 0x40, 0xd9, 0x13,
    0xe6, 0xe4, 0x4d, 0x0, 0x5, 0xde, 0xff, 0xa0,
    0x0, 0x3f, 0xe6, 0x7d, 0x0, 0x6, 0xde, 0x40,
    0xe9, 0x24, 0xf6, 0xe4, 0x2, 0xbf, 0xe6, 0x0,

    /* U+044F "я" */
    0x5, 0xdf, 0xff, 0x32, 0xf5, 0x11, 0xd3, 0x5d,
    0x0, 0xd, 0x32, 0xf2, 0x0, 0xd3, 0x6, 0xfe,
    0xef, 0x30, 0x6c, 0x0, 0xd3, 0x2e, 0x20, 0xd,
    0x30,

    /* U+0450 "ѐ" */
    0x1, 0x71, 0x0, 0x0, 0x3, 0xc2, 0x0, 0x0,
    0x0, 0x0, 0x0, 0x2b, 0xfd, 0x60, 0xd, 0x81,
    0x4e, 0x45, 0xd0, 0x0, 0x6b, 0x7f, 0xdd, 0xdd,
    0xc5, 0xd0, 0x0, 0x0, 0xd, 0x92, 0x39, 0x20,
    0x1b, 0xff, 0x90,

    /* U+0451 "ё" */
    0x0, 0xd1, 0xa4, 0x0, 0x3, 0x2, 0x10, 0x2,
    0xbf, 0xd6, 0x0, 0xd8, 0x14, 0xe4, 0x5d, 0x0,
    0x6, 0xb7, 0xfd, 0xdd, 0xdc, 0x5d, 0x0, 0x0,
    0x0, 0xd9, 0x23, 0x92, 0x1, 0xbf, 0xf9, 0x0,

    /* U+0452 "ђ" */
    0x0, 0x71, 0x0, 0x0, 0x0, 0xe, 0x30, 0x0,
    0x0, 0x1e, 0xfe, 0xee, 0x10, 0x0, 0xe, 0x6c,
    0xfc, 0x20, 0x0, 0xee, 0x52, 0xad, 0x0, 0xe,
    0x70, 0x1, 0xf1, 0x0, 0xe4, 0x0, 0xf, 0x20,
    0xe, 0x40, 0x0, 0xf2, 0x0, 0xe4, 0x0, 0xf,
    0x20, 0xe, 0x40, 0x0, 0xf2, 0x0, 0x0, 0x0,
    0xf, 0x20, 0x0, 0x0, 0x34, 0xf0, 0x0, 0x0,
    0x1e, 0xe6, 0x0,

    /* U+0453 "ѓ" */
    0x0, 0x7, 0x20, 0x1b, 0x60, 0x0, 0x0, 0xe,
    0xff, 0xfc, 0xe5, 0x11, 0x1e, 0x40, 0x0, 0xe4,
    0x0, 0xe, 0x40, 0x0, 0xe4, 0x0, 0xe, 0x40,
    0x0,

    /* U+0454 "є" */
    0x1, 0xaf, 0xfa, 0x10, 0xd9, 0x22, 0x84, 0x5d,
    0x0, 0x0, 0x7, 0xff, 0xfc, 0x0, 0x5d, 0x0,
    0x0, 0x0, 0xd9, 0x11, 0x84, 0x1, 0xaf, 0xfa,
    0x10,

    /* U+0455 "ѕ" */
    0x6, 0xdf, 0xd5, 0x2f, 0x41, 0x53, 0x2f, 0x40,
    0x0, 0x7, 0xef, 0xb2, 0x0, 0x2, 0x9c, 0x28,
    0x31, 0x8c, 0x2b, 0xef, 0xb2,

    /* U+0456 "і" */
    0xd, 0x40, 0x82, 0x0, 0x0, 0xe4, 0xe, 0x40,
    0xe4, 0xe, 0x40, 0xe4, 0xe, 0x40, 0xe4,

    /* U+0457 "ї" */
    0xa4, 0xd0, 0x20, 0x30, 0xe, 0x40, 0xe, 0x40,
    0xe, 0x40, 0xe, 0x40, 0xe, 0x40, 0xe, 0x40,
    0xe, 0x40,

    /* U+0458 "ј" */
    0x0, 0x7, 0x20, 0x0, 0xd5, 0x0, 0x0, 0x0,
    0x0, 0xe4, 0x0, 0xe, 0x40, 0x0, 0xe4, 0x0,
    0xe, 0x40, 0x0, 0xe4, 0x0, 0xe, 0x40, 0x0,
    0xe4, 0x0, 0xe, 0x40, 0x22, 0xf2, 0xd, 0xf8,
    0x0,

    /* U+0459 "љ" */
    0x5, 0xff, 0xff, 0xf0, 0x0, 0x0, 0x6b, 0x11,
    0xff, 0x0, 0x0, 0x6, 0x90, 0xf, 0xfe, 0xeb,
    0x10, 0x78, 0x0, 0xff, 0x0, 0xaa, 0x9, 0x60,
    0xf, 0xf0, 0x6, 0xc2, 0xe3, 0x0, 0xff, 0x23,
    0xc9, 0xea, 0x0, 0xf, 0xff, 0xfb, 0x10,

    /* U+045A "њ" */
    0xe4, 0x0, 0x3e, 0x0, 0x0, 0xe, 0x40, 0x3,
    0xe0, 0x0, 0x0, 0xe4, 0x0, 0x3e, 0x0, 0x0,
    0xe, 0xff, 0xff, 0xff, 0xed, 0x50, 0xe5, 0x22,
    0x5e, 0x22, 0x6f, 0xe, 0x40, 0x3, 0xe0, 0x4,
    0xf0, 0xe4, 0x0, 0x3f, 0xee, 0xd5, 0x0,

    /* U+045B "ћ" */
    0x0, 0x93, 0x0, 0x0, 0x5, 0xcf, 0xdc, 0xc1,
    0x0, 0x0, 0xe4, 0x0, 0x0, 0x0, 0xe, 0x8d,
    0xfc, 0x30, 0x0, 0xee, 0x52, 0xad, 0x0, 0xe,
    0x70, 0x1, 0xf1, 0x0, 0xe4, 0x0, 0xf, 0x20,
    0xe, 0x40, 0x0, 0xf2, 0x0, 0xe4, 0x0, 0xf,
    0x20, 0xe, 0x40, 0x0, 0xf2,

    /* U+045C "ќ" */
    0x0, 0x6, 0x40, 0x0, 0xa, 0x80, 0x0, 0x0,
    0x0, 0x0, 0xe, 0x40, 0xa, 0x80, 0xe4, 0x5,
    0xd0, 0xe, 0x41, 0xe3, 0x0, 0xef, 0xfb, 0x0,
    0xe, 0x53, 0xf4, 0x0, 0xe4, 0x6, 0xe1, 0xe,
    0x40, 0xa, 0xb0,

    /* U+045D "ѝ" */
    0x6, 0x50, 0x0, 0x0, 0x1b, 0x70, 0x0, 0x0,
    0x0, 0x0, 0xe, 0x40, 0x3, 0xf3, 0xe4, 0x1,
    0xef, 0x3e, 0x40, 0xb9, 0xf3, 0xe4, 0x8c, 0xf,
    0x3e, 0x8e, 0x20, 0xf3, 0xef, 0x50, 0xf, 0x3e,
    0x80, 0x0, 0xf3,

    /* U+045E "ў" */
    0x0, 0x41, 0x5, 0x0, 0x0, 0x76, 0xc, 0x0,
    0x0, 0xa, 0xb5, 0x0, 0xc, 0x60, 0x0, 0x89,
    0x6, 0xd0, 0x0, 0xe3, 0x0, 0xf3, 0x4, 0xd0,
    0x0, 0x99, 0xa, 0x70, 0x0, 0x3e, 0x1f, 0x10,
    0x0, 0xd, 0xba, 0x0, 0x0, 0x7, 0xf4, 0x0,
    0x0, 0x4, 0xe0, 0x0, 0x5, 0x2b, 0x70, 0x0,
    0xc, 0xfa, 0x0, 0x0,

    /* U+045F "џ" */
    0xe4, 0x0, 0x8a, 0xe4, 0x0, 0x8a, 0xe4, 0x0,
    0x8a, 0xe4, 0x0, 0x8a, 0xe4, 0x0, 0x8a, 0xe5,
    0x11, 0x9a, 0xef, 0xff, 0xfa, 0x0, 0xa6, 0x0,
    0x0, 0x53, 0x0,

    /* U+0462 "Ѣ" */
    0x0, 0x45, 0x0, 0x0, 0x0, 0x0, 0x8a, 0x0,
    0x0, 0x0, 0xbf, 0xff, 0xff, 0x30, 0x0, 0x0,
    0x8a, 0x0, 0x0, 0x0, 0x0, 0x8f, 0xee, 0xea,
    0x20, 0x0, 0x8a, 0x11, 0x3a, 0xd0, 0x0, 0x8a,
    0x0, 0x0, 0xf2, 0x0, 0x8a, 0x0, 0x0, 0xf2,
    0x0, 0x8a, 0x0, 0x19, 0xd0, 0x0, 0x8f, 0xff,
    0xeb, 0x20,

    /* U+0463 "ѣ" */
    0x3, 0x50, 0x0, 0x0, 0x6b, 0x0, 0x0, 0x6,
    0xb0, 0x0, 0xe, 0xff, 0xee, 0x10, 0x6, 0xb0,
    0x0, 0x0, 0x6f, 0xee, 0xc2, 0x6, 0xb0, 0x8,
    0xc0, 0x6b, 0x0, 0x3f, 0x6, 0xb0, 0x8, 0xc0,
    0x6f, 0xff, 0xc2,

    /* U+046A "Ѫ" */
    0xc, 0xff, 0xff, 0xff, 0xf9, 0x0, 0x3d, 0x10,
    0x0, 0x3d, 0x10, 0x0, 0x4c, 0x0, 0x2d, 0x20,
    0x0, 0x0, 0x5b, 0x1c, 0x20, 0x0, 0x0, 0x5d,
    0xff, 0xfc, 0x30, 0x0, 0x4f, 0x42, 0xf0, 0x6f,
    0x20, 0xc, 0x60, 0x2f, 0x0, 0xa9, 0x3, 0xf0,
    0x2, 0xf0, 0x3, 0xf0, 0x9a, 0x0, 0x2f, 0x0,
    0xd, 0x60,

    /* U+046B "ѫ" */
    0x1f, 0xee, 0xee, 0xf7, 0x0, 0x6a, 0x0, 0x4c,
    0x0, 0x0, 0x79, 0x3c, 0x10, 0x0, 0x2c, 0xff,
    0xe7, 0x0, 0xd, 0x64, 0xb1, 0xd4, 0x4, 0xd0,
    0x4b, 0x6, 0xb0, 0xa7, 0x4, 0xb0, 0x1f, 0x10,

    /* U+0472 "Ѳ" */
    0x0, 0x3b, 0xff, 0xc4, 0x0, 0x4, 0xf9, 0x43,
    0x8f, 0x60, 0xd, 0x80, 0x0, 0x5, 0xf1, 0x4f,
    0x0, 0x0, 0x0, 0xd6, 0x5f, 0xee, 0xee, 0xee,
    0xf8, 0x4f, 0x11, 0x11, 0x11, 0xd6, 0xe, 0x60,
    0x0, 0x4, 0xf1, 0x4, 0xf8, 0x33, 0x7f, 0x60,
    0x0, 0x2b, 0xff, 0xc4, 0x0,

    /* U+0473 "ѳ" */
    0x1, 0xbf, 0xe8, 0x0, 0xd, 0xa2, 0x4d, 0x80,
    0x5e, 0x0, 0x4, 0xf0, 0x7f, 0xee, 0xee, 0xf1,
    0x5d, 0x0, 0x3, 0xf0, 0xd, 0x92, 0x3d, 0x80,
    0x1, 0xbf, 0xe8, 0x0,

    /* U+0474 "Ѵ" */
    0x0, 0x0, 0x0, 0x0, 0xa, 0xa0, 0x0, 0x3,
    0xee, 0x4f, 0x10, 0x0, 0xca, 0x30, 0xd6, 0x0,
    0x3f, 0x10, 0x7, 0xd0, 0x8, 0xa0, 0x0, 0x1f,
    0x30, 0xe5, 0x0, 0x0, 0xb9, 0x3f, 0x0, 0x0,
    0x5, 0xe9, 0xa0, 0x0, 0x0, 0xe, 0xf4, 0x0,
    0x0, 0x0, 0x9f, 0x0, 0x0,

    /* U+0475 "ѵ" */
    0x0, 0x0, 0x0, 0x0, 0xb8, 0x0, 0xb, 0xf0,
    0x5e, 0x0, 0x3f, 0x40, 0xe, 0x40, 0x99, 0x0,
    0x8, 0xb0, 0xe3, 0x0, 0x2, 0xf6, 0xe0, 0x0,
    0x0, 0xcf, 0x80, 0x0, 0x0, 0x5f, 0x20, 0x0,

    /* U+048A "Ҋ" */
    0x0, 0x60, 0x6, 0x0, 0x0, 0x7, 0xcc, 0x60,
    0x0, 0x0, 0x0, 0x0, 0x0, 0xb, 0x80, 0x0,
    0xd, 0x90, 0xb8, 0x0, 0x9, 0xf9, 0xb, 0x80,
    0x5, 0xfb, 0x90, 0xb8, 0x1, 0xe5, 0x99, 0xb,
    0x80, 0xca, 0x9, 0x90, 0xb8, 0x7d, 0x0, 0x99,
    0xb, 0xbf, 0x30, 0x9, 0x90, 0xbf, 0x70, 0x0,
    0x99, 0x1b, 0xc0, 0x0, 0x9, 0xf9, 0x0, 0x0,
    0x0, 0xb, 0x50, 0x0, 0x0, 0x0, 0xe1,

    /* U+048B "ҋ" */
    0x6, 0x0, 0x60, 0x0, 0x4, 0xbb, 0x60, 0x0,
    0x0, 0x0, 0x0, 0x0, 0xe4, 0x0, 0x3f, 0x30,
    0xe4, 0x1, 0xef, 0x30, 0xe4, 0xb, 0xaf, 0x30,
    0xe4, 0x7d, 0xf, 0x30, 0xe7, 0xe2, 0xf, 0x30,
    0xef, 0x50, 0xf, 0x30, 0xe8, 0x0, 0xf, 0xf1,
    0x0, 0x0, 0x2, 0xd0, 0x0, 0x0, 0x3, 0x50,

    /* U+048C "Ҍ" */
    0x3, 0x60, 0x0, 0x0, 0x0, 0x6c, 0x0, 0x0,
    0x0, 0x9f, 0xff, 0xf5, 0x0, 0x0, 0x6c, 0x0,
    0x0, 0x0, 0x6, 0xfe, 0xee, 0xb3, 0x0, 0x6d,
    0x11, 0x28, 0xf1, 0x6, 0xc0, 0x0, 0xe, 0x50,
    0x6c, 0x0, 0x0, 0xe4, 0x6, 0xc0, 0x1, 0x8e,
    0x10, 0x6f, 0xff, 0xfc, 0x30,

    /* U+048D "ҍ" */
    0x8, 0xa0, 0x0, 0xb, 0xff, 0xff, 0x0, 0x8,
    0xa0, 0x0, 0x0, 0x8f, 0xee, 0xc3, 0x8, 0xa0,
    0x7, 0xd0, 0x8a, 0x0, 0x8c, 0x8, 0xff, 0xfc,
    0x30,

    /* U+048E "Ҏ" */
    0xbf, 0xff, 0xd8, 0x0, 0xb9, 0x22, 0x4d, 0xa0,
    0xb8, 0x0, 0x3, 0xf0, 0xb8, 0xa, 0x43, 0xf0,
    0xb8, 0x1, 0xdb, 0xb0, 0xbf, 0xff, 0xff, 0x10,
    0xb9, 0x22, 0x9, 0x70, 0xb8, 0x0, 0x0, 0x70,
    0xb8, 0x0, 0x0, 0x0,

    /* U+048F "ҏ" */
    0xe5, 0xcf, 0xd5, 0xe, 0xe4, 0x16, 0xf3, 0xe7,
    0x0, 0x9, 0x9e, 0x40, 0x0, 0x7b, 0xe7, 0x3,
    0xaa, 0x9e, 0xe5, 0x2d, 0xf2, 0xe6, 0xbf, 0xdd,
    0x2e, 0x40, 0x0, 0x44, 0xe4, 0x0, 0x0, 0xe,
    0x40, 0x0, 0x0,

    /* U+0490 "Ґ" */
    0x0, 0x0, 0x4d, 0x0, 0x0, 0x4d, 0xbf, 0xff,
    0xfd, 0xb9, 0x22, 0x21, 0xb8, 0x0, 0x0, 0xb8,
    0x0, 0x0, 0xb8, 0x0, 0x0, 0xb8, 0x0, 0x0,
    0xb8, 0x0, 0x0, 0xb8, 0x0, 0x0, 0xb8, 0x0,
    0x0,

    /* U+0491 "ґ" */
    0x0, 0x4, 0x40, 0x0, 0x98, 0xef, 0xff, 0x8e,
    0x51, 0x10, 0xe4, 0x0, 0xe, 0x40, 0x0, 0xe4,
    0x0, 0xe, 0x40, 0x0, 0xe4, 0x0, 0x0,

    /* U+0492 "Ғ" */
    0x6, 0xff, 0xff, 0xf2, 0x6, 0xd2, 0x22, 0x20,
    0x6, 0xc0, 0x0, 0x0, 0x6, 0xc0, 0x0, 0x0,
    0x9f, 0xff, 0xff, 0x50, 0x6, 0xd0, 0x0, 0x0,
    0x6, 0xd0, 0x0, 0x0, 0x6, 0xd0, 0x0, 0x0,
    0x6, 0xd0, 0x0, 0x0,

    /* U+0493 "ғ" */
    0xb, 0xff, 0xff, 0xb, 0x81, 0x11, 0xb, 0x70,
    0x0, 0xb, 0x70, 0x0, 0x6f, 0xee, 0xe2, 0xb,
    0x70, 0x0, 0xb, 0x70, 0x0,

    /* U+0494 "Ҕ" */
    0xbf, 0xff, 0xff, 0x1b, 0x92, 0x22, 0x20, 0xb8,
    0x0, 0x0, 0xb, 0x80, 0x0, 0x0, 0xbc, 0xef,
    0xe8, 0xb, 0xb1, 0x3, 0xe6, 0xb8, 0x0, 0x7,
    0xcb, 0x80, 0x0, 0x5d, 0xb8, 0x0, 0x9, 0xa0,
    0x0, 0x48, 0xf2, 0x0, 0x1d, 0xb4, 0x0,

    /* U+0495 "ҕ" */
    0xef, 0xff, 0xa0, 0xe5, 0x11, 0x10, 0xe4, 0x0,
    0x0, 0xe9, 0xbb, 0x60, 0xeb, 0x56, 0xe6, 0xe4,
    0x0, 0x6d, 0xe4, 0x0, 0x4e, 0x0, 0x0, 0x8b,
    0x0, 0x7a, 0xf3, 0x0, 0x88, 0x20,

    /* U+0496 "Җ" */
    0x4e, 0x10, 0x6, 0xc0, 0x0, 0xaa, 0x0, 0xb8,
    0x0, 0x6c, 0x0, 0x3f, 0x10, 0x2, 0xf2, 0x6,
    0xc0, 0xc, 0x70, 0x0, 0x8, 0xa0, 0x6c, 0x5,
    0xd0, 0x0, 0x0, 0x2f, 0xff, 0xff, 0xf7, 0x0,
    0x0, 0xa, 0xc2, 0x8c, 0x27, 0xe1, 0x0, 0x4,
    0xf2, 0x6, 0xc0, 0xc, 0x90, 0x0, 0xd8, 0x0,
    0x6c, 0x0, 0x3f, 0x51, 0x7e, 0x0, 0x6, 0xc0,
    0x0, 0xdf, 0xa0, 0x0, 0x0, 0x0, 0x0, 0x0,
    0x7a, 0x0, 0x0, 0x0, 0x0, 0x0, 0x7, 0xa0,

    /* U+0497 "җ" */
    0x6d, 0x0, 0x7a, 0x0, 0xa9, 0x0, 0xc6, 0x7,
    0xa0, 0x3e, 0x10, 0x3, 0xe0, 0x7a, 0xc, 0x60,
    0x0, 0xc, 0xff, 0xff, 0xf0, 0x0, 0x4, 0xf3,
    0x8b, 0x2d, 0x70, 0x0, 0xd7, 0x7, 0xa0, 0x4f,
    0x30, 0x8d, 0x0, 0x7a, 0x0, 0xff, 0x80, 0x0,
    0x0, 0x0, 0x0, 0x88, 0x0, 0x0, 0x0, 0x0,
    0x4, 0x40,

    /* U+0498 "Ҙ" */
    0x2a, 0xef, 0xd6, 0x4, 0x84, 0x26, 0xf4, 0x0,
    0x0, 0xb, 0x80, 0x0, 0x1, 0xe5, 0x4, 0xff,
    0xfc, 0x0, 0x2, 0x23, 0xc9, 0x0, 0x0, 0x5,
    0xda, 0x73, 0x24, 0xda, 0x4b, 0xff, 0xe8, 0x0,
    0x6, 0xb0, 0x0, 0x0, 0x6b, 0x0, 0x0,

    /* U+0499 "ҙ" */
    0x2b, 0xfe, 0xa1, 0x16, 0x22, 0xc9, 0x0, 0x0,
    0xa8, 0x2, 0xef, 0xe1, 0x0, 0x0, 0x8c, 0x45,
    0x22, 0xac, 0x3b, 0xff, 0xb2, 0x0, 0x89, 0x0,
    0x0, 0x44, 0x0,

    /* U+049A "Қ" */
    0xb7, 0x0, 0x6, 0xd0, 0xb7, 0x0, 0x2e, 0x30,
    0xb7, 0x0, 0xb8, 0x0, 0xb7, 0x6, 0xd0, 0x0,
    0xbf, 0xff, 0x50, 0x0, 0xb9, 0x29, 0xd0, 0x0,
    0xb7, 0x0, 0xc9, 0x0, 0xb7, 0x0, 0x2f, 0x62,
    0xb7, 0x0, 0x7, 0xff, 0x0, 0x0, 0x0, 0x3e,
    0x0, 0x0, 0x0, 0x3e,

    /* U+049B "қ" */
    0xe4, 0x0, 0xa8, 0xe, 0x40, 0x5d, 0x0, 0xe4,
    0x1e, 0x30, 0xe, 0xff, 0xb0, 0x0, 0xe5, 0x3f,
    0x40, 0xe, 0x40, 0x6e, 0x20, 0xe4, 0x0, 0xef,
    0x90, 0x0, 0x0, 0x79, 0x0, 0x0, 0x3, 0x40,

    /* U+049C "Ҝ" */
    0xb7, 0x0, 0x2, 0xf2, 0xb7, 0x0, 0xb, 0x80,
    0xb7, 0xa3, 0x5e, 0x0, 0xb7, 0xa4, 0xd5, 0x0,
    0xbf, 0xff, 0xe0, 0x0, 0xb9, 0xb6, 0xe6, 0x0,
    0xb7, 0x82, 0x5f, 0x10, 0xb7, 0x0, 0xb, 0xb0,
    0xb7, 0x0, 0x1, 0xf5,

    /* U+049D "ҝ" */
    0xe4, 0x0, 0x7c, 0xe, 0x40, 0x1e, 0x20, 0xe6,
    0xb9, 0x80, 0xe, 0xff, 0xf1, 0x0, 0xe7, 0xbb,
    0x90, 0xe, 0x57, 0x1f, 0x40, 0xe4, 0x0, 0x7d,
    0x0,

    /* U+049E "Ҟ" */
    0x6, 0xc0, 0x0, 0x3f, 0x28, 0xff, 0xeb, 0xc,
    0x70, 0x6, 0xc0, 0x7, 0xc0, 0x0, 0x6c, 0x2,
    0xe2, 0x0, 0x6, 0xff, 0xf9, 0x0, 0x0, 0x6c,
    0x25, 0xf3, 0x0, 0x6, 0xc0, 0x8, 0xd0, 0x0,
    0x6c, 0x0, 0xd, 0x80, 0x6, 0xc0, 0x0, 0x2f,
    0x40,

    /* U+049F "ҟ" */
    0x9, 0x30, 0x0, 0x0, 0xef, 0xee, 0x10, 0x0,
    0xe, 0x40, 0x0, 0x0, 0xe, 0x40, 0xa, 0x80,
    0xe, 0x40, 0x5d, 0x0, 0xe, 0x41, 0xe3, 0x0,
    0xe, 0xff, 0xa0, 0x0, 0xe, 0x53, 0xf4, 0x0,
    0xe, 0x40, 0x6e, 0x10, 0xe, 0x40, 0xa, 0xb0,

    /* U+04A0 "Ҡ" */
    0xdf, 0xfe, 0x0, 0x1, 0xe3, 0x12, 0x6e, 0x0,
    0xb, 0x90, 0x0, 0x4e, 0x0, 0x5d, 0x0, 0x0,
    0x4e, 0x1, 0xe3, 0x0, 0x0, 0x4f, 0xff, 0xb0,
    0x0, 0x0, 0x4e, 0x24, 0xf4, 0x0, 0x0, 0x4e,
    0x0, 0x6e, 0x10, 0x0, 0x4e, 0x0, 0xb, 0xa0,
    0x0, 0x4e, 0x0, 0x1, 0xe5,

    /* U+04A1 "ҡ" */
    0xff, 0xf2, 0x0, 0xc6, 0x11, 0xf2, 0x7, 0xb0,
    0x0, 0xf2, 0x2e, 0x10, 0x0, 0xff, 0xf8, 0x0,
    0x0, 0xf3, 0x5f, 0x20, 0x0, 0xf2, 0x8, 0xd0,
    0x0, 0xf2, 0x0, 0xc9,

    /* U+04A2 "Ң" */
    0xb8, 0x0, 0x0, 0xa8, 0xb, 0x80, 0x0, 0xa,
    0x80, 0xb8, 0x0, 0x0, 0xa8, 0xb, 0x80, 0x0,
    0xa, 0x80, 0xbf, 0xff, 0xff, 0xf8, 0xb, 0x92,
    0x22, 0x2b, 0x80, 0xb8, 0x0, 0x0, 0xa8, 0xb,
    0x80, 0x0, 0xc, 0xa1, 0xb8, 0x0, 0x0, 0xff,
    0xd0, 0x0, 0x0, 0x0, 0x4d, 0x0, 0x0, 0x0,
    0x4, 0xd0,

    /* U+04A3 "ң" */
    0xe4, 0x0, 0x1f, 0x0, 0xe4, 0x0, 0x1f, 0x0,
    0xe4, 0x0, 0x1f, 0x0, 0xef, 0xff, 0xff, 0x0,
    0xe5, 0x22, 0x3f, 0x0, 0xe4, 0x0, 0x1f, 0x20,
    0xe4, 0x0, 0x3f, 0xf0, 0x0, 0x0, 0x0, 0xf0,
    0x0, 0x0, 0x0, 0x80,

    /* U+04A4 "Ҥ" */
    0xb8, 0x0, 0x0, 0xff, 0xff, 0xfe, 0xb8, 0x0,
    0x0, 0xff, 0x22, 0x21, 0xb8, 0x0, 0x0, 0xff,
    0x0, 0x0, 0xb8, 0x0, 0x0, 0xff, 0x0, 0x0,
    0xbf, 0xff, 0xff, 0xff, 0x0, 0x0, 0xb9, 0x22,
    0x22, 0xff, 0x0, 0x0, 0xb8, 0x0, 0x0, 0xff,
    0x0, 0x0, 0xb8, 0x0, 0x0, 0xff, 0x0, 0x0,
    0xb8, 0x0, 0x0, 0xff, 0x0, 0x0,

    /* U+04A5 "ҥ" */
    0xe4, 0x0, 0x3f, 0xff, 0xf9, 0xe4, 0x0, 0x3f,
    0x31, 0x11, 0xe4, 0x0, 0x3f, 0x10, 0x0, 0xef,
    0xff, 0xff, 0x10, 0x0, 0xe5, 0x22, 0x5f, 0x10,
    0x0, 0xe4, 0x0, 0x3f, 0x10, 0x0, 0xe4, 0x0,
    0x3f, 0x10, 0x0,

    /* U+04A6 "Ҧ" */
    0xbf, 0xff, 0xff, 0xf8, 0x0, 0x0, 0xb, 0x92,
    0x22, 0x2a, 0x80, 0x0, 0x0, 0xb8, 0x0, 0x0,
    0xa8, 0x0, 0x0, 0xb, 0x80, 0x0, 0xa, 0x80,
    0x0, 0x0, 0xb8, 0x0, 0x0, 0xad, 0xef, 0xe8,
    0xb, 0x80, 0x0, 0xa, 0xc2, 0x3, 0xe6, 0xb8,
    0x0, 0x0, 0xa8, 0x0, 0x6, 0xcb, 0x80, 0x0,
    0xa, 0x80, 0x0, 0x5d, 0xb8, 0x0, 0x0, 0xa8,
    0x0, 0x9, 0xb0, 0x0, 0x0, 0x0, 0x0, 0x47,
    0xf2, 0x0, 0x0, 0x0, 0x0, 0xd, 0xb4, 0x0,

    /* U+04A7 "ҧ" */
    0xef, 0xff, 0xfd, 0x0, 0x0, 0xe, 0x51, 0x16,
    0xd0, 0x0, 0x0, 0xe4, 0x0, 0x5d, 0x0, 0x0,
    0xe, 0x40, 0x5, 0xe9, 0xb9, 0x20, 0xe4, 0x0,
    0x5f, 0x85, 0xae, 0xe, 0x40, 0x5, 0xd0, 0x0,
    0xd5, 0xe4, 0x0, 0x5d, 0x0, 0xb, 0x60, 0x0,
    0x0, 0x0, 0x1, 0xe4, 0x0, 0x0, 0x0, 0x38,
    0xdb, 0x0, 0x0, 0x0, 0x3, 0x96, 0x0,

    /* U+04A8 "Ҩ" */
    0x0, 0xa5, 0x4, 0xcf, 0xd4, 0x0, 0x8d, 0x2,
    0xf8, 0x38, 0xf2, 0xf, 0x40, 0x9b, 0x0, 0xb,
    0x93, 0xf0, 0xb, 0x70, 0x0, 0x8b, 0x4e, 0x0,
    0xb7, 0x0, 0x8, 0xa2, 0xf1, 0x8, 0xa0, 0x0,
    0xb6, 0xc, 0x80, 0x2e, 0x10, 0x2d, 0x0, 0x2e,
    0x92, 0x5c, 0x3b, 0x21, 0x0, 0x2a, 0xef, 0xdb,
    0xfe, 0xa0,

    /* U+04A9 "ҩ" */
    0x5, 0xb0, 0x5e, 0xfa, 0x1, 0xf4, 0x2f, 0x42,
    0xc9, 0x5d, 0x7, 0xb0, 0x5, 0xd6, 0xb0, 0x7a,
    0x0, 0x5c, 0x3e, 0x3, 0xe0, 0xa, 0x70, 0xbb,
    0x28, 0xa7, 0xc1, 0x0, 0x8e, 0xfd, 0xdf, 0xc0,

    /* U+04AA "Ҫ" */
    0x0, 0x3b, 0xff, 0xc4, 0x0, 0x4f, 0x94, 0x38,
    0xe1, 0xd, 0x70, 0x0, 0x0, 0x4, 0xf0, 0x0,
    0x0, 0x0, 0x5d, 0x0, 0x0, 0x0, 0x4, 0xf0,
    0x0, 0x0, 0x0, 0xd, 0x70, 0x0, 0x0, 0x0,
    0x4f, 0x94, 0x38, 0xe1, 0x0, 0x3b, 0xff, 0xc3,
    0x0, 0x0, 0x9, 0x90, 0x0, 0x0, 0x0, 0x99,
    0x0, 0x0,

    /* U+04AB "ҫ" */
    0x1, 0xbf, 0xe8, 0x0, 0xda, 0x24, 0xc3, 0x5d,
    0x0, 0x0, 0x7, 0xb0, 0x0, 0x0, 0x5d, 0x0,
    0x0, 0x0, 0xda, 0x24, 0xd3, 0x1, 0xbf, 0xf8,
    0x0, 0x0, 0xc5, 0x0, 0x0, 0x6, 0x20, 0x0,

    /* U+04AC "Ҭ" */
    0xdf, 0xff, 0xff, 0xf1, 0x12, 0x2f, 0x52, 0x20,
    0x0, 0xf, 0x30, 0x0, 0x0, 0xf, 0x30, 0x0,
    0x0, 0xf, 0x30, 0x0, 0x0, 0xf, 0x30, 0x0,
    0x0, 0xf, 0x30, 0x0, 0x0, 0xf, 0x51, 0x0,
    0x0, 0xf, 0xf7, 0x0, 0x0, 0x0, 0xa7, 0x0,
    0x0, 0x0, 0xa7, 0x0,

    /* U+04AD "ҭ" */
    0xff, 0xff, 0xfd, 0x11, 0xa9, 0x11, 0x0, 0xa8,
    0x0, 0x0, 0xa8, 0x0, 0x0, 0xa8, 0x0, 0x0,
    0xa8, 0x0, 0x0, 0xaf, 0x80, 0x0, 0x9, 0x80,
    0x0, 0x5, 0x40,

    /* U+04AE "Ү" */
    0xaa, 0x0, 0x0, 0x8a, 0x1f, 0x30, 0x2, 0xe1,
    0x8, 0xc0, 0xa, 0x80, 0x0, 0xe5, 0x3e, 0x0,
    0x0, 0x5e, 0xd5, 0x0, 0x0, 0xc, 0xc0, 0x0,
    0x0, 0x9, 0x90, 0x0, 0x0, 0x9, 0x90, 0x0,
    0x0, 0x9, 0x90, 0x0,

    /* U+04AF "ү" */
    0xb7, 0x0, 0x7, 0x95, 0xd0, 0x0, 0xd3, 0xf,
    0x30, 0x4d, 0x0, 0x99, 0xa, 0x70, 0x3, 0xe1,
    0xf1, 0x0, 0xd, 0xbb, 0x0, 0x0, 0x7f, 0x50,
    0x0, 0x2, 0xf0, 0x0, 0x0, 0x2f, 0x0, 0x0,
    0x2, 0xf0, 0x0,

    /* U+04B0 "Ұ" */
    0x9a, 0x0, 0x0, 0x8a, 0x1e, 0x40, 0x2, 0xe1,
    0x6, 0xd0, 0xc, 0x60, 0x0, 0xc7, 0x5d, 0x0,
    0x0, 0x3f, 0xe3, 0x0, 0x8, 0xef, 0xfe, 0x70,
    0x0, 0x9, 0x90, 0x0, 0x0, 0x9, 0x90, 0x0,
    0x0, 0x9, 0x90, 0x0,

    /* U+04B1 "ұ" */
    0xb7, 0x0, 0x7, 0xa6, 0xd0, 0x0, 0xd4, 0xf,
    0x20, 0x3e, 0x0, 0xa8, 0x9, 0x80, 0x4, 0xe0,
    0xe2, 0x0, 0xe, 0x9d, 0x0, 0x0, 0x9f, 0x70,
    0x2, 0xee, 0xfe, 0xe0, 0x0, 0x2f, 0x0, 0x0,
    0x2, 0xf0, 0x0,

    /* U+04B2 "Ҳ" */
    0x4f, 0x20, 0x2, 0xf4, 0x0, 0x9c, 0x0, 0xc9,
    0x0, 0x0, 0xe7, 0x7e, 0x0, 0x0, 0x4, 0xff,
    0x40, 0x0, 0x0, 0xe, 0xe0, 0x0, 0x0, 0x7,
    0xde, 0x80, 0x0, 0x2, 0xf4, 0x4f, 0x30, 0x0,
    0xc9, 0x0, 0x9e, 0x20, 0x7d, 0x0, 0x0, 0xff,
    0x50, 0x0, 0x0, 0x0, 0xc5, 0x0, 0x0, 0x0,
    0xc, 0x50,

    /* U+04B3 "ҳ" */
    0x6d, 0x0, 0x5d, 0x0, 0xb8, 0x1e, 0x30, 0x1,
    0xed, 0x80, 0x0, 0x9, 0xf1, 0x0, 0x2, 0xeb,
    0x90, 0x0, 0xd6, 0x1e, 0x61, 0x8b, 0x0, 0x4f,
    0xf0, 0x0, 0x0, 0x2e, 0x0, 0x0, 0x1, 0x70,

    /* U+04B4 "Ҵ" */
    0xdf, 0xff, 0xff, 0xc0, 0x1f, 0x10, 0x12, 0x2f,
    0x52, 0x10, 0x1f, 0x10, 0x0, 0xf, 0x30, 0x0,
    0x1f, 0x10, 0x0, 0xf, 0x30, 0x0, 0x1f, 0x10,
    0x0, 0xf, 0x30, 0x0, 0x1f, 0x10, 0x0, 0xf,
    0x30, 0x0, 0x1f, 0x10, 0x0, 0xf, 0x30, 0x0,
    0x1f, 0x10, 0x0, 0xf, 0x52, 0x22, 0x3f, 0x30,
    0x0, 0xf, 0xff, 0xff, 0xff, 0xf6, 0x0, 0x0,
    0x0, 0x0, 0x0, 0xb6, 0x0, 0x0, 0x0, 0x0,
    0x0, 0xb6,

    /* U+04B5 "ҵ" */
    0xff, 0xff, 0xf6, 0x4e, 0x1, 0x1a, 0x91, 0x4,
    0xe0, 0x0, 0x98, 0x0, 0x4e, 0x0, 0x9, 0x80,
    0x4, 0xe0, 0x0, 0x98, 0x0, 0x4e, 0x0, 0x9,
    0x91, 0x15, 0xe1, 0x0, 0x9f, 0xff, 0xff, 0xd0,
    0x0, 0x0, 0x0, 0x4d, 0x0, 0x0, 0x0, 0x2,
    0x60,

    /* U+04B6 "Ҷ" */
    0x99, 0x0, 0x0, 0xe4, 0x9, 0x90, 0x0, 0xe,
    0x40, 0x99, 0x0, 0x0, 0xe4, 0x7, 0xb0, 0x0,
    0xe, 0x40, 0x3f, 0x50, 0x15, 0xf4, 0x0, 0x7f,
    0xff, 0xcf, 0x40, 0x0, 0x2, 0x10, 0xe4, 0x0,
    0x0, 0x0, 0xf, 0x71, 0x0, 0x0, 0x0, 0xff,
    0x90, 0x0, 0x0, 0x0, 0x89, 0x0, 0x0, 0x0,
    0x8, 0x90,

    /* U+04B7 "ҷ" */
    0x8a, 0x0, 0xf, 0x30, 0x8a, 0x0, 0xf, 0x30,
    0x7a, 0x0, 0xf, 0x30, 0x5e, 0x10, 0x3f, 0x30,
    0xa, 0xff, 0xcf, 0x30, 0x0, 0x0, 0xf, 0x40,
    0x0, 0x0, 0xf, 0xf3, 0x0, 0x0, 0x0, 0xe3,
    0x0, 0x0, 0x0, 0x71,

    /* U+04B8 "Ҹ" */
    0x99, 0x0, 0x0, 0xe4, 0x99, 0x0, 0x0, 0xe4,
    0x99, 0x0, 0x0, 0xe4, 0x7b, 0x9, 0x50, 0xe4,
    0x3f, 0x8a, 0x87, 0xf4, 0x5, 0xdf, 0xea, 0xf4,
    0x0, 0x9, 0x50, 0xe4, 0x0, 0x7, 0x40, 0xe4,
    0x0, 0x0, 0x0, 0xe4,

    /* U+04B9 "ҹ" */
    0x8a, 0x0, 0xf, 0x38, 0xa0, 0x0, 0xf3, 0x7b,
    0x9, 0xf, 0x33, 0xf8, 0xe9, 0xf3, 0x5, 0xae,
    0x5f, 0x30, 0x1, 0xc0, 0xf3, 0x0, 0x0, 0xf,
    0x30,

    /* U+04BA "Һ" */
    0xb8, 0x0, 0x0, 0x0, 0xb8, 0x0, 0x0, 0x0,
    0xb8, 0x0, 0x0, 0x0, 0xbb, 0xbe, 0xea, 0x10,
    0xbd, 0x63, 0x4c, 0xc0, 0xb8, 0x0, 0x2, 0xf1,
    0xb8, 0x0, 0x0, 0xf2, 0xb8, 0x0, 0x0, 0xf3,
    0xb8, 0x0, 0x0, 0xf3,

    /* U+04BB "һ" */
    0xa2, 0x0, 0x0, 0xe, 0x40, 0x0, 0x0, 0xe4,
    0x0, 0x0, 0xe, 0x8d, 0xfc, 0x30, 0xee, 0x52,
    0xad, 0xe, 0x60, 0x1, 0xf1, 0xe4, 0x0, 0xf,
    0x2e, 0x40, 0x0, 0xf2, 0xe4, 0x0, 0xf, 0x2e,
    0x40, 0x0, 0xf2,

    /* U+04BC "Ҽ" */
    0x0, 0x0, 0x2a, 0xff, 0xb3, 0x0, 0x11, 0x2,
    0xfa, 0x33, 0x8f, 0x40, 0x8a, 0xc, 0x90, 0x0,
    0x6, 0xe0, 0x9b, 0x2f, 0x10, 0x0, 0x0, 0xf4,
    0x2e, 0xff, 0xff, 0xff, 0xff, 0xf5, 0x0, 0x3f,
    0x42, 0x22, 0x22, 0x20, 0x0, 0xd, 0x90, 0x0,
    0x0, 0x0, 0x0, 0x2, 0xfa, 0x43, 0x7f, 0x40,
    0x0, 0x0, 0x2a, 0xef, 0xc5, 0x0,

    /* U+04BD "ҽ" */
    0x0, 0x4, 0xdf, 0xd4, 0x5, 0x33, 0xf5, 0x15,
    0xf3, 0xb5, 0xa8, 0x0, 0x8, 0x94, 0xef, 0xfe,
    0xee, 0xeb, 0x0, 0xa9, 0x0, 0x0, 0x0, 0x3,
    0xf7, 0x23, 0xa1, 0x0, 0x4, 0xcf, 0xe7, 0x0,

    /* U+04BE "Ҿ" */
    0x0, 0x0, 0x2a, 0xff, 0xb3, 0x0, 0x11, 0x2,
    0xfa, 0x33, 0x8f, 0x40, 0x8a, 0xc, 0x90, 0x0,
    0x6, 0xe0, 0x9b, 0x2f, 0x10, 0x0, 0x0, 0xf4,
    0x2e, 0xff, 0xff, 0xff, 0xff, 0xf5, 0x0, 0x3f,
    0x42, 0x22, 0x22, 0x20, 0x0, 0xd, 0x90, 0x0,
    0x0, 0x0, 0x0, 0x2, 0xfa, 0x43, 0x7f, 0x40,
    0x0, 0x0, 0x2a, 0xff, 0xc5, 0x0, 0x0, 0x0,
    0x0, 0x6b, 0x0, 0x0, 0x0, 0x0, 0x0, 0x6b,
    0x0, 0x0,

    /* U+04BF "ҿ" */
    0x0, 0x4, 0xdf, 0xd4, 0x5, 0x33, 0xf5, 0x15,
    0xf3, 0xb5, 0xa8, 0x0, 0x8, 0x94, 0xef, 0xfe,
    0xee, 0xeb, 0x0, 0xa9, 0x0, 0x0, 0x0, 0x3,
    0xf7, 0x23, 0xa1, 0x0, 0x4, 0xcf, 0xf7, 0x0,
    0x0, 0x0, 0xf2, 0x0, 0x0, 0x0, 0x7, 0x10,
    0x0,

    /* U+04C0 "Ӏ" */
    0xb8, 0xb8, 0xb8, 0xb8, 0xb8, 0xb8, 0xb8, 0xb8,
    0xb8,

    /* U+04C1 "Ӂ" */
    0x0, 0x0, 0x60, 0x5, 0x10, 0x0, 0x0, 0x0,
    0x5, 0xbb, 0x90, 0x0, 0x0, 0x0, 0x0, 0x0,
    0x0, 0x0, 0x0, 0x4, 0xe1, 0x0, 0x6c, 0x0,
    0xa, 0xa0, 0xb, 0x80, 0x6, 0xc0, 0x3, 0xf1,
    0x0, 0x2f, 0x20, 0x6c, 0x0, 0xc7, 0x0, 0x0,
    0x8a, 0x6, 0xc0, 0x5d, 0x0, 0x0, 0x2, 0xff,
    0xff, 0xff, 0x70, 0x0, 0x0, 0xac, 0x28, 0xc2,
    0x7e, 0x10, 0x0, 0x4f, 0x20, 0x6c, 0x0, 0xc9,
    0x0, 0xd, 0x80, 0x6, 0xc0, 0x3, 0xf3, 0x7,
    0xe0, 0x0, 0x6c, 0x0, 0x9, 0xc0,

    /* U+04C2 "ӂ" */
    0x0, 0x5, 0x0, 0x60, 0x0, 0x0, 0x0, 0x4b,
    0xc6, 0x0, 0x0, 0x0, 0x0, 0x0, 0x0, 0x0,
    0x6, 0xd0, 0x7, 0xa0, 0xa, 0x90, 0xc, 0x60,
    0x7a, 0x3, 0xe1, 0x0, 0x3e, 0x7, 0xa0, 0xc6,
    0x0, 0x0, 0xcf, 0xff, 0xff, 0x0, 0x0, 0x4f,
    0x38, 0xb2, 0xd7, 0x0, 0xd, 0x70, 0x7a, 0x4,
    0xf2, 0x8, 0xd0, 0x7, 0xa0, 0xa, 0xb0,

    /* U+04C3 "Ӄ" */
    0xb7, 0x0, 0x7, 0xd0, 0xb7, 0x0, 0x2f, 0x30,
    0xb7, 0x0, 0xb8, 0x0, 0xb7, 0x6, 0xd0, 0x0,
    0xbf, 0xff, 0x60, 0x0, 0xb9, 0x28, 0xe1, 0x0,
    0xb7, 0x0, 0xad, 0x0, 0xb7, 0x0, 0xe, 0x80,
    0xb7, 0x0, 0x5, 0xf0, 0x0, 0x0, 0x0, 0xf4,
    0x0, 0x0, 0x35, 0xf2, 0x0, 0x0, 0xdf, 0x80,

    /* U+04C4 "ӄ" */
    0xe4, 0x0, 0xa8, 0xe4, 0x5, 0xd0, 0xe4, 0x1e,
    0x30, 0xef, 0xfc, 0x0, 0xe5, 0x2d, 0x80, 0xe4,
    0x2, 0xf2, 0xe4, 0x0, 0x99, 0x0, 0x0, 0x5c,
    0x0, 0x12, 0x8b, 0x0, 0x4e, 0xd3,

    /* U+04C5 "Ӆ" */
    0x0, 0xcf, 0xff, 0xff, 0x20, 0x0, 0xc5, 0x22,
    0x2f, 0x20, 0x0, 0xd3, 0x0, 0xf, 0x20, 0x0,
    0xd3, 0x0, 0xf, 0x20, 0x0, 0xe2, 0x0, 0xf,
    0x20, 0x0, 0xf0, 0x0, 0xf, 0x20, 0x2, 0xe0,
    0x0, 0xf, 0x20, 0x1a, 0xa0, 0x0, 0xf, 0x40,
    0xcd, 0x20, 0x0, 0xf, 0xf3, 0x0, 0x0, 0x0,
    0x1, 0xe0, 0x0, 0x0, 0x0, 0x5, 0xa0,

    /* U+04C6 "ӆ" */
    0x5, 0xff, 0xff, 0x90, 0x6, 0xb1, 0x19, 0x90,
    0x6, 0x90, 0x9, 0x90, 0x7, 0x80, 0x9, 0x90,
    0x9, 0x60, 0x9, 0x90, 0x1e, 0x30, 0x9, 0x90,
    0xea, 0x0, 0x9, 0xf6, 0x0, 0x0, 0x0, 0xd2,
    0x0, 0x0, 0x0, 0x70,

    /* U+04C7 "Ӈ" */
    0xb8, 0x0, 0x0, 0xb8, 0xb8, 0x0, 0x0, 0xb8,
    0xb8, 0x0, 0x0, 0xb8, 0xb8, 0x0, 0x0, 0xb8,
    0xbf, 0xff, 0xff, 0xf8, 0xb9, 0x22, 0x22, 0xb8,
    0xb8, 0x0, 0x0, 0xb8, 0xb8, 0x0, 0x0, 0xb8,
    0xb8, 0x0, 0x0, 0xb8, 0x0, 0x0, 0x0, 0xb7,
    0x0, 0x0, 0x79, 0xf4, 0x0, 0x0, 0x58, 0x40,

    /* U+04C8 "ӈ" */
    0xe4, 0x0, 0xf, 0x1e, 0x40, 0x0, 0xf1, 0xe4,
    0x0, 0xf, 0x1e, 0xff, 0xff, 0xf1, 0xe5, 0x22,
    0x2f, 0x1e, 0x40, 0x0, 0xf1, 0xe4, 0x0, 0xf,
    0x10, 0x0, 0x0, 0xf1, 0x0, 0x3, 0x5f, 0x0,
    0x1, 0xee, 0x60,

    /* U+04C9 "Ӊ" */
    0xb8, 0x0, 0x0, 0xa8, 0xb, 0x80, 0x0, 0xa,
    0x80, 0xb8, 0x0, 0x0, 0xa8, 0xb, 0x80, 0x0,
    0xa, 0x80, 0xbf, 0xff, 0xff, 0xf8, 0xb, 0x92,
    0x22, 0x2b, 0x80, 0xb8, 0x0, 0x0, 0xa8, 0xb,
    0x80, 0x0, 0xa, 0x91, 0xb8, 0x0, 0x0, 0xaf,
    0x90, 0x0, 0x0, 0x0, 0xb5, 0x0, 0x0, 0x0,
    0xe, 0x10,

    /* U+04CA "ӊ" */
    0xe4, 0x0, 0x1f, 0x0, 0xe4, 0x0, 0x1f, 0x0,
    0xe4, 0x0, 0x1f, 0x0, 0xef, 0xff, 0xff, 0x0,
    0xe5, 0x22, 0x3f, 0x0, 0xe4, 0x0, 0x1f, 0x0,
    0xe4, 0x0, 0x1f, 0xe0, 0x0, 0x0, 0x5, 0xa0,
    0x0, 0x0, 0x4, 0x40,

    /* U+04CB "Ӌ" */
    0x6c, 0x0, 0x0, 0xb7, 0x6c, 0x0, 0x0, 0xb7,
    0x6c, 0x0, 0x0, 0xb7, 0x4e, 0x0, 0x0, 0xb7,
    0x1f, 0x80, 0x4, 0xd7, 0x4, 0xef, 0xfd, 0xe7,
    0x0, 0x1, 0x10, 0xb7, 0x0, 0x0, 0x2, 0xc7,
    0x0, 0x0, 0x2f, 0xf7, 0x0, 0x0, 0x2f, 0x0,
    0x0, 0x0, 0x2f, 0x0,

    /* U+04CC "ӌ" */
    0x8a, 0x0, 0xf, 0x28, 0xa0, 0x0, 0xf2, 0x6d,
    0x10, 0x2f, 0x20, 0xcf, 0xfc, 0xf2, 0x0, 0x0,
    0xf, 0x20, 0x0, 0x0, 0xf2, 0x0, 0x1, 0xff,
    0x20, 0x0, 0x1f, 0x0, 0x0, 0x0, 0x80, 0x0,

    /* U+04CD "Ӎ" */
    0xb9, 0x0, 0x0, 0x1, 0xf3, 0xb, 0xf2, 0x0,
    0x0, 0x9f, 0x30, 0xbe, 0xa0, 0x0, 0x2e, 0xf3,
    0xb, 0x8e, 0x30, 0xa, 0x7e, 0x30, 0xb7, 0x6c,
    0x3, 0xe0, 0xe3, 0xb, 0x70, 0xd5, 0xc5, 0xe,
    0x30, 0xb7, 0x4, 0xfc, 0x0, 0xe3, 0xb, 0x70,
    0xa, 0x40, 0xe, 0x51, 0xb7, 0x0, 0x0, 0x0,
    0xef, 0x60, 0x0, 0x0, 0x0, 0x0, 0xe1, 0x0,
    0x0, 0x0, 0x0, 0x2d, 0x0,

    /* U+04CE "ӎ" */
    0xe8, 0x0, 0x0, 0xd7, 0xe, 0xf1, 0x0, 0x6f,
    0x70, 0xea, 0x90, 0xe, 0xb7, 0xe, 0x3e, 0x28,
    0x89, 0x70, 0xe2, 0x6b, 0xe1, 0x97, 0xe, 0x20,
    0xd7, 0x9, 0x70, 0xe2, 0x2, 0x0, 0x9f, 0x70,
    0x0, 0x0, 0x0, 0xd2, 0x0, 0x0, 0x0, 0x8,
    0x0,

    /* U+04CF "ӏ" */
    0x93, 0xe4, 0xe4, 0xe4, 0xe4, 0xe4, 0xe4, 0xe4,
    0xe4, 0xe4,

    /* U+04D0 "Ӑ" */
    0x0, 0x33, 0x2, 0x40, 0x0, 0x1, 0xab, 0xb2,
    0x0, 0x0, 0x0, 0x0, 0x0, 0x0, 0x0, 0x4f,
    0x50, 0x0, 0x0, 0xa, 0xdc, 0x0, 0x0, 0x1,
    0xf2, 0xf3, 0x0, 0x0, 0x8b, 0xa, 0x90, 0x0,
    0xe, 0x50, 0x4f, 0x10, 0x6, 0xe0, 0x0, 0xd7,
    0x0, 0xcf, 0xee, 0xef, 0xe0, 0x3f, 0x31, 0x11,
    0x2f, 0x5a, 0x90, 0x0, 0x0, 0x8b,

    /* U+04D1 "ӑ" */
    0x2, 0x30, 0x42, 0x0, 0x1a, 0xba, 0x0, 0x0,
    0x0, 0x0, 0x0, 0x8d, 0xfc, 0x30, 0xa, 0x32,
    0x9d, 0x0, 0x0, 0x1, 0xf0, 0x9, 0xde, 0xef,
    0x14, 0xd1, 0x0, 0xf1, 0x5e, 0x10, 0x8f, 0x10,
    0x9f, 0xe7, 0xf1,

    /* U+04D2 "Ӓ" */
    0x0, 0x0, 0x0, 0x0, 0x0, 0x1, 0xe0, 0xd2,
    0x0, 0x0, 0x2, 0x2, 0x0, 0x0, 0x0, 0x4f,
    0x50, 0x0, 0x0, 0xa, 0xdc, 0x0, 0x0, 0x1,
    0xf2, 0xf3, 0x0, 0x0, 0x8b, 0xa, 0x90, 0x0,
    0xe, 0x50, 0x4f, 0x10, 0x6, 0xe0, 0x0, 0xd7,
    0x0, 0xcf, 0xee, 0xef, 0xe0, 0x3f, 0x31, 0x11,
    0x2f, 0x5a, 0x90, 0x0, 0x0, 0x8b,

    /* U+04D3 "ӓ" */
    0x2, 0xc0, 0xd1, 0x0, 0x3, 0x3, 0x0, 0x8,
    0xdf, 0xc3, 0x0, 0xa3, 0x29, 0xd0, 0x0, 0x0,
    0x1f, 0x0, 0x9d, 0xee, 0xf1, 0x4d, 0x10, 0xf,
    0x15, 0xe1, 0x8, 0xf1, 0x9, 0xfe, 0x7f, 0x10,

    /* U+04D4 "Ӕ" */
    0x0, 0x0, 0x3f, 0xff, 0xff, 0xfd, 0x0, 0x0,
    0xb9, 0xf3, 0x22, 0x21, 0x0, 0x4, 0xe2, 0xf1,
    0x0, 0x0, 0x0, 0xd, 0x71, 0xf1, 0x0, 0x0,
    0x0, 0x6e, 0x1, 0xff, 0xff, 0xf4, 0x0, 0xe6,
    0x1, 0xf3, 0x22, 0x20, 0x8, 0xfe, 0xee, 0xf1,
    0x0, 0x0, 0x1f, 0x51, 0x13, 0xf3, 0x22, 0x22,
    0xaa, 0x0, 0x1, 0xff, 0xff, 0xff,

    /* U+04D5 "ӕ" */
    0x8, 0xdf, 0xc3, 0x6e, 0xfa, 0x10, 0xa, 0x32,
    0x9f, 0xd4, 0x2a, 0xc0, 0x0, 0x0, 0x1f, 0x50,
    0x0, 0xf3, 0x9, 0xde, 0xef, 0xee, 0xee, 0xe4,
    0x4d, 0x0, 0x1f, 0x40, 0x0, 0x0, 0x4e, 0x32,
    0xae, 0xe4, 0x26, 0x80, 0x8, 0xef, 0xa1, 0x7d,
    0xfd, 0x40,

    /* U+04D6 "Ӗ" */
    0x5, 0x10, 0x52, 0x0, 0x4b, 0xb9, 0x0, 0x0,
    0x0, 0x0, 0xb, 0xff, 0xff, 0xf3, 0xb9, 0x22,
    0x22, 0xb, 0x80, 0x0, 0x0, 0xb8, 0x0, 0x0,
    0xb, 0xff, 0xff, 0xa0, 0xb9, 0x22, 0x21, 0xb,
    0x80, 0x0, 0x0, 0xb9, 0x22, 0x22, 0xb, 0xff,
    0xff, 0xf6,

    /* U+04D7 "ӗ" */
    0x0, 0x50, 0x24, 0x0, 0x8, 0xcb, 0x20, 0x0,
    0x0, 0x0, 0x0, 0x2b, 0xfd, 0x60, 0xd, 0x81,
    0x4e, 0x45, 0xd0, 0x0, 0x6b, 0x7f, 0xdd, 0xdd,
    0xc5, 0xd0, 0x0, 0x0, 0xd, 0x92, 0x39, 0x20,
    0x1b, 0xff, 0x90,

    /* U+04D8 "Ә" */
    0x0, 0x6c, 0xfe, 0xa2, 0x0, 0x6, 0xe7, 0x34,
    0xbf, 0x30, 0x0, 0x10, 0x0, 0xa, 0xd0, 0x0,
    0x0, 0x0, 0x2, 0xf2, 0x7f, 0xff, 0xff, 0xff,
    0xf3, 0x6d, 0x0, 0x0, 0x1, 0xf2, 0x1f, 0x40,
    0x0, 0x9, 0xc0, 0x6, 0xf7, 0x33, 0xaf, 0x30,
    0x0, 0x5c, 0xfe, 0xa2, 0x0,

    /* U+04D9 "ә" */
    0x6, 0xdf, 0xd5, 0x0, 0xa4, 0x26, 0xf4, 0x0,
    0x0, 0x8, 0xb7, 0xed, 0xdd, 0xed, 0x5c, 0x0,
    0x7, 0xb0, 0xe7, 0x25, 0xe4, 0x2, 0xcf, 0xd5,
    0x0,

    /* U+04DA "Ӛ" */
    0x0, 0x0, 0x0, 0x0, 0x0, 0x0, 0xa, 0x57,
    0x90, 0x0, 0x0, 0x1, 0x0, 0x10, 0x0, 0x0,
    0x0, 0x0, 0x0, 0x0, 0x0, 0x6c, 0xfe, 0xa2,
    0x0, 0x6, 0xe7, 0x34, 0xbf, 0x30, 0x0, 0x10,
    0x0, 0xa, 0xd0, 0x0, 0x0, 0x0, 0x2, 0xf2,
    0x7f, 0xff, 0xff, 0xff, 0xf3, 0x6d, 0x0, 0x0,
    0x1, 0xf2, 0x1f, 0x40, 0x0, 0x9, 0xc0, 0x6,
    0xf7, 0x33, 0xaf, 0x30, 0x0, 0x5c, 0xfe, 0xa2,
    0x0,

    /* U+04DB "ӛ" */
    0x0, 0xd1, 0xa4, 0x0, 0x3, 0x3, 0x0, 0x6,
    0xdf, 0xd5, 0x0, 0xa4, 0x26, 0xf4, 0x0, 0x0,
    0x8, 0xb7, 0xed, 0xdd, 0xed, 0x5c, 0x0, 0x7,
    0xb0, 0xe7, 0x25, 0xe4, 0x2, 0xcf, 0xd5, 0x0,

    /* U+04DC "Ӝ" */
    0x0, 0x0, 0x0, 0x0, 0x0, 0x0, 0x0, 0x0,
    0x6, 0x93, 0xc0, 0x0, 0x0, 0x0, 0x0, 0x1,
    0x2, 0x0, 0x0, 0x4, 0xe1, 0x0, 0x6c, 0x0,
    0xa, 0xa0, 0xb, 0x80, 0x6, 0xc0, 0x3, 0xf1,
    0x0, 0x2f, 0x20, 0x6c, 0x0, 0xc7, 0x0, 0x0,
    0x8a, 0x6, 0xc0, 0x5d, 0x0, 0x0, 0x2, 0xff,
    0xff, 0xff, 0x70, 0x0, 0x0, 0xac, 0x28, 0xc2,
    0x7e, 0x10, 0x0, 0x4f, 0x20, 0x6c, 0x0, 0xc9,
    0x0, 0xd, 0x80, 0x6, 0xc0, 0x3, 0xf3, 0x7,
    0xe0, 0x0, 0x6c, 0x0, 0x9, 0xc0,

    /* U+04DD "ӝ" */
    0x0, 0x8, 0x64, 0xa0, 0x0, 0x0, 0x0, 0x21,
    0x2, 0x0, 0x0, 0x6d, 0x0, 0x7a, 0x0, 0xa9,
    0x0, 0xc6, 0x7, 0xa0, 0x3e, 0x10, 0x3, 0xe0,
    0x7a, 0xc, 0x60, 0x0, 0xc, 0xff, 0xff, 0xf0,
    0x0, 0x4, 0xf3, 0x8b, 0x2d, 0x70, 0x0, 0xd7,
    0x7, 0xa0, 0x4f, 0x20, 0x8d, 0x0, 0x7a, 0x0,
    0xab, 0x0,

    /* U+04DE "Ӟ" */
    0x0, 0x0, 0x0, 0x0, 0x78, 0x3c, 0x0, 0x1,
    0x10, 0x20, 0x0, 0x0, 0x0, 0x0, 0x2a, 0xef,
    0xd6, 0x4, 0x84, 0x26, 0xf4, 0x0, 0x0, 0xb,
    0x80, 0x0, 0x1, 0xe5, 0x4, 0xff, 0xfc, 0x0,
    0x2, 0x23, 0xc9, 0x0, 0x0, 0x5, 0xda, 0x73,
    0x24, 0xda, 0x4b, 0xef, 0xe8, 0x0,

    /* U+04DF "ӟ" */
    0x7, 0x83, 0xb0, 0x1, 0x20, 0x30, 0x2b, 0xfe,
    0xa1, 0x16, 0x22, 0xc9, 0x0, 0x0, 0xa8, 0x2,
    0xef, 0xe1, 0x0, 0x0, 0x8c, 0x45, 0x22, 0xac,
    0x3b, 0xee, 0xb2,

    /* U+04E0 "Ӡ" */
    0x4f, 0xff, 0xff, 0x70, 0x22, 0x26, 0xe2, 0x0,
    0x2, 0xe4, 0x0, 0x0, 0xc8, 0x0, 0x0, 0x3f,
    0xea, 0x10, 0x0, 0x1, 0xba, 0x0, 0x0, 0x5,
    0xd6, 0x94, 0x24, 0xd9, 0x19, 0xef, 0xe9, 0x0,

    /* U+04E1 "ӡ" */
    0xf, 0xff, 0xff, 0x80, 0x11, 0x14, 0xf2, 0x0,
    0x0, 0xc7, 0x0, 0x0, 0x8c, 0x0, 0x0, 0xf,
    0xd6, 0x0, 0x0, 0x46, 0xe8, 0x0, 0x0, 0x5,
    0xd0, 0x0, 0x0, 0x5d, 0x1e, 0x52, 0x3d, 0x80,
    0x6c, 0xfe, 0x90,

    /* U+04E2 "Ӣ" */
    0x0, 0xcc, 0xca, 0x0, 0x0, 0x0, 0x0, 0x0,
    0xb8, 0x0, 0x0, 0xd9, 0xb8, 0x0, 0x9, 0xf9,
    0xb8, 0x0, 0x5f, 0xb9, 0xb8, 0x1, 0xe5, 0x99,
    0xb8, 0xb, 0xa0, 0x99, 0xb8, 0x7d, 0x0, 0x99,
    0xbb, 0xf3, 0x0, 0x99, 0xbf, 0x70, 0x0, 0x99,
    0xbc, 0x0, 0x0, 0x99,

    /* U+04E3 "ӣ" */
    0xa, 0xcc, 0xc0, 0x0, 0x0, 0x0, 0x0, 0xe4,
    0x0, 0x3f, 0x3e, 0x40, 0x1e, 0xf3, 0xe4, 0xb,
    0x9f, 0x3e, 0x48, 0xc0, 0xf3, 0xe8, 0xe2, 0xf,
    0x3e, 0xf5, 0x0, 0xf3, 0xe8, 0x0, 0xf, 0x30,

    /* U+04E4 "Ӥ" */
    0x0, 0x0, 0x0, 0x0, 0x0, 0xb4, 0x78, 0x0,
    0x0, 0x10, 0x11, 0x0, 0xb8, 0x0, 0x0, 0xd9,
    0xb8, 0x0, 0x9, 0xf9, 0xb8, 0x0, 0x5f, 0xb9,
    0xb8, 0x1, 0xe5, 0x99, 0xb8, 0xb, 0xa0, 0x99,
    0xb8, 0x7d, 0x0, 0x99, 0xbb, 0xf3, 0x0, 0x99,
    0xbf, 0x70, 0x0, 0x99, 0xbc, 0x0, 0x0, 0x99,

    /* U+04E5 "ӥ" */
    0x8, 0x74, 0xa0, 0x0, 0x21, 0x2, 0x0, 0xe4,
    0x0, 0x3f, 0x3e, 0x40, 0x1e, 0xf3, 0xe4, 0xb,
    0x9f, 0x3e, 0x48, 0xc0, 0xf3, 0xe8, 0xe2, 0xf,
    0x3e, 0xf5, 0x0, 0xf3, 0xe8, 0x0, 0xf, 0x30,

    /* U+04E6 "Ӧ" */
    0x0, 0x0, 0x0, 0x0, 0x0, 0x0, 0x8, 0x74,
    0xb0, 0x0, 0x0, 0x1, 0x10, 0x10, 0x0, 0x0,
    0x0, 0x0, 0x0, 0x0, 0x0, 0x3b, 0xff, 0xc4,
    0x0, 0x4, 0xf9, 0x33, 0x8f, 0x60, 0xd, 0x70,
    0x0, 0x5, 0xf1, 0x4f, 0x0, 0x0, 0x0, 0xd6,
    0x5d, 0x0, 0x0, 0x0, 0xb8, 0x4f, 0x0, 0x0,
    0x0, 0xd6, 0xe, 0x70, 0x0, 0x5, 0xf1, 0x4,
    0xf9, 0x33, 0x8f, 0x60, 0x0, 0x2b, 0xff, 0xc4,
    0x0,

    /* U+04E7 "ӧ" */
    0x0, 0xb3, 0x86, 0x0, 0x0, 0x30, 0x21, 0x0,
    0x1, 0xbf, 0xe8, 0x0, 0xd, 0xa2, 0x3d, 0x80,
    0x5d, 0x0, 0x3, 0xf0, 0x7b, 0x0, 0x0, 0xf1,
    0x5d, 0x0, 0x3, 0xf0, 0xd, 0xa2, 0x3d, 0x80,
    0x1, 0xbf, 0xe8, 0x0,

    /* U+04E8 "Ө" */
    0x0, 0x3b, 0xff, 0xc4, 0x0, 0x4, 0xf9, 0x43,
    0x8f, 0x60, 0xd, 0x80, 0x0, 0x5, 0xf1, 0x4f,
    0x0, 0x0, 0x0, 0xd6, 0x5f, 0xee, 0xee, 0xee,
    0xf8, 0x4f, 0x11, 0x11, 0x11, 0xd6, 0xe, 0x60,
    0x0, 0x4, 0xf1, 0x4, 0xf8, 0x33, 0x7f, 0x60,
    0x0, 0x2b, 0xff, 0xc4, 0x0,

    /* U+04E9 "ө" */
    0x1, 0xbf, 0xe8, 0x0, 0xd, 0xa2, 0x4d, 0x80,
    0x5e, 0x0, 0x4, 0xf0, 0x7f, 0xee, 0xee, 0xf1,
    0x5d, 0x0, 0x3, 0xf0, 0xd, 0x92, 0x3d, 0x80,
    0x1, 0xbf, 0xe8, 0x0,

    /* U+04EA "Ӫ" */
    0x0, 0x0, 0x0, 0x0, 0x0, 0x0, 0x8, 0x74,
    0xb0, 0x0, 0x0, 0x1, 0x10, 0x10, 0x0, 0x0,
    0x0, 0x0, 0x0, 0x0, 0x0, 0x3b, 0xff, 0xc4,
    0x0, 0x4, 0xf9, 0x43, 0x8f, 0x60, 0xd, 0x80,
    0x0, 0x5, 0xf1, 0x4f, 0x0, 0x0, 0x0, 0xd6,
    0x5f, 0xee, 0xee, 0xee, 0xf8, 0x4f, 0x11, 0x11,
    0x11, 0xd6, 0xe, 0x60, 0x0, 0x4, 0xf1, 0x4,
    0xf8, 0x33, 0x7f, 0x60, 0x0, 0x2b, 0xff, 0xc4,
    0x0,

    /* U+04EB "ӫ" */
    0x0, 0xb3, 0x86, 0x0, 0x0, 0x30, 0x21, 0x0,
    0x1, 0xbf, 0xe8, 0x0, 0xd, 0xa2, 0x4d, 0x80,
    0x5e, 0x0, 0x4, 0xf0, 0x7f, 0xee, 0xee, 0xf1,
    0x5d, 0x0, 0x3, 0xf0, 0xd, 0x92, 0x3d, 0x80,
    0x1, 0xbf, 0xe8, 0x0,

    /* U+04EC "Ӭ" */
    0x0, 0x0, 0x0, 0x0, 0x0, 0xc3, 0x87, 0x0,
    0x0, 0x20, 0x10, 0x0, 0x0, 0x0, 0x0, 0x0,
    0x7, 0xdf, 0xe8, 0x0, 0x6d, 0x53, 0x5d, 0xc0,
    0x0, 0x0, 0x1, 0xe6, 0x0, 0x0, 0x0, 0x8b,
    0x0, 0x6f, 0xff, 0xfd, 0x0, 0x2, 0x22, 0x8b,
    0x0, 0x0, 0x0, 0xd6, 0x6c, 0x53, 0x5d, 0xc0,
    0x7, 0xdf, 0xe8, 0x0,

    /* U+04ED "ӭ" */
    0x7, 0x83, 0xb0, 0x0, 0x12, 0x3, 0x0, 0x2b,
    0xfe, 0x91, 0x5, 0x71, 0x2a, 0xc0, 0x0, 0x0,
    0xe, 0x30, 0xd, 0xee, 0xf5, 0x0, 0x0, 0xe,
    0x35, 0x71, 0x2a, 0xc0, 0x1b, 0xfe, 0x91, 0x0,

    /* U+04EE "Ӯ" */
    0x0, 0xac, 0xcc, 0x0, 0x0, 0x0, 0x0, 0x0,
    0x0, 0x9b, 0x0, 0x0, 0x3e, 0x1, 0xf2, 0x0,
    0xb, 0x70, 0x9, 0xa0, 0x3, 0xe0, 0x0, 0x2f,
    0x20, 0xa7, 0x0, 0x0, 0x99, 0x2e, 0x0, 0x0,
    0x2, 0xfb, 0x70, 0x0, 0x0, 0xa, 0xe0, 0x0,
    0x0, 0x0, 0xc7, 0x0, 0x0, 0xc, 0xeb, 0x0,
    0x0, 0x0, 0x33, 0x0, 0x0, 0x0,

    /* U+04EF "ӯ" */
    0x0, 0x8c, 0xcc, 0x20, 0x0, 0x0, 0x0, 0x0,
    0xc, 0x60, 0x0, 0x89, 0x6, 0xd0, 0x0, 0xe3,
    0x0, 0xf3, 0x4, 0xd0, 0x0, 0x99, 0xa, 0x70,
    0x0, 0x3e, 0x1f, 0x10, 0x0, 0xd, 0xba, 0x0,
    0x0, 0x7, 0xf4, 0x0, 0x0, 0x4, 0xe0, 0x0,
    0x5, 0x2b, 0x70, 0x0, 0xc, 0xfa, 0x0, 0x0,

    /* U+04F0 "Ӱ" */
    0x0, 0x0, 0x0, 0x0, 0x0, 0x8, 0x75, 0xb0,
    0x0, 0x0, 0x11, 0x1, 0x0, 0x9, 0xb0, 0x0,
    0x3, 0xe0, 0x1f, 0x20, 0x0, 0xb7, 0x0, 0x9a,
    0x0, 0x3e, 0x0, 0x2, 0xf2, 0xa, 0x70, 0x0,
    0x9, 0x92, 0xe0, 0x0, 0x0, 0x2f, 0xb7, 0x0,
    0x0, 0x0, 0xae, 0x0, 0x0, 0x0, 0xc, 0x70,
    0x0, 0x0, 0xce, 0xb0, 0x0, 0x0, 0x3, 0x30,
    0x0, 0x0, 0x0,

    /* U+04F1 "ӱ" */
    0x0, 0x59, 0x2c, 0x0, 0x0, 0x12, 0x3, 0x0,
    0xc, 0x60, 0x0, 0x89, 0x6, 0xd0, 0x0, 0xe3,
    0x0, 0xf3, 0x4, 0xd0, 0x0, 0x99, 0xa, 0x70,
    0x0, 0x3e, 0x1f, 0x10, 0x0, 0xd, 0xba, 0x0,
    0x0, 0x7, 0xf4, 0x0, 0x0, 0x4, 0xe0, 0x0,
    0x5, 0x2b, 0x70, 0x0, 0xc, 0xfa, 0x0, 0x0,

    /* U+04F2 "Ӳ" */
    0x0, 0x6, 0x65, 0x70, 0x0, 0x2, 0xd2, 0xd1,
    0x0, 0x0, 0x0, 0x0, 0x0, 0x9, 0xb0, 0x0,
    0x3, 0xe0, 0x1f, 0x20, 0x0, 0xb7, 0x0, 0x9a,
    0x0, 0x3e, 0x0, 0x2, 0xf2, 0xa, 0x70, 0x0,
    0x9, 0x92, 0xe0, 0x0, 0x0, 0x2f, 0xb7, 0x0,
    0x0, 0x0, 0xae, 0x0, 0x0, 0x0, 0xc, 0x70,
    0x0, 0x0, 0xce, 0xb0, 0x0, 0x0, 0x3, 0x30,
    0x0, 0x0, 0x0,

    /* U+04F3 "ӳ" */
    0x0, 0x8, 0xa6, 0xb0, 0x0, 0x9, 0x19, 0x10,
    0xc, 0x60, 0x0, 0x89, 0x6, 0xd0, 0x0, 0xe3,
    0x0, 0xf3, 0x4, 0xd0, 0x0, 0x99, 0xa, 0x70,
    0x0, 0x3e, 0x1f, 0x10, 0x0, 0xd, 0xba, 0x0,
    0x0, 0x7, 0xf4, 0x0, 0x0, 0x4, 0xe0, 0x0,
    0x5, 0x2b, 0x70, 0x0, 0xc, 0xfa, 0x0, 0x0,

    /* U+04F4 "Ӵ" */
    0x0, 0x0, 0x0, 0x0, 0x0, 0xc3, 0x87, 0x0,
    0x0, 0x20, 0x11, 0x0, 0x99, 0x0, 0x0, 0xe4,
    0x99, 0x0, 0x0, 0xe4, 0x99, 0x0, 0x0, 0xe4,
    0x7b, 0x0, 0x0, 0xe4, 0x3f, 0x50, 0x15, 0xf4,
    0x7, 0xff, 0xfc, 0xf4, 0x0, 0x2, 0x10, 0xe4,
    0x0, 0x0, 0x0, 0xe4, 0x0, 0x0, 0x0, 0xe4,

    /* U+04F5 "ӵ" */
    0x4, 0xa1, 0xd0, 0x0, 0x2, 0x3, 0x0, 0x8a,
    0x0, 0xf, 0x38, 0xa0, 0x0, 0xf3, 0x7a, 0x0,
    0xf, 0x35, 0xe1, 0x3, 0xf3, 0xa, 0xff, 0xcf,
    0x30, 0x0, 0x0, 0xf3, 0x0, 0x0, 0xf, 0x30,

    /* U+04F6 "Ӷ" */
    0xbf, 0xff, 0xfc, 0xb8, 0x22, 0x21, 0xb7, 0x0,
    0x0, 0xb7, 0x0, 0x0, 0xb7, 0x0, 0x0, 0xb7,
    0x0, 0x0, 0xb7, 0x0, 0x0, 0xca, 0x10, 0x0,
    0xff, 0xc0, 0x0, 0x5, 0xc0, 0x0, 0x5, 0xc0,
    0x0,

    /* U+04F7 "ӷ" */
    0xef, 0xff, 0xce, 0x51, 0x11, 0xe4, 0x0, 0xe,
    0x40, 0x0, 0xe4, 0x0, 0xf, 0x50, 0x0, 0xff,
    0x40, 0x0, 0xd4, 0x0, 0x6, 0x20, 0x0,

    /* U+04F8 "Ӹ" */
    0x0, 0x0, 0x0, 0x0, 0x0, 0x0, 0xa, 0x56,
    0x90, 0x0, 0x0, 0x1, 0x0, 0x10, 0x0, 0xb8,
    0x0, 0x0, 0x0, 0x99, 0xb8, 0x0, 0x0, 0x0,
    0x99, 0xb8, 0x0, 0x0, 0x0, 0x99, 0xbf, 0xee,
    0xd9, 0x10, 0x99, 0xb8, 0x11, 0x3c, 0xb0, 0x99,
    0xb8, 0x0, 0x3, 0xf0, 0x99, 0xb8, 0x0, 0x3,
    0xf0, 0x99, 0xb8, 0x0, 0x2b, 0xb0, 0x99, 0xbf,
    0xff, 0xe9, 0x10, 0x99,

    /* U+04F9 "ӹ" */
    0x0, 0x95, 0x59, 0x0, 0x0, 0x21, 0x12, 0x0,
    0xe4, 0x0, 0x0, 0x99, 0xe4, 0x0, 0x0, 0x99,
    0xee, 0xed, 0x80, 0x99, 0xe4, 0x2, 0xe4, 0x99,
    0xe4, 0x0, 0xb6, 0x99, 0xe4, 0x2, 0xe3, 0x99,
    0xef, 0xfe, 0x70, 0x99,

    /* U+04FA "Ӻ" */
    0x6, 0xff, 0xff, 0xf2, 0x6, 0xd2, 0x22, 0x20,
    0x6, 0xd0, 0x0, 0x0, 0x6, 0xd0, 0x0, 0x0,
    0x6, 0xd0, 0x0, 0x0, 0xaf, 0xff, 0xff, 0x50,
    0x6, 0xd0, 0x0, 0x0, 0x6, 0xd2, 0x0, 0x0,
    0x6, 0xff, 0x0, 0x0, 0x0, 0x2f, 0x0, 0x0,
    0x2, 0x7e, 0x0, 0x0, 0x3e, 0xe4, 0x0, 0x0,

    /* U+04FB "ӻ" */
    0x9, 0xff, 0xf9, 0x9, 0x91, 0x11, 0x9, 0x90,
    0x0, 0x9, 0x90, 0x0, 0x8f, 0xfe, 0xe1, 0x9,
    0x90, 0x0, 0x9, 0xe6, 0x0, 0x0, 0xa8, 0x0,
    0x21, 0xd6, 0x0, 0x9f, 0xb0, 0x0,

    /* U+04FC "Ӽ" */
    0x5f, 0x10, 0x1, 0xe5, 0xa, 0xb0, 0xa, 0xa0,
    0x1, 0xe6, 0x4e, 0x10, 0x0, 0x4f, 0xe4, 0x0,
    0x0, 0xd, 0xe0, 0x0, 0x0, 0x7d, 0xc9, 0x0,
    0x2, 0xf3, 0x2f, 0x40, 0xc, 0x80, 0x8, 0xd0,
    0x7d, 0x0, 0x0, 0xe6, 0x0, 0x0, 0x0, 0xaa,
    0x0, 0x0, 0x11, 0xc9, 0x0, 0x0, 0x7f, 0xc1,

    /* U+04FD "ӽ" */
    0x6d, 0x0, 0x5e, 0x0, 0xb9, 0x1e, 0x40, 0x1,
    0xed, 0x80, 0x0, 0x9, 0xf2, 0x0, 0x2, 0xfb,
    0xb0, 0x0, 0xc7, 0xd, 0x60, 0x8c, 0x0, 0x4e,
    0x0, 0x0, 0x0, 0xe4, 0x0, 0x2, 0x2e, 0x40,
    0x0, 0xbf, 0x90,

    /* U+04FE "Ӿ" */
    0x2f, 0x30, 0x1, 0xe5, 0x8, 0xd0, 0xa, 0xb0,
    0x0, 0xd8, 0x5f, 0x10, 0x0, 0x4f, 0xe6, 0x0,
    0xd, 0xff, 0xff, 0xf0, 0x0, 0x5f, 0xd9, 0x0,
    0x1, 0xe6, 0x3f, 0x40, 0xa, 0xb0, 0x8, 0xd0,
    0x5e, 0x10, 0x0, 0xd9,

    /* U+04FF "ӿ" */
    0x4e, 0x10, 0x2e, 0x20, 0x9b, 0xd, 0x60, 0x0,
    0xec, 0xb0, 0x0, 0xdf, 0xfe, 0xb0, 0x1, 0xeb,
    0xd0, 0x0, 0xb9, 0xc, 0x80, 0x6d, 0x0, 0x2f,
    0x30,

    /* U+0510 "Ԑ" */
    0x0, 0x8d, 0xec, 0x60, 0xa, 0xd5, 0x36, 0xa0,
    0xe, 0x40, 0x0, 0x0, 0xb, 0x90, 0x0, 0x0,
    0x2, 0xef, 0xfb, 0x0, 0xe, 0x72, 0x21, 0x0,
    0x4f, 0x0, 0x0, 0x0, 0x1f, 0xa3, 0x24, 0xb1,
    0x3, 0xcf, 0xec, 0x60,

    /* U+0511 "ԑ" */
    0x4, 0xcf, 0xe8, 0x1, 0xf6, 0x13, 0x50, 0x1f,
    0x30, 0x0, 0x0, 0x7f, 0xe9, 0x0, 0x3e, 0x10,
    0x0, 0x3, 0xf5, 0x13, 0x80, 0x6, 0xdf, 0xd8,
    0x0,

    /* U+0512 "Ԓ" */
    0x0, 0xcf, 0xff, 0xff, 0x20, 0xc, 0x52, 0x22,
    0xf2, 0x0, 0xd3, 0x0, 0xf, 0x20, 0xd, 0x30,
    0x0, 0xf2, 0x0, 0xe2, 0x0, 0xf, 0x20, 0xf,
    0x0, 0x0, 0xf2, 0x3, 0xe0, 0x0, 0xf, 0x23,
    0xca, 0x0, 0x0, 0xf2, 0xcd, 0x20, 0x0, 0xf,
    0x20, 0x0, 0x0, 0x0, 0xf2, 0x0, 0x0, 0x9,
    0xbe, 0x0, 0x0, 0x0, 0x78, 0x20,

    /* U+0513 "ԓ" */
    0x5, 0xff, 0xff, 0x90, 0x6b, 0x11, 0x99, 0x6,
    0x90, 0x9, 0x90, 0x78, 0x0, 0x99, 0x9, 0x60,
    0x9, 0x92, 0xe3, 0x0, 0x99, 0xea, 0x0, 0x9,
    0x90, 0x0, 0x0, 0x99, 0x0, 0x2, 0x1c, 0x60,
    0x0, 0x9f, 0xb0,

    /* U+051A "Ԛ" */
    0x0, 0x3b, 0xff, 0xc4, 0x0, 0x3, 0xf9, 0x33,
    0x8f, 0x60, 0xd, 0x70, 0x0, 0x5, 0xf1, 0x4f,
    0x0, 0x0, 0x0, 0xd6, 0x5d, 0x0, 0x0, 0x0,
    0xa8, 0x4f, 0x0, 0x0, 0x0, 0xd6, 0xe, 0x60,
    0x0, 0x4, 0xf2, 0x5, 0xf8, 0x32, 0x7f, 0x70,
    0x0, 0x4c, 0xff, 0xd5, 0x0, 0x0, 0x0, 0xc,
    0xb0, 0x28, 0x0, 0x0, 0x0, 0xaf, 0xf7, 0x0,
    0x0, 0x0, 0x0, 0x0,

    /* U+051B "ԛ" */
    0x2, 0xbf, 0xe5, 0xf2, 0xd, 0xa2, 0x3d, 0xf2,
    0x5e, 0x0, 0x3, 0xf2, 0x6b, 0x0, 0x0, 0xf2,
    0x5e, 0x0, 0x3, 0xf2, 0xd, 0xa2, 0x3d, 0xf2,
    0x2, 0xbf, 0xe6, 0xf2, 0x0, 0x0, 0x0, 0xf2,
    0x0, 0x0, 0x0, 0xf2, 0x0, 0x0, 0x0, 0xf2,

    /* U+051C "Ԝ" */
    0x9a, 0x0, 0x2, 0xf4, 0x0, 0x8, 0xa4, 0xe0,
    0x0, 0x7f, 0x90, 0x0, 0xd5, 0xf, 0x40, 0xc,
    0x9e, 0x0, 0x2f, 0x0, 0xa9, 0x1, 0xf1, 0xe2,
    0x7, 0xb0, 0x5, 0xd0, 0x6b, 0xa, 0x70, 0xc6,
    0x0, 0x1f, 0x2b, 0x60, 0x5c, 0x1f, 0x10, 0x0,
    0xb8, 0xf1, 0x0, 0xf8, 0xc0, 0x0, 0x6, 0xfc,
    0x0, 0xb, 0xf7, 0x0, 0x0, 0x2f, 0x70, 0x0,
    0x6f, 0x20, 0x0,

    /* U+051D "ԝ" */
    0xc6, 0x0, 0x1f, 0x50, 0x3, 0xe0, 0x6c, 0x0,
    0x7f, 0xa0, 0x8, 0x90, 0x1f, 0x10, 0xc6, 0xf0,
    0xe, 0x30, 0xb, 0x72, 0xe0, 0xc5, 0x3d, 0x0,
    0x5, 0xc8, 0x90, 0x6b, 0x98, 0x0, 0x0, 0xfe,
    0x30, 0x1f, 0xe2, 0x0, 0x0, 0xae, 0x0, 0xb,
    0xd0, 0x0,

    /* U+0524 "Ԥ" */
    0xbf, 0xff, 0xff, 0xf8, 0xb, 0x92, 0x22, 0x2a,
    0x80, 0xb8, 0x0, 0x0, 0xa8, 0xb, 0x80, 0x0,
    0xa, 0x80, 0xb8, 0x0, 0x0, 0xa8, 0xb, 0x80,
    0x0, 0xa, 0x80, 0xb8, 0x0, 0x0, 0xa8, 0xb,
    0x80, 0x0, 0xb, 0xb1, 0xb8, 0x0, 0x0, 0xff,
    0xd0, 0x0, 0x0, 0x0, 0x4d, 0x0, 0x0, 0x0,
    0x4, 0xd0,

    /* U+0525 "ԥ" */
    0xef, 0xff, 0xff, 0xe, 0x51, 0x13, 0xf0, 0xe4,
    0x0, 0x2f, 0xe, 0x40, 0x2, 0xf0, 0xe4, 0x0,
    0x2f, 0xe, 0x40, 0x2, 0xf1, 0xe4, 0x0, 0x4f,
    0xf0, 0x0, 0x0, 0x1f, 0x0, 0x0, 0x0, 0x80,

    /* U+0526 "Ԧ" */
    0xb8, 0x0, 0x0, 0x0, 0xb, 0x80, 0x0, 0x0,
    0x0, 0xb8, 0x0, 0x0, 0x0, 0xb, 0xbb, 0xee,
    0xa1, 0x0, 0xbd, 0x63, 0x4c, 0xc0, 0xb, 0x80,
    0x0, 0x2f, 0x10, 0xb8, 0x0, 0x0, 0xf2, 0xb,
    0x80, 0x0, 0xf, 0x51, 0xb8, 0x0, 0x0, 0xff,
    0x70, 0x0, 0x0, 0x0, 0xa7, 0x0, 0x0, 0x0,
    0xa, 0x70,

    /* U+0527 "ԧ" */
    0xa2, 0x0, 0x0, 0x0, 0xe4, 0x0, 0x0, 0x0,
    0xe4, 0x0, 0x0, 0x0, 0xe6, 0xcf, 0xc3, 0x0,
    0xee, 0x53, 0xbd, 0x0, 0xe7, 0x0, 0x1f, 0x10,
    0xe4, 0x0, 0xf, 0x20, 0xe4, 0x0, 0xf, 0x20,
    0xe4, 0x0, 0xf, 0x20, 0xe4, 0x0, 0xf, 0xf1,
    0x0, 0x0, 0x0, 0xf1, 0x0, 0x0, 0x0, 0x90,

    /* U+0528 "Ԩ" */
    0x0, 0xb8, 0x0, 0x0, 0xb8, 0x0, 0xb8, 0x0,
    0x0, 0xb8, 0x0, 0xb8, 0x0, 0x0, 0xb8, 0x0,
    0xb8, 0x0, 0x0, 0xb8, 0x0, 0xbf, 0xff, 0xff,
    0xf8, 0x0, 0xb9, 0x22, 0x22, 0xb8, 0x0, 0xb8,
    0x0, 0x0, 0xb8, 0x0, 0xb8, 0x0, 0x0, 0xb8,
    0x0, 0xb8, 0x0, 0x0, 0xb8, 0x0, 0xb7, 0x0,
    0x0, 0x0, 0x79, 0xf4, 0x0, 0x0, 0x0, 0x58,
    0x40, 0x0, 0x0, 0x0,

    /* U+0529 "ԩ" */
    0x0, 0xe, 0x40, 0x1, 0xf1, 0x0, 0xe, 0x40,
    0x1, 0xf1, 0x0, 0xe, 0x40, 0x1, 0xf1, 0x0,
    0xe, 0xff, 0xff, 0xf1, 0x0, 0xe, 0x62, 0x23,
    0xf1, 0x0, 0xe, 0x40, 0x1, 0xf1, 0x0, 0xe,
    0x40, 0x1, 0xf1, 0x0, 0xe, 0x40, 0x0, 0x0,
    0x3, 0x3f, 0x20, 0x0, 0x0, 0xd, 0xf8, 0x0,
    0x0, 0x0,

    /* U+052E "Ԯ" */
    0x0, 0xcf, 0xff, 0xff, 0x20, 0x0, 0xc5, 0x22,
    0x2f, 0x20, 0x0, 0xd3, 0x0, 0xf, 0x20, 0x0,
    0xd3, 0x0, 0xf, 0x20, 0x0, 0xe2, 0x0, 0xf,
    0x20, 0x0, 0xf0, 0x0, 0xf, 0x20, 0x3, 0xe0,
    0x0, 0xf, 0x20, 0x3c, 0xa0, 0x0, 0xf, 0x51,
    0xcd, 0x20, 0x0, 0xf, 0xf7, 0x0, 0x0, 0x0,
    0x0, 0xa7, 0x0, 0x0, 0x0, 0x0, 0xa7,

    /* U+052F "ԯ" */
    0x5, 0xff, 0xff, 0x90, 0x6, 0xb1, 0x19, 0x90,
    0x6, 0x90, 0x9, 0x90, 0x7, 0x80, 0x9, 0x90,
    0x9, 0x60, 0x9, 0x90, 0x2e, 0x30, 0xa, 0xb1,
    0xea, 0x0, 0xf, 0xf9, 0x0, 0x0, 0x0, 0x89,
    0x0, 0x0, 0x0, 0x44,

    /* U+25A1 "□" */
    0xa7, 0x77, 0x77, 0x77, 0x7a, 0x70, 0x0, 0x0,
    0x0, 0x7, 0x70, 0x0, 0x0, 0x0, 0x7, 0x70,
    0x0, 0x0, 0x0, 0x7, 0x70, 0x0, 0x0, 0x0,
    0x7, 0x70, 0x0, 0x0, 0x0, 0x7, 0x70, 0x0,
    0x0, 0x0, 0x7, 0x70, 0x0, 0x0, 0x0, 0x7,
    0x70, 0x0, 0x0, 0x0, 0x7, 0xa7, 0x77, 0x77,
    0x77, 0x7a, 0x0, 0x0, 0x0, 0x0, 0x0,

    /* U+2600 "☀" */
    0x0, 0x0, 0x0, 0x1, 0x0, 0x0, 0x0, 0x0,
    0x20, 0x0, 0xa4, 0x0, 0x0, 0x0, 0xa, 0x81,
    0x71, 0x70, 0x0, 0x0, 0x0, 0x72, 0xec, 0x8d,
    0x67, 0x80, 0x0, 0xa, 0x80, 0x0, 0x58, 0x26,
    0x2, 0x87, 0xd0, 0x0, 0x0, 0x6b, 0x0, 0x8,
    0x48, 0x0, 0x0, 0x1, 0xf3, 0x0, 0x4, 0xe0,
    0x0, 0x0, 0x26, 0x56, 0x0, 0x69, 0x10, 0x0,
    0xb, 0x97, 0x40, 0x27, 0x4f, 0x30, 0x6, 0xb0,
    0x0, 0x2, 0x63, 0x49, 0x9f, 0x84, 0x30, 0x0,
    0x0, 0x0, 0x78, 0x2, 0x95, 0x0, 0x0, 0x0,
    0xa, 0x30, 0x0, 0x0, 0x0,

    /* U+2601 "☁" */
    0x0, 0x0, 0x0, 0x67, 0x78, 0x30, 0x0, 0x0,
    0x0, 0x8, 0x20, 0x0, 0x63, 0x0, 0x0, 0x4,
    0x88, 0x0, 0x0, 0x8, 0x0, 0x0, 0x54, 0x5,
    0x50, 0x0, 0x7, 0x0, 0x2, 0x80, 0x0, 0x60,
    0x0, 0x7, 0x40, 0x66, 0x10, 0x0, 0x0, 0x0,
    0x0, 0x44, 0x80, 0x0, 0x0, 0x0, 0x0, 0x0,
    0x7, 0x81, 0x0, 0x0, 0x0, 0x0, 0x0, 0x26,
    0x7, 0x78, 0x73, 0x53, 0x0, 0x28, 0x60, 0x0,
    0x0, 0x14, 0x25, 0x77, 0x50, 0x0,

    /* U+2602 "☂" */
    0x0, 0x0, 0x0, 0x10, 0x0, 0x0, 0x0, 0x0,
    0x0, 0x3e, 0x52, 0x0, 0x0, 0x0, 0x7, 0x77,
    0x9b, 0x57, 0x40, 0x0, 0x18, 0x10, 0x80, 0x27,
    0x4, 0x60, 0x8, 0x0, 0x62, 0x0, 0x80, 0x5,
    0x31, 0x60, 0x7, 0x0, 0x2, 0x50, 0x7, 0x49,
    0x76, 0xb7, 0xc7, 0x7a, 0x77, 0xa1, 0x0, 0x26,
    0x7, 0x0, 0x70, 0x1, 0x0, 0x0, 0x0, 0x70,
    0x0, 0x0, 0x0, 0x0, 0x0, 0x9, 0x10, 0x0,
    0x0, 0x0, 0x0, 0x12, 0x76, 0x0, 0x0, 0x0,
    0x0, 0x5, 0x65, 0x60, 0x0, 0x0, 0x0, 0x0,
    0x35, 0x62, 0x0, 0x0, 0x0,

    /* U+2603 "☃" */
    0x0, 0x0, 0x12, 0x10, 0x0, 0x0, 0x0, 0x9,
    0xff, 0x50, 0x0, 0x4, 0x0, 0x9f, 0xf4, 0x4,
    0x0, 0x11, 0x6a, 0xaa, 0xf2, 0x3, 0x4, 0x7,
    0x0, 0x1, 0x73, 0x0, 0x12, 0x73, 0x42, 0x17,
    0x3, 0x0, 0x7, 0x5, 0x20, 0x70, 0x0, 0x87,
    0x80, 0x0, 0x65, 0x92, 0x0, 0xd2, 0x0, 0x0,
    0x96, 0x0, 0x8, 0x0, 0x0, 0x0, 0x70, 0x0,
    0x80, 0x0, 0x0, 0x16, 0x0, 0x3, 0x60, 0x0,
    0x7, 0x0, 0x0, 0x3, 0x76, 0x67, 0x10, 0x0,

    /* U+2604 "☄" */
    0x0, 0x0, 0x0, 0x3, 0x0, 0x0, 0x0, 0x0,
    0x0, 0x70, 0x0, 0x0, 0x0, 0x0, 0x8, 0x20,
    0x0, 0x0, 0x0, 0x0, 0x81, 0x61, 0x72, 0x0,
    0x0, 0x8, 0x16, 0x47, 0x20, 0x2, 0x0, 0x81,
    0x64, 0x72, 0x3, 0x60, 0x8, 0x15, 0x47, 0x40,
    0x5, 0x0, 0x71, 0x66, 0x51, 0x84, 0x50, 0x0,
    0x76, 0x29, 0x86, 0x46, 0x0, 0x0, 0x72, 0x88,
    0x24, 0x60, 0x0, 0x0, 0x54, 0x0, 0x55, 0x0,
    0x0, 0x0, 0x4, 0x77, 0x30, 0x0, 0x0, 0x0,

    /* U+260E "☎" */
    0x0, 0x16, 0x77, 0x77, 0x77, 0x77, 0x20, 0x0,
    0x56, 0x0, 0x66, 0x5, 0x70, 0x5, 0x70, 0x35,
    0x0, 0x7, 0x86, 0xa4, 0x30, 0x2, 0x6a, 0x75,
    0x77, 0x13, 0x75, 0x6, 0x85, 0x7c, 0x72, 0x19,
    0x7, 0x95, 0x97, 0x18, 0x21, 0x80, 0x67, 0x90,
    0x8a, 0x5a, 0x65, 0x4a, 0x61, 0x0, 0x34, 0x47,
    0xb4, 0xb4, 0x70, 0x60, 0x0, 0x6, 0x17, 0x7c,
    0x7c, 0x79, 0x7, 0x0, 0x0, 0xa0, 0x25, 0x55,
    0x55, 0x40, 0xa0, 0x0, 0x9, 0x77, 0x77, 0x77,
    0x77, 0x7b, 0x0, 0x0, 0x70, 0x0, 0x0, 0x0,
    0x0, 0x70, 0x0, 0x5, 0x77, 0x77, 0x77, 0x77,
    0x78, 0x0,

    /* U+2611 "☑" */
    0x48, 0x77, 0x77, 0x77, 0x77, 0x77, 0x67, 0x0,
    0x0, 0x0, 0x0, 0x13, 0x7, 0x70, 0x0, 0x0,
    0x0, 0x1d, 0xc0, 0x77, 0x0, 0x0, 0x0, 0xb,
    0xf4, 0x7, 0x70, 0x47, 0x0, 0x7, 0xf7, 0x0,
    0x77, 0x8, 0xf1, 0x4, 0xfb, 0x0, 0x7, 0x70,
    0x3f, 0x61, 0xed, 0x10, 0x0, 0x77, 0x0, 0xeb,
    0xcf, 0x30, 0x0, 0x7, 0x70, 0x9, 0xff, 0x60,
    0x0, 0x0, 0x77, 0x0, 0x4f, 0xa0, 0x0, 0x0,
    0x7, 0x70, 0x0, 0x40, 0x0, 0x0, 0x0, 0x74,
    0x87, 0x77, 0x77, 0x77, 0x77, 0x76,

    /* U+2614 "☔" */
    0x0, 0x0, 0x0, 0x0, 0x0, 0x0, 0x0, 0x19,
    0x0, 0x6, 0x0, 0x2, 0x90, 0x0, 0x33, 0x78,
    0xfb, 0x76, 0x13, 0x0, 0x7, 0x50, 0x80, 0x62,
    0x18, 0x20, 0x6, 0x31, 0x43, 0x90, 0x90, 0x28,
    0x0, 0x65, 0x97, 0x5, 0x5, 0x3d, 0x6, 0x47,
    0x63, 0x86, 0xa6, 0x56, 0x66, 0x82, 0x30, 0x5b,
    0x7, 0x4, 0xc2, 0x15, 0x0, 0x0, 0x0, 0x70,
    0x0, 0x0, 0x0, 0x0, 0x0, 0x8, 0x0, 0x0,
    0x0, 0x0, 0x0, 0x12, 0xb4, 0x0, 0x0, 0x0,
    0x0, 0x5, 0x66, 0x40, 0x0, 0x0, 0x0, 0x0,
    0x35, 0x70, 0x0, 0x0, 0x0,

    /* U+2615 "☕" */
    0x0, 0x0, 0x0, 0x0, 0x0, 0x0, 0x0, 0x0,
    0x4, 0xb0, 0x0, 0x0, 0x0, 0x38, 0x46, 0x10,
    0x0, 0x0, 0x7, 0x57, 0x30, 0x0, 0x0, 0x57,
    0xcd, 0x77, 0x10, 0x0, 0x63, 0x1, 0x41, 0x9,
    0x0, 0x8, 0x9f, 0xff, 0xfd, 0xe9, 0x70, 0x70,
    0x24, 0x63, 0x7, 0xa, 0x4, 0x35, 0x0, 0x0,
    0xb8, 0x22, 0x88, 0x30, 0x0, 0x1b, 0x50, 0x80,
    0x55, 0x0, 0x18, 0x45, 0x27, 0x30, 0x37, 0x76,
    0x3, 0x80, 0x4, 0x77, 0x77, 0x77, 0x60, 0x0,

    /* U+2618 "☘" */
    0x0, 0x0, 0x0, 0x20, 0x0, 0x0, 0x0, 0x0,
    0x1, 0x85, 0x87, 0x71, 0x0, 0x0, 0x0, 0x60,
    0x0, 0x0, 0x70, 0x0, 0x6, 0x68, 0x20, 0x0,
    0x7, 0x0, 0x6, 0x10, 0x58, 0x0, 0x6, 0x95,
    0x0, 0x70, 0x0, 0x43, 0x7, 0x50, 0x36, 0x7,
    0x10, 0x0, 0x13, 0x0, 0x0, 0x70, 0x70, 0x0,
    0x7, 0x10, 0x0, 0x44, 0x8, 0x0, 0x67, 0x98,
    0x10, 0x2, 0x50, 0x27, 0x61, 0x7, 0x8, 0x20,
    0x72, 0x0, 0x0, 0x0, 0x60, 0x5, 0x62, 0x0,
    0x0, 0x0, 0x2, 0x50, 0x0, 0x0, 0x0, 0x0,
    0x0, 0x7, 0x10, 0x0, 0x0,

    /* U+261D "☝" */
    0x0, 0x0, 0x0, 0x68, 0x50, 0x0, 0x0, 0x7,
    0x7, 0x0, 0x0, 0x0, 0x70, 0x70, 0x0, 0x11,
    0x69, 0x7, 0x6, 0x87, 0xc0, 0xa0, 0x76, 0x29,
    0x7, 0x7, 0x7, 0x70, 0x67, 0xa7, 0x98, 0x86,
    0xa9, 0xb0, 0x0, 0xd, 0x24, 0x4, 0x78, 0x60,
    0x70, 0x70, 0x0, 0x73, 0x7, 0x7, 0x20, 0x0,
    0x8, 0x20, 0x7, 0x87, 0x88, 0x20,

    /* U+2620 "☠" */
    0x4, 0x91, 0x0, 0x0, 0x0, 0x97, 0x5, 0x41,
    0x60, 0x57, 0x61, 0x34, 0x27, 0x27, 0x78, 0x82,
    0x1, 0x6b, 0x57, 0x30, 0x2, 0xa0, 0x0, 0x0,
    0x76, 0x0, 0x0, 0x52, 0x0, 0x0, 0x0, 0x70,
    0x0, 0x7, 0x9, 0x60, 0x3b, 0x7, 0x0, 0x0,
    0x42, 0xc8, 0x14, 0xe1, 0x60, 0x0, 0x3, 0x30,
    0xd, 0x10, 0x16, 0x0, 0x0, 0x4d, 0x20, 0x0,
    0xb, 0x70, 0x3, 0x96, 0x7b, 0x43, 0x37, 0xa4,
    0x85, 0x54, 0x26, 0x39, 0x99, 0x52, 0x53, 0x60,
    0x49, 0x10, 0x0, 0x0, 0x9, 0x60,

    /* U+2622 "☢" */
    0x0, 0x2, 0x77, 0x77, 0x73, 0x0, 0x0, 0x5,
    0x60, 0x0, 0x0, 0x47, 0x0, 0x4, 0x57, 0x80,
    0x0, 0x4a, 0x36, 0x0, 0x86, 0xff, 0x20, 0xe,
    0xf9, 0x62, 0x43, 0xef, 0xfb, 0x7, 0xff, 0xf3,
    0x76, 0x2c, 0xcc, 0x5b, 0x4c, 0xcc, 0x47, 0x60,
    0x0, 0x0, 0x50, 0x0, 0x0, 0x74, 0x30, 0x0,
    0x4e, 0x70, 0x0, 0x7, 0x8, 0x0, 0xd, 0xff,
    0x10, 0x6, 0x20, 0x45, 0x6, 0xff, 0xf9, 0x2,
    0x60, 0x0, 0x56, 0x28, 0xa9, 0x44, 0x70, 0x0,
    0x0, 0x27, 0x77, 0x77, 0x30, 0x0,

    /* U+2623 "☣" */
    0x0, 0x2, 0x77, 0x77, 0x73, 0x0, 0x0, 0x5,
    0x61, 0x0, 0x1, 0x47, 0x0, 0x4, 0x50, 0x40,
    0x0, 0x3, 0x26, 0x0, 0x80, 0x8, 0x15, 0x23,
    0x40, 0x62, 0x43, 0x0, 0x99, 0x26, 0xc0, 0x0,
    0x76, 0x3, 0x8c, 0xf2, 0xcd, 0xa5, 0x7, 0x61,
    0x40, 0x43, 0x54, 0x40, 0x22, 0x74, 0x40, 0x1,
    0x5d, 0x43, 0x0, 0x17, 0x8, 0x0, 0x0, 0xd0,
    0x0, 0x6, 0x20, 0x45, 0x0, 0x44, 0x60, 0x2,
    0x60, 0x0, 0x56, 0x10, 0x0, 0x14, 0x70, 0x0,
    0x0, 0x27, 0x77, 0x77, 0x30, 0x0,

    /* U+2626 "☦" */
    0x0, 0x0, 0x0, 0x0, 0x0, 0x0, 0x4, 0xff,
    0xff, 0xff, 0xff, 0xff, 0xf7, 0x7f, 0xff, 0xff,
    0xdf, 0xff, 0xff, 0xa7, 0xff, 0xfe, 0xb4, 0xbd,
    0xff, 0xfa, 0x7f, 0xff, 0xff, 0x5f, 0xff, 0xff,
    0xa7, 0xff, 0x32, 0x20, 0x22, 0x2e, 0xfa, 0x7f,
    0xfe, 0xee, 0x5e, 0xee, 0xff, 0xa7, 0xff, 0xff,
    0xc5, 0xff, 0xff, 0xfa, 0x7f, 0xff, 0xe5, 0x1e,
    0xff, 0xff, 0xa7, 0xff, 0xff, 0xf4, 0x4c, 0xff,
    0xfa, 0x7f, 0xff, 0xff, 0x5f, 0xff, 0xff, 0xa7,
    0xff, 0xff, 0xff, 0xff, 0xff, 0xfa, 0x4f, 0xff,
    0xff, 0xff, 0xff, 0xff, 0x60,

    /* U+262A "☪" */
    0x2, 0x33, 0x33, 0x33, 0x33, 0x33, 0x5, 0xff,
    0xff, 0xff, 0xff, 0xff, 0xfd, 0x7f, 0xff, 0xd7,
    0x55, 0x9f, 0xff, 0xe7, 0xff, 0x90, 0x5d, 0xfe,
    0xae, 0xfe, 0x7f, 0xb0, 0x7f, 0xff, 0xff, 0xff,
    0xe7, 0xf3, 0x1f, 0xff, 0xff, 0xef, 0xfe, 0x7f,
    0x4, 0xff, 0xff, 0xc4, 0x7f, 0xe7, 0xf0, 0x4f,
    0xff, 0xff, 0x26, 0xfe, 0x7f, 0x50, 0xef, 0xff,
    0xff, 0xef, 0xe7, 0xfd, 0x4, 0xff, 0xff, 0xff,
    0xfe, 0x7f, 0xfb, 0x12, 0x9c, 0xa9, 0xff, 0xe7,
    0xff, 0xff, 0xa8, 0x9c, 0xff, 0xfe, 0x4f, 0xff,
    0xff, 0xff, 0xff, 0xff, 0xb0,

    /* U+262E "☮" */
    0x0, 0x0, 0x0, 0x0, 0x0, 0x0, 0x6, 0xff,
    0xff, 0xff, 0xff, 0xff, 0xf9, 0x8f, 0xff, 0xfc,
    0x9b, 0xff, 0xff, 0xc8, 0xff, 0xc6, 0xc7, 0xd8,
    0xaf, 0xfc, 0x8f, 0xd7, 0xff, 0x8f, 0xfb, 0xbf,
    0xc8, 0xf7, 0xff, 0xf8, 0xff, 0xf7, 0xfc, 0x8f,
    0x8f, 0xff, 0x6f, 0xff, 0x9e, 0xc8, 0xf7, 0xff,
    0x94, 0x7f, 0xf9, 0xec, 0x8f, 0x7f, 0x8c, 0x8f,
    0x7f, 0x8f, 0xc8, 0xfe, 0x4d, 0xf8, 0xff, 0x5b,
    0xfc, 0x8f, 0xfd, 0x6a, 0x6b, 0x8b, 0xff, 0xc8,
    0xff, 0xff, 0xca, 0xcf, 0xff, 0xfc, 0x5f, 0xff,
    0xff, 0xff, 0xff, 0xff, 0x80,

    /* U+262F "☯" */
    0x6, 0x66, 0x66, 0x66, 0x66, 0x66, 0x16, 0xff,
    0xff, 0xff, 0xff, 0xff, 0xfa, 0x7f, 0xff, 0x98,
    0x88, 0x8e, 0xff, 0xb7, 0xff, 0x7e, 0xff, 0xff,
    0x7e, 0xfb, 0x7f, 0x8d, 0xff, 0x4d, 0xca, 0x7f,
    0xb7, 0xf8, 0xff, 0xf6, 0xeb, 0x19, 0xeb, 0x7f,
    0x9f, 0xff, 0xea, 0x20, 0xab, 0xb7, 0xf8, 0xff,
    0x60, 0x0, 0xa, 0xcb, 0x7f, 0x7f, 0xe0, 0xa0,
    0x5, 0x7f, 0xb7, 0xfc, 0x9f, 0x31, 0x4, 0xb9,
    0xfb, 0x7f, 0xfb, 0x7d, 0xcb, 0x98, 0xff, 0xb7,
    0xff, 0xff, 0xa8, 0x9e, 0xff, 0xfb, 0x4f, 0xff,
    0xff, 0xff, 0xff, 0xff, 0x80,

    /* U+2638 "☸" */
    0x2, 0x33, 0x33, 0x33, 0x33, 0x33, 0x4, 0xff,
    0xff, 0xff, 0xff, 0xff, 0xfd, 0x6f, 0xff, 0xff,
    0x8f, 0xff, 0xff, 0xe6, 0xff, 0xbb, 0x73, 0x78,
    0xbe, 0xfe, 0x6f, 0xf9, 0x5f, 0x7f, 0xa4, 0xff,
    0xe6, 0xff, 0x8d, 0x75, 0x79, 0xc9, 0xfe, 0x6f,
    0x87, 0xa7, 0xfb, 0x8a, 0x4d, 0xe6, 0xfc, 0x9e,
    0x6e, 0x9b, 0xd5, 0xfe, 0x6f, 0xf7, 0xb9, 0x4a,
    0x7a, 0xbf, 0xe6, 0xff, 0x85, 0xf7, 0xfa, 0x3f,
    0xfe, 0x6f, 0xfd, 0xd8, 0x37, 0xae, 0xef, 0xe6,
    0xff, 0xff, 0xfa, 0xff, 0xff, 0xfe, 0x3f, 0xff,
    0xff, 0xff, 0xff, 0xff, 0xb0,

    /* U+2639 "☹" */
    0x0, 0x2, 0x77, 0x77, 0x74, 0x0, 0x0, 0x5,
    0x60, 0x0, 0x0, 0x47, 0x0, 0x4, 0x40, 0x0,
    0x0, 0x0, 0x27, 0x0, 0x70, 0x1, 0x0, 0x1,
    0x0, 0x52, 0x43, 0x1, 0xf2, 0x0, 0xe4, 0x0,
    0x76, 0x0, 0x7, 0x0, 0x7, 0x10, 0x7, 0x60,
    0x0, 0x0, 0x0, 0x0, 0x0, 0x74, 0x30, 0x3,
    0x77, 0x75, 0x0, 0x7, 0x7, 0x4, 0x50, 0x0,
    0x26, 0x5, 0x20, 0x44, 0x0, 0x0, 0x0, 0x2,
    0x70, 0x0, 0x56, 0x0, 0x0, 0x4, 0x70, 0x0,
    0x0, 0x27, 0x77, 0x77, 0x40, 0x0,

    /* U+263A "☺" */
    0x0, 0x2, 0x77, 0x77, 0x74, 0x0, 0x0, 0x5,
    0x60, 0x0, 0x0, 0x47, 0x0, 0x4, 0x43, 0x60,
    0x0, 0x54, 0x27, 0x0, 0x70, 0x40, 0x0, 0x0,
    0x32, 0x52, 0x43, 0x2, 0x61, 0x0, 0x63, 0x0,
    0x76, 0x0, 0x41, 0x40, 0x31, 0x40, 0x7, 0x60,
    0x15, 0x30, 0x0, 0x24, 0x30, 0x74, 0x30, 0x10,
    0x0, 0x0, 0x10, 0x7, 0x7, 0x0, 0x45, 0x14,
    0x60, 0x5, 0x20, 0x44, 0x0, 0x26, 0x40, 0x2,
    0x70, 0x0, 0x56, 0x0, 0x0, 0x4, 0x70, 0x0,
    0x0, 0x27, 0x77, 0x77, 0x40, 0x0,

    /* U+2640 "♀" */
    0x0, 0x0, 0x21, 0x0, 0x0, 0x7, 0xff, 0xfa,
    0x0, 0x7, 0xf8, 0x36, 0xfb, 0x1, 0xf8, 0x0,
    0x4, 0xf4, 0x3f, 0x30, 0x0, 0xf, 0x72, 0xf5,
    0x0, 0x1, 0xf5, 0xc, 0xe2, 0x0, 0xce, 0x10,
    0x2d, 0xfd, 0xff, 0x40, 0x0, 0x6, 0xf9, 0x10,
    0x0, 0x0, 0x1f, 0x50, 0x0, 0x0, 0x8f, 0xff,
    0xc0, 0x0, 0x3, 0x7f, 0x94, 0x0, 0x0, 0x1,
    0xf5, 0x0, 0x0,

    /* U+2642 "♂" */
    0x0, 0x0, 0x0, 0x0, 0x23, 0x33, 0x10, 0x0,
    0x0, 0x0, 0xe, 0xff, 0xf7, 0x0, 0x0, 0x0,
    0x0, 0x26, 0xff, 0x70, 0x0, 0x0, 0x0, 0x2,
    0xeb, 0xf7, 0x0, 0x4, 0x76, 0x22, 0xec, 0xe,
    0x70, 0x1b, 0xfe, 0xff, 0xec, 0x10, 0x31, 0xa,
    0xe4, 0x0, 0x6f, 0x60, 0x0, 0x3, 0xf5, 0x0,
    0x0, 0x9e, 0x0, 0x0, 0x5f, 0x0, 0x0, 0x4,
    0xf1, 0x0, 0x4, 0xf2, 0x0, 0x0, 0x6f, 0x0,
    0x0, 0xe, 0xa0, 0x0, 0x1d, 0xb0, 0x0, 0x0,
    0x4f, 0xc7, 0x8e, 0xe2, 0x0, 0x0, 0x0, 0x3b,
    0xfe, 0xa1, 0x0, 0x0, 0x0,

    /* U+2648 "♈" */
    0x0, 0x0, 0x0, 0x22, 0x0, 0x0, 0x0, 0x0,
    0x2a, 0xff, 0xfe, 0x70, 0x0, 0x0, 0x4f, 0xff,
    0xff, 0xff, 0xd1, 0x0, 0x2f, 0xff, 0xff, 0xff,
    0xff, 0xc0, 0xb, 0xf8, 0x45, 0xfc, 0x44, 0xcf,
    0x51, 0xfd, 0x6f, 0x99, 0x4e, 0xf4, 0xfb, 0x3f,
    0xff, 0xfe, 0x54, 0xff, 0xff, 0xe3, 0xff, 0xff,
    0xf2, 0x6f, 0xff, 0xfe, 0xf, 0xff, 0xff, 0x39,
    0xff, 0xff, 0xb0, 0x9f, 0xff, 0xf6, 0xbf, 0xff,
    0xf4, 0x1, 0xef, 0xff, 0xdf, 0xff, 0xfa, 0x0,
    0x2, 0xef, 0xff, 0xff, 0xfa, 0x0, 0x0, 0x0,
    0x7d, 0xff, 0xb4, 0x0, 0x0,

    /* U+2649 "♉" */
    0x0, 0x0, 0x0, 0x10, 0x0, 0x0, 0x0, 0x0,
    0x2b, 0xff, 0xfc, 0x50, 0x0, 0x0, 0x6f, 0xff,
    0xff, 0xff, 0xa0, 0x0, 0x5f, 0xce, 0xff, 0xff,
    0xbf, 0x90, 0xd, 0xfb, 0x5f, 0xff, 0x96, 0xff,
    0x24, 0xff, 0xfb, 0x25, 0x37, 0xff, 0xf9, 0x6f,
    0xff, 0x68, 0xeb, 0x3f, 0xff, 0xb6, 0xff, 0xe6,
    0xff, 0xfa, 0x9f, 0xfb, 0x3f, 0xfc, 0x7f, 0xff,
    0xc8, 0xff, 0x80, 0xcf, 0xf3, 0xef, 0xf4, 0xdf,
    0xf1, 0x3, 0xff, 0xd4, 0x54, 0xaf, 0xf7, 0x0,
    0x4, 0xff, 0xff, 0xff, 0xf8, 0x0, 0x0, 0x1,
    0x8d, 0xfe, 0xa3, 0x0, 0x0,

    /* U+264A "♊" */
    0x0, 0x0, 0x0, 0x22, 0x0, 0x0, 0x0, 0x0,
    0x2a, 0xff, 0xfe, 0x70, 0x0, 0x0, 0x4f, 0xff,
    0xff, 0xff, 0xd1, 0x0, 0x2f, 0xcc, 0xff, 0xff,
    0xae, 0xc0, 0xb, 0xfe, 0x71, 0x44, 0x19, 0xff,
    0x51, 0xff, 0xfe, 0x6f, 0xf4, 0xff, 0xfb, 0x3f,
    0xff, 0xe6, 0xff, 0x4f, 0xff, 0xe3, 0xff, 0xfe,
    0x6f, 0xf4, 0xff, 0xfe, 0xf, 0xff, 0xe6, 0xff,
    0x4f, 0xff, 0xb0, 0x9f, 0xc4, 0x35, 0x43, 0x6e,
    0xf4, 0x1, 0xee, 0xff, 0xff, 0xfd, 0xfa, 0x0,
    0x2, 0xef, 0xff, 0xff, 0xfa, 0x0, 0x0, 0x0,
    0x7d, 0xff, 0xb4, 0x0, 0x0,

    /* U+264B "♋" */
    0x0, 0x0, 0x1, 0x21, 0x0, 0x0, 0x0, 0x0,
    0x4c, 0xff, 0xfc, 0x40, 0x0, 0x0, 0x8f, 0xff,
    0xff, 0xff, 0x80, 0x0, 0x6f, 0xb5, 0x55, 0x58,
    0xff, 0x60, 0xe, 0x95, 0x84, 0xff, 0xab, 0xfe,
    0x4, 0xf4, 0xff, 0xa9, 0xe8, 0xaf, 0xf4, 0x7f,
    0x4e, 0xf8, 0xa6, 0xc9, 0x7f, 0x76, 0xfd, 0x44,
    0x7c, 0xaf, 0xf4, 0xf7, 0x3f, 0xff, 0xff, 0xe7,
    0xfd, 0x3f, 0x40, 0xdf, 0xa5, 0xbd, 0x61, 0x1c,
    0xd0, 0x4, 0xff, 0xd7, 0x56, 0x9e, 0xf4, 0x0,
    0x5, 0xff, 0xff, 0xff, 0xf5, 0x0, 0x0, 0x1,
    0x9e, 0xfe, 0x91, 0x0, 0x0,

    /* U+264C "♌" */
    0x0, 0x0, 0x1, 0x21, 0x0, 0x0, 0x0, 0x0,
    0x4c, 0xff, 0xfd, 0x50, 0x0, 0x0, 0x7f, 0xff,
    0xfe, 0xff, 0xa0, 0x0, 0x6f, 0xff, 0xc3, 0x54,
    0xef, 0x90, 0xe, 0xff, 0xf3, 0xff, 0xc6, 0xff,
    0x25, 0xfe, 0x44, 0x2f, 0xfe, 0x5f, 0xf7, 0x7f,
    0x5d, 0xf6, 0xcf, 0x6c, 0xff, 0xa7, 0xf5, 0xef,
    0x7c, 0xb7, 0xff, 0xfa, 0x4f, 0xd3, 0x56, 0xf4,
    0xff, 0xff, 0x70, 0xdf, 0xfe, 0xff, 0x4f, 0xff,
    0xf1, 0x4, 0xff, 0xff, 0xf9, 0x46, 0xf6, 0x0,
    0x5, 0xff, 0xff, 0xff, 0xf7, 0x0, 0x0, 0x1,
    0x9e, 0xfe, 0xa2, 0x0, 0x0,

    /* U+264D "♍" */
    0x0, 0x0, 0x1, 0x21, 0x0, 0x0, 0x0, 0x0,
    0x3c, 0xff, 0xfd, 0x50, 0x0, 0x0, 0x7f, 0xff,
    0xff, 0xff, 0xa0, 0x0, 0x5f, 0xa4, 0x76, 0x4d,
    0xff, 0x90, 0xe, 0xf4, 0xf6, 0xae, 0x34, 0xaf,
    0x24, 0xff, 0x4f, 0x8c, 0xf2, 0xf3, 0xf8, 0x7f,
    0xf4, 0xf8, 0xcf, 0x4f, 0x4f, 0xa6, 0xff, 0x4f,
    0x8c, 0xf4, 0x89, 0xfa, 0x3f, 0xf4, 0xf8, 0xcf,
    0x16, 0xff, 0x70, 0xcf, 0xaf, 0xcd, 0x61, 0xdf,
    0xf1, 0x3, 0xff, 0xff, 0xbb, 0xd4, 0xf6, 0x0,
    0x4, 0xff, 0xff, 0xff, 0xf7, 0x0, 0x0, 0x1,
    0x8d, 0xfe, 0xa2, 0x0, 0x0,

    /* U+264E "♎" */
    0x0, 0x0, 0x1, 0x21, 0x0, 0x0, 0x0, 0x0,
    0x4c, 0xff, 0xfd, 0x50, 0x0, 0x0, 0x7f, 0xff,
    0xff, 0xff, 0x90, 0x0, 0x6f, 0xfe, 0x54, 0x5e,
    0xff, 0x70, 0xe, 0xff, 0x3b, 0xff, 0x6f, 0xff,
    0x14, 0xff, 0xe4, 0xff, 0xfb, 0xcf, 0xf6, 0x7f,
    0xff, 0x3f, 0xff, 0x8e, 0xff, 0x96, 0xff, 0x94,
    0x7f, 0xe2, 0x9f, 0xf8, 0x3f, 0xfb, 0xbd, 0xff,
    0xbb, 0xff, 0x50, 0xcf, 0x54, 0x44, 0x44, 0x4f,
    0xe0, 0x3, 0xff, 0xff, 0xff, 0xff, 0xf5, 0x0,
    0x4, 0xff, 0xff, 0xff, 0xf6, 0x0, 0x0, 0x1,
    0x9d, 0xfe, 0x92, 0x0, 0x0,

    /* U+264F "♏" */
    0x0, 0x0, 0x0, 0x10, 0x0, 0x0, 0x0, 0x0,
    0x3b, 0xff, 0xfc, 0x40, 0x0, 0x0, 0x6f, 0xff,
    0xff, 0xff, 0xa0, 0x0, 0x5f, 0xd7, 0xba, 0x8f,
    0xff, 0x80, 0xd, 0xf5, 0xd5, 0x8b, 0x7f, 0xff,
    0x24, 0xff, 0x4f, 0x8b, 0xf4, 0xff, 0xf8, 0x6f,
    0xf4, 0xf8, 0xcf, 0x4f, 0xff, 0xa6, 0xff, 0x4f,
    0x8c, 0xf4, 0xf8, 0xfa, 0x3f, 0xf4, 0xf8, 0xcf,
    0x4e, 0x2e, 0x70, 0xcf, 0xaf, 0xcd, 0xf7, 0x49,
    0xf1, 0x3, 0xff, 0xff, 0xff, 0xff, 0xf7, 0x0,
    0x4, 0xff, 0xff, 0xff, 0xf7, 0x0, 0x0, 0x1,
    0x8d, 0xfe, 0xa2, 0x0, 0x0,

    /* U+2650 "♐" */
    0x0, 0x0, 0x1, 0x21, 0x0, 0x0, 0x0, 0x0,
    0x4c, 0xff, 0xfd, 0x50, 0x0, 0x0, 0x8f, 0xff,
    0xff, 0xff, 0x90, 0x0, 0x7f, 0xff, 0xfe, 0xee,
    0xef, 0x80, 0x1e, 0xff, 0xff, 0x96, 0x23, 0xff,
    0x16, 0xff, 0xff, 0xff, 0xa5, 0x4f, 0xf6, 0x8f,
    0xff, 0x6c, 0xa5, 0xf4, 0xff, 0x98, 0xff, 0xff,
    0x34, 0xff, 0xdf, 0xf9, 0x5f, 0xff, 0xa5, 0x4c,
    0xff, 0xff, 0x60, 0xdf, 0xa5, 0xff, 0xbf, 0xff,
    0xe0, 0x5, 0xfe, 0xff, 0xff, 0xff, 0xf5, 0x0,
    0x5, 0xff, 0xff, 0xff, 0xf6, 0x0, 0x0, 0x1,
    0x9e, 0xfe, 0xa2, 0x0, 0x0,

    /* U+2651 "♑" */
    0x0, 0x0, 0x0, 0x11, 0x0, 0x0, 0x0, 0x0,
    0x19, 0xff, 0xfd, 0x50, 0x0, 0x0, 0x4f, 0xff,
    0xff, 0xff, 0xa0, 0x0, 0x2f, 0xcc, 0x7e, 0xff,
    0xff, 0x90, 0xa, 0xf9, 0x3d, 0x5f, 0xff, 0xff,
    0x21, 0xff, 0xe6, 0xf5, 0xff, 0xff, 0xf8, 0x3f,
    0xfe, 0x6f, 0x5f, 0xa6, 0xdf, 0xa3, 0xff, 0xe6,
    0xf5, 0xc5, 0xd4, 0xfa, 0xf, 0xfe, 0x6f, 0x84,
    0xbf, 0x4f, 0x70, 0x9f, 0xff, 0xff, 0x33, 0x4b,
    0xf2, 0x1, 0xef, 0xfb, 0x75, 0xff, 0xf7, 0x0,
    0x2, 0xef, 0xfd, 0xff, 0xf8, 0x0, 0x0, 0x0,
    0x8d, 0xfe, 0xb3, 0x0, 0x0,

    /* U+2652 "♒" */
    0x0, 0x0, 0x0, 0x10, 0x0, 0x0, 0x0, 0x0,
    0x2a, 0xff, 0xfc, 0x50, 0x0, 0x0, 0x5f, 0xff,
    0xff, 0xff, 0xa0, 0x0, 0x4f, 0xdf, 0xfc, 0xff,
    0xcf, 0x90, 0xd, 0xd3, 0x7d, 0x37, 0xc3, 0x8f,
    0x23, 0xf5, 0xd4, 0x5d, 0x45, 0xe4, 0xf9, 0x6f,
    0xcf, 0xda, 0xfd, 0xaf, 0xdf, 0xb6, 0xff, 0x7d,
    0xf7, 0xdf, 0x6d, 0xfb, 0x3f, 0xa7, 0x5a, 0x75,
    0xa7, 0x5f, 0x80, 0xc5, 0xf6, 0x3f, 0x63, 0xf6,
    0xd1, 0x3, 0xff, 0xfe, 0xff, 0xef, 0xf8, 0x0,
    0x4, 0xff, 0xff, 0xff, 0xf8, 0x0, 0x0, 0x1,
    0x8d, 0xfe, 0xa3, 0x0, 0x0,

    /* U+2653 "♓" */
    0x0, 0x0, 0x1, 0x22, 0x0, 0x0, 0x0, 0x0,
    0x3b, 0xff, 0xfe, 0x80, 0x0, 0x0, 0x6f, 0xff,
    0xff, 0xff, 0xd1, 0x0, 0x4f, 0x9d, 0xff, 0xff,
    0x8e, 0xc0, 0xd, 0xfe, 0x4f, 0xff, 0xb7, 0xff,
    0x52, 0xff, 0xf7, 0xcf, 0xf5, 0xef, 0xfb, 0x4f,
    0xf8, 0x55, 0x88, 0x18, 0xaf, 0xd3, 0xff, 0xc8,
    0x8c, 0xc3, 0xcd, 0xfd, 0x1f, 0xff, 0x6d, 0xff,
    0x6c, 0xff, 0xb0, 0xaf, 0xc5, 0xff, 0xfd, 0x4f,
    0xf5, 0x2, 0xfc, 0xff, 0xff, 0xfc, 0xfb, 0x0,
    0x3, 0xef, 0xff, 0xff, 0xfb, 0x0, 0x0, 0x1,
    0x8d, 0xff, 0xc5, 0x0, 0x0,

    /* U+265F "♟" */
    0x0, 0x0, 0x20, 0x0, 0x0, 0x0, 0xcf, 0xe1,
    0x0, 0x0, 0x3d, 0xbf, 0x70, 0x0, 0x2, 0xff,
    0xf6, 0x0, 0x0, 0x5b, 0xdc, 0x80, 0x0, 0x3,
    0xcb, 0xc5, 0x0, 0x0, 0xb, 0xfe, 0x0, 0x0,
    0x0, 0xef, 0xf3, 0x0, 0x0, 0xa9, 0xaa, 0xb1,
    0x0, 0x8f, 0xfe, 0xef, 0xb0, 0xc, 0x89, 0x99,
    0x8d, 0x1, 0xf9, 0xbe, 0xff, 0xf5, 0x5, 0xcc,
    0xef, 0xd7, 0x0,

    /* U+2660 "♠" */
    0x0, 0x0, 0x0, 0x0, 0x0, 0x0, 0x0, 0x0,
    0x3e, 0x60, 0x0, 0x0, 0x0, 0x3, 0xff, 0xf6,
    0x0, 0x0, 0x0, 0x3f, 0xff, 0xff, 0x60, 0x0,
    0x2, 0xef, 0xff, 0xff, 0xf5, 0x0, 0xd, 0xff,
    0xff, 0xff, 0xff, 0x10, 0x6f, 0xff, 0xff, 0xff,
    0xff, 0xa0, 0xbf, 0xff, 0xff, 0xff, 0xff, 0xf0,
    0xcf, 0xff, 0xff, 0xff, 0xff, 0xf0, 0x5f, 0xff,
    0xdf, 0xdf, 0xff, 0x90, 0x3, 0x75, 0x6f, 0x93,
    0x74, 0x0, 0x0, 0x19, 0xff, 0xfb, 0x20, 0x0,
    0x0, 0xbf, 0xff, 0xff, 0xe0, 0x0,

    /* U+2663 "♣" */
    0x0, 0x0, 0x0, 0x21, 0x0, 0x0, 0x0, 0x0,
    0x4, 0xef, 0xf7, 0x0, 0x0, 0x0, 0x0, 0xff,
    0xff, 0xf3, 0x0, 0x0, 0x0, 0x3f, 0xff, 0xff,
    0x70, 0x0, 0x0, 0x1, 0xff, 0xff, 0xf5, 0x0,
    0x0, 0x1a, 0xef, 0xff, 0xff, 0xec, 0x30, 0xd,
    0xff, 0xff, 0xff, 0xff, 0xff, 0x12, 0xff, 0xff,
    0xff, 0xff, 0xff, 0xf6, 0x2f, 0xff, 0xff, 0xff,
    0xff, 0xff, 0x60, 0xaf, 0xff, 0xff, 0xff, 0xff,
    0xd0, 0x0, 0x59, 0x7c, 0xfe, 0x79, 0x70, 0x0,
    0x0, 0x5d, 0xff, 0xfe, 0x70, 0x0, 0x0, 0xe,
    0xff, 0xff, 0xff, 0x30, 0x0,

    /* U+2665 "♥" */
    0x0, 0x12, 0x0, 0x0, 0x2, 0x10, 0x0, 0x9,
    0xff, 0xf6, 0x3, 0xdf, 0xfc, 0x10, 0x7f, 0xff,
    0xff, 0x7f, 0xff, 0xff, 0xb0, 0xdf, 0xff, 0xff,
    0xff, 0xff, 0xff, 0xf1, 0xef, 0xff, 0xff, 0xff,
    0xff, 0xff, 0xf2, 0xbf, 0xff, 0xff, 0xff, 0xff,
    0xff, 0xf0, 0x6f, 0xff, 0xff, 0xff, 0xff, 0xff,
    0xa0, 0xd, 0xff, 0xff, 0xff, 0xff, 0xff, 0x20,
    0x3, 0xff, 0xff, 0xff, 0xff, 0xf6, 0x0, 0x0,
    0x5f, 0xff, 0xff, 0xff, 0x80, 0x0, 0x0, 0x5,
    0xff, 0xff, 0xf8, 0x0, 0x0, 0x0, 0x0, 0x4e,
    0xff, 0x70, 0x0, 0x0, 0x0, 0x0, 0x2, 0xc4,
    0x0, 0x0, 0x0,

    /* U+2666 "♦" */
    0x0, 0x0, 0x10, 0x0, 0x0, 0x0, 0x4, 0xf7,
    0x0, 0x0, 0x0, 0x1e, 0xff, 0x30, 0x0, 0x0,
    0xaf, 0xff, 0xd0, 0x0, 0x6, 0xff, 0xff, 0xfa,
    0x0, 0x2f, 0xff, 0xff, 0xff, 0x50, 0xbf, 0xff,
    0xff, 0xff, 0xe0, 0xaf, 0xff, 0xff, 0xff, 0xd0,
    0x1e, 0xff, 0xff, 0xff, 0x30, 0x4, 0xff, 0xff,
    0xf7, 0x0, 0x0, 0x8f, 0xff, 0xc0, 0x0, 0x0,
    0xc, 0xfe, 0x10, 0x0, 0x0, 0x2, 0xe5, 0x0,
    0x0,

    /* U+2668 "♨" */
    0x0, 0x0, 0x0, 0x10, 0x0, 0x0, 0x0, 0x0,
    0x12, 0x3e, 0x20, 0x21, 0x0, 0x0, 0x1e, 0x4c,
    0xf1, 0x3f, 0x20, 0x0, 0x9, 0xf4, 0xff, 0x3b,
    0xf1, 0x0, 0x0, 0xaf, 0x6d, 0xf7, 0xcf, 0x40,
    0x0, 0x7, 0xfa, 0x9f, 0xa9, 0xf8, 0x0, 0x0,
    0x3f, 0xc6, 0xfb, 0x5f, 0xa0, 0x0, 0xa2, 0xf8,
    0x5f, 0x54, 0xf6, 0xa1, 0x7f, 0x3a, 0x6, 0x70,
    0x58, 0xb, 0xa9, 0xf6, 0x0, 0x0, 0x0, 0x3,
    0xfd, 0x5f, 0xf9, 0x30, 0x0, 0x27, 0xff, 0x90,
    0x8f, 0xff, 0xff, 0xff, 0xff, 0xb0, 0x0, 0x29,
    0xce, 0xff, 0xda, 0x40, 0x0,

    /* U+267B "♻" */
    0x0, 0x2, 0x7c, 0xa7, 0x83, 0x30, 0x0, 0x0,
    0x80, 0x1e, 0x10, 0x79, 0x0, 0x0, 0x35, 0x7,
    0x19, 0x2, 0x50, 0x0, 0x1, 0x77, 0x74, 0x97,
    0x91, 0x0, 0x25, 0x75, 0x10, 0x0, 0x0, 0x59,
    0x9, 0x60, 0x70, 0x0, 0x0, 0x63, 0x16, 0x52,
    0x8, 0x40, 0x0, 0x1, 0x60, 0x76, 0x13, 0x65,
    0x0, 0x5, 0x86, 0x2a, 0x17, 0xd7, 0x77, 0x3,
    0x67, 0x8b, 0x60, 0x86, 0x0, 0x70, 0x90, 0x0,
    0x90, 0x1, 0x70, 0x7, 0x5, 0x47, 0x92, 0x0,
    0x2, 0x77, 0x60, 0x5, 0x90, 0x0,

    /* U+267E "♾" */
    0x2, 0x33, 0x33, 0x33, 0x33, 0x32, 0x5, 0xff,
    0xff, 0xff, 0xff, 0xff, 0xf7, 0x7f, 0xff, 0xff,
    0xff, 0xff, 0xff, 0x97, 0xff, 0xff, 0xff, 0xff,
    0xff, 0xf9, 0x7f, 0xff, 0xff, 0xff, 0xff, 0xff,
    0x97, 0xfc, 0x56, 0xaf, 0xa6, 0x5b, 0xf9, 0x7f,
    0x5f, 0xf9, 0x68, 0xff, 0x5f, 0x97, 0xf6, 0xff,
    0xc3, 0xbf, 0xf6, 0xf9, 0x7f, 0xa6, 0x78, 0xf8,
    0x77, 0x9f, 0x97, 0xff, 0xee, 0xff, 0xfe, 0xef,
    0xf9, 0x7f, 0xff, 0xff, 0xff, 0xff, 0xff, 0x97,
    0xff, 0xff, 0xff, 0xff, 0xff, 0xf9, 0x4f, 0xff,
    0xff, 0xff, 0xff, 0xff, 0x50,

    /* U+267F "♿" */
    0x2, 0x33, 0x33, 0x33, 0x33, 0x33, 0x4, 0xff,
    0xff, 0xff, 0xff, 0xff, 0xfa, 0x5f, 0xff, 0xfc,
    0xff, 0xb6, 0xff, 0xc5, 0xff, 0xf9, 0x1, 0xa9,
    0x2f, 0xfc, 0x5f, 0xff, 0x5d, 0x50, 0x7f, 0xff,
    0xc5, 0xff, 0xff, 0x80, 0xc, 0xff, 0xfc, 0x5f,
    0xff, 0x23, 0x1, 0x45, 0xff, 0xc5, 0xff, 0x4e,
    0xfe, 0x26, 0x1f, 0xfc, 0x5f, 0xf1, 0xff, 0xf7,
    0x73, 0xff, 0xc5, 0xff, 0x1c, 0xff, 0x39, 0x4f,
    0xfc, 0x5f, 0xfc, 0x15, 0x4c, 0xff, 0xff, 0xc5,
    0xff, 0xfe, 0xbd, 0xff, 0xff, 0xfc, 0x3f, 0xff,
    0xff, 0xff, 0xff, 0xff, 0x80,

    /* U+2692 "⚒" */
    0x0, 0x18, 0x82, 0x5, 0x88, 0x30, 0x0, 0xa,
    0xb0, 0x9, 0x7, 0x61, 0x56, 0x0, 0x28, 0x0,
    0x17, 0x0, 0x45, 0x3, 0x50, 0x80, 0x2, 0xb5,
    0x0, 0xd2, 0x74, 0x70, 0x81, 0x3b, 0x35, 0x69,
    0x1c, 0x25, 0x45, 0x6, 0x50, 0x73, 0xb0, 0x81,
    0x0, 0x76, 0x0, 0x0, 0xc, 0x8, 0x80, 0x0,
    0x0, 0x0, 0x0, 0x81, 0x75, 0x45, 0x0, 0x0,
    0x0, 0x8, 0x13, 0x68, 0x5, 0x50, 0x0, 0x0,
    0x81, 0x27, 0x2, 0x70, 0x54, 0x0, 0x6, 0x11,
    0x80, 0x0, 0x36, 0x8, 0x0, 0x1, 0x88, 0x0,
    0x0, 0x5, 0x84, 0x0,

    /* U+2693 "⚓" */
    0x0, 0x0, 0x57, 0x71, 0x0, 0x0, 0x0, 0x0,
    0x77, 0x56, 0x0, 0x0, 0x0, 0x0, 0x76, 0x73,
    0x0, 0x0, 0x0, 0x0, 0x7, 0x70, 0x0, 0x0,
    0x0, 0x5, 0x74, 0x78, 0x10, 0x0, 0x0, 0x3,
    0x84, 0x87, 0x0, 0x0, 0x95, 0x0, 0x34, 0x70,
    0x0, 0x86, 0x75, 0x40, 0x43, 0x70, 0x8, 0x7,
    0x92, 0xa0, 0x51, 0x70, 0x37, 0x46, 0x28, 0x27,
    0x90, 0x57, 0x63, 0x70, 0x2, 0x80, 0x0, 0x0,
    0x48, 0x0, 0x0, 0x17, 0x77, 0x78, 0x40, 0x0,

    /* U+2694 "⚔" */
    0x1, 0x0, 0x0, 0x0, 0x0, 0x0, 0x12, 0xf8,
    0x20, 0x0, 0x0, 0x7, 0xf7, 0x8, 0x77, 0x40,
    0x0, 0x18, 0x68, 0x10, 0x35, 0x76, 0x40, 0x18,
    0x64, 0x60, 0x0, 0x55, 0x76, 0x58, 0x64, 0x80,
    0x0, 0x0, 0x55, 0x8a, 0x64, 0x80, 0x0, 0x0,
    0x0, 0x79, 0x64, 0xb0, 0x0, 0x0, 0x31, 0x18,
    0x64, 0xc7, 0x40, 0x40, 0x6, 0x8a, 0x64, 0xc5,
    0x78, 0x98, 0x0, 0x9, 0x87, 0x80, 0x56, 0xaa,
    0x10, 0x5, 0xcc, 0x92, 0x0, 0xaa, 0xc8, 0x6,
    0xcb, 0x26, 0x80, 0x68, 0x2a, 0xc9, 0x3a, 0x20,
    0x0, 0x0, 0x0, 0xb, 0x50,

    /* U+2695 "⚕" */
    0x0, 0x0, 0x1, 0x0, 0x0, 0x4, 0x30, 0xcf,
    0x10, 0x0, 0xaf, 0xd1, 0x9f, 0x0, 0x0, 0xdb,
    0x51, 0x19, 0x10, 0x0, 0x3b, 0xff, 0xff, 0xff,
    0xa0, 0x0, 0x1, 0x29, 0x26, 0xf0, 0x9, 0xff,
    0xff, 0xfd, 0x70, 0xb, 0xd8, 0x6c, 0x20, 0x0,
    0x0, 0x35, 0x7f, 0xbe, 0x40, 0x0, 0x7b, 0xbf,
    0xbf, 0x50, 0x1, 0xf8, 0x4a, 0x31, 0x0, 0x0,
    0x49, 0xbf, 0xb3, 0x0, 0x0, 0x0, 0x5, 0x14,
    0x0,

    /* U+2696 "⚖" */
    0x0, 0x0, 0x0, 0x10, 0x0, 0x0, 0x0, 0x0,
    0x0, 0x0, 0xa6, 0x0, 0x0, 0x0, 0x5, 0x81,
    0x28, 0x9b, 0x30, 0x87, 0x0, 0x8, 0xba, 0x8d,
    0x1a, 0x88, 0xda, 0x0, 0x6, 0xf7, 0x41, 0xd9,
    0x36, 0xfb, 0x0, 0x7, 0x95, 0x0, 0x76, 0x1,
    0xa9, 0x0, 0x16, 0x77, 0x0, 0x76, 0x6, 0x55,
    0x40, 0x52, 0x77, 0x0, 0x76, 0x7, 0x43, 0x70,
    0x70, 0x74, 0x30, 0x76, 0x7, 0x43, 0x70, 0xcc,
    0xfc, 0x62, 0xda, 0x2d, 0xed, 0xd1, 0x57, 0x77,
    0x17, 0x17, 0x7, 0x77, 0x60, 0x0, 0x0, 0x75,
    0x2, 0x72, 0x0, 0x0, 0x0, 0x1, 0x87, 0x77,
    0x74, 0x0, 0x0,

    /* U+2697 "⚗" */
    0x0, 0x17, 0x77, 0x77, 0x30, 0x0, 0x0, 0x18,
    0x0, 0x0, 0x4, 0x74, 0x0, 0x8, 0x0, 0x0,
    0x0, 0x0, 0x27, 0x40, 0x64, 0x78, 0x87, 0x61,
    0x31, 0x7, 0x38, 0x77, 0x77, 0x77, 0x3d, 0x78,
    0x45, 0x5a, 0xce, 0xed, 0xc7, 0x63, 0x0, 0x8,
    0xc9, 0xee, 0xf4, 0xf2, 0x0, 0x0, 0x26, 0xc6,
    0x76, 0xa7, 0x0, 0x0, 0x7, 0x74, 0xbb, 0x57,
    0x62, 0x0, 0x0, 0x78, 0x7, 0x70, 0x17, 0x70,
    0x0, 0x47, 0x30, 0x78, 0x0, 0x77, 0x0, 0x6,
    0x80, 0x0, 0x20, 0x2, 0xa1, 0x0,

    /* U+2699 "⚙" */
    0x0, 0x0, 0x7, 0x7a, 0x0, 0x0, 0x0, 0x7,
    0x70, 0x80, 0x70, 0x58, 0x0, 0x3, 0x61, 0x85,
    0x2, 0x84, 0x27, 0x0, 0x7, 0x12, 0x76, 0x64,
    0x8, 0x0, 0x13, 0x81, 0x73, 0x66, 0x53, 0x84,
    0x27, 0x31, 0x51, 0x70, 0x25, 0x61, 0x38, 0x76,
    0x45, 0x18, 0x4, 0x36, 0x36, 0x90, 0x7, 0x28,
    0x26, 0x46, 0x28, 0x10, 0x0, 0x80, 0x17, 0x66,
    0x30, 0x81, 0x0, 0x36, 0x29, 0x60, 0x39, 0x52,
    0x70, 0x0, 0x67, 0x8, 0x7, 0x4, 0x80, 0x0,
    0x0, 0x0, 0x77, 0xa0, 0x0, 0x0,

    /* U+269B "⚛" */
    0x3, 0x33, 0x33, 0x33, 0x33, 0x33, 0x9, 0xff,
    0xff, 0xff, 0xff, 0xff, 0xf9, 0xbf, 0xff, 0xfa,
    0x7c, 0xff, 0xff, 0xbb, 0xff, 0xed, 0x8f, 0x7e,
    0xef, 0xfb, 0xbf, 0x8d, 0x76, 0x65, 0x8d, 0x9f,
    0xbb, 0xf7, 0xf6, 0x8d, 0x67, 0xf7, 0xfb, 0xbf,
    0xe3, 0x5e, 0x4e, 0x33, 0xef, 0xbb, 0xfb, 0x93,
    0xec, 0xc3, 0x9b, 0xfb, 0xbf, 0x8f, 0x86, 0x65,
    0xaf, 0x8f, 0xbb, 0xf9, 0x64, 0x6d, 0x45, 0x69,
    0xfb, 0xbf, 0xff, 0xf7, 0xf7, 0xff, 0xff, 0xbb,
    0xff, 0xff, 0xd8, 0xef, 0xff, 0xfb, 0x7f, 0xff,
    0xff, 0xff, 0xff, 0xff, 0x70,

    /* U+269C "⚜" */
    0x0, 0x0, 0x0, 0x0, 0x0, 0x0, 0x0, 0x0,
    0x19, 0x50, 0x0, 0x0, 0x0, 0x0, 0x70, 0x62,
    0x0, 0x0, 0x0, 0x3, 0x40, 0x7, 0x0, 0x0,
    0x0, 0x6, 0x0, 0x7, 0x0, 0x0, 0x7, 0x68,
    0x10, 0x7, 0x67, 0x30, 0x81, 0x3, 0x80, 0x29,
    0x0, 0x62, 0x74, 0x76, 0x81, 0x84, 0x87, 0x7,
    0x87, 0x48, 0x76, 0x78, 0x85, 0x54, 0x15, 0x5c,
    0xb9, 0xec, 0x85, 0x30, 0x0, 0x93, 0xc0, 0x94,
    0x65, 0x0, 0x0, 0x25, 0x62, 0x83, 0x50, 0x0,
    0x0, 0x0, 0xa, 0x50, 0x0, 0x0, 0x0, 0x0,
    0x0, 0x0, 0x0, 0x0,

    /* U+26A0 "⚠" */
    0x0, 0x0, 0x4, 0x85, 0x0, 0x0, 0x0, 0x0,
    0x0, 0x80, 0x70, 0x0, 0x0, 0x0, 0x0, 0x53,
    0x1, 0x60, 0x0, 0x0, 0x0, 0x8, 0xa, 0x17,
    0x0, 0x0, 0x0, 0x5, 0x30, 0xf3, 0x16, 0x0,
    0x0, 0x0, 0x80, 0xf, 0x10, 0x70, 0x0, 0x0,
    0x53, 0x0, 0xd0, 0x1, 0x60, 0x0, 0x8, 0x0,
    0xb, 0x0, 0x7, 0x0, 0x5, 0x20, 0x0, 0x40,
    0x0, 0x16, 0x0, 0x80, 0x0, 0xa, 0x0, 0x0,
    0x70, 0x43, 0x0, 0x0, 0x10, 0x0, 0x1, 0x64,
    0x87, 0x77, 0x77, 0x77, 0x77, 0x76,

    /* U+26A1 "⚡" */
    0x0, 0x0, 0x0, 0x0, 0x12, 0x0, 0x0, 0x0,
    0x0, 0x2a, 0x50, 0x0, 0x0, 0x0, 0x46, 0x80,
    0x0, 0x0, 0x0, 0x64, 0x52, 0x0, 0x0, 0x0,
    0x82, 0x17, 0x0, 0x0, 0x2, 0x80, 0x9, 0x87,
    0x72, 0x4, 0x60, 0x0, 0x0, 0x7, 0x21, 0xb7,
    0x77, 0x20, 0x8, 0x10, 0x0, 0x0, 0x70, 0x18,
    0x0, 0x0, 0x0, 0x34, 0x27, 0x0, 0x0, 0x0,
    0x7, 0x46, 0x0, 0x0, 0x0, 0x6, 0x74, 0x0,
    0x0, 0x0, 0x0, 0x93, 0x0, 0x0, 0x0, 0x0,

    /* U+26A7 "⚧" */
    0x1, 0x11, 0x0, 0x0, 0x0, 0x11, 0x12, 0xff,
    0xd0, 0x0, 0x0, 0x2f, 0xfd, 0x2f, 0xe4, 0x92,
    0x0, 0x0, 0x9f, 0xd1, 0xd5, 0xfc, 0x1, 0x0,
    0x9d, 0x4b, 0x0, 0xab, 0xed, 0xff, 0xdc, 0x10,
    0x0, 0x1, 0xc, 0x80, 0x1c, 0x70, 0x0, 0x0,
    0x0, 0xf0, 0x0, 0x6b, 0x0, 0x0, 0x0, 0xe,
    0x40, 0x9, 0x90, 0x0, 0x0, 0x0, 0x5f, 0xab,
    0xe1, 0x0, 0x0, 0x0, 0x0, 0x2d, 0x91, 0x0,
    0x0, 0x0, 0x0, 0x4, 0xc8, 0x30, 0x0, 0x0,
    0x0, 0x1, 0xcf, 0xe9, 0x0, 0x0, 0x0, 0x0,
    0x0, 0xb6, 0x0, 0x0, 0x0,

    /* U+26AA "⚪" */
    0x0, 0x2, 0x77, 0x77, 0x73, 0x0, 0x0, 0x5,
    0x61, 0x62, 0x0, 0x47, 0x0, 0x4, 0x54, 0x71,
    0x0, 0x0, 0x26, 0x0, 0x83, 0x60, 0x0, 0x0,
    0x0, 0x62, 0x43, 0x80, 0x0, 0x0, 0x0, 0x0,
    0x76, 0x5, 0x0, 0x0, 0x0, 0x0, 0x7, 0x60,
    0x0, 0x0, 0x0, 0x0, 0x0, 0x74, 0x30, 0x0,
    0x0, 0x0, 0x0, 0x7, 0x8, 0x0, 0x0, 0x0,
    0x0, 0x6, 0x20, 0x45, 0x0, 0x0, 0x0, 0x2,
    0x70, 0x0, 0x56, 0x0, 0x0, 0x4, 0x70, 0x0,
    0x0, 0x27, 0x77, 0x77, 0x30, 0x0,

    /* U+26AB "⚫" */
    0x0, 0x0, 0x1, 0x21, 0x0, 0x0, 0x0, 0x0,
    0x4a, 0x69, 0x5a, 0x60, 0x0, 0x0, 0x84, 0x50,
    0x50, 0x52, 0x90, 0x0, 0x5d, 0x5b, 0x5b, 0x5b,
    0x5d, 0x70, 0xc, 0xb5, 0xb5, 0xb5, 0xb5, 0xbb,
    0x34, 0x35, 0x5, 0x5, 0x5, 0x5, 0x7, 0x76,
    0xb5, 0xb5, 0xb5, 0xb5, 0xb5, 0x96, 0x5, 0x5,
    0x5, 0x5, 0x5, 0x7, 0x39, 0xb5, 0xb5, 0xb5,
    0xb5, 0xb6, 0x70, 0x85, 0x5, 0x5, 0x5, 0x5,
    0x61, 0x4, 0xf5, 0xb5, 0xb5, 0xb5, 0xe6, 0x0,
    0x6, 0x76, 0x5, 0x6, 0x58, 0x0, 0x0, 0x1,
    0x97, 0xb7, 0x93, 0x0, 0x0,

    /* U+26B0 "⚰" */
    0x0, 0x1, 0x0, 0x0, 0x0, 0x0, 0x0, 0x7,
    0x77, 0x72, 0x0, 0x0, 0x0, 0x48, 0x10, 0x0,
    0x48, 0x10, 0x0, 0xb, 0x40, 0x0, 0x0, 0x8,
    0x0, 0x0, 0x77, 0x0, 0x0, 0x0, 0x27, 0x0,
    0x7, 0x71, 0x0, 0x0, 0x0, 0x45, 0x0, 0x26,
    0xd2, 0x0, 0x0, 0x0, 0x63, 0x0, 0x77, 0x58,
    0x30, 0x0, 0x0, 0x71, 0x6, 0x93, 0x54, 0x84,
    0x0, 0x8, 0x90, 0x9, 0x53, 0x21, 0x37, 0x78,
    0x7, 0x0, 0x2, 0x76, 0x28, 0x28, 0x0, 0x70,
    0x0, 0x0, 0x17, 0x71, 0x72, 0x81, 0x0, 0x0,
    0x0, 0x1, 0x7e, 0x60, 0x0, 0x0, 0x0, 0x0,
    0x0, 0x0, 0x0,

    /* U+26B1 "⚱" */
    0x6, 0x77, 0x77, 0x20, 0x7, 0x86, 0x6a, 0x20,
    0x1a, 0x76, 0x6a, 0x50, 0x80, 0x0, 0x0, 0x43,
    0xc6, 0x66, 0x66, 0x79, 0xc6, 0x66, 0x66, 0x78,
    0x60, 0x0, 0x0, 0x16, 0x70, 0x0, 0x0, 0x33,
    0x70, 0x0, 0x0, 0x60, 0x47, 0x0, 0x1, 0xa0,
    0xa, 0x77, 0x79, 0x50, 0x3, 0x77, 0x76, 0x0,

    /* U+26BD "⚽" */
    0x0, 0x0, 0x1, 0x21, 0x0, 0x0, 0x0, 0x0,
    0x59, 0x64, 0xaf, 0x80, 0x0, 0x0, 0xbf, 0x10,
    0x0, 0x94, 0x80, 0x0, 0x8f, 0xe7, 0x44, 0xaa,
    0x1, 0x70, 0xf, 0xb0, 0x8, 0xff, 0xf4, 0x6,
    0x34, 0x73, 0x0, 0x4f, 0xff, 0xf7, 0xea, 0x64,
    0x30, 0x6, 0xff, 0xf4, 0x6, 0xc6, 0x4a, 0x5,
    0x30, 0x5a, 0x0, 0x4e, 0x3b, 0xff, 0x50, 0x0,
    0x70, 0xa, 0xb0, 0xff, 0xf5, 0x0, 0x8, 0x77,
    0xb1, 0x5, 0xfe, 0xb6, 0x14, 0xff, 0xd6, 0x0,
    0x6, 0x70, 0x16, 0xff, 0xfb, 0x0, 0x0, 0x2,
    0x77, 0x7a, 0xd4, 0x0, 0x0,

    /* U+26BE "⚾" */
    0x0, 0x2, 0x7c, 0x97, 0x73, 0x0, 0x0, 0x5,
    0x60, 0xe, 0x40, 0x47, 0x0, 0x4, 0x50, 0x0,
    0x2b, 0x80, 0x26, 0x0, 0x84, 0x0, 0x0, 0x57,
    0xa1, 0x62, 0x4b, 0xf7, 0xc0, 0x0, 0xb, 0x94,
    0x78, 0x20, 0x28, 0x93, 0x0, 0x7, 0x89, 0x60,
    0x0, 0xa, 0x50, 0x0, 0x0, 0xa3, 0x30, 0x0,
    0x1f, 0x40, 0x0, 0x7, 0x8, 0x0, 0x0, 0x35,
    0x0, 0x6, 0x20, 0x45, 0x0, 0x6, 0xb0, 0x2,
    0x70, 0x0, 0x57, 0x0, 0x4e, 0x4, 0x70, 0x0,
    0x0, 0x27, 0x78, 0xb7, 0x30, 0x0,

    /* U+26C4 "⛄" */
    0x0, 0x0, 0x22, 0x0, 0x0, 0x0, 0x6, 0xff,
    0x90, 0x0, 0x0, 0x7, 0xff, 0x80, 0x0, 0x0,
    0x7d, 0xcd, 0xf2, 0x0, 0x0, 0x80, 0x0, 0x16,
    0x0, 0x0, 0x63, 0x21, 0x36, 0x0, 0x0, 0x70,
    0x53, 0x7, 0x0, 0x86, 0xa1, 0x0, 0x45, 0xa2,
    0xc, 0x20, 0x0, 0x9, 0x50, 0x7, 0x0, 0x0,
    0x1, 0x60, 0x8, 0x0, 0x0, 0x2, 0x50, 0x4,
    0x40, 0x0, 0x8, 0x0, 0x0, 0x47, 0x66, 0x71,
    0x0,

    /* U+26C5 "⛅" */
    0x0, 0x0, 0x0, 0x42, 0x0, 0x0, 0x0, 0x0,
    0x3, 0x80, 0x18, 0x70, 0x0, 0x0, 0x0, 0x0,
    0x26, 0x8b, 0x38, 0x15, 0x30, 0x0, 0x0, 0x0,
    0x99, 0x44, 0xb8, 0xb4, 0x0, 0x0, 0x28, 0x7b,
    0x0, 0x5, 0xb4, 0x57, 0x0, 0x0, 0x76, 0x70,
    0x2, 0x80, 0x0, 0x16, 0x0, 0x0, 0x69, 0x29,
    0x88, 0x0, 0x0, 0x70, 0x0, 0x17, 0x5b, 0x0,
    0x35, 0x0, 0x8, 0x0, 0x6, 0xbf, 0x60, 0x0,
    0x0, 0x0, 0x38, 0x20, 0x8, 0x0, 0x0, 0x0,
    0x0, 0x0, 0x7, 0x0, 0x81, 0x0, 0x0, 0x0,
    0x0, 0x4, 0x50, 0x0, 0x67, 0x77, 0x77, 0x77,
    0x77, 0x40,

    /* U+26C8 "⛈" */
    0x0, 0x0, 0x0, 0x78, 0x77, 0x10, 0x0, 0x0,
    0x0, 0x7, 0x0, 0x0, 0x80, 0x0, 0x0, 0x8,
    0x89, 0x0, 0x0, 0x25, 0x0, 0x0, 0x70, 0x1,
    0x70, 0x0, 0x7, 0x0, 0x18, 0x60, 0x0, 0x0,
    0x0, 0x7, 0x60, 0x70, 0x0, 0x0, 0x0, 0x0,
    0x0, 0x70, 0x64, 0x22, 0x22, 0x22, 0x22, 0x23,
    0x80, 0x3, 0x55, 0x5a, 0x5b, 0x55, 0x54, 0x0,
    0x0, 0xb0, 0x25, 0x7, 0xb0, 0x75, 0x0, 0x2,
    0xa0, 0x27, 0xa5, 0x30, 0xa2, 0x0, 0x0, 0x5,
    0x50, 0xa6, 0x0, 0x0, 0x0, 0x0, 0xb, 0x40,
    0x40, 0x0, 0x0, 0x0,

    /* U+26CE "⛎" */
    0x0, 0x0, 0x1, 0x31, 0x0, 0x0, 0x0, 0x0,
    0x4c, 0xff, 0xfd, 0x50, 0x0, 0x0, 0x8f, 0xff,
    0xff, 0xff, 0x90, 0x0, 0x6f, 0xf7, 0xff, 0xf8,
    0xef, 0x70, 0xe, 0xff, 0x5f, 0xff, 0x6e, 0xff,
    0x14, 0xff, 0xd2, 0x8c, 0xf6, 0x89, 0xf5, 0x7f,
    0xa5, 0x4c, 0x85, 0x18, 0xff, 0x86, 0xff, 0xf5,
    0xff, 0xf6, 0xef, 0xf7, 0x3f, 0xff, 0x4f, 0xff,
    0x5f, 0xff, 0x40, 0xcf, 0xf5, 0xcf, 0xd5, 0xff,
    0xe0, 0x4, 0xff, 0xf5, 0x45, 0xef, 0xf4, 0x0,
    0x5, 0xff, 0xff, 0xff, 0xf5, 0x0, 0x0, 0x1,
    0x9d, 0xfe, 0x91, 0x0, 0x0,

    /* U+26CF "⛏" */
    0x0, 0x0, 0x5, 0x78, 0xe8, 0x0, 0x0, 0x0,
    0xa7, 0x25, 0x61, 0x0, 0x0, 0x0, 0xa8, 0x7,
    0x20, 0x0, 0x0, 0x0, 0x26, 0x10, 0x82, 0x0,
    0x0, 0x0, 0x8, 0x29, 0x84, 0xc0, 0x0, 0x0,
    0x1, 0x68, 0x2, 0xc1, 0x80, 0x0, 0x0, 0x59,
    0x10, 0x2, 0x71, 0x80, 0x0, 0x8, 0x50, 0x0,
    0x4, 0x51, 0x80, 0x0, 0x20, 0x0, 0x0, 0x5,
    0x41, 0x80, 0x0, 0x0, 0x0, 0x0, 0x7, 0x21,
    0x80, 0x0, 0x0, 0x0, 0x0, 0x8, 0x12, 0x50,
    0x0, 0x0, 0x0, 0x0, 0x9, 0x81,

    /* U+26D1 "⛑" */
    0x0, 0x0, 0x2, 0x22, 0x10, 0x0, 0x0, 0x0,
    0x3f, 0xb5, 0x8f, 0x60, 0x0, 0x0, 0x46, 0xe2,
    0x1, 0xf6, 0x60, 0x0, 0x17, 0x3, 0x5, 0x4,
    0x5, 0x30, 0x6, 0x10, 0x3, 0xe4, 0x0, 0x8,
    0x0, 0x70, 0x0, 0xaf, 0xb1, 0x0, 0x70, 0x54,
    0x30, 0x0, 0xb0, 0x0, 0x2, 0x74, 0x62, 0x64,
    0x0, 0x0, 0x0, 0x46, 0x5, 0xa8, 0x77, 0x77,
    0x77, 0x88, 0x0, 0x16, 0x0, 0x0, 0x0, 0x4,
    0x40, 0x0, 0x71, 0x0, 0x0, 0x0, 0x80, 0x0,
    0x0, 0x84, 0x1, 0x12, 0x81, 0x0, 0x0, 0x0,
    0x4f, 0xff, 0x50, 0x0, 0x0,

    /* U+26D3 "⛓" */
    0x11, 0x1, 0x10, 0x1, 0x10, 0x5, 0x41, 0x56,
    0x0, 0x86, 0x30, 0x44, 0x99, 0x60, 0x68, 0x67,
    0x20, 0x66, 0xa3, 0x6, 0x97, 0x56, 0x4, 0x6a,
    0x10, 0x56, 0x35, 0x63, 0x47, 0x86, 0x6, 0x87,
    0x44, 0x54, 0x56, 0x60, 0x1a, 0x66, 0x5, 0x46,
    0x85, 0x3, 0xa6, 0x70, 0x15, 0x68, 0x60, 0x69,
    0x94, 0x50, 0x37, 0xa0, 0x5, 0x50, 0x66, 0x7,
    0x69, 0x40, 0x69, 0x85, 0x55, 0x49, 0x96, 0x4,
    0xa6, 0x81, 0x65, 0x5, 0x60, 0x6, 0x51, 0x0,

    /* U+26D4 "⛔" */
    0x0, 0x0, 0x0, 0x10, 0x0, 0x0, 0x0, 0x0,
    0x5c, 0xff, 0xfc, 0x50, 0x0, 0x0, 0xaf, 0xff,
    0xff, 0xff, 0xa0, 0x0, 0x8f, 0xff, 0xff, 0xff,
    0xff, 0x90, 0x2f, 0xff, 0xff, 0xff, 0xff, 0xff,
    0x27, 0xff, 0xff, 0xff, 0xff, 0xff, 0xf8, 0xaf,
    0x31, 0x11, 0x11, 0x11, 0x3f, 0xaa, 0xf3, 0x11,
    0x11, 0x11, 0x13, 0xfa, 0x6f, 0xff, 0xff, 0xff,
    0xff, 0xff, 0x71, 0xff, 0xff, 0xff, 0xff, 0xff,
    0xf1, 0x5, 0xff, 0xff, 0xff, 0xff, 0xf6, 0x0,
    0x6, 0xff, 0xff, 0xff, 0xf6, 0x0, 0x0, 0x1,
    0x8c, 0xdc, 0x81, 0x0, 0x0,

    /* U+26E9 "⛩" */
    0x1, 0x0, 0x0, 0x0, 0x0, 0x0, 0x0, 0x12,
    0xfd, 0x95, 0x32, 0x12, 0x34, 0x7b, 0xf8, 0x8,
    0x25, 0x79, 0x9a, 0xa9, 0x86, 0x37, 0x20, 0x28,
    0x87, 0x77, 0x27, 0x77, 0x87, 0x40, 0x0, 0x7,
    0x70, 0x26, 0x60, 0x77, 0x0, 0x0, 0x8, 0x83,
    0xa8, 0x6a, 0xa5, 0x5a, 0x10, 0x0, 0x70, 0x0,
    0x0, 0x0, 0x0, 0x34, 0x0, 0x6, 0xa7, 0x77,
    0x77, 0x79, 0x87, 0x10, 0x0, 0x7, 0x70, 0x0,
    0x0, 0x77, 0x0, 0x0, 0x0, 0x77, 0x0, 0x0,
    0x7, 0x70, 0x0, 0x0, 0x7, 0x70, 0x0, 0x0,
    0x77, 0x0, 0x0, 0x0, 0xab, 0x10, 0x0, 0xb,
    0xb0, 0x0, 0x0, 0xf, 0xf4, 0x0, 0x0, 0xff,
    0x10, 0x0, 0x0, 0x12, 0x0, 0x0, 0x2, 0x20,
    0x0,

    /* U+26EA "⛪" */
    0x0, 0x0, 0x1, 0x0, 0x0, 0x0, 0x0, 0x2,
    0xc3, 0x0, 0x0, 0x0, 0x0, 0xf, 0x10, 0x0,
    0x0, 0x0, 0x5, 0x28, 0x0, 0x0, 0x0, 0x3,
    0xa7, 0xa7, 0x0, 0x0, 0x0, 0x14, 0x2, 0x50,
    0x0, 0x0, 0x3, 0x66, 0x38, 0x0, 0x0, 0x1,
    0xa6, 0xc4, 0xc3, 0x0, 0x1, 0x81, 0x40, 0x25,
    0x63, 0x1, 0xc4, 0x35, 0x63, 0x54, 0xb2, 0x7,
    0x56, 0x96, 0x85, 0x7a, 0x0, 0x7f, 0x8a, 0x98,
    0x5f, 0xa0, 0xb, 0x78, 0xff, 0xeb, 0x7b, 0x0,

    /* U+26F0 "⛰" */
    0x0, 0x0, 0x0, 0xa, 0x60, 0x0, 0x0, 0x0,
    0x0, 0x0, 0x5, 0x8f, 0x10, 0x0, 0x0, 0x0,
    0x0, 0x7, 0xc5, 0xf8, 0x0, 0x0, 0x0, 0x0,
    0x0, 0xcb, 0xb, 0x62, 0x0, 0x0, 0x0, 0x0,
    0x44, 0xd0, 0xc0, 0xd2, 0x0, 0x0, 0x0, 0x8,
    0x39, 0x1e, 0xd6, 0xc0, 0x0, 0x0, 0x4, 0x39,
    0x5b, 0xf9, 0xd, 0x60, 0x0, 0x5, 0xe3, 0x6f,
    0xf4, 0x7, 0xcf, 0x41, 0x4, 0x47, 0xfc, 0xf2,
    0x6e, 0xff, 0xef, 0x51, 0x70, 0x8c, 0x54, 0x7e,
    0x7f, 0xd8, 0xfb, 0x2c, 0xff, 0xdf, 0xff, 0xc5,
    0xfd, 0xae, 0x70, 0x1, 0x57, 0x9a, 0xba, 0xa8,
    0x63, 0x0,

    /* U+26F1 "⛱" */
    0x0, 0x0, 0x0, 0x1, 0x0, 0x0, 0x0, 0x0,
    0x2, 0x67, 0x6b, 0x0, 0x0, 0x0, 0x0, 0x86,
    0x11, 0xcf, 0x84, 0x0, 0x0, 0x8, 0x10, 0x1d,
    0xff, 0x64, 0x60, 0x0, 0x52, 0x0, 0xbf, 0xff,
    0xb0, 0x53, 0x0, 0x57, 0x75, 0xff, 0xff, 0xd0,
    0x7, 0x0, 0x0, 0x8, 0x64, 0xfe, 0xe0, 0x7,
    0x0, 0x0, 0x0, 0x4, 0x41, 0xd7, 0x79, 0x0,
    0x0, 0x0, 0x7, 0x0, 0x0, 0x6, 0x0, 0x67,
    0x77, 0x7f, 0x77, 0x64, 0x33, 0x50, 0x70, 0x7,
    0x27, 0x0, 0x2, 0x33, 0x71, 0x70, 0x7, 0xaa,
    0x71, 0x0, 0x0, 0x61, 0xb7, 0x77, 0x77, 0x77,
    0x77, 0x77, 0xa1,

    /* U+26F2 "⛲" */
    0x0, 0x0, 0x30, 0x30, 0x0, 0x0, 0x0, 0x66,
    0x85, 0x70, 0x0, 0x0, 0x35, 0x62, 0x56, 0x40,
    0x0, 0x5, 0x28, 0xf8, 0x45, 0x0, 0x0, 0x77,
    0xcf, 0xb8, 0x60, 0x0, 0x9, 0x52, 0x60, 0x59,
    0x0, 0x0, 0x46, 0xff, 0xf4, 0x50, 0x0, 0x2,
    0x69, 0xf9, 0x44, 0x0, 0x6, 0x87, 0x9f, 0x95,
    0x96, 0x17, 0x13, 0x19, 0xf9, 0x5, 0x18, 0x7b,
    0x72, 0x0, 0x1, 0x59, 0xa0, 0xbf, 0xff, 0xff,
    0xff, 0xd1, 0x0, 0x4a, 0xef, 0xeb, 0x50, 0x0,

    /* U+26F3 "⛳" */
    0x0, 0x0, 0x0, 0x10, 0x0, 0x0, 0x0, 0x0,
    0x0, 0x9, 0x65, 0x10, 0x0, 0x0, 0x0, 0x0,
    0x70, 0x15, 0x85, 0x0, 0x0, 0x0, 0x7, 0x2,
    0x64, 0x0, 0x0, 0x0, 0x0, 0x96, 0x30, 0x0,
    0x0, 0x0, 0x0, 0x9, 0x0, 0x0, 0x0, 0x0,
    0x46, 0x76, 0xd3, 0x0, 0x0, 0x3, 0x83, 0x10,
    0x1a, 0x47, 0x83, 0x0, 0x54, 0x0, 0x0, 0xd2,
    0x0, 0x47, 0x0, 0x48, 0x10, 0x5, 0x10, 0x0,
    0x44, 0x0, 0x8, 0x0, 0x0, 0x0, 0x1, 0x60,
    0x0, 0x18, 0x0, 0x0, 0x0, 0x81, 0x0, 0x0,
    0x18, 0x77, 0x77, 0x61, 0x0,

    /* U+26F4 "⛴" */
    0x0, 0x0, 0x1, 0x22, 0x0, 0x0, 0x0, 0x0,
    0x0, 0x0, 0x96, 0xc8, 0x92, 0x0, 0x0, 0x0,
    0x0, 0x69, 0xc6, 0x38, 0x40, 0x0, 0x0, 0x0,
    0x19, 0x48, 0x22, 0x36, 0x69, 0x0, 0x0, 0x8,
    0x42, 0x70, 0x1, 0x34, 0x71, 0x0, 0x2, 0x86,
    0x88, 0x56, 0x43, 0x22, 0x90, 0x0, 0x44, 0xe8,
    0x71, 0x53, 0x21, 0x19, 0x22, 0x7e, 0xcf, 0xfd,
    0x77, 0x75, 0x43, 0x70, 0x77, 0xbb, 0xdc, 0xc9,
    0x8b, 0x7c, 0x6e, 0x56, 0x10, 0x0, 0x0, 0x0,
    0x23, 0x56, 0xa7, 0x34, 0x0, 0x0, 0x0, 0x0,
    0x0, 0x3, 0x50, 0x80, 0x0, 0x0, 0x0, 0x0,
    0x0, 0x63, 0x2, 0x77, 0x77, 0x77, 0x77, 0x77,
    0x79, 0x0,

    /* U+26F5 "⛵" */
    0x0, 0x0, 0x0, 0x10, 0x0, 0x0, 0x0, 0x0,
    0x1, 0xf0, 0x0, 0x0, 0x0, 0x0, 0x1c, 0xe4,
    0x0, 0x0, 0x0, 0x0, 0x97, 0x78, 0x0, 0x0,
    0x0, 0x8, 0x7, 0x76, 0x10, 0x0, 0x0, 0x62,
    0x7, 0x71, 0x60, 0x0, 0x1, 0x70, 0x7, 0x70,
    0x80, 0x0, 0x7, 0x10, 0x8, 0x60, 0x44, 0x0,
    0x8, 0x0, 0x9, 0x50, 0x8, 0x0, 0x2a, 0x77,
    0x7b, 0xb7, 0x78, 0x0, 0x33, 0x1b, 0xca, 0x85,
    0x0, 0x0, 0x96, 0x8c, 0xde, 0xee, 0x87, 0x60,
    0x38, 0x77, 0x77, 0x77, 0x77, 0x80,

    /* U+26F7 "⛷" */
    0x0, 0x20, 0x0, 0x0, 0x0, 0x0, 0x0, 0xbf,
    0xe3, 0x0, 0x0, 0x0, 0x0, 0x5f, 0xff, 0xb3,
    0x31, 0x0, 0x5, 0x4, 0xff, 0xff, 0xff, 0xfc,
    0x59, 0xd1, 0x8, 0xee, 0xff, 0xff, 0xe8, 0x20,
    0x0, 0x0, 0x1c, 0xff, 0xec, 0x0, 0x0, 0x0,
    0x4a, 0xff, 0xf2, 0x0, 0x0, 0x0, 0x3f, 0xf8,
    0x3f, 0x60, 0x3, 0x66, 0x1, 0x10, 0x0, 0x9e,
    0x25, 0x64, 0x0, 0x0, 0x0, 0x3e, 0xe7, 0x50,
    0x0, 0x0, 0x0, 0x8, 0xa5, 0x10, 0x0, 0x0,
    0x4, 0x36, 0x62, 0x0, 0x0, 0x0, 0x1, 0x55,
    0x40, 0x0, 0x0, 0x0, 0x0,

    /* U+26F8 "⛸" */
    0x0, 0x0, 0x48, 0x84, 0x0, 0x0, 0x0, 0x4,
    0x73, 0x0, 0x90, 0x0, 0x0, 0x0, 0x80, 0x3,
    0xcc, 0x0, 0x0, 0x0, 0x16, 0x0, 0xa, 0xf0,
    0x0, 0x0, 0x6, 0x10, 0x0, 0x19, 0x30, 0x0,
    0x0, 0x70, 0x0, 0x3, 0xcb, 0x20, 0x0, 0x7,
    0x0, 0x0, 0x3, 0xcb, 0x50, 0x0, 0xb7, 0x51,
    0x0, 0x1, 0xc6, 0x60, 0x7, 0x2, 0x77, 0x75,
    0x21, 0x2, 0x80, 0x5a, 0xa6, 0x76, 0x44, 0x66,
    0x8c, 0x1, 0xe3, 0x0, 0x15, 0x9c, 0x67, 0x54,
    0xab, 0xcd, 0xdc, 0xce, 0xeb, 0xba,

    /* U+26F9 "⛹" */
    0x0, 0x0, 0x0, 0x10, 0x0, 0x0, 0x0, 0x0,
    0x0, 0x7f, 0xf3, 0x0, 0x0, 0x0, 0x0, 0xe,
    0xff, 0x90, 0x0, 0x0, 0x0, 0x0, 0x9f, 0xf5,
    0x0, 0x0, 0x0, 0x0, 0x8, 0xff, 0xfe, 0x91,
    0x0, 0x0, 0xa, 0xff, 0xff, 0x9c, 0xe2, 0x0,
    0x9d, 0xe8, 0xff, 0xf6, 0xa, 0x40, 0x9, 0x71,
    0x1f, 0xff, 0xa0, 0x0, 0x1, 0x51, 0x0, 0xff,
    0xfd, 0x0, 0x0, 0xa5, 0xa0, 0x5f, 0xff, 0xd0,
    0x0, 0x2a, 0x8b, 0x18, 0xf4, 0xef, 0xde, 0x0,
    0x66, 0x60, 0xaf, 0x2, 0x98, 0x90, 0x0, 0x0,
    0xd, 0xb0, 0x0, 0x0, 0x0,

    /* U+26FA "⛺" */
    0x0, 0x0, 0x0, 0x0, 0x0, 0x0, 0x0, 0x0,
    0x0, 0x48, 0x77, 0x77, 0x84, 0x0, 0x0, 0x0,
    0x7, 0x0, 0x0, 0x16, 0x90, 0x0, 0x0, 0x2,
    0x50, 0x0, 0x7, 0x3, 0x60, 0x0, 0x0, 0x80,
    0x0, 0x1, 0x74, 0x1a, 0x0, 0x0, 0x35, 0x0,
    0x0, 0x71, 0x85, 0x45, 0x0, 0x8, 0x0, 0x0,
    0x17, 0x37, 0x60, 0x90, 0xa, 0x40, 0x0, 0x7,
    0x1c, 0x47, 0x35, 0x40, 0xf3, 0x0, 0x2, 0x65,
    0xf2, 0x4d, 0x19, 0x81, 0x58, 0x51, 0xf1, 0xdf,
    0x88, 0xff, 0xbd, 0x0, 0x2, 0x6f, 0x9f, 0x80,
    0x3, 0x20, 0x0,

    /* U+26FD "⛽" */
    0x0, 0x77, 0x77, 0x76, 0x0, 0x5, 0x30, 0x76,
    0xcc, 0xcc, 0x44, 0x9, 0x40, 0x7, 0xc1, 0x44,
    0xb1, 0xf5, 0x45, 0x0, 0x79, 0x24, 0x49, 0xf,
    0x54, 0x80, 0x7, 0x54, 0x88, 0x60, 0xf5, 0x58,
    0x0, 0x71, 0x44, 0x44, 0x8, 0x1d, 0x10, 0x7,
    0x5, 0x56, 0x10, 0xf0, 0x80, 0x0, 0x70, 0x68,
    0x26, 0x9, 0x78, 0x0, 0x7, 0x7, 0x84, 0x50,
    0x85, 0xd0, 0x0, 0x70, 0x26, 0x50, 0x8, 0x67,
    0x30, 0xb, 0x77, 0x77, 0x77, 0xa6, 0x46, 0x5,
    0x87, 0x77, 0x77, 0x7a, 0x4, 0x0,

    /* U+2702 "✂" */
    0x1, 0x20, 0x0, 0x0, 0x2, 0x0, 0x47, 0x58,
    0x0, 0x2, 0x75, 0x80, 0x86, 0x73, 0x60, 0x8,
    0x68, 0x36, 0x77, 0x25, 0x70, 0x7, 0x65, 0x36,
    0x74, 0x60, 0x96, 0xb3, 0x45, 0x71, 0x6, 0x78,
    0x85, 0x8b, 0x77, 0x20, 0x0, 0x0, 0xc6, 0x48,
    0x0, 0x0, 0x0, 0x1, 0xa4, 0x16, 0x0, 0x0,
    0x0, 0x6, 0x1b, 0x7, 0x0, 0x0, 0x0, 0x7,
    0x18, 0x74, 0x30, 0x0, 0x0, 0x24, 0x80, 0x53,
    0x70, 0x0, 0x0, 0x75, 0x30, 0x8, 0x70, 0x0,
    0x0, 0x57, 0x0, 0x2, 0xa0, 0x0,

    /* U+2705 "✅" */
    0x0, 0x0, 0x0, 0x0, 0x0, 0x0, 0x8, 0xff,
    0xff, 0xff, 0xff, 0xff, 0xf8, 0xbf, 0xff, 0xff,
    0xff, 0xfe, 0xef, 0xbb, 0xff, 0xff, 0xff, 0xfe,
    0x12, 0xfb, 0xbf, 0xff, 0xff, 0xff, 0x30, 0xaf,
    0xbb, 0xf9, 0xbf, 0xff, 0x60, 0x7f, 0xfb, 0xbf,
    0x21, 0xff, 0x90, 0x4f, 0xff, 0xbb, 0xf7, 0xb,
    0xb0, 0x2f, 0xff, 0xfb, 0xbf, 0xd0, 0x41, 0x1d,
    0xff, 0xff, 0xbb, 0xff, 0x20, 0xc, 0xff, 0xff,
    0xfb, 0xbf, 0xf8, 0x9, 0xff, 0xff, 0xff, 0xbb,
    0xff, 0xfd, 0xff, 0xff, 0xff, 0xfb, 0x7f, 0xff,
    0xff, 0xff, 0xff, 0xff, 0x70,

    /* U+2708 "✈" */
    0x0, 0x0, 0x0, 0x0, 0x0, 0x2, 0x0, 0x77,
    0x30, 0x2, 0x80, 0x3d, 0x77, 0x19, 0x34, 0x77,
    0xfc, 0x46, 0x6, 0x70, 0x9, 0x82, 0x1, 0xc6,
    0x0, 0xa1, 0x0, 0x3, 0x6a, 0x55, 0x0, 0x84,
    0x0, 0x0, 0x0, 0x78, 0x0, 0x8b, 0x50, 0x0,
    0x0, 0x18, 0x0, 0x95, 0xee, 0x10, 0x0, 0x8,
    0x0, 0xac, 0x7, 0x20, 0x3f, 0xcd, 0x21, 0x82,
    0x76, 0x25, 0x0, 0x4f, 0xa5, 0x80, 0x0, 0xb0,
    0x70, 0x0, 0x9c, 0xf2, 0x0, 0x1, 0x77, 0x0,
    0x8, 0x2f, 0x60, 0x0, 0xa, 0x62, 0x0, 0x0,
    0x76, 0x0, 0x0, 0x18, 0x0,

    /* U+2709 "✉" */
    0xa8, 0x77, 0x77, 0x77, 0x77, 0x77, 0xb8, 0x81,
    0x0, 0x0, 0x0, 0x0, 0x89, 0x70, 0x82, 0x0,
    0x0, 0x2, 0x80, 0x77, 0x0, 0x84, 0x0, 0x3,
    0x90, 0x7, 0x70, 0x8, 0x56, 0x5, 0x68, 0x0,
    0x77, 0x6, 0x20, 0x39, 0x40, 0x17, 0x7, 0x72,
    0x60, 0x0, 0x0, 0x0, 0x53, 0x77, 0x80, 0x0,
    0x0, 0x0, 0x0, 0x87, 0xc2, 0x0, 0x0, 0x0,
    0x0, 0x1, 0xd7, 0x77, 0x77, 0x77, 0x77, 0x77,
    0x78,

    /* U+270A "✊" */
    0x0, 0x0, 0x0, 0x2, 0x0, 0x0, 0x0, 0x0,
    0x18, 0x77, 0x58, 0x77, 0x20, 0x6, 0x7b, 0x1,
    0x70, 0x70, 0x7, 0x0, 0x60, 0x80, 0x7, 0x7,
    0x0, 0x70, 0x16, 0x7, 0x1, 0x95, 0xb3, 0xb,
    0x0, 0x70, 0x75, 0x73, 0x20, 0x38, 0xd0, 0xe,
    0x67, 0x85, 0x0, 0x0, 0x3, 0x30, 0x71, 0x0,
    0x37, 0x78, 0x20, 0x25, 0x7, 0x0, 0x0, 0x0,
    0x7, 0x4, 0x30, 0x70, 0x0, 0x0, 0x0, 0x0,
    0x70, 0x1, 0x80, 0x0, 0x0, 0x0, 0x35, 0x0,
    0x3, 0x80, 0x0, 0x0, 0x56, 0x0, 0x0, 0x1,
    0x77, 0x77, 0x73, 0x0, 0x0,

    /* U+270B "✋" */
    0x0, 0x0, 0x99, 0x0, 0x0, 0x0, 0x4, 0x87,
    0x68, 0x40, 0x0, 0x8, 0xb0, 0x76, 0x7, 0x0,
    0x1, 0x57, 0x7, 0x60, 0x70, 0x0, 0x16, 0x70,
    0x76, 0x7, 0x0, 0x0, 0x65, 0x5, 0x50, 0x77,
    0x75, 0x7, 0x0, 0x0, 0x1c, 0x16, 0x30, 0x70,
    0x0, 0x37, 0x3, 0x40, 0x7, 0x0, 0x8, 0x0,
    0x80, 0x0, 0x70, 0x0, 0x40, 0x35, 0x0, 0x7,
    0x10, 0x0, 0x8, 0x0, 0x0, 0x7, 0x77, 0x77,
    0x0, 0x0,

    /* U+270C "✌" */
    0x0, 0x2, 0x0, 0x0, 0x0, 0x4, 0x68, 0x4,
    0x84, 0x0, 0x61, 0x61, 0x70, 0x70, 0x3, 0x42,
    0x57, 0x7, 0x0, 0x9, 0x9, 0x50, 0x60, 0x69,
    0x67, 0xa2, 0x34, 0x62, 0x80, 0x70, 0x5, 0x27,
    0x7, 0x6a, 0x77, 0xe1, 0x6a, 0xc7, 0x0, 0x0,
    0x72, 0x40, 0x57, 0x96, 0x7, 0x6, 0x0, 0x8,
    0x30, 0x70, 0x62, 0x0, 0x10, 0x82, 0x0, 0x68,
    0x78, 0x82, 0x0,

    /* U+270D "✍" */
    0x0, 0x0, 0x0, 0x0, 0x0, 0x0, 0x0, 0x0,
    0x0, 0x4, 0xe2, 0x0, 0x0, 0x0, 0x0, 0x0,
    0xdb, 0x0, 0x0, 0x0, 0x0, 0x0, 0x7f, 0x20,
    0x0, 0x0, 0x0, 0x0, 0x5f, 0x90, 0x0, 0x0,
    0x0, 0x6, 0x7e, 0xe7, 0x71, 0x0, 0x0, 0x6,
    0x14, 0xf5, 0x0, 0x67, 0x20, 0x0, 0x70, 0xdf,
    0x77, 0x10, 0x6, 0x81, 0x7, 0x7e, 0x30, 0x0,
    0x0, 0x0, 0x70, 0xaf, 0x14, 0x75, 0x0, 0x0,
    0x7, 0xa, 0xfe, 0x8c, 0x96, 0x0, 0x1, 0x62,
    0xf4, 0x58, 0x65, 0x37, 0x78, 0x80, 0x54, 0x0,
    0x0, 0x0, 0x0, 0x0, 0x0,

    /* U+270F "✏" */
    0x0, 0x1, 0x0, 0x0, 0x0, 0x0, 0x0, 0x48,
    0xb6, 0x0, 0x0, 0x0, 0x0, 0x46, 0x80, 0x89,
    0x10, 0x0, 0x0, 0x8, 0x70, 0x36, 0x1a, 0x0,
    0x0, 0x0, 0x18, 0x66, 0x9, 0x56, 0x0, 0x0,
    0x0, 0x56, 0x8, 0x48, 0x46, 0x0, 0x0, 0x0,
    0x5b, 0x56, 0x18, 0x46, 0x0, 0x0, 0x0, 0x18,
    0x46, 0x18, 0x46, 0x0, 0x0, 0x0, 0x18, 0x46,
    0x18, 0x46, 0x0, 0x0, 0x0, 0x28, 0x46, 0x1b,
    0x90, 0x0, 0x0, 0x0, 0x28, 0x59, 0x44, 0x30,
    0x0, 0x0, 0x0, 0x2c, 0x61, 0x39, 0x0, 0x0,
    0x0, 0x0, 0x1, 0x6c, 0xc0,

    /* U+3001 "、" */
    0x9, 0x10, 0x1, 0xdd, 0x10, 0x1, 0xdd, 0x0,
    0x1, 0x60,

    /* U+3002 "。" */
    0x2b, 0xc4, 0xa2, 0xc, 0xa2, 0xb, 0x2c, 0xc5,

    /* U+3005 "々" */
    0x0, 0x0, 0x60, 0x0, 0x0, 0x0, 0x5, 0xf0,
    0x0, 0x0, 0x0, 0xb, 0xa2, 0x22, 0x20, 0x0,
    0x3f, 0xff, 0xff, 0xf2, 0x0, 0xca, 0x0, 0x8,
    0xd0, 0x7, 0xf1, 0x0, 0x1f, 0x50, 0x4f, 0x55,
    0x50, 0xac, 0x0, 0x25, 0x6, 0xee, 0xf2, 0x0,
    0x0, 0x0, 0x19, 0xf8, 0x0, 0x0, 0x0, 0x0,
    0x4e, 0x20, 0x0, 0x0, 0x0, 0x1, 0x0,

    /* U+300C "「" */
    0x3f, 0xff, 0xa3, 0xe0, 0x0, 0x3e, 0x0, 0x3,
    0xe0, 0x0, 0x3e, 0x0, 0x3, 0xe0, 0x0, 0x3e,
    0x0, 0x2, 0xa0, 0x0,

    /* U+300D "」" */
    0x0, 0xa, 0x20, 0x0, 0xe3, 0x0, 0xe, 0x30,
    0x0, 0xe3, 0x0, 0xe, 0x30, 0x0, 0xe3, 0x0,
    0xe, 0x3a, 0xff, 0xf3,

    /* U+3041 "ぁ" */
    0x0, 0x0, 0x0, 0x0, 0x0, 0x0, 0xf1, 0x1,
    0x0, 0x7c, 0xcf, 0xdf, 0xe2, 0x1, 0x35, 0xd1,
    0x63, 0x0, 0x0, 0x8f, 0xdf, 0xc3, 0x0, 0xcb,
    0xc5, 0xb4, 0xe1, 0x97, 0x3e, 0xe2, 0xd, 0x3e,
    0x14, 0xf6, 0x2, 0xf1, 0xaf, 0xcd, 0x48, 0xe7,
    0x0, 0x0, 0x0, 0x72, 0x0,

    /* U+3042 "あ" */
    0x0, 0x0, 0x0, 0x0, 0x0, 0x0, 0x7, 0xa0,
    0x0, 0x0, 0x12, 0x9, 0x82, 0x47, 0x70, 0x4f,
    0xff, 0xfe, 0xcb, 0x60, 0x0, 0xc, 0x41, 0x67,
    0x0, 0x0, 0x1e, 0xfe, 0xff, 0x80, 0x4, 0xef,
    0x41, 0xf3, 0xc8, 0x2e, 0x3c, 0x4b, 0x80, 0x4e,
    0x98, 0xb, 0xdd, 0x0, 0x4e, 0xc7, 0x3c, 0xe2,
    0x1, 0xd9, 0x6f, 0xeb, 0xc3, 0x8e, 0xb0, 0x0,
    0x0, 0x1, 0x94, 0x0,

    /* U+3043 "ぃ" */
    0xb5, 0x0, 0x2, 0x60, 0xc, 0x50, 0x0, 0x1f,
    0x30, 0xc5, 0x0, 0x0, 0x9a, 0xb, 0x60, 0x0,
    0x4, 0xf0, 0x99, 0x6, 0x30, 0xf, 0x35, 0xe1,
    0xd6, 0x0, 0xb3, 0xd, 0xfd, 0x0, 0x0, 0x0,
    0x15, 0x10, 0x0, 0x0,

    /* U+3044 "い" */
    0x46, 0x0, 0x0, 0x0, 0x0, 0x8, 0xc0, 0x0,
    0x0, 0xd7, 0x0, 0x7c, 0x0, 0x0, 0x6, 0xe0,
    0x7, 0xc0, 0x0, 0x0, 0xe, 0x50, 0x6d, 0x0,
    0x0, 0x0, 0xaa, 0x4, 0xf0, 0x3, 0x10, 0x6,
    0xe0, 0x1f, 0x30, 0xb8, 0x0, 0x3f, 0x10, 0xbc,
    0x7f, 0x30, 0x0, 0x20, 0x2, 0xef, 0x80, 0x0,
    0x0, 0x0, 0x0, 0x20, 0x0, 0x0, 0x0,

    /* U+3045 "ぅ" */
    0x0, 0x87, 0x54, 0x10, 0x0, 0x79, 0xbc, 0x60,
    0x0, 0x0, 0x21, 0x0, 0x1a, 0xdf, 0xdf, 0xa0,
    0x8, 0x30, 0x1, 0xe4, 0x0, 0x0, 0x0, 0xd5,
    0x0, 0x0, 0x4, 0xf1, 0x0, 0x14, 0xaf, 0x50,
    0x0, 0x9d, 0x92, 0x0, 0x0, 0x0, 0x0, 0x0,

    /* U+3046 "う" */
    0x0, 0x58, 0x64, 0x31, 0x0, 0x4, 0xac, 0xdf,
    0xa0, 0x0, 0x0, 0x0, 0x0, 0x0, 0x36, 0x9c,
    0xdc, 0x60, 0xf, 0xd8, 0x54, 0x8f, 0x60, 0x10,
    0x0, 0x0, 0xab, 0x0, 0x0, 0x0, 0xa, 0xb0,
    0x0, 0x0, 0x2, 0xf6, 0x0, 0x0, 0x17, 0xfb,
    0x0, 0x3, 0xdf, 0xe7, 0x0, 0x0, 0x6, 0x30,
    0x0, 0x0,

    /* U+3047 "ぇ" */
    0x0, 0x88, 0x54, 0x0, 0x0, 0x5, 0x8a, 0xc2,
    0x0, 0x1, 0x12, 0x35, 0x0, 0x1, 0xfe, 0xde,
    0xf3, 0x0, 0x0, 0x3, 0xe3, 0x0, 0x0, 0x3,
    0xfb, 0x0, 0x0, 0x3, 0xe5, 0xd5, 0x0, 0x2,
    0xe5, 0x7, 0xb3, 0x51, 0x68, 0x0, 0x1c, 0xdd,
    0x20,

    /* U+3048 "え" */
    0x0, 0x3a, 0x75, 0x41, 0x0, 0x0, 0x39, 0xbe,
    0xf7, 0x0, 0x0, 0x0, 0x0, 0x0, 0x0, 0x2,
    0x23, 0x45, 0x74, 0x0, 0xd, 0xfe, 0xde, 0xf7,
    0x0, 0x1, 0x0, 0x3e, 0x60, 0x0, 0x0, 0x4,
    0xf7, 0x0, 0x0, 0x0, 0x5f, 0xdf, 0x40, 0x0,
    0x6, 0xf6, 0xa, 0xa0, 0x0, 0x5f, 0x50, 0x4,
    0xfe, 0xee, 0x3, 0x0, 0x0, 0x25, 0x43,

    /* U+3049 "ぉ" */
    0x0, 0x5, 0x10, 0x0, 0x0, 0x0, 0xe, 0x22,
    0x6, 0x0, 0xd, 0xdf, 0xfd, 0x1a, 0xe4, 0x2,
    0x2f, 0x10, 0x0, 0x33, 0x0, 0xf, 0xcf, 0xfb,
    0x20, 0x3, 0xef, 0x40, 0x9, 0xb0, 0xe, 0x4e,
    0x10, 0x5, 0xd0, 0xf, 0x4e, 0x22, 0x5e, 0x80,
    0x4, 0xde, 0xd, 0xc7, 0x0,

    /* U+304A "お" */
    0x0, 0x3f, 0x0, 0x0, 0x0, 0x0, 0x3, 0xf0,
    0x0, 0x0, 0x0, 0x34, 0x7f, 0x8c, 0x4a, 0xa1,
    0x7, 0xde, 0xf9, 0x71, 0x8, 0xe3, 0x0, 0x3e,
    0x0, 0x10, 0x2, 0x0, 0x5, 0xfd, 0xff, 0xe6,
    0x0, 0x9, 0xff, 0x30, 0x4, 0xf4, 0x9, 0xb3,
    0xe0, 0x0, 0xc, 0x60, 0xd7, 0x2f, 0x0, 0x6,
    0xf3, 0x4, 0xfe, 0xd0, 0xcf, 0xf6, 0x0, 0x1,
    0x62, 0x3, 0x40, 0x0, 0x0,

    /* U+304B "か" */
    0x0, 0x0, 0x72, 0x0, 0x0, 0x0, 0x0, 0x1,
    0xf2, 0x0, 0x0, 0x0, 0x0, 0x3, 0xf2, 0x10,
    0x5e, 0x0, 0x1d, 0xdf, 0xff, 0xfb, 0xd, 0x80,
    0x5, 0x3b, 0x80, 0x2f, 0x15, 0xf0, 0x0, 0xf,
    0x30, 0xf, 0x20, 0xe6, 0x0, 0x5e, 0x0, 0x1f,
    0x10, 0x52, 0x0, 0xb8, 0x0, 0x3f, 0x0, 0x0,
    0x3, 0xf2, 0x0, 0x8c, 0x0, 0x0, 0xc, 0xa0,
    0xee, 0xf5, 0x0, 0x0, 0x1, 0x10, 0x24, 0x20,
    0x0, 0x0,

    /* U+304C "が" */
    0x0, 0x0, 0x0, 0x0, 0x0, 0x10, 0x0, 0x1,
    0x61, 0x0, 0x26, 0xb3, 0x0, 0x3, 0xf1, 0x0,
    0xd, 0x45, 0x0, 0x5, 0xe1, 0x0, 0x6c, 0x0,
    0x3c, 0xdf, 0xff, 0xf8, 0x1f, 0x40, 0x16, 0x4d,
    0x70, 0x5f, 0x8, 0xc0, 0x0, 0x1f, 0x20, 0x2f,
    0x1, 0xf4, 0x0, 0x7c, 0x0, 0x3f, 0x0, 0x72,
    0x0, 0xd6, 0x0, 0x5d, 0x0, 0x0, 0x5, 0xf1,
    0x0, 0xaa, 0x0, 0x0, 0xd, 0x80, 0xfe, 0xf3,
    0x0, 0x0, 0x2, 0x0, 0x34, 0x20, 0x0, 0x0,

    /* U+304D "き" */
    0x0, 0x0, 0x38, 0x0, 0x0, 0x4, 0x43, 0x5f,
    0x69, 0x60, 0xa, 0xdd, 0xdf, 0xc8, 0x30, 0x0,
    0x0, 0x8, 0x91, 0x51, 0x2f, 0xed, 0xdf, 0xff,
    0xc3, 0x2, 0x33, 0x32, 0xb7, 0x0, 0x3, 0x30,
    0x4, 0x8f, 0x20, 0xb, 0x70, 0x6, 0xad, 0x30,
    0xd, 0x60, 0x0, 0x0, 0x0, 0x8, 0xe7, 0x55,
    0x67, 0x0, 0x0, 0x6b, 0xdd, 0xc9, 0x0,

    /* U+304E "ぎ" */
    0x0, 0x0, 0x0, 0x0, 0x1, 0x0, 0x0, 0x7,
    0x40, 0x35, 0xc0, 0x24, 0x32, 0xba, 0x68, 0xc5,
    0x34, 0xdd, 0xee, 0xfa, 0x62, 0x0, 0x0, 0x0,
    0xf, 0x22, 0x40, 0x9, 0xed, 0xdd, 0xff, 0xe9,
    0x0, 0x12, 0x33, 0x34, 0xe0, 0x0, 0x0, 0x41,
    0x1, 0x5c, 0x90, 0x0, 0x2f, 0x10, 0x2b, 0xdc,
    0x0, 0x4, 0xe0, 0x0, 0x0, 0x0, 0x0, 0x1f,
    0x93, 0x23, 0x42, 0x0, 0x0, 0x3b, 0xff, 0xfe,
    0x40, 0x0,

    /* U+304F "く" */
    0x0, 0x0, 0x7, 0x0, 0x0, 0xa, 0xf4, 0x0,
    0x1c, 0xd2, 0x0, 0x2d, 0xb1, 0x0, 0x3f, 0x90,
    0x0, 0x9, 0xf0, 0x0, 0x0, 0x1d, 0xd2, 0x0,
    0x0, 0x1b, 0xe3, 0x0, 0x0, 0xa, 0xf5, 0x0,
    0x0, 0x8, 0xf7, 0x0, 0x0, 0x8, 0x30,

    /* U+3050 "ぐ" */
    0x0, 0x0, 0x7, 0x0, 0x0, 0x0, 0x1c, 0xe2,
    0x0, 0x0, 0x2d, 0xc1, 0x22, 0x0, 0x4f, 0x90,
    0xa4, 0xc0, 0x5f, 0x60, 0x6, 0x86, 0xc, 0xd0,
    0x0, 0x0, 0x0, 0x3e, 0xb1, 0x0, 0x0, 0x0,
    0x2d, 0xd2, 0x0, 0x0, 0x0, 0x1c, 0xe3, 0x0,
    0x0, 0x0, 0xb, 0xf4, 0x0, 0x0, 0x0, 0x9,
    0x10, 0x0,

    /* U+3051 "け" */
    0x4d, 0x0, 0x0, 0x2f, 0x20, 0x6, 0xd0, 0x0,
    0x1, 0xf1, 0x0, 0x8a, 0x0, 0x0, 0xf, 0x33,
    0xa, 0x80, 0x6f, 0xef, 0xff, 0xf0, 0xb6, 0x1,
    0x33, 0x3f, 0x30, 0xc, 0x60, 0x0, 0x0, 0xf1,
    0x0, 0xc8, 0x90, 0x0, 0x2f, 0x0, 0xa, 0xf5,
    0x0, 0x5, 0xe0, 0x0, 0x8f, 0x10, 0x0, 0xd9,
    0x0, 0x4, 0xe0, 0x2, 0xce, 0x10, 0x0, 0x0,
    0x0, 0x19, 0x20, 0x0, 0x0,

    /* U+3052 "げ" */
    0x0, 0x0, 0x0, 0x0, 0x0, 0x2, 0x40, 0x0,
    0x3, 0x67, 0x76, 0x7d, 0x0, 0x0, 0x5e, 0x56,
    0x69, 0x90, 0x0, 0x4, 0xe1, 0x20, 0xb7, 0x7,
    0xee, 0xff, 0xfe, 0xc, 0x50, 0x13, 0x36, 0xf1,
    0x0, 0xd4, 0x0, 0x0, 0x4e, 0x0, 0xd, 0x78,
    0x0, 0x5, 0xd0, 0x0, 0xce, 0x40, 0x0, 0x8b,
    0x0, 0xa, 0xf0, 0x0, 0x1e, 0x60, 0x0, 0x6d,
    0x0, 0x3d, 0xc0, 0x0, 0x0, 0x10, 0x2, 0x91,
    0x0, 0x0,

    /* U+3053 "こ" */
    0x1, 0x43, 0x33, 0x45, 0x10, 0x4, 0xef, 0xff,
    0xfe, 0x40, 0x0, 0x0, 0x0, 0x0, 0x0, 0x0,
    0x0, 0x0, 0x0, 0x0, 0x0, 0x0, 0x0, 0x0,
    0x0, 0x8, 0x30, 0x0, 0x0, 0x0, 0xf, 0x40,
    0x0, 0x0, 0x0, 0xf, 0x90, 0x0, 0x0, 0x30,
    0x5, 0xff, 0xee, 0xef, 0xf0, 0x0, 0x4, 0x66,
    0x53, 0x10,

    /* U+3054 "ご" */
    0x0, 0x0, 0x0, 0x0, 0x1, 0x0, 0x0, 0x0,
    0x0, 0x26, 0xb3, 0x3, 0x54, 0x44, 0x56, 0xd5,
    0x50, 0x6e, 0xef, 0xee, 0xd2, 0x0, 0x0, 0x0,
    0x0, 0x0, 0x0, 0x0, 0x0, 0x0, 0x0, 0x0,
    0x0, 0x0, 0x0, 0x0, 0x0, 0x0, 0x1, 0x91,
    0x0, 0x0, 0x0, 0x0, 0x3f, 0x0, 0x0, 0x0,
    0x0, 0x3, 0xf5, 0x0, 0x0, 0x2, 0x0, 0xa,
    0xfe, 0xdd, 0xef, 0xc0, 0x0, 0x2, 0x67, 0x76,
    0x41, 0x0,

    /* U+3055 "さ" */
    0x0, 0x0, 0x6, 0x10, 0x0, 0x0, 0x0, 0xe,
    0x60, 0x0, 0x17, 0x65, 0x5c, 0xca, 0xd5, 0x1b,
    0xcd, 0xcc, 0xf9, 0x51, 0x0, 0x0, 0x0, 0xb7,
    0x0, 0x0, 0x0, 0x0, 0x3f, 0x10, 0x5, 0x80,
    0xa, 0xdf, 0xa0, 0xc, 0x70, 0x1, 0x24, 0x20,
    0xd, 0x70, 0x0, 0x0, 0x0, 0x7, 0xf9, 0x66,
    0x68, 0x10, 0x0, 0x5a, 0xcc, 0xba, 0x10,

    /* U+3056 "ざ" */
    0x0, 0x0, 0x0, 0x0, 0x1, 0x0, 0x0, 0x1,
    0x50, 0x26, 0xc2, 0x0, 0x0, 0x1f, 0x20, 0xd5,
    0x52, 0x64, 0x44, 0xdb, 0x9e, 0x20, 0x4c, 0xdd,
    0xdd, 0xf8, 0x50, 0x0, 0x0, 0x0, 0xe, 0x40,
    0x0, 0x0, 0x0, 0x0, 0x6d, 0x0, 0x0, 0x76,
    0x0, 0xcc, 0xf7, 0x0, 0xe, 0x40, 0x2, 0x46,
    0x20, 0x0, 0xf3, 0x0, 0x0, 0x0, 0x0, 0xb,
    0xd5, 0x33, 0x46, 0x0, 0x0, 0x19, 0xdf, 0xfe,
    0xc0, 0x0,

    /* U+3057 "し" */
    0x0, 0x0, 0x0, 0x0, 0x3, 0xf3, 0x0, 0x0,
    0x0, 0x2f, 0x10, 0x0, 0x0, 0x2, 0xf1, 0x0,
    0x0, 0x0, 0x3f, 0x0, 0x0, 0x0, 0x3, 0xf0,
    0x0, 0x0, 0x0, 0x3f, 0x0, 0x0, 0x0, 0x4,
    0xf0, 0x0, 0x0, 0x0, 0x4f, 0x0, 0x0, 0x5,
    0x63, 0xf0, 0x0, 0x3, 0xf9, 0xf, 0xb4, 0x5a,
    0xfa, 0x0, 0x4c, 0xff, 0xc5, 0x0,

    /* U+3058 "じ" */
    0x1, 0x0, 0x0, 0x0, 0x5, 0xf0, 0x0, 0x7,
    0x20, 0x4f, 0x0, 0x3c, 0x5b, 0x4, 0xf0, 0x0,
    0xb4, 0x50, 0x5e, 0x0, 0x0, 0x0, 0x5, 0xe0,
    0x0, 0x0, 0x0, 0x5d, 0x0, 0x0, 0x0, 0x6,
    0xd0, 0x0, 0x0, 0x42, 0x6e, 0x0, 0x0, 0x3f,
    0x82, 0xf9, 0x45, 0xaf, 0xa0, 0x5, 0xdf, 0xfb,
    0x40, 0x0,

    /* U+3059 "す" */
    0x0, 0x0, 0x0, 0x0, 0x0, 0x0, 0x0, 0x0,
    0x5f, 0x0, 0x0, 0x24, 0x45, 0x58, 0xf5, 0x55,
    0x28, 0xff, 0xee, 0xef, 0xdd, 0xe7, 0x0, 0x0,
    0x4, 0xe0, 0x0, 0x0, 0x0, 0x8f, 0xfe, 0x0,
    0x0, 0x0, 0x4e, 0x11, 0xf2, 0x0, 0x0, 0x4,
    0xe0, 0x1f, 0x50, 0x0, 0x0, 0xb, 0xff, 0xf2,
    0x0, 0x0, 0x0, 0x3, 0xcb, 0x0, 0x0, 0x0,
    0x28, 0xec, 0x10, 0x0, 0x0, 0x0, 0x95, 0x0,
    0x0, 0x0,

    /* U+305A "ず" */
    0x0, 0x0, 0x0, 0x0, 0x11, 0x50, 0x0, 0x0,
    0x0, 0xf4, 0xa6, 0xd2, 0x2, 0x33, 0x34, 0xf7,
    0x6a, 0x50, 0x3f, 0xff, 0xff, 0xff, 0xff, 0xd0,
    0x2, 0x11, 0x0, 0xe3, 0x0, 0x0, 0x0, 0x1,
    0xbe, 0xf3, 0x0, 0x0, 0x0, 0xb, 0x91, 0xd7,
    0x0, 0x0, 0x0, 0xc, 0x70, 0xca, 0x0, 0x0,
    0x0, 0x4, 0xfe, 0xf8, 0x0, 0x0, 0x0, 0x0,
    0x18, 0xf2, 0x0, 0x0, 0x0, 0x5, 0xbf, 0x50,
    0x0, 0x0, 0x0, 0x5, 0x92, 0x0, 0x0, 0x0,

    /* U+305B "せ" */
    0x0, 0x0, 0x0, 0x1, 0x50, 0x0, 0x0, 0xf,
    0x30, 0x3, 0xf0, 0x0, 0x0, 0xf, 0x30, 0x3,
    0xf0, 0x0, 0x13, 0x4f, 0x99, 0xac, 0xfe, 0xf1,
    0x6f, 0xdf, 0xa8, 0x67, 0xe3, 0x20, 0x0, 0xf,
    0x30, 0x4, 0xd0, 0x0, 0x0, 0xf, 0x30, 0xac,
    0xb0, 0x0, 0x0, 0xf, 0x30, 0x46, 0x20, 0x0,
    0x0, 0xe, 0x60, 0x0, 0x1, 0x0, 0x0, 0x8,
    0xfe, 0xee, 0xfc, 0x0, 0x0, 0x0, 0x24, 0x44,
    0x31, 0x0,

    /* U+305C "ぜ" */
    0x0, 0x0, 0x0, 0x1, 0x31, 0x33, 0x0, 0x3e,
    0x0, 0x3, 0xf7, 0x6b, 0x0, 0x3f, 0x0, 0x3,
    0xe1, 0x51, 0x12, 0x6f, 0x68, 0x9c, 0xfd, 0xe1,
    0xaf, 0xef, 0xa9, 0x78, 0xe3, 0x30, 0x0, 0x3f,
    0x0, 0x4, 0xd0, 0x0, 0x0, 0x3f, 0x0, 0x9b,
    0xb0, 0x0, 0x0, 0x3f, 0x0, 0x57, 0x30, 0x0,
    0x0, 0x2f, 0x20, 0x0, 0x0, 0x0, 0x0, 0xc,
    0xfd, 0xdd, 0xfc, 0x0, 0x0, 0x0, 0x45, 0x55,
    0x42, 0x0,

    /* U+305D "そ" */
    0x0, 0x0, 0x1, 0x32, 0x0, 0x0, 0xef, 0xff,
    0xfe, 0x0, 0x0, 0x10, 0xa, 0xd2, 0x0, 0x0,
    0x0, 0xbc, 0x10, 0x0, 0x0, 0x2d, 0xb2, 0x34,
    0x53, 0x8c, 0xff, 0xff, 0xdb, 0xb6, 0x55, 0x35,
    0xd3, 0x0, 0x0, 0x0, 0xc, 0x60, 0x0, 0x0,
    0x0, 0xd, 0x70, 0x0, 0x0, 0x0, 0x7, 0xfa,
    0x76, 0x0, 0x0, 0x0, 0x4a, 0xcb, 0x0,

    /* U+305E "ぞ" */
    0x0, 0x0, 0x1, 0x23, 0x10, 0x0, 0x0, 0x4f,
    0xff, 0xff, 0x80, 0x0, 0x0, 0x1, 0x3, 0xe7,
    0x76, 0x90, 0x0, 0x0, 0x7e, 0x30, 0x46, 0x40,
    0x1, 0x3b, 0xfa, 0xab, 0xcc, 0x20, 0x2f, 0xec,
    0xcf, 0x95, 0x44, 0x10, 0x1, 0x0, 0xc5, 0x0,
    0x0, 0x0, 0x0, 0x2, 0xf0, 0x0, 0x0, 0x0,
    0x0, 0x2, 0xf2, 0x0, 0x0, 0x0, 0x0, 0x0,
    0xbe, 0x96, 0x40, 0x0, 0x0, 0x0, 0x6, 0xbc,
    0x60, 0x0,

    /* U+305F "た" */
    0x0, 0x9, 0x20, 0x0, 0x0, 0x0, 0x2f, 0x20,
    0x0, 0x0, 0x99, 0xbf, 0xdf, 0x20, 0x0, 0x78,
    0xcc, 0x42, 0x0, 0x0, 0x0, 0xc7, 0x9, 0xff,
    0xfa, 0x1, 0xf3, 0x2, 0x22, 0x22, 0x6, 0xe0,
    0x0, 0x0, 0x0, 0xb, 0x90, 0x79, 0x0, 0x0,
    0x2f, 0x40, 0x9b, 0x0, 0x0, 0x9d, 0x0, 0x3e,
    0xfd, 0xee, 0x23, 0x0, 0x0, 0x34, 0x32,

    /* U+3060 "だ" */
    0x0, 0x2, 0x70, 0x0, 0x1, 0x50, 0x0, 0x5,
    0xe0, 0x0, 0x68, 0xc2, 0x18, 0x8c, 0xfd, 0xe0,
    0xa, 0x21, 0x19, 0x9e, 0xa5, 0x20, 0x0, 0x0,
    0x0, 0xf, 0x40, 0xce, 0xed, 0x50, 0x0, 0x4f,
    0x0, 0x43, 0x34, 0x20, 0x0, 0x9b, 0x0, 0x0,
    0x0, 0x0, 0x0, 0xe5, 0xb, 0x50, 0x0, 0x0,
    0x5, 0xf0, 0xc, 0x70, 0x0, 0x0, 0xc, 0xa0,
    0x6, 0xfe, 0xef, 0x90, 0x3, 0x20, 0x0, 0x13,
    0x43, 0x10,

    /* U+3061 "ち" */
    0x0, 0x0, 0x0, 0x0, 0x0, 0x0, 0x5e, 0x0,
    0x0, 0x0, 0x0, 0x7b, 0x0, 0x36, 0x20, 0xed,
    0xef, 0xef, 0xfd, 0x30, 0x23, 0xe7, 0x21, 0x0,
    0x0, 0x1, 0xf1, 0x1, 0x10, 0x0, 0x5, 0xe9,
    0xee, 0xfd, 0x30, 0xb, 0xf6, 0x10, 0x9, 0xe0,
    0xa, 0x40, 0x0, 0x3, 0xf1, 0x0, 0x0, 0x0,
    0xa, 0xd0, 0x0, 0x5a, 0x9b, 0xee, 0x30, 0x0,
    0x28, 0x87, 0x40, 0x0,

    /* U+3062 "ぢ" */
    0x0, 0x0, 0x0, 0x0, 0x12, 0xa0, 0x0, 0x8,
    0xb0, 0x0, 0x3c, 0x86, 0x0, 0x9, 0x80, 0x3,
    0x6b, 0x21, 0x1f, 0xdf, 0xee, 0xff, 0xc0, 0x0,
    0x3, 0x4f, 0x52, 0x10, 0x0, 0x0, 0x0, 0x3f,
    0x0, 0x0, 0x0, 0x0, 0x0, 0x8c, 0x8d, 0xfe,
    0xa1, 0x0, 0x0, 0xdf, 0x72, 0x2, 0xca, 0x0,
    0x1, 0xd3, 0x0, 0x0, 0x6e, 0x0, 0x0, 0x0,
    0x0, 0x0, 0xbb, 0x0, 0x0, 0x6, 0x77, 0x9e,
    0xe2, 0x0, 0x0, 0x5, 0xaa, 0x96, 0x0, 0x0,

    /* U+3063 "っ" */
    0x0, 0x0, 0x2, 0x20, 0x0, 0x1, 0x5a, 0xef,
    0xff, 0x60, 0xf, 0xd8, 0x30, 0x6, 0xf1, 0x2,
    0x0, 0x0, 0x0, 0xf4, 0x0, 0x0, 0x0, 0x3,
    0xf2, 0x0, 0x0, 0x2, 0x7e, 0x90, 0x0, 0x8,
    0xff, 0xc5, 0x0, 0x0, 0x1, 0x31, 0x0, 0x0,

    /* U+3064 "つ" */
    0x0, 0x2, 0x7b, 0xde, 0xc5, 0x1, 0x9d, 0xfc,
    0x74, 0x37, 0xf6, 0xb, 0x71, 0x0, 0x0, 0x8,
    0xd0, 0x0, 0x0, 0x0, 0x0, 0x5f, 0x0, 0x0,
    0x0, 0x0, 0xa, 0xd0, 0x0, 0x0, 0x0, 0x8,
    0xf5, 0x0, 0x0, 0x57, 0xaf, 0xe5, 0x0, 0x0,
    0xc, 0xda, 0x50, 0x0,

    /* U+3065 "づ" */
    0x0, 0x0, 0x0, 0x0, 0x0, 0x0, 0x0, 0x0,
    0x0, 0x0, 0x44, 0xd0, 0x0, 0x0, 0x0, 0x0,
    0x2c, 0x63, 0x0, 0x2, 0x7a, 0xdd, 0xa5, 0x0,
    0x28, 0xdf, 0xc7, 0x55, 0xaf, 0x30, 0x1d, 0x71,
    0x0, 0x0, 0xc, 0xa0, 0x0, 0x0, 0x0, 0x0,
    0x8, 0xc0, 0x0, 0x0, 0x0, 0x0, 0xc, 0xa0,
    0x0, 0x0, 0x0, 0x0, 0x8f, 0x30, 0x0, 0x0,
    0x25, 0x8e, 0xf5, 0x0, 0x0, 0x2, 0xff, 0xc7,
    0x10, 0x0, 0x0, 0x0, 0x10, 0x0, 0x0, 0x0,

    /* U+3066 "て" */
    0x3, 0x46, 0x79, 0xac, 0xde, 0x62, 0xfd, 0xb9,
    0x9f, 0xc6, 0x42, 0x0, 0x0, 0xc, 0x90, 0x0,
    0x0, 0x0, 0x5, 0xd0, 0x0, 0x0, 0x0, 0x0,
    0xa8, 0x0, 0x0, 0x0, 0x0, 0xc, 0x80, 0x0,
    0x0, 0x0, 0x0, 0x9d, 0x0, 0x0, 0x0, 0x0,
    0x2, 0xfc, 0x30, 0x0, 0x0, 0x0, 0x2, 0xcf,
    0xf4, 0x0, 0x0, 0x0, 0x0, 0x26, 0x0,

    /* U+3067 "で" */
    0x3, 0x56, 0x89, 0xac, 0xde, 0x60, 0x2f, 0xdb,
    0x99, 0xfb, 0x64, 0x10, 0x0, 0x0, 0xc, 0x80,
    0x35, 0x50, 0x0, 0x0, 0x6d, 0x0, 0xa5, 0xc0,
    0x0, 0x0, 0xa8, 0x0, 0x14, 0x0, 0x0, 0x0,
    0xc8, 0x0, 0x0, 0x0, 0x0, 0x0, 0x9d, 0x0,
    0x0, 0x0, 0x0, 0x0, 0x2f, 0xc3, 0x0, 0x0,
    0x0, 0x0, 0x2, 0xcf, 0xf4, 0x0, 0x0, 0x0,
    0x0, 0x2, 0x50, 0x0,

    /* U+3068 "と" */
    0x4, 0x0, 0x0, 0x0, 0x3, 0xf2, 0x0, 0x0,
    0x0, 0xc, 0x90, 0x3, 0xc8, 0x0, 0x5f, 0x4b,
    0xf8, 0x10, 0x0, 0xef, 0x91, 0x0, 0x0, 0xad,
    0x30, 0x0, 0x0, 0x7e, 0x10, 0x0, 0x0, 0xb,
    0x80, 0x0, 0x0, 0x0, 0xad, 0x20, 0x0, 0x2,
    0x2, 0xdf, 0xed, 0xef, 0xf1, 0x0, 0x25, 0x55,
    0x42, 0x0,

    /* U+3069 "ど" */
    0x0, 0x0, 0x0, 0x0, 0x0, 0x0, 0x13, 0x0,
    0x0, 0x25, 0xc2, 0x7, 0xd0, 0x0, 0x0, 0xd5,
    0x60, 0x1f, 0x40, 0x6, 0xc2, 0x0, 0x0, 0x9c,
    0x4d, 0xe6, 0x0, 0x0, 0x3, 0xfe, 0x60, 0x0,
    0x0, 0x1, 0xda, 0x10, 0x0, 0x0, 0x0, 0xba,
    0x0, 0x0, 0x0, 0x0, 0xf, 0x40, 0x0, 0x0,
    0x0, 0x0, 0xea, 0x0, 0x0, 0x2, 0x0, 0x4,
    0xef, 0xee, 0xff, 0xc0, 0x0, 0x0, 0x35, 0x55,
    0x31, 0x0,

    /* U+306A "な" */
    0x0, 0x0, 0xc5, 0x0, 0x0, 0x0, 0x0, 0x0,
    0xf5, 0x40, 0x10, 0x0, 0xc, 0xde, 0xff, 0x82,
    0xf9, 0x10, 0x2, 0x3b, 0xa0, 0x0, 0x2b, 0xd0,
    0x0, 0x1f, 0x30, 0xf, 0x20, 0x20, 0x0, 0x8c,
    0x0, 0xf, 0x20, 0x0, 0x2, 0xf4, 0x0, 0x1e,
    0x30, 0x0, 0xc, 0xc0, 0x7e, 0xef, 0xa1, 0x0,
    0x2, 0x22, 0xf1, 0xd, 0xde, 0x40, 0x0, 0x2,
    0xf3, 0x3f, 0x38, 0x70, 0x0, 0x0, 0x7e, 0xfa,
    0x0, 0x0,

    /* U+306B "に" */
    0x2, 0x0, 0x0, 0x0, 0x0, 0x3f, 0x0, 0x21,
    0x11, 0x21, 0x5d, 0x0, 0xbf, 0xff, 0xf5, 0x8a,
    0x0, 0x1, 0x11, 0x0, 0xa8, 0x0, 0x0, 0x0,
    0x0, 0xb6, 0x0, 0x0, 0x0, 0x0, 0xc7, 0x60,
    0x40, 0x0, 0x0, 0xbe, 0x54, 0xd0, 0x0, 0x0,
    0xaf, 0x13, 0xf5, 0x33, 0x44, 0x8d, 0x0, 0x8e,
    0xff, 0xf9, 0x25, 0x0, 0x0, 0x0, 0x0,

    /* U+306C "ぬ" */
    0x0, 0x0, 0x0, 0x0, 0x0, 0x0, 0x0, 0x0,
    0x1, 0xf2, 0x0, 0x0, 0x1, 0x30, 0x2, 0xf0,
    0x0, 0x0, 0x5, 0xd0, 0x5b, 0xfd, 0x91, 0x0,
    0x0, 0xfc, 0xca, 0xc3, 0x9e, 0x10, 0x0, 0xeb,
    0xa, 0x70, 0xb, 0x80, 0x9, 0xde, 0x1e, 0x30,
    0x6, 0xc0, 0xf, 0x2c, 0xcd, 0x0, 0x7, 0xb0,
    0x3e, 0x5, 0xf5, 0xae, 0xee, 0x90, 0x2f, 0x5c,
    0xa2, 0xe0, 0x3f, 0xf4, 0x9, 0xe9, 0x0, 0xde,
    0xf8, 0x54, 0x0, 0x0, 0x0, 0x2, 0x10, 0x0,

    /* U+306D "ね" */
    0x0, 0x0, 0x0, 0x0, 0x0, 0x0, 0x0, 0x7,
    0xd0, 0x0, 0x0, 0x0, 0x0, 0x7, 0xb0, 0x0,
    0x0, 0x0, 0x6, 0x7c, 0xe0, 0x7d, 0xe8, 0x0,
    0xb, 0xbd, 0xbc, 0xa3, 0x4e, 0x50, 0x0, 0xb,
    0xf6, 0x0, 0x8, 0xa0, 0x0, 0x4f, 0x80, 0x0,
    0x6, 0xc0, 0x1, 0xef, 0x50, 0x1, 0x17, 0xb0,
    0xb, 0xac, 0x50, 0xbd, 0xef, 0xb0, 0x1c, 0xc,
    0x63, 0xd0, 0x1e, 0xf9, 0x0, 0xc, 0x60, 0xde,
    0xfb, 0x15, 0x0, 0x1, 0x0, 0x2, 0x20, 0x0,

    /* U+306E "の" */
    0x0, 0x0, 0x37, 0x86, 0x10, 0x0, 0x2, 0xce,
    0xdf, 0xcf, 0x60, 0x1, 0xe9, 0x9, 0xb0, 0x4f,
    0x40, 0xab, 0x0, 0xc7, 0x0, 0x8c, 0xf, 0x40,
    0x1f, 0x30, 0x4, 0xf1, 0xf2, 0x6, 0xe0, 0x0,
    0x5e, 0xe, 0x71, 0xe7, 0x0, 0xb, 0xb0, 0x7f,
    0xfd, 0x0, 0x1a, 0xf3, 0x0, 0x68, 0x10, 0xcf,
    0xd3, 0x0, 0x0, 0x0, 0x4, 0x30, 0x0,

    /* U+306F "は" */
    0x3, 0x0, 0x0, 0x14, 0x0, 0x3, 0xf0, 0x0,
    0x3, 0xf0, 0x0, 0x5c, 0x0, 0x11, 0x4f, 0x35,
    0x8, 0xa0, 0x4f, 0xff, 0xfe, 0xb0, 0xa8, 0x0,
    0x0, 0x3f, 0x0, 0xb, 0x60, 0x0, 0x2, 0xf0,
    0x0, 0xc6, 0x30, 0x1, 0x3f, 0x10, 0xb, 0xd5,
    0x4e, 0xde, 0xf9, 0x10, 0xaf, 0xb, 0x70, 0x3f,
    0xaf, 0x37, 0xc0, 0x6f, 0xef, 0xb0, 0x30, 0x13,
    0x0, 0x13, 0x20, 0x0, 0x0,

    /* U+3070 "ば" */
    0x1, 0x10, 0x0, 0x1, 0x25, 0x56, 0x7, 0xb0,
    0x0, 0x5, 0xe5, 0x79, 0x9, 0x80, 0x0, 0x5,
    0xd2, 0x50, 0xc, 0x60, 0x6f, 0xff, 0xff, 0xb0,
    0xd, 0x30, 0x1, 0x16, 0xd0, 0x0, 0xf, 0x20,
    0x0, 0x4, 0xe0, 0x0, 0xf, 0x41, 0x0, 0x15,
    0xe0, 0x0, 0xf, 0xc2, 0x4e, 0xce, 0xf6, 0x0,
    0xf, 0xd0, 0xd5, 0x3, 0xfe, 0xb1, 0xd, 0x90,
    0xca, 0x5a, 0xe1, 0xb1, 0x8, 0x60, 0x2a, 0xcb,
    0x30, 0x0,

    /* U+3071 "ぱ" */
    0x1, 0x10, 0x0, 0x1, 0x25, 0xa7, 0x7, 0xb0,
    0x0, 0x5, 0xe8, 0x59, 0x9, 0x80, 0x0, 0x5,
    0xd3, 0x81, 0xc, 0x60, 0x6f, 0xff, 0xff, 0xb0,
    0xd, 0x30, 0x1, 0x16, 0xd0, 0x0, 0xf, 0x20,
    0x0, 0x4, 0xe0, 0x0, 0xf, 0x41, 0x0, 0x24,
    0xe0, 0x0, 0xf, 0xc2, 0x4e, 0xce, 0xf5, 0x0,
    0xf, 0xd0, 0xd5, 0x3, 0xfe, 0xa0, 0xd, 0x90,
    0xca, 0x5a, 0xe1, 0xb0, 0x8, 0x60, 0x2a, 0xcb,
    0x30, 0x0,

    /* U+3072 "ひ" */
    0x1, 0x35, 0x70, 0x18, 0x0, 0xc, 0xff, 0xfa,
    0x1, 0xf2, 0x0, 0x10, 0xa9, 0x0, 0xe, 0x70,
    0x0, 0x5d, 0x0, 0x0, 0xce, 0x0, 0xd, 0x50,
    0x0, 0xc, 0xe9, 0x2, 0xf0, 0x0, 0x0, 0xd5,
    0xf3, 0x4f, 0x0, 0x0, 0x1f, 0x13, 0x3, 0xf1,
    0x0, 0x8, 0xd0, 0x0, 0xd, 0xc5, 0x49, 0xf4,
    0x0, 0x0, 0x1a, 0xff, 0xc5, 0x0, 0x0,

    /* U+3073 "び" */
    0x0, 0x0, 0x0, 0x0, 0x36, 0x30, 0x13, 0x66,
    0x2, 0x7a, 0x5a, 0xef, 0xff, 0x80, 0x4f, 0x33,
    0x1, 0xc, 0x70, 0x0, 0xf4, 0x0, 0x7, 0xb0,
    0x0, 0xf, 0xc0, 0x0, 0xe3, 0x0, 0x0, 0xee,
    0x70, 0x4e, 0x0, 0x0, 0xf, 0x4f, 0x16, 0xc0,
    0x0, 0x3, 0xe0, 0x30, 0x5e, 0x0, 0x0, 0xaa,
    0x0, 0x1, 0xeb, 0x44, 0xaf, 0x20, 0x0, 0x2,
    0xbf, 0xfc, 0x30, 0x0, 0x0,

    /* U+3074 "ぴ" */
    0x0, 0x0, 0x0, 0x0, 0x6a, 0x83, 0x46, 0x98,
    0x3, 0x9a, 0xa, 0xee, 0xdf, 0x60, 0x3f, 0x4a,
    0x50, 0xd, 0x50, 0x0, 0xf5, 0x0, 0x8, 0xa0,
    0x0, 0xf, 0xd0, 0x0, 0xf2, 0x0, 0x0, 0xed,
    0x80, 0x4e, 0x0, 0x0, 0xf, 0x4f, 0x16, 0xc0,
    0x0, 0x3, 0xe0, 0x20, 0x5e, 0x0, 0x0, 0xaa,
    0x0, 0x1, 0xeb, 0x44, 0xaf, 0x20, 0x0, 0x2,
    0xbf, 0xfc, 0x30, 0x0, 0x0,

    /* U+3075 "ふ" */
    0x0, 0x0, 0x24, 0x0, 0x0, 0x0, 0x0, 0x0,
    0x6e, 0xc4, 0x0, 0x0, 0x0, 0x0, 0x0, 0xbf,
    0x0, 0x0, 0x0, 0x0, 0x0, 0xa4, 0x0, 0x0,
    0x0, 0x0, 0x69, 0x0, 0x0, 0x0, 0x0, 0x0,
    0x2e, 0x80, 0x3a, 0x0, 0x0, 0x6, 0x2, 0xf4,
    0xd, 0x70, 0x1, 0xcd, 0x0, 0x8c, 0x5, 0xe0,
    0x3e, 0xb1, 0x0, 0x6f, 0x0, 0xe6, 0x16, 0x4,
    0xfd, 0xfa, 0x0, 0x30, 0x0, 0x0, 0x34, 0x30,
    0x0, 0x0,

    /* U+3076 "ぶ" */
    0x0, 0x0, 0x42, 0x0, 0x0, 0x0, 0x0, 0x0,
    0x8f, 0xa2, 0x1, 0x90, 0x0, 0x0, 0x1, 0xdc,
    0x3c, 0x86, 0x0, 0x0, 0x1, 0xb2, 0x7, 0x10,
    0x0, 0x0, 0x95, 0x0, 0x0, 0x0, 0x0, 0x0,
    0x4f, 0x40, 0x58, 0x0, 0x0, 0x15, 0x5, 0xf2,
    0x2f, 0x30, 0x3, 0xea, 0x0, 0xb9, 0x9, 0xc0,
    0x6f, 0x80, 0x0, 0xab, 0x2, 0xf3, 0x34, 0x7,
    0xee, 0xf6, 0x0, 0x40, 0x0, 0x1, 0x34, 0x20,
    0x0, 0x0,

    /* U+3077 "ぷ" */
    0x0, 0x0, 0x20, 0x0, 0x0, 0x0, 0x0, 0x0,
    0xae, 0x70, 0x5, 0xa2, 0x0, 0x0, 0x4, 0xec,
    0xb, 0x19, 0x0, 0x0, 0x1, 0xd4, 0x9, 0xb4,
    0x0, 0x0, 0x84, 0x0, 0x0, 0x0, 0x0, 0x0,
    0x5f, 0x30, 0x38, 0x0, 0x0, 0x14, 0x6, 0xe1,
    0x2f, 0x40, 0x3, 0xda, 0x0, 0xc9, 0x8, 0xd0,
    0x6f, 0x90, 0x0, 0xab, 0x1, 0xf3, 0x34, 0x7,
    0xee, 0xf6, 0x0, 0x40, 0x0, 0x1, 0x34, 0x20,
    0x0, 0x0,

    /* U+3078 "へ" */
    0x0, 0x0, 0x99, 0x0, 0x0, 0x0, 0x0, 0xa,
    0xee, 0xb0, 0x0, 0x0, 0x0, 0x7f, 0x22, 0xe9,
    0x0, 0x0, 0x4, 0xf6, 0x0, 0x4f, 0x70, 0x0,
    0x2f, 0x90, 0x0, 0x6, 0xf6, 0x0, 0x6, 0x0,
    0x0, 0x0, 0x8f, 0x60, 0x0, 0x0, 0x0, 0x0,
    0x9, 0xf4, 0x0, 0x0, 0x0, 0x0, 0x0, 0x60,

    /* U+3079 "べ" */
    0x0, 0x0, 0x0, 0x0, 0x7, 0x30, 0x0, 0x0,
    0x65, 0x3, 0xc4, 0xc0, 0x0, 0x9, 0xff, 0x60,
    0xa5, 0x40, 0x0, 0x6f, 0x35, 0xf4, 0x0, 0x0,
    0x3, 0xf6, 0x0, 0x7f, 0x30, 0x0, 0x3f, 0xa0,
    0x0, 0xa, 0xe2, 0x0, 0xa, 0x0, 0x0, 0x0,
    0xce, 0x20, 0x0, 0x0, 0x0, 0x0, 0x1d, 0xe2,
    0x0, 0x0, 0x0, 0x0, 0x1, 0x90,

    /* U+307A "ぺ" */
    0x0, 0x0, 0x0, 0x0, 0x3a, 0x30, 0x0, 0x0,
    0x23, 0x0, 0xb1, 0xb0, 0x0, 0x3, 0xff, 0x60,
    0xb2, 0xb0, 0x0, 0x1e, 0x86, 0xf4, 0x28, 0x20,
    0x0, 0xcb, 0x0, 0x8f, 0x30, 0x0, 0xb, 0xe1,
    0x0, 0xa, 0xe2, 0x0, 0x1d, 0x40, 0x0, 0x0,
    0xce, 0x20, 0x0, 0x0, 0x0, 0x0, 0x1d, 0xe2,
    0x0, 0x0, 0x0, 0x0, 0x2, 0xd2, 0x0, 0x0,
    0x0, 0x0, 0x0, 0x0,

    /* U+307B "ほ" */
    0x0, 0x0, 0x0, 0x0, 0x0, 0x3, 0xf0, 0x7,
    0x77, 0x89, 0x70, 0x5c, 0x0, 0x78, 0xae, 0x74,
    0x8, 0xa0, 0x0, 0x3, 0xd0, 0x0, 0xa8, 0x0,
    0xee, 0xef, 0xff, 0xb, 0x60, 0x2, 0x36, 0xe1,
    0x0, 0xc7, 0x40, 0x2, 0x4e, 0x0, 0xb, 0xd4,
    0x5e, 0xcd, 0xf9, 0x10, 0xaf, 0xb, 0x60, 0x3f,
    0xaf, 0x38, 0xb0, 0x5f, 0xef, 0xa0, 0x40, 0x13,
    0x0, 0x2, 0x20, 0x0, 0x0,

    /* U+307C "ぼ" */
    0x0, 0x0, 0x0, 0x0, 0x5, 0x81, 0x8, 0xb0,
    0x47, 0x77, 0x8e, 0x66, 0xa, 0x80, 0x48, 0x8e,
    0x96, 0x10, 0xc, 0x50, 0x0, 0xd, 0x30, 0x0,
    0xe, 0x30, 0x9d, 0xdf, 0xef, 0x60, 0xf, 0x10,
    0x23, 0x3e, 0x61, 0x0, 0x1f, 0x41, 0x0, 0xc,
    0x40, 0x0, 0x1f, 0xc2, 0x3d, 0xef, 0xa1, 0x0,
    0xf, 0xd0, 0xc5, 0xb, 0xdf, 0x40, 0xe, 0x90,
    0xb9, 0x5e, 0x56, 0x90, 0x9, 0x60, 0x19, 0xb8,
    0x0, 0x0,

    /* U+307D "ぽ" */
    0x0, 0x0, 0x0, 0x0, 0x5, 0xa8, 0x6, 0x90,
    0x36, 0x55, 0x6c, 0x6a, 0x9, 0x80, 0x48, 0x8e,
    0x96, 0x20, 0xc, 0x60, 0x0, 0xd, 0x30, 0x0,
    0xe, 0x30, 0x9d, 0xdf, 0xef, 0x60, 0xf, 0x10,
    0x23, 0x3e, 0x61, 0x0, 0xf, 0x41, 0x0, 0xc,
    0x40, 0x0, 0x1f, 0xc2, 0x3c, 0xef, 0xb2, 0x0,
    0xf, 0xd0, 0xc5, 0xb, 0xdf, 0x60, 0xe, 0x90,
    0xb9, 0x5e, 0x55, 0xb0, 0x9, 0x60, 0x19, 0xb8,
    0x0, 0x0,

    /* U+307E "ま" */
    0x0, 0x3, 0xf0, 0x0, 0x4, 0x32, 0x5f, 0x34,
    0x70, 0x9d, 0xef, 0xfd, 0xca, 0x0, 0x0, 0x3e,
    0x0, 0x0, 0xce, 0xdd, 0xfe, 0xff, 0x21, 0x33,
    0x6f, 0x32, 0x0, 0x0, 0x14, 0xf0, 0x0, 0x4,
    0xee, 0xef, 0xa3, 0x0, 0xd5, 0x1, 0xf9, 0xf9,
    0xc, 0xa4, 0x8f, 0x2, 0xd3, 0x2a, 0xdc, 0x40,
    0x0, 0x0,

    /* U+307F "み" */
    0x0, 0x0, 0x0, 0x10, 0x0, 0x0, 0x0, 0x5e,
    0xef, 0xf6, 0x0, 0x0, 0x0, 0x13, 0x25, 0xe0,
    0x0, 0x0, 0x0, 0x0, 0xb, 0x80, 0x2, 0x0,
    0x0, 0x0, 0x4f, 0x20, 0xe, 0x40, 0x0, 0x9f,
    0xff, 0xfc, 0x7f, 0x20, 0xb, 0xa2, 0xf3, 0x16,
    0xdf, 0x70, 0x2e, 0x7, 0xc0, 0x0, 0x8d, 0xf4,
    0x3f, 0x6f, 0x50, 0x2, 0xf4, 0x20, 0x8, 0xd7,
    0x0, 0x4e, 0x90, 0x0, 0x0, 0x0, 0x1, 0xc7,
    0x0, 0x0,

    /* U+3080 "む" */
    0x0, 0xd5, 0x0, 0x0, 0x0, 0x0, 0xd, 0x54,
    0x30, 0x30, 0x0, 0xee, 0xff, 0xe6, 0xc, 0xc1,
    0x1, 0x2d, 0x50, 0x0, 0xb, 0xd0, 0x1b, 0xf5,
    0x0, 0x0, 0x6, 0xa, 0x7a, 0x90, 0x0, 0x0,
    0x0, 0xd2, 0x79, 0x0, 0x1, 0x10, 0xc, 0x8d,
    0x50, 0x0, 0x2f, 0x10, 0x3c, 0xf0, 0x0, 0x3,
    0xf0, 0x0, 0x1f, 0x75, 0x57, 0xdc, 0x0, 0x0,
    0x6b, 0xcc, 0xb7, 0x10, 0x0,

    /* U+3081 "め" */
    0x0, 0x0, 0x0, 0x18, 0x10, 0x0, 0xb, 0x40,
    0x3, 0xf0, 0x0, 0x0, 0xa9, 0x6b, 0xef, 0x81,
    0x0, 0x6, 0xfc, 0x5d, 0x9b, 0xe1, 0x1, 0xef,
    0x31, 0xf2, 0xb, 0x90, 0x99, 0x9a, 0x7c, 0x0,
    0x4e, 0xf, 0x22, 0xfe, 0x50, 0x3, 0xf1, 0xf0,
    0xc, 0xf0, 0x0, 0x7d, 0xe, 0x8a, 0xec, 0x30,
    0x4f, 0x60, 0x4d, 0xa1, 0x6, 0xbf, 0x80, 0x0,
    0x0, 0x0, 0x68, 0x20, 0x0,

    /* U+3082 "も" */
    0x0, 0x0, 0x0, 0x0, 0x0, 0x0, 0xe, 0x50,
    0x0, 0x0, 0x0, 0xf, 0x30, 0x0, 0x0, 0x78,
    0x6f, 0x55, 0x20, 0x0, 0x49, 0xcf, 0xdc, 0x40,
    0x0, 0x0, 0x4d, 0x0, 0x0, 0x0, 0x96, 0x9c,
    0x44, 0x19, 0x90, 0x7a, 0xef, 0xdd, 0x32, 0xf3,
    0x0, 0x98, 0x0, 0x0, 0xc7, 0x0, 0x9a, 0x0,
    0x1, 0xe6, 0x0, 0x4f, 0x95, 0x7d, 0xd0, 0x0,
    0x5, 0xcd, 0xc8, 0x10,

    /* U+3083 "ゃ" */
    0x0, 0x0, 0x92, 0x0, 0x0, 0x5, 0x80, 0x6a,
    0x21, 0x0, 0x2, 0xf5, 0xaf, 0xef, 0x90, 0x16,
    0xef, 0x71, 0x1, 0xf2, 0x7d, 0x7f, 0x12, 0x4,
    0xf1, 0x0, 0xc, 0x7b, 0xff, 0x70, 0x0, 0x6,
    0xd0, 0x0, 0x0, 0x0, 0x1, 0xf2, 0x0, 0x0,
    0x0, 0x0, 0xb5, 0x0, 0x0,

    /* U+3084 "や" */
    0x0, 0x0, 0xa, 0x20, 0x0, 0x0, 0x1, 0x91,
    0x6, 0xe1, 0x0, 0x0, 0x0, 0xc9, 0x3, 0xbd,
    0xda, 0x10, 0x0, 0x4f, 0xde, 0x84, 0x3b, 0xd0,
    0x18, 0xef, 0xb0, 0x0, 0x3, 0xf0, 0x1c, 0x55,
    0xf0, 0x32, 0x1a, 0xd0, 0x0, 0x0, 0xe6, 0x7f,
    0xfd, 0x30, 0x0, 0x0, 0x8c, 0x0, 0x0, 0x0,
    0x0, 0x0, 0x3f, 0x10, 0x0, 0x0, 0x0, 0x0,
    0xe, 0x70, 0x0, 0x0, 0x0, 0x0, 0x6, 0x50,
    0x0, 0x0,

    /* U+3085 "ゅ" */
    0x0, 0x0, 0x40, 0x0, 0x6, 0x60, 0xf, 0x30,
    0x0, 0xa6, 0x4c, 0xfe, 0xe6, 0xb, 0x9c, 0x3c,
    0x43, 0xf2, 0xce, 0x10, 0xc4, 0xd, 0x5b, 0x89,
    0x6e, 0x33, 0xf1, 0x97, 0x2d, 0xfe, 0xf7, 0x0,
    0x0, 0xca, 0x41, 0x0, 0x0, 0x4a, 0x0, 0x0,
    0x0,

    /* U+3086 "ゆ" */
    0x0, 0x0, 0x0, 0x0, 0x0, 0x0, 0x0, 0x0,
    0xb7, 0x0, 0x0, 0xd, 0x20, 0x9, 0x90, 0x0,
    0x2, 0xf0, 0x18, 0xef, 0xe8, 0x0, 0x3d, 0x2e,
    0x88, 0xc3, 0xca, 0x4, 0xcd, 0x40, 0x5c, 0x2,
    0xf1, 0x5f, 0x90, 0x6, 0xc0, 0xf, 0x24, 0xf2,
    0xa2, 0x7a, 0x4, 0xf0, 0x3f, 0x7, 0xed, 0xa7,
    0xf7, 0x0, 0xa0, 0x7, 0xfd, 0xb5, 0x0, 0x0,
    0x1, 0xca, 0x0, 0x0, 0x0, 0x0, 0x4a, 0x0,
    0x0, 0x0,

    /* U+3087 "ょ" */
    0x0, 0x6, 0x50, 0x0, 0x0, 0x9, 0x80, 0x0,
    0x0, 0x9, 0xed, 0xe6, 0x0, 0x9, 0xa2, 0x20,
    0x0, 0x9, 0x80, 0x0, 0x19, 0xce, 0xc2, 0x0,
    0xaa, 0x29, 0xef, 0x80, 0xb8, 0x1a, 0xa3, 0xe6,
    0x2c, 0xfe, 0x40, 0x21,

    /* U+3088 "よ" */
    0x0, 0x0, 0x9c, 0x0, 0x0, 0x0, 0x0, 0x8b,
    0x0, 0x0, 0x0, 0x0, 0x8b, 0x23, 0x41, 0x0,
    0x0, 0x8f, 0xee, 0xd2, 0x0, 0x0, 0x8b, 0x0,
    0x0, 0x0, 0x0, 0x7c, 0x0, 0x0, 0x0, 0x24,
    0x9c, 0x0, 0x0, 0xb, 0xec, 0xef, 0xb4, 0x0,
    0x6d, 0x0, 0x6e, 0x9f, 0xb1, 0x4f, 0x75, 0xcc,
    0x2, 0xd3, 0x6, 0xbd, 0xb2, 0x0, 0x0,

    /* U+3089 "ら" */
    0x0, 0x20, 0x0, 0x0, 0x0, 0x2f, 0xeb, 0x84,
    0x0, 0x11, 0x3, 0x7a, 0x60, 0x6, 0xc0, 0x0,
    0x0, 0x0, 0x8a, 0x0, 0x23, 0x0, 0xa, 0x99,
    0xfe, 0xef, 0x60, 0xcf, 0x91, 0x0, 0x5f, 0x2c,
    0x70, 0x0, 0x0, 0xf5, 0x0, 0x0, 0x0, 0x6f,
    0x20, 0x36, 0x68, 0xcf, 0x70, 0x3, 0xcc, 0xb8,
    0x30, 0x0,

    /* U+308A "り" */
    0x0, 0x0, 0x0, 0x0, 0x4f, 0x0, 0x0, 0x0,
    0x6c, 0x1a, 0xec, 0x20, 0x8a, 0xd7, 0x2a, 0xd0,
    0x9f, 0x70, 0x0, 0xf4, 0xae, 0x0, 0x0, 0xd7,
    0xba, 0x0, 0x0, 0xc8, 0xa8, 0x0, 0x0, 0xe6,
    0x32, 0x0, 0x5, 0xf1, 0x0, 0x0, 0x5f, 0x80,
    0x1, 0x9d, 0xf7, 0x0, 0x0, 0x86, 0x10, 0x0,

    /* U+308B "る" */
    0x0, 0x0, 0x0, 0x0, 0x0, 0x6, 0xef, 0xff,
    0xfb, 0x0, 0x1, 0x32, 0x1a, 0xb1, 0x0, 0x0,
    0x1, 0xc7, 0x0, 0x0, 0x0, 0x3e, 0xec, 0xb6,
    0x0, 0x5, 0xf8, 0x32, 0x5e, 0x90, 0x8e, 0x30,
    0x0, 0x3, 0xf1, 0x53, 0x2c, 0xe9, 0x0, 0xf3,
    0x0, 0xb7, 0xc, 0x75, 0xf0, 0x0, 0x9c, 0x59,
    0xef, 0x60, 0x0, 0x8, 0xcc, 0x93, 0x0,

    /* U+308C "れ" */
    0x0, 0x0, 0x0, 0x0, 0x0, 0x0, 0x0, 0xd,
    0x70, 0x0, 0x0, 0x0, 0x0, 0xd, 0x50, 0x0,
    0x0, 0x0, 0x26, 0x8f, 0x81, 0x9d, 0xb1, 0x0,
    0x3b, 0x9f, 0x8e, 0x74, 0xe7, 0x0, 0x0, 0x1f,
    0xe2, 0x0, 0xb7, 0x0, 0x0, 0xaf, 0x20, 0x0,
    0xd5, 0x0, 0x6, 0xff, 0x0, 0x0, 0xf3, 0x0,
    0x3f, 0x6f, 0x0, 0x1, 0xf1, 0x0, 0x59, 0x2f,
    0x0, 0x2, 0xf4, 0x75, 0x0, 0x2f, 0x0, 0x0,
    0xdf, 0xd3, 0x0, 0x2, 0x0, 0x0, 0x2, 0x0,

    /* U+308D "ろ" */
    0x0, 0x0, 0x0, 0x0, 0x0, 0x4, 0xee, 0xff,
    0xfd, 0x0, 0x1, 0x32, 0x19, 0xd2, 0x0, 0x0,
    0x0, 0xaa, 0x0, 0x0, 0x0, 0x1d, 0xec, 0xb7,
    0x0, 0x4, 0xec, 0x53, 0x5c, 0xc0, 0x6f, 0x60,
    0x0, 0x1, 0xf4, 0x24, 0x0, 0x0, 0x0, 0xf4,
    0x0, 0x0, 0x0, 0x2b, 0xe0, 0x0, 0x3d, 0xcd,
    0xfc, 0x20, 0x0, 0x5, 0x64, 0x20, 0x0,

    /* U+308E "ゎ" */
    0x0, 0xe, 0x20, 0x0, 0x0, 0x0, 0x2f, 0x10,
    0x0, 0x0, 0x1e, 0xcf, 0x7d, 0xee, 0x50, 0x0,
    0x4f, 0x91, 0x3, 0xf2, 0x0, 0xdd, 0x0, 0x0,
    0xc5, 0xa, 0xbc, 0x0, 0x1, 0xf3, 0x2c, 0x4c,
    0x0, 0x3c, 0xb0, 0x0, 0x3d, 0x8, 0xf9, 0x0,
    0x0, 0x14, 0x0, 0x0, 0x0,

    /* U+308F "わ" */
    0x0, 0x0, 0x0, 0x0, 0x0, 0x0, 0x0, 0x6,
    0xe0, 0x0, 0x0, 0x0, 0x0, 0x6, 0xc0, 0x0,
    0x0, 0x0, 0x6, 0x7c, 0xe0, 0x2, 0x30, 0x0,
    0xa, 0xac, 0xa8, 0xee, 0xef, 0x60, 0x0, 0xb,
    0xfa, 0x20, 0x5, 0xf3, 0x0, 0x4f, 0x80, 0x0,
    0x0, 0xd6, 0x2, 0xee, 0x60, 0x0, 0x0, 0xe6,
    0xd, 0x8b, 0x60, 0x0, 0x8, 0xe1, 0x7, 0xb,
    0x70, 0x28, 0xde, 0x30, 0x0, 0xb, 0x70, 0x2a,
    0x60, 0x0, 0x0, 0x1, 0x10, 0x0, 0x0, 0x0,

    /* U+3090 "ゐ" */
    0x0, 0x0, 0x1, 0x20, 0x0, 0x0, 0x8, 0xff,
    0xff, 0x10, 0x0, 0x0, 0x0, 0x6, 0xc0, 0x0,
    0x0, 0x0, 0x5, 0xdf, 0xc8, 0x10, 0x0, 0x1c,
    0xcf, 0x33, 0xad, 0x10, 0xd, 0x75, 0xc0, 0x0,
    0xc8, 0x8, 0xa0, 0xc7, 0x0, 0x7, 0xb0, 0xe2,
    0x3f, 0x4c, 0xc3, 0x7b, 0xf, 0x4c, 0x9c, 0x43,
    0xec, 0x80, 0xcf, 0xe1, 0xc8, 0x4e, 0xe1, 0x0,
    0x40, 0x2, 0xac, 0x91, 0x0,

    /* U+3091 "ゑ" */
    0x0, 0x0, 0x0, 0x1, 0x0, 0x0, 0x0, 0x5e,
    0xee, 0xff, 0x50, 0x0, 0x0, 0x0, 0x5d, 0xb3,
    0x0, 0x0, 0x0, 0x4c, 0xc8, 0x7a, 0xd2, 0x0,
    0x8, 0xe6, 0x9a, 0x40, 0x8b, 0x0, 0x1, 0x1a,
    0x64, 0xd0, 0xba, 0x0, 0x0, 0x6, 0xfe, 0xff,
    0xc1, 0x0, 0x0, 0x1c, 0xb4, 0x43, 0x10, 0x0,
    0x1, 0xdf, 0xc2, 0x8e, 0xfb, 0x10, 0x1d, 0x91,
    0x7e, 0xb0, 0xb, 0xb0, 0x26, 0x0, 0x8, 0x20,
    0x2, 0x70,

    /* U+3092 "を" */
    0x0, 0x4, 0x40, 0x0, 0x0, 0x11, 0xb, 0x92,
    0x45, 0x0, 0x8f, 0xff, 0xfe, 0xda, 0x0, 0x0,
    0x8a, 0x0, 0x0, 0x1, 0x3, 0xfd, 0xeb, 0x17,
    0xe8, 0x2e, 0x91, 0x2f, 0xfb, 0x40, 0x99, 0x4,
    0xef, 0x60, 0x0, 0x0, 0x3f, 0x4c, 0x40, 0x0,
    0x0, 0xa9, 0x4, 0x10, 0x0, 0x0, 0x8e, 0x64,
    0x57, 0x70, 0x0, 0x8, 0xcd, 0xcb, 0x80,

    /* U+3093 "ん" */
    0x0, 0x0, 0x3, 0x0, 0x0, 0x0, 0x0, 0x0,
    0x1f, 0x70, 0x0, 0x0, 0x0, 0x0, 0xac, 0x0,
    0x0, 0x0, 0x0, 0x2, 0xf3, 0x0, 0x0, 0x0,
    0x0, 0xa, 0xb1, 0x0, 0x0, 0x0, 0x0, 0x2f,
    0xef, 0xe0, 0x0, 0x0, 0x0, 0xae, 0x31, 0xf3,
    0x0, 0x50, 0x2, 0xf4, 0x0, 0xe4, 0x0, 0xe4,
    0x9, 0xc0, 0x0, 0xe5, 0x9, 0xd0, 0xf, 0x60,
    0x0, 0xaf, 0xee, 0x20, 0x3, 0x10, 0x0, 0x5,
    0x51, 0x0,

    /* U+3094 "ゔ" */
    0x0, 0x87, 0x53, 0x20, 0x0, 0x0, 0x8, 0xac,
    0xef, 0x83, 0xb0, 0x0, 0x0, 0x0, 0x2, 0xc7,
    0x51, 0x47, 0xbd, 0xda, 0x34, 0x0, 0x4f, 0xb7,
    0x55, 0xbf, 0x10, 0x0, 0x10, 0x0, 0x0, 0xf6,
    0x0, 0x0, 0x0, 0x0, 0xf, 0x50, 0x0, 0x0,
    0x0, 0x7, 0xf1, 0x0, 0x0, 0x0, 0x3a, 0xf6,
    0x0, 0x0, 0x7, 0xef, 0xc3, 0x0, 0x0, 0x0,
    0x26, 0x20, 0x0, 0x0, 0x0,

    /* U+3095 "ゕ" */
    0x0, 0x5, 0x60, 0x0, 0x0, 0x0, 0xa, 0x80,
    0x7, 0x40, 0x8, 0x9e, 0xdc, 0x56, 0xd0, 0x9,
    0x7f, 0x56, 0xf0, 0xe5, 0x0, 0x4d, 0x1, 0xf0,
    0x7b, 0x0, 0x98, 0x2, 0xf0, 0x26, 0x0, 0xf3,
    0x4, 0xd0, 0x0, 0x7, 0xd1, 0x19, 0x90, 0x0,
    0xc, 0x55, 0xfe, 0x20, 0x0, 0x0, 0x0, 0x0,
    0x0, 0x0,

    /* U+3096 "ゖ" */
    0x0, 0x0, 0x0, 0x0, 0x5, 0xa0, 0x0, 0x3e,
    0x0, 0x88, 0x1, 0x3, 0xe3, 0x2a, 0x50, 0xdf,
    0xff, 0xd6, 0xb4, 0x0, 0x2, 0xe0, 0xc, 0x73,
    0x0, 0x3d, 0x0, 0xbf, 0x20, 0x6, 0xb0, 0x9,
    0xd0, 0x0, 0xd6, 0x0, 0x49, 0x0, 0xcb, 0x0,
    0x0, 0x0, 0x2, 0x0, 0x0,

    /* U+3099 "゙" */
    0x0, 0x50, 0xc, 0x69, 0x6, 0x42,

    /* U+309A "゚" */
    0x29, 0x4a, 0x1a, 0x6a, 0x80,

    /* U+309B "゛" */
    0x0, 0x0, 0x52, 0xd0, 0x69, 0x87, 0x9, 0x0,

    /* U+309C "゜" */
    0x4a, 0x89, 0xa, 0x3a, 0x70,

    /* U+309D "ゝ" */
    0x8, 0x30, 0x0, 0x0, 0xae, 0x30, 0x0, 0x0,
    0xae, 0x20, 0x0, 0x0, 0xbe, 0x10, 0x0, 0x0,
    0xdc, 0x0, 0x2, 0x8e, 0xf0, 0x4, 0xfc, 0x61,
    0x0, 0x3, 0x0, 0x0,

    /* U+309E "ゞ" */
    0x0, 0x0, 0x0, 0x0, 0x0, 0x32, 0xc1, 0x15,
    0x5, 0xb7, 0x85, 0xf6, 0x7, 0x0, 0x6, 0xf6,
    0x0, 0x0, 0x6, 0xf4, 0x0, 0x0, 0x9, 0xf2,
    0x0, 0x1, 0x8f, 0x90, 0x9, 0xfd, 0x71, 0x0,
    0x44, 0x0, 0x0,

    /* U+309F "ゟ" */
    0x0, 0x0, 0x0, 0x0, 0x0, 0x0, 0x0, 0x0,
    0xc, 0x70, 0x0, 0x0, 0x0, 0x1, 0xf3, 0x0,
    0x0, 0x0, 0x0, 0x8f, 0xc9, 0x40, 0x0, 0x0,
    0xe, 0x65, 0x9e, 0x30, 0x0, 0x7, 0xc0, 0x0,
    0x0, 0x0, 0x1, 0xfc, 0xdd, 0x30, 0x0, 0x0,
    0xaf, 0x62, 0x9d, 0x0, 0x0, 0x4f, 0x30, 0x3,
    0xf0, 0x0, 0x1e, 0x80, 0x0, 0x7c, 0x0, 0xb,
    0xd1, 0x93, 0x6f, 0x40, 0x0, 0x52, 0x1b, 0xfd,
    0x50, 0x0,

    /* U+30A0 "゠" */
    0x67, 0x77, 0x72, 0x0, 0x0, 0x0, 0x67, 0x77,
    0x72,

    /* U+30A1 "ァ" */
    0xcd, 0xdd, 0xdd, 0xdd, 0x34, 0x44, 0x44, 0x4a,
    0xe1, 0x0, 0xd, 0x64, 0xf4, 0x0, 0x0, 0xd6,
    0xb5, 0x0, 0x0, 0xf, 0x30, 0x0, 0x0, 0x7,
    0xd0, 0x0, 0x0, 0x8, 0xf4, 0x0, 0x0, 0x1,
    0xa3, 0x0, 0x0, 0x0,

    /* U+30A2 "ア" */
    0x0, 0x0, 0x0, 0x0, 0x0, 0x9, 0xff, 0xff,
    0xff, 0xff, 0xe1, 0x23, 0x33, 0x33, 0x33, 0xdb,
    0x0, 0x0, 0xa, 0x50, 0x9e, 0x10, 0x0, 0x0,
    0xd6, 0xae, 0x20, 0x0, 0x0, 0xe, 0x52, 0x20,
    0x0, 0x0, 0x1, 0xf3, 0x0, 0x0, 0x0, 0x0,
    0x8e, 0x0, 0x0, 0x0, 0x0, 0x6f, 0x50, 0x0,
    0x0, 0x0, 0x9f, 0x60, 0x0, 0x0, 0x0, 0x0,
    0x20, 0x0, 0x0, 0x0, 0x0,

    /* U+30A3 "ィ" */
    0x0, 0x0, 0x0, 0x3, 0x0, 0x0, 0x0, 0x5,
    0xf5, 0x0, 0x0, 0x7, 0xf7, 0x0, 0x0, 0x5d,
    0xf3, 0x0, 0x28, 0xee, 0xbe, 0x0, 0x3, 0xb5,
    0x6, 0xe0, 0x0, 0x0, 0x0, 0x6e, 0x0, 0x0,
    0x0, 0x6, 0xe0, 0x0, 0x0, 0x0, 0x6e, 0x0,
    0x0,

    /* U+30A4 "イ" */
    0x0, 0x0, 0x0, 0x0, 0x4, 0x0, 0x0, 0x0,
    0x0, 0x8, 0xf3, 0x0, 0x0, 0x0, 0xa, 0xf5,
    0x0, 0x0, 0x0, 0x5e, 0xd3, 0x0, 0x0, 0x5,
    0xcf, 0xf4, 0x0, 0x0, 0x9e, 0xf8, 0x2f, 0x40,
    0x0, 0x7, 0x50, 0x1, 0xf4, 0x0, 0x0, 0x0,
    0x0, 0x1f, 0x40, 0x0, 0x0, 0x0, 0x1, 0xf4,
    0x0, 0x0, 0x0, 0x0, 0x1f, 0x40, 0x0, 0x0,
    0x0, 0x0, 0x72, 0x0, 0x0,

    /* U+30A5 "ゥ" */
    0x0, 0x7, 0x20, 0x0, 0x0, 0xe, 0x40, 0x0,
    0xef, 0xff, 0xff, 0xfb, 0xe5, 0x22, 0x22, 0xca,
    0xe4, 0x0, 0x0, 0xf6, 0x51, 0x0, 0x6, 0xf1,
    0x0, 0x0, 0x3f, 0x70, 0x0, 0x3a, 0xf8, 0x0,
    0x0, 0xcb, 0x30, 0x0, 0x0, 0x0, 0x0, 0x0,

    /* U+30A6 "ウ" */
    0x0, 0x0, 0x6f, 0x0, 0x0, 0x0, 0x0, 0x6,
    0xe0, 0x0, 0x0, 0x3a, 0xaa, 0xcf, 0xaa, 0xaa,
    0x4, 0xf7, 0x77, 0x77, 0x7c, 0xe0, 0x4e, 0x0,
    0x0, 0x0, 0xba, 0x4, 0xe0, 0x0, 0x0, 0xf,
    0x50, 0x13, 0x0, 0x0, 0x7, 0xe0, 0x0, 0x0,
    0x0, 0x5, 0xf6, 0x0, 0x0, 0x0, 0x19, 0xf8,
    0x0, 0x0, 0x0, 0xbf, 0xe5, 0x0, 0x0, 0x0,
    0x3, 0x50, 0x0, 0x0, 0x0,

    /* U+30A7 "ェ" */
    0x3, 0x44, 0x44, 0x44, 0x20, 0xbd, 0xdf, 0xed,
    0xd6, 0x0, 0x0, 0xd6, 0x0, 0x0, 0x0, 0xd,
    0x60, 0x0, 0x0, 0x0, 0xd6, 0x0, 0x0, 0x0,
    0xd, 0x60, 0x0, 0x6f, 0xff, 0xff, 0xff, 0xf1,
    0x22, 0x22, 0x22, 0x22,

    /* U+30A8 "エ" */
    0x2, 0x33, 0x33, 0x33, 0x33, 0x0, 0x8f, 0xff,
    0xff, 0xff, 0xf3, 0x0, 0x0, 0xe, 0x60, 0x0,
    0x0, 0x0, 0x0, 0xe6, 0x0, 0x0, 0x0, 0x0,
    0xe, 0x60, 0x0, 0x0, 0x0, 0x0, 0xe6, 0x0,
    0x0, 0x0, 0x0, 0xe, 0x60, 0x0, 0x3, 0xbb,
    0xbb, 0xfd, 0xbb, 0xb9, 0x28, 0x88, 0x88, 0x88,
    0x88, 0x70,

    /* U+30A9 "ォ" */
    0x0, 0x0, 0x2, 0x40, 0x0, 0x0, 0x0, 0x5,
    0xc0, 0x0, 0x8, 0xaa, 0xac, 0xea, 0xa2, 0x5,
    0x77, 0x7f, 0xe7, 0x71, 0x0, 0x0, 0xae, 0xd0,
    0x0, 0x0, 0x1b, 0xd5, 0xd0, 0x0, 0x4, 0xec,
    0x14, 0xd0, 0x0, 0xc, 0x80, 0x14, 0xe0, 0x0,
    0x0, 0x0, 0xff, 0xb0, 0x0, 0x0, 0x0, 0x0,
    0x0, 0x0,

    /* U+30AA "オ" */
    0x0, 0x0, 0x0, 0x5e, 0x0, 0x0, 0x0, 0x0,
    0x4, 0xe0, 0x0, 0x4, 0x55, 0x55, 0x8f, 0x55,
    0x50, 0x8c, 0xcc, 0xcf, 0xfc, 0xc9, 0x0, 0x0,
    0x5, 0xff, 0x0, 0x0, 0x0, 0x5, 0xf7, 0xf0,
    0x0, 0x0, 0x8, 0xf4, 0x3f, 0x0, 0x0, 0x4d,
    0xd2, 0x2, 0xf0, 0x0, 0xb, 0x80, 0x0, 0x3f,
    0x0, 0x0, 0x0, 0x3, 0xff, 0xe0, 0x0, 0x0,
    0x0, 0x2, 0x31, 0x0, 0x0,

    /* U+30AB "カ" */
    0x0, 0x2, 0xf3, 0x0, 0x0, 0x0, 0x1, 0xf2,
    0x0, 0x0, 0x23, 0x35, 0xf4, 0x33, 0x30, 0x8f,
    0xff, 0xff, 0xff, 0xf4, 0x0, 0x6, 0xc0, 0x0,
    0xf4, 0x0, 0xb, 0x90, 0x0, 0xf3, 0x0, 0x1f,
    0x40, 0x1, 0xf1, 0x0, 0xad, 0x0, 0x3, 0xf0,
    0x8, 0xf3, 0x0, 0x7, 0xd0, 0x7f, 0x50, 0xd,
    0xff, 0x70, 0x3, 0x0, 0x2, 0x33, 0x0,

    /* U+30AC "ガ" */
    0x0, 0x0, 0x0, 0x0, 0x1, 0x50, 0x0, 0x0,
    0x6f, 0x0, 0x66, 0xd1, 0x0, 0x0, 0x5e, 0x0,
    0x1d, 0x53, 0x3, 0x33, 0x8e, 0x33, 0x35, 0x0,
    0xb, 0xee, 0xff, 0xee, 0xff, 0x0, 0x0, 0x0,
    0xa9, 0x0, 0x3f, 0x0, 0x0, 0x0, 0xe5, 0x0,
    0x4f, 0x0, 0x0, 0x5, 0xf0, 0x0, 0x5d, 0x0,
    0x0, 0xd, 0x90, 0x0, 0x7c, 0x0, 0x0, 0xbe,
    0x10, 0x0, 0xb9, 0x0, 0xb, 0xe2, 0x1, 0xff,
    0xf4, 0x0, 0x1, 0x10, 0x0, 0x33, 0x20, 0x0,

    /* U+30AD "キ" */
    0x0, 0x4, 0x60, 0x0, 0x0, 0x0, 0x7, 0xd0,
    0x0, 0x10, 0x0, 0x27, 0xf9, 0xce, 0xb0, 0xaf,
    0xfe, 0xfa, 0x64, 0x10, 0x34, 0x10, 0xd6, 0x0,
    0x0, 0x0, 0x0, 0xaa, 0x57, 0xa9, 0x58, 0xad,
    0xff, 0xdb, 0x85, 0x8b, 0x85, 0x6f, 0x0, 0x0,
    0x0, 0x0, 0x1f, 0x30, 0x0, 0x0, 0x0, 0xe,
    0x60, 0x0, 0x0, 0x0, 0x7, 0x40, 0x0,

    /* U+30AE "ギ" */
    0x0, 0x0, 0x0, 0x0, 0x2, 0x0, 0x0, 0x32,
    0x0, 0x55, 0xd0, 0x0, 0xb, 0x90, 0x2, 0xc5,
    0x20, 0x0, 0x8d, 0x69, 0xc7, 0x0, 0xad, 0xff,
    0xfc, 0x96, 0x30, 0x7, 0x63, 0x2f, 0x20, 0x0,
    0x0, 0x0, 0x0, 0xe6, 0x25, 0x85, 0x3, 0x58,
    0xaf, 0xff, 0xdb, 0x50, 0xdd, 0xb8, 0xbc, 0x0,
    0x0, 0x0, 0x0, 0x5, 0xf0, 0x0, 0x0, 0x0,
    0x0, 0x2f, 0x20, 0x0, 0x0, 0x0, 0x0, 0xb3,
    0x0, 0x0,

    /* U+30AF "ク" */
    0x0, 0x0, 0x94, 0x0, 0x0, 0x0, 0x5, 0xf2,
    0x0, 0x0, 0x0, 0x1e, 0xff, 0xff, 0xf5, 0x0,
    0xcc, 0x21, 0x15, 0xf2, 0x1c, 0xd1, 0x0, 0x9,
    0xd0, 0x8b, 0x10, 0x0, 0x2f, 0x50, 0x0, 0x0,
    0x0, 0xcc, 0x0, 0x0, 0x0, 0xb, 0xe1, 0x0,
    0x0, 0x4, 0xdd, 0x20, 0x0, 0x4, 0xcf, 0x91,
    0x0, 0x0, 0x0, 0x72, 0x0, 0x0, 0x0,

    /* U+30B0 "グ" */
    0x0, 0x0, 0x0, 0x0, 0x0, 0x40, 0x0, 0x0,
    0x37, 0x0, 0x38, 0xc3, 0x0, 0x0, 0xbb, 0x0,
    0xc, 0x33, 0x0, 0x5, 0xff, 0xee, 0xed, 0x0,
    0x0, 0x3f, 0x73, 0x33, 0xbc, 0x0, 0x4, 0xf8,
    0x0, 0x1, 0xf6, 0x0, 0x1e, 0x70, 0x0, 0x8,
    0xe0, 0x0, 0x0, 0x0, 0x0, 0x3f, 0x50, 0x0,
    0x0, 0x0, 0x3, 0xea, 0x0, 0x0, 0x0, 0x0,
    0x7f, 0xa0, 0x0, 0x0, 0x0, 0x8e, 0xe6, 0x0,
    0x0, 0x0, 0x0, 0x57, 0x10, 0x0, 0x0, 0x0,

    /* U+30B1 "ケ" */
    0x0, 0x3, 0x70, 0x0, 0x0, 0x0, 0x0, 0x8,
    0xd0, 0x0, 0x0, 0x0, 0x0, 0xe, 0xb6, 0x66,
    0x66, 0x60, 0x0, 0x7f, 0xdd, 0xef, 0xdd, 0xd0,
    0x3, 0xf6, 0x0, 0x6e, 0x0, 0x0, 0x1e, 0xa0,
    0x0, 0x9b, 0x0, 0x0, 0x2, 0x0, 0x0, 0xe7,
    0x0, 0x0, 0x0, 0x0, 0x7, 0xf1, 0x0, 0x0,
    0x0, 0x0, 0x4f, 0x70, 0x0, 0x0, 0x0, 0x7,
    0xfa, 0x0, 0x0, 0x0, 0x0, 0x1, 0x50, 0x0,
    0x0, 0x0,

    /* U+30B2 "ゲ" */
    0x0, 0x0, 0x0, 0x0, 0x0, 0x0, 0x0, 0x3,
    0x40, 0x0, 0x35, 0xd1, 0x0, 0xa, 0xb0, 0x0,
    0x1d, 0x63, 0x0, 0xf, 0x83, 0x33, 0x35, 0x30,
    0x0, 0x8f, 0xff, 0xff, 0xff, 0xd0, 0x3, 0xf5,
    0x0, 0x8c, 0x0, 0x0, 0x2e, 0xa0, 0x0, 0xba,
    0x0, 0x0, 0x5, 0x0, 0x0, 0xf6, 0x0, 0x0,
    0x0, 0x0, 0x7, 0xf0, 0x0, 0x0, 0x0, 0x0,
    0x4f, 0x70, 0x0, 0x0, 0x0, 0x7, 0xfa, 0x0,
    0x0, 0x0, 0x0, 0x3, 0x70, 0x0, 0x0, 0x0,

    /* U+30B3 "コ" */
    0x4, 0x44, 0x44, 0x44, 0x41, 0xf, 0xff, 0xff,
    0xff, 0xf4, 0x0, 0x0, 0x0, 0x0, 0xf4, 0x0,
    0x0, 0x0, 0x0, 0xf4, 0x0, 0x0, 0x0, 0x0,
    0xf4, 0x0, 0x0, 0x0, 0x0, 0xf4, 0x0, 0x0,
    0x0, 0x0, 0xf4, 0x2f, 0xff, 0xff, 0xff, 0xf4,
    0x5, 0x55, 0x55, 0x55, 0xf5,

    /* U+30B4 "ゴ" */
    0x0, 0x0, 0x0, 0x0, 0x2, 0x0, 0x0, 0x0,
    0x0, 0x66, 0xc3, 0x0, 0x0, 0x0, 0x1, 0xb3,
    0x30, 0xfe, 0xee, 0xee, 0xee, 0x30, 0x4, 0x44,
    0x44, 0x45, 0xf3, 0x0, 0x0, 0x0, 0x0, 0x1f,
    0x30, 0x0, 0x0, 0x0, 0x1, 0xf3, 0x0, 0x0,
    0x0, 0x0, 0x1f, 0x30, 0x0, 0x0, 0x0, 0x1,
    0xf3, 0x1, 0x55, 0x55, 0x55, 0x5f, 0x30, 0x3f,
    0xee, 0xee, 0xef, 0xf3, 0x0, 0x0, 0x0, 0x0,
    0x9, 0x20,

    /* U+30B5 "サ" */
    0x0, 0xd, 0x40, 0x5, 0xe0, 0x0, 0x0, 0xe,
    0x40, 0x5, 0xe0, 0x0, 0x0, 0xe, 0x40, 0x5,
    0xe0, 0x0, 0x5f, 0xff, 0xff, 0xff, 0xff, 0xf3,
    0x12, 0x2e, 0x62, 0x27, 0xe2, 0x20, 0x0, 0xe,
    0x40, 0x6, 0xd0, 0x0, 0x0, 0xe, 0x50, 0x8,
    0xb0, 0x0, 0x0, 0x1, 0x0, 0xe, 0x70, 0x0,
    0x0, 0x0, 0x0, 0xae, 0x10, 0x0, 0x0, 0x0,
    0x5e, 0xe3, 0x0, 0x0, 0x0, 0x0, 0x17, 0x0,
    0x0, 0x0,

    /* U+30B6 "ザ" */
    0x0, 0x4, 0x10, 0x5, 0x32, 0x80, 0x0, 0xf,
    0x30, 0xe, 0x6c, 0x92, 0x0, 0xf, 0x30, 0xe,
    0x54, 0x0, 0x7f, 0xff, 0xff, 0xff, 0xff, 0xa0,
    0x13, 0x4f, 0x53, 0x3e, 0x83, 0x20, 0x0, 0xf,
    0x30, 0xe, 0x50, 0x0, 0x0, 0xf, 0x30, 0xf,
    0x30, 0x0, 0x0, 0x3, 0x0, 0x5f, 0x0, 0x0,
    0x0, 0x0, 0x1, 0xe9, 0x0, 0x0, 0x0, 0x0,
    0x6e, 0xc0, 0x0, 0x0, 0x0, 0x0, 0x36, 0x0,
    0x0, 0x0,

    /* U+30B7 "シ" */
    0x0, 0x10, 0x0, 0x0, 0x0, 0x0, 0xc, 0xc3,
    0x0, 0x0, 0x0, 0x0, 0x1a, 0xf1, 0x0, 0x0,
    0x3, 0x40, 0x2, 0x0, 0x0, 0x30, 0x8f, 0xa1,
    0x0, 0x0, 0x6e, 0x0, 0x3d, 0x30, 0x0, 0x4f,
    0x60, 0x0, 0x0, 0x0, 0x6f, 0x80, 0x0, 0x0,
    0x1, 0xaf, 0x70, 0x0, 0x0, 0x39, 0xfd, 0x30,
    0x0, 0x1, 0xff, 0xd6, 0x0, 0x0, 0x0, 0x4,
    0x20, 0x0, 0x0, 0x0, 0x0,

    /* U+30B8 "ジ" */
    0x0, 0x10, 0x0, 0x0, 0x34, 0x0, 0xe, 0xa1,
    0x0, 0xc2, 0xd1, 0x0, 0x3c, 0xe0, 0x6, 0x84,
    0x14, 0x10, 0x3, 0x0, 0x0, 0x20, 0xbf, 0x70,
    0x0, 0x0, 0x8b, 0x0, 0x6e, 0x20, 0x0, 0x5f,
    0x50, 0x0, 0x0, 0x0, 0x7f, 0x70, 0x0, 0x0,
    0x1, 0xaf, 0x60, 0x0, 0x0, 0x39, 0xfd, 0x30,
    0x0, 0x3, 0xff, 0xd6, 0x0, 0x0, 0x0, 0x6,
    0x20, 0x0, 0x0, 0x0, 0x0,

    /* U+30B9 "ス" */
    0x4, 0x55, 0x55, 0x55, 0x20, 0xb, 0xee, 0xee,
    0xef, 0x80, 0x0, 0x0, 0x0, 0x5f, 0x10, 0x0,
    0x0, 0x0, 0xd9, 0x0, 0x0, 0x0, 0x8, 0xe1,
    0x0, 0x0, 0x0, 0x6f, 0xc0, 0x0, 0x0, 0x8,
    0xf6, 0xdc, 0x10, 0x2, 0xbf, 0x40, 0x1d, 0xc0,
    0x8f, 0xc2, 0x0, 0x2, 0xea, 0x25, 0x0, 0x0,
    0x0, 0x42,

    /* U+30BA "ズ" */
    0x0, 0x0, 0x0, 0x0, 0x0, 0x10, 0x0, 0x0,
    0x0, 0x0, 0x56, 0xd1, 0x0, 0x54, 0x44, 0x44,
    0x6d, 0x43, 0x0, 0xfe, 0xee, 0xef, 0xf5, 0x0,
    0x0, 0x0, 0x0, 0x8, 0xd0, 0x0, 0x0, 0x0,
    0x0, 0x1f, 0x50, 0x0, 0x0, 0x0, 0x0, 0xcb,
    0x0, 0x0, 0x0, 0x0, 0x9, 0xf9, 0x0, 0x0,
    0x0, 0x0, 0xae, 0x6f, 0x90, 0x0, 0x0, 0x3d,
    0xd2, 0x4, 0xf9, 0x0, 0xb, 0xfa, 0x10, 0x0,
    0x5f, 0x60, 0x4, 0x30, 0x0, 0x0, 0x5, 0x0,

    /* U+30BB "セ" */
    0x0, 0x5, 0xf0, 0x0, 0x0, 0x0, 0x0, 0x5e,
    0x0, 0x0, 0x0, 0x0, 0x5, 0xe0, 0x25, 0x8c,
    0x80, 0x35, 0xaf, 0xef, 0xda, 0xf7, 0x1f, 0xed,
    0xf4, 0x0, 0x8d, 0x0, 0x10, 0x5e, 0x0, 0x3f,
    0x40, 0x0, 0x5, 0xe0, 0x9, 0x80, 0x0, 0x0,
    0x5e, 0x0, 0x0, 0x0, 0x0, 0x4, 0xf1, 0x0,
    0x1, 0x10, 0x0, 0x1e, 0xfd, 0xef, 0xf5, 0x0,
    0x0, 0x4, 0x55, 0x42, 0x0,

    /* U+30BC "ゼ" */
    0x0, 0x0, 0x0, 0x0, 0x0, 0x30, 0x0, 0x2,
    0x50, 0x0, 0x19, 0xa5, 0x0, 0x6, 0xd0, 0x0,
    0xb, 0x45, 0x0, 0x6, 0xd0, 0x0, 0x27, 0x20,
    0x0, 0x7, 0xe9, 0xcf, 0xff, 0x90, 0x2d, 0xff,
    0xf9, 0x63, 0x6e, 0x10, 0x6, 0x36, 0xd0, 0x2,
    0xe5, 0x0, 0x0, 0x6, 0xd0, 0xb, 0x90, 0x0,
    0x0, 0x6, 0xd0, 0x0, 0x0, 0x0, 0x0, 0x6,
    0xe0, 0x0, 0x1, 0x0, 0x0, 0x2, 0xfe, 0xdd,
    0xff, 0x30, 0x0, 0x0, 0x14, 0x55, 0x42, 0x0,

    /* U+30BD "ソ" */
    0x38, 0x0, 0x0, 0x2, 0xc2, 0x3f, 0x50, 0x0,
    0x5, 0xf1, 0xa, 0xe0, 0x0, 0x9, 0xc0, 0x1,
    0xf5, 0x0, 0xe, 0x70, 0x0, 0x20, 0x0, 0x6f,
    0x10, 0x0, 0x0, 0x2, 0xe8, 0x0, 0x0, 0x0,
    0x1d, 0xc0, 0x0, 0x0, 0x4, 0xed, 0x10, 0x0,
    0x0, 0x8f, 0xa1, 0x0, 0x0, 0x0, 0x3, 0x0,
    0x0, 0x0,

    /* U+30BE "ゾ" */
    0x0, 0x0, 0x0, 0x0, 0x2, 0x0, 0x0, 0x0,
    0x0, 0x85, 0xd1, 0x13, 0x0, 0x0, 0x3, 0xa4,
    0x29, 0xe1, 0x0, 0x0, 0x8c, 0x0, 0x1e, 0x80,
    0x0, 0xb, 0xa0, 0x0, 0x7f, 0x20, 0x0, 0xf5,
    0x0, 0x0, 0x60, 0x0, 0x7f, 0x0, 0x0, 0x0,
    0x0, 0x1e, 0x80, 0x0, 0x0, 0x0, 0xc, 0xd0,
    0x0, 0x0, 0x0, 0x2d, 0xe2, 0x0, 0x0, 0x0,
    0x8f, 0xc2, 0x0, 0x0, 0x0, 0x4, 0x70, 0x0,
    0x0, 0x0,

    /* U+30BF "タ" */
    0x0, 0x0, 0xb, 0x40, 0x0, 0x0, 0x0, 0x6,
    0xf3, 0x22, 0x20, 0x0, 0x2, 0xff, 0xff, 0xff,
    0x60, 0x1, 0xda, 0x0, 0x4, 0xf2, 0x2, 0xdc,
    0x24, 0x0, 0xbb, 0x0, 0xaa, 0x6, 0xfa, 0x5f,
    0x30, 0x0, 0x0, 0x3, 0xdf, 0xa0, 0x0, 0x0,
    0x0, 0x2d, 0xef, 0x70, 0x0, 0x0, 0x6e, 0xb0,
    0x63, 0x0, 0x6, 0xdf, 0x70, 0x0, 0x0, 0x0,
    0x28, 0x10, 0x0, 0x0, 0x0,

    /* U+30C0 "ダ" */
    0x0, 0x0, 0x0, 0x0, 0x0, 0x20, 0x0, 0x0,
    0x27, 0x0, 0x37, 0xc2, 0x0, 0x0, 0xac, 0x0,
    0xd, 0x43, 0x0, 0x4, 0xff, 0xff, 0xfe, 0x10,
    0x0, 0x2e, 0x82, 0x22, 0xad, 0x0, 0x2, 0xea,
    0x20, 0x0, 0xe7, 0x0, 0x1f, 0x90, 0xcd, 0x37,
    0xe0, 0x0, 0x1, 0x0, 0x9, 0xff, 0x60, 0x0,
    0x0, 0x0, 0x3, 0xff, 0xc1, 0x0, 0x0, 0x0,
    0x6f, 0xa2, 0xb1, 0x0, 0x0, 0x6c, 0xf6, 0x0,
    0x0, 0x0, 0x0, 0x88, 0x10, 0x0, 0x0, 0x0,

    /* U+30C1 "チ" */
    0x0, 0x0, 0x0, 0x0, 0x0, 0x0, 0x34, 0x45,
    0x8a, 0xe9, 0x0, 0xb, 0xdc, 0xdf, 0x73, 0x0,
    0x0, 0x0, 0x5, 0xe0, 0x0, 0x0, 0x55, 0x55,
    0x8f, 0x55, 0x55, 0xb, 0xdd, 0xde, 0xfd, 0xdd,
    0xd1, 0x0, 0x0, 0x7c, 0x0, 0x0, 0x0, 0x0,
    0xc, 0x90, 0x0, 0x0, 0x0, 0x6, 0xf2, 0x0,
    0x0, 0x0, 0x8, 0xf7, 0x0, 0x0, 0x0, 0x0,
    0x95, 0x0, 0x0, 0x0, 0x0,

    /* U+30C2 "ヂ" */
    0x0, 0x0, 0x0, 0x0, 0x0, 0x0, 0x1, 0x23,
    0x46, 0x8c, 0xe1, 0x0, 0x5, 0xed, 0xcf, 0xb6,
    0x63, 0x90, 0x0, 0x0, 0xe, 0x50, 0x4a, 0x91,
    0x13, 0x33, 0x3f, 0x73, 0x36, 0x10, 0x7f, 0xff,
    0xff, 0xff, 0xff, 0x70, 0x0, 0x0, 0xf, 0x30,
    0x0, 0x0, 0x0, 0x0, 0x5f, 0x0, 0x0, 0x0,
    0x0, 0x1, 0xd9, 0x0, 0x0, 0x0, 0x0, 0x2d,
    0xd1, 0x0, 0x0, 0x0, 0x0, 0x6b, 0x10, 0x0,
    0x0, 0x0,

    /* U+30C3 "ッ" */
    0x0, 0x0, 0x0, 0x0, 0x0, 0x2, 0x11, 0xd2,
    0x0, 0x71, 0xc, 0x80, 0xc7, 0x4, 0xf1, 0x6,
    0xe0, 0x69, 0x8, 0xb0, 0x0, 0x91, 0x0, 0x1f,
    0x50, 0x0, 0x0, 0x0, 0xbc, 0x0, 0x0, 0x0,
    0xa, 0xe2, 0x0, 0x0, 0x16, 0xed, 0x20, 0x0,
    0x0, 0x2d, 0x70, 0x0, 0x0,

    /* U+30C4 "ツ" */
    0x0, 0x0, 0x0, 0x0, 0x0, 0x22, 0x6, 0xd0,
    0x0, 0x56, 0xba, 0x1, 0xf4, 0x0, 0xbb, 0x4f,
    0x10, 0xb9, 0x0, 0xf6, 0xe, 0x60, 0x21, 0x5,
    0xf1, 0x2, 0x0, 0x0, 0xd, 0x90, 0x0, 0x0,
    0x0, 0x8e, 0x10, 0x0, 0x0, 0x8, 0xf4, 0x0,
    0x0, 0x3, 0xcf, 0x40, 0x0, 0x0, 0xaf, 0xc2,
    0x0, 0x0, 0x0, 0x14, 0x0, 0x0, 0x0,

    /* U+30C5 "ヅ" */
    0x0, 0x0, 0x0, 0x0, 0x0, 0x20, 0x0, 0x0,
    0x0, 0x0, 0x75, 0xd2, 0x0, 0x0, 0x66, 0x0,
    0x1b, 0x33, 0xe, 0x40, 0x6e, 0x0, 0x8, 0x40,
    0xa, 0xb0, 0x1f, 0x40, 0x1f, 0x50, 0x4, 0xf2,
    0x7, 0x30, 0x6f, 0x0, 0x0, 0x71, 0x0, 0x0,
    0xd9, 0x0, 0x0, 0x0, 0x0, 0x8, 0xf1, 0x0,
    0x0, 0x0, 0x0, 0x6f, 0x50, 0x0, 0x0, 0x0,
    0x1a, 0xf6, 0x0, 0x0, 0x0, 0x8, 0xfe, 0x40,
    0x0, 0x0, 0x0, 0x7, 0x70, 0x0, 0x0, 0x0,

    /* U+30C6 "テ" */
    0x0, 0x0, 0x0, 0x0, 0x0, 0x0, 0x4f, 0xff,
    0xff, 0xfe, 0x0, 0x0, 0x22, 0x22, 0x22, 0x20,
    0x2, 0x22, 0x22, 0x22, 0x22, 0x20, 0xef, 0xff,
    0xff, 0xff, 0xff, 0x0, 0x0, 0x3, 0xf1, 0x0,
    0x0, 0x0, 0x0, 0x5f, 0x0, 0x0, 0x0, 0x0,
    0xa, 0xb0, 0x0, 0x0, 0x0, 0x7, 0xf3, 0x0,
    0x0, 0x0, 0x9, 0xf5, 0x0, 0x0, 0x0, 0x0,
    0x12, 0x0, 0x0, 0x0, 0x0,

    /* U+30C7 "デ" */
    0x0, 0x0, 0x0, 0x0, 0x0, 0x40, 0x0, 0x0,
    0x0, 0x0, 0xa, 0x86, 0x0, 0x7f, 0xff, 0xff,
    0xe9, 0x44, 0x0, 0x12, 0x22, 0x22, 0x20, 0x0,
    0x0, 0x0, 0x0, 0x0, 0x0, 0x0, 0x9, 0x99,
    0x99, 0x99, 0x99, 0x80, 0x9, 0x99, 0x9b, 0xf9,
    0x99, 0x80, 0x0, 0x0, 0x7, 0xd0, 0x0, 0x0,
    0x0, 0x0, 0xa, 0xa0, 0x0, 0x0, 0x0, 0x0,
    0x3f, 0x40, 0x0, 0x0, 0x0, 0x4, 0xea, 0x0,
    0x0, 0x0, 0x0, 0xb, 0x90, 0x0, 0x0, 0x0,

    /* U+30C8 "ト" */
    0x1f, 0x50, 0x0, 0x0, 0xf, 0x40, 0x0, 0x0,
    0xf, 0x40, 0x0, 0x0, 0xf, 0xc6, 0x0, 0x0,
    0xf, 0xcf, 0xfa, 0x30, 0xf, 0x40, 0x6d, 0xf2,
    0xf, 0x40, 0x0, 0x30, 0xf, 0x40, 0x0, 0x0,
    0xf, 0x40, 0x0, 0x0, 0xd, 0x40, 0x0, 0x0,

    /* U+30C9 "ド" */
    0x0, 0x0, 0x0, 0x10, 0x8d, 0x0, 0x53, 0xd1,
    0x7d, 0x0, 0x5b, 0x65, 0x7d, 0x0, 0x6, 0x0,
    0x7f, 0xa4, 0x0, 0x0, 0x7e, 0xcf, 0xe8, 0x10,
    0x7d, 0x2, 0x8e, 0xb0, 0x7d, 0x0, 0x0, 0x20,
    0x7d, 0x0, 0x0, 0x0, 0x7d, 0x0, 0x0, 0x0,
    0x6a, 0x0, 0x0, 0x0,

    /* U+30CA "ナ" */
    0x0, 0x0, 0x6f, 0x0, 0x0, 0x0, 0x0, 0x5,
    0xf0, 0x0, 0x0, 0x0, 0x0, 0x5f, 0x0, 0x0,
    0xc, 0xdd, 0xde, 0xfd, 0xdd, 0xd1, 0x56, 0x66,
    0x9f, 0x66, 0x66, 0x0, 0x0, 0x7, 0xd0, 0x0,
    0x0, 0x0, 0x0, 0xca, 0x0, 0x0, 0x0, 0x0,
    0x4f, 0x40, 0x0, 0x0, 0x0, 0x3e, 0xa0, 0x0,
    0x0, 0x0, 0x3f, 0xa0, 0x0, 0x0, 0x0, 0x0,
    0x20, 0x0, 0x0, 0x0, 0x0,

    /* U+30CB "ニ" */
    0xe, 0xff, 0xff, 0xff, 0xa0, 0x5, 0x55, 0x55,
    0x55, 0x30, 0x0, 0x0, 0x0, 0x0, 0x0, 0x0,
    0x0, 0x0, 0x0, 0x0, 0x0, 0x0, 0x0, 0x0,
    0x0, 0x0, 0x0, 0x0, 0x0, 0x0, 0xff, 0xff,
    0xff, 0xff, 0xfb, 0x55, 0x55, 0x55, 0x55, 0x54,

    /* U+30CC "ヌ" */
    0x4, 0x44, 0x44, 0x45, 0x20, 0xc, 0xee, 0xee,
    0xef, 0xc0, 0x0, 0x0, 0x0, 0xe, 0x70, 0x0,
    0x82, 0x0, 0x5f, 0x10, 0x0, 0xaf, 0x80, 0xd9,
    0x0, 0x0, 0x4, 0xef, 0xe1, 0x0, 0x0, 0x0,
    0x8f, 0xf7, 0x0, 0x0, 0x1b, 0xf5, 0x7f, 0xa0,
    0x29, 0xfd, 0x30, 0x4, 0x60, 0x1b, 0x60, 0x0,
    0x0, 0x0,

    /* U+30CD "ネ" */
    0x0, 0x0, 0x5e, 0x0, 0x0, 0x0, 0x0, 0x5,
    0xe0, 0x0, 0x0, 0xf, 0xee, 0xff, 0xee, 0xd1,
    0x0, 0x33, 0x33, 0x35, 0xf9, 0x0, 0x0, 0x0,
    0x3, 0xea, 0x0, 0x0, 0x0, 0x8, 0xf8, 0x10,
    0x0, 0x2, 0x7e, 0xfe, 0xd, 0xb2, 0xa, 0xfc,
    0x65, 0xe0, 0x1a, 0xf3, 0x22, 0x0, 0x5e, 0x0,
    0x4, 0x0, 0x0, 0x5, 0xe0, 0x0, 0x0, 0x0,
    0x0, 0x38, 0x0, 0x0, 0x0,

    /* U+30CE "ノ" */
    0x0, 0x0, 0x0, 0x0, 0x0, 0x0, 0x0, 0x0,
    0xc8, 0x0, 0x0, 0x0, 0x1f, 0x50, 0x0, 0x0,
    0x7, 0xe0, 0x0, 0x0, 0x0, 0xe8, 0x0, 0x0,
    0x0, 0x8e, 0x10, 0x0, 0x0, 0x5f, 0x50, 0x0,
    0x0, 0x7f, 0x80, 0x0, 0x3, 0xcf, 0x70, 0x0,
    0x2, 0xfd, 0x40, 0x0, 0x0, 0x2, 0x0, 0x0,
    0x0, 0x0,

    /* U+30CF "ハ" */
    0x0, 0x1, 0x30, 0x5, 0x10, 0x0, 0x0, 0x5,
    0xf0, 0xd, 0x80, 0x0, 0x0, 0x8, 0xc0, 0x6,
    0xf1, 0x0, 0x0, 0xd, 0x80, 0x0, 0xe7, 0x0,
    0x0, 0x2f, 0x30, 0x0, 0x8d, 0x0, 0x0, 0x8e,
    0x0, 0x0, 0x2f, 0x30, 0x1, 0xf7, 0x0, 0x0,
    0xd, 0x90, 0x9, 0xe0, 0x0, 0x0, 0x8, 0xe0,
    0xb, 0x60, 0x0, 0x0, 0x3, 0xb1,

    /* U+30D0 "バ" */
    0x0, 0x0, 0x0, 0x0, 0x12, 0xb0, 0x0, 0x0,
    0x0, 0x2, 0x2c, 0x76, 0x0, 0x7, 0xe0, 0x2f,
    0x54, 0x0, 0x0, 0xa, 0xa0, 0xa, 0xc0, 0x0,
    0x0, 0xe, 0x60, 0x3, 0xf3, 0x0, 0x0, 0x3f,
    0x20, 0x0, 0xca, 0x0, 0x0, 0x9d, 0x0, 0x0,
    0x6f, 0x0, 0x1, 0xf6, 0x0, 0x0, 0x1f, 0x50,
    0x9, 0xe0, 0x0, 0x0, 0xb, 0xb0, 0x2f, 0x50,
    0x0, 0x0, 0x7, 0xd0, 0x0, 0x0, 0x0, 0x0,
    0x0, 0x0,

    /* U+30D1 "パ" */
    0x0, 0x0, 0x0, 0x0, 0x8, 0xa5, 0x0, 0x0,
    0x0, 0x2, 0xa, 0xa, 0x0, 0x4, 0xf0, 0xe,
    0x77, 0xa4, 0x0, 0x8, 0xc0, 0x7, 0xe0, 0x0,
    0x0, 0xc, 0x90, 0x1, 0xf6, 0x0, 0x0, 0x1f,
    0x40, 0x0, 0xac, 0x0, 0x0, 0x7f, 0x0, 0x0,
    0x4f, 0x20, 0x0, 0xe8, 0x0, 0x0, 0xe, 0x80,
    0x7, 0xf1, 0x0, 0x0, 0x9, 0xd0, 0xe, 0x80,
    0x0, 0x0, 0x5, 0xe1, 0x0, 0x0, 0x0, 0x0,
    0x0, 0x0,

    /* U+30D2 "ヒ" */
    0x24, 0x0, 0x0, 0x0, 0x5, 0xe0, 0x0, 0x0,
    0x0, 0x5e, 0x0, 0x0, 0x37, 0x5, 0xe0, 0x27,
    0xdf, 0xa0, 0x5f, 0xef, 0xc7, 0x10, 0x5, 0xf5,
    0x10, 0x0, 0x0, 0x5e, 0x0, 0x0, 0x0, 0x5,
    0xe0, 0x0, 0x0, 0x0, 0x5f, 0x42, 0x12, 0x35,
    0x21, 0xcf, 0xff, 0xff, 0xf4, 0x0, 0x1, 0x21,
    0x0, 0x0,

    /* U+30D3 "ビ" */
    0x0, 0x0, 0x0, 0x0, 0x0, 0x10, 0x0, 0x0,
    0x54, 0xa0, 0xb9, 0x0, 0x0, 0x68, 0xa1, 0xb8,
    0x0, 0x0, 0x25, 0x0, 0xb8, 0x0, 0x5b, 0xf6,
    0x0, 0xbc, 0xbf, 0xe9, 0x30, 0x0, 0xbd, 0x83,
    0x0, 0x0, 0x0, 0xb8, 0x0, 0x0, 0x0, 0x0,
    0xb8, 0x0, 0x0, 0x0, 0x0, 0xba, 0x0, 0x0,
    0x2, 0x0, 0x6f, 0xfd, 0xde, 0xff, 0x0, 0x2,
    0x45, 0x55, 0x42, 0x0,

    /* U+30D4 "ピ" */
    0x32, 0x0, 0x0, 0x2b, 0xb3, 0xb9, 0x0, 0x0,
    0x82, 0x19, 0xb8, 0x0, 0x0, 0x6b, 0xa3, 0xb8,
    0x1, 0x6c, 0xf4, 0x0, 0xbc, 0xbf, 0xe8, 0x20,
    0x0, 0xbd, 0x73, 0x0, 0x0, 0x0, 0xb8, 0x0,
    0x0, 0x0, 0x0, 0xb8, 0x0, 0x0, 0x0, 0x0,
    0xba, 0x0, 0x0, 0x2, 0x0, 0x6f, 0xfd, 0xde,
    0xff, 0x0, 0x2, 0x45, 0x55, 0x42, 0x0,

    /* U+30D5 "フ" */
    0x14, 0x44, 0x44, 0x44, 0x40, 0x5e, 0xee, 0xee,
    0xee, 0xf5, 0x0, 0x0, 0x0, 0x4, 0xf2, 0x0,
    0x0, 0x0, 0x8, 0xd0, 0x0, 0x0, 0x0, 0xe,
    0x70, 0x0, 0x0, 0x0, 0x9e, 0x10, 0x0, 0x0,
    0x7, 0xf5, 0x0, 0x0, 0x2, 0xbf, 0x60, 0x0,
    0x1, 0xcf, 0xd3, 0x0, 0x0, 0x0, 0x54, 0x0,
    0x0, 0x0,

    /* U+30D6 "ブ" */
    0x0, 0x0, 0x0, 0x0, 0x1, 0x0, 0x0, 0x0,
    0x0, 0x66, 0xc3, 0x34, 0x44, 0x44, 0x45, 0xd3,
    0x48, 0xff, 0xff, 0xff, 0xff, 0x10, 0x0, 0x0,
    0x0, 0x8, 0xe0, 0x0, 0x0, 0x0, 0x0, 0xc9,
    0x0, 0x0, 0x0, 0x0, 0x3f, 0x30, 0x0, 0x0,
    0x0, 0xc, 0xc0, 0x0, 0x0, 0x0, 0xb, 0xf2,
    0x0, 0x0, 0x0, 0x4d, 0xe3, 0x0, 0x0, 0x3,
    0xdf, 0xb1, 0x0, 0x0, 0x0, 0x7, 0x30, 0x0,
    0x0, 0x0,

    /* U+30D7 "プ" */
    0x0, 0x0, 0x0, 0x0, 0x8a, 0x63, 0x44, 0x44,
    0x44, 0x4b, 0xa, 0x8f, 0xff, 0xff, 0xff, 0xfb,
    0x30, 0x0, 0x0, 0x0, 0x7e, 0x0, 0x0, 0x0,
    0x0, 0xc, 0x90, 0x0, 0x0, 0x0, 0x3, 0xf4,
    0x0, 0x0, 0x0, 0x0, 0xcc, 0x0, 0x0, 0x0,
    0x0, 0xaf, 0x20, 0x0, 0x0, 0x4, 0xde, 0x30,
    0x0, 0x0, 0x3d, 0xfb, 0x10, 0x0, 0x0, 0x0,
    0x63, 0x0, 0x0, 0x0, 0x0,

    /* U+30D8 "ヘ" */
    0x0, 0x0, 0x99, 0x0, 0x0, 0x0, 0x0, 0x9,
    0xee, 0xb0, 0x0, 0x0, 0x0, 0x6f, 0x31, 0xeb,
    0x0, 0x0, 0x5, 0xf6, 0x0, 0x2e, 0xa0, 0x0,
    0x1f, 0xa0, 0x0, 0x3, 0xfa, 0x0, 0x5, 0x0,
    0x0, 0x0, 0x5f, 0x90, 0x0, 0x0, 0x0, 0x0,
    0x7, 0xf3, 0x0, 0x0, 0x0, 0x0, 0x0, 0x40,

    /* U+30D9 "ベ" */
    0x0, 0x0, 0x0, 0x0, 0x18, 0x30, 0x0, 0x0,
    0x65, 0x3, 0xd4, 0xd0, 0x0, 0x8, 0xff, 0x70,
    0x94, 0x40, 0x0, 0x5f, 0x45, 0xf7, 0x0, 0x0,
    0x3, 0xf7, 0x0, 0x6f, 0x60, 0x0, 0x2f, 0xb0,
    0x0, 0x7, 0xf5, 0x0, 0x9, 0x10, 0x0, 0x0,
    0x9f, 0x40, 0x0, 0x0, 0x0, 0x0, 0xb, 0xf2,
    0x0, 0x0, 0x0, 0x0, 0x1, 0x70,

    /* U+30DA "ペ" */
    0x0, 0x0, 0x0, 0x0, 0x5b, 0x50, 0x0, 0x0,
    0x99, 0x0, 0xb0, 0xb0, 0x0, 0x9, 0xee, 0xc0,
    0x9b, 0x80, 0x0, 0x6f, 0x31, 0xdb, 0x0, 0x0,
    0x4, 0xf6, 0x0, 0x2e, 0xb0, 0x0, 0x1f, 0xa0,
    0x0, 0x3, 0xfa, 0x0, 0x5, 0x0, 0x0, 0x0,
    0x4f, 0x90, 0x0, 0x0, 0x0, 0x0, 0x6, 0xf3,
    0x0, 0x0, 0x0, 0x0, 0x0, 0x40,

    /* U+30DB "ホ" */
    0x0, 0x0, 0x5, 0xf0, 0x0, 0x0, 0x0, 0x0,
    0x5, 0xe0, 0x0, 0x0, 0x2, 0x33, 0x37, 0xf3,
    0x33, 0x40, 0x9, 0xee, 0xef, 0xfe, 0xee, 0xe0,
    0x0, 0x0, 0x5, 0xe0, 0x0, 0x0, 0x0, 0x1b,
    0x15, 0xe0, 0x4a, 0x0, 0x0, 0xab, 0x5, 0xe0,
    0x1e, 0x60, 0x8, 0xe1, 0x5, 0xe0, 0x5, 0xf2,
    0x6, 0x30, 0x5, 0xe0, 0x0, 0x61, 0x0, 0x1,
    0xee, 0xd0, 0x0, 0x0, 0x0, 0x0, 0x34, 0x10,
    0x0, 0x0,

    /* U+30DC "ボ" */
    0x0, 0x0, 0x3, 0x10, 0x43, 0x80, 0x0, 0x0,
    0xd, 0x60, 0x78, 0xb1, 0x3, 0x33, 0x3e, 0x83,
    0x47, 0x20, 0x2f, 0xff, 0xff, 0xff, 0xff, 0x60,
    0x0, 0x0, 0xd, 0x60, 0x0, 0x0, 0x0, 0x75,
    0xd, 0x60, 0xb3, 0x0, 0x3, 0xf3, 0xd, 0x60,
    0x9d, 0x0, 0x1e, 0x70, 0xd, 0x60, 0xe, 0x80,
    0x28, 0x0, 0xd, 0x60, 0x4, 0x40, 0x0, 0x8,
    0xcf, 0x50, 0x0, 0x0, 0x0, 0x2, 0x55, 0x0,
    0x0, 0x0,

    /* U+30DD "ポ" */
    0x0, 0x0, 0x3, 0x10, 0x5a, 0x90, 0x0, 0x0,
    0xd6, 0x9, 0x3b, 0x3, 0x33, 0x3e, 0x83, 0x4a,
    0x42, 0xff, 0xff, 0xff, 0xff, 0xf6, 0x0, 0x0,
    0xd, 0x60, 0x0, 0x0, 0x7, 0x50, 0xd6, 0xb,
    0x20, 0x3, 0xf3, 0xd, 0x60, 0x9d, 0x1, 0xe7,
    0x0, 0xd6, 0x0, 0xe8, 0x28, 0x0, 0xd, 0x60,
    0x4, 0x40, 0x0, 0x8c, 0xf5, 0x0, 0x0, 0x0,
    0x2, 0x55, 0x0, 0x0, 0x0,

    /* U+30DE "マ" */
    0x33, 0x33, 0x33, 0x33, 0x32, 0xd, 0xff, 0xff,
    0xff, 0xff, 0xf1, 0x0, 0x0, 0x0, 0x2, 0xf8,
    0x0, 0x0, 0x0, 0x1, 0xdc, 0x0, 0x1, 0xc4,
    0x0, 0xcd, 0x10, 0x0, 0x8, 0xf7, 0xcd, 0x20,
    0x0, 0x0, 0x6, 0xfe, 0x10, 0x0, 0x0, 0x0,
    0x5, 0xf8, 0x0, 0x0, 0x0, 0x0, 0x6, 0xf6,
    0x0, 0x0, 0x0, 0x0, 0x6, 0x0, 0x0,

    /* U+30DF "ミ" */
    0x0, 0x11, 0x0, 0x0, 0x0, 0xd, 0xfe, 0xa7,
    0x30, 0x0, 0x2, 0x59, 0xdf, 0xa0, 0x0, 0x0,
    0x0, 0x12, 0x5, 0xeb, 0x84, 0x0, 0x0, 0x14,
    0x8b, 0xff, 0xb0, 0x0, 0x0, 0x0, 0x35, 0x0,
    0x65, 0x10, 0x0, 0x0, 0x1b, 0xef, 0xea, 0x61,
    0x0, 0x0, 0x26, 0xae, 0xf4, 0x0, 0x0, 0x0,
    0x3, 0x0,

    /* U+30E0 "ム" */
    0x0, 0x0, 0x2, 0x0, 0x0, 0x0, 0x0, 0x0,
    0x3f, 0x30, 0x0, 0x0, 0x0, 0x0, 0x7e, 0x0,
    0x0, 0x0, 0x0, 0x0, 0xc9, 0x0, 0x0, 0x0,
    0x0, 0x1, 0xf4, 0x0, 0x0, 0x0, 0x0, 0x6,
    0xe0, 0x3, 0xd1, 0x0, 0x0, 0xc, 0x90, 0x0,
    0xd9, 0x0, 0x0, 0x2f, 0x30, 0x0, 0x6f, 0x20,
    0x17, 0xbf, 0xbc, 0xef, 0xff, 0xa0, 0xd, 0xba,
    0x86, 0x43, 0x15, 0xf2, 0x0, 0x0, 0x0, 0x0,
    0x0, 0x40,

    /* U+30E1 "メ" */
    0x0, 0x0, 0x0, 0x1, 0x0, 0x0, 0x0, 0x0,
    0xb, 0xa0, 0x0, 0x40, 0x0, 0x1f, 0x50, 0x1,
    0xfc, 0x20, 0x8e, 0x0, 0x0, 0x1b, 0xf7, 0xf6,
    0x0, 0x0, 0x0, 0x8f, 0xe0, 0x0, 0x0, 0x0,
    0x9f, 0xfb, 0x0, 0x0, 0x9, 0xf3, 0x3e, 0xc0,
    0x2, 0xce, 0x30, 0x2, 0xe6, 0x5f, 0xc2, 0x0,
    0x0, 0x20, 0x4, 0x0, 0x0, 0x0, 0x0,

    /* U+30E2 "モ" */
    0x8, 0x99, 0x99, 0x99, 0x90, 0x7, 0x8a, 0xf8,
    0x88, 0x80, 0x0, 0x4, 0xf0, 0x0, 0x0, 0x22,
    0x26, 0xf2, 0x22, 0x22, 0xaf, 0xff, 0xff, 0xff,
    0xfe, 0x0, 0x4, 0xf0, 0x0, 0x0, 0x0, 0x4,
    0xf0, 0x0, 0x0, 0x0, 0x4, 0xf2, 0x0, 0x0,
    0x0, 0x1, 0xef, 0xff, 0xf8, 0x0, 0x0, 0x3,
    0x44, 0x31,

    /* U+30E3 "ャ" */
    0x0, 0x24, 0x0, 0x0, 0x0, 0x0, 0x5e, 0x0,
    0x0, 0x20, 0x0, 0x1f, 0x79, 0xcf, 0xf4, 0x2d,
    0xff, 0xd7, 0x49, 0xb0, 0x4, 0x17, 0xc0, 0x5e,
    0x10, 0x0, 0x3, 0xf1, 0xa4, 0x0, 0x0, 0x0,
    0xe4, 0x0, 0x0, 0x0, 0x0, 0xa9, 0x0, 0x0,
    0x0, 0x0, 0x6d, 0x0, 0x0, 0x0, 0x0, 0x0,
    0x0, 0x0,

    /* U+30E4 "ヤ" */
    0x0, 0x7, 0x20, 0x0, 0x0, 0x0, 0x0, 0xe,
    0x60, 0x0, 0x0, 0x10, 0x0, 0xa, 0xb3, 0x69,
    0xcf, 0xe0, 0x17, 0xae, 0xff, 0xc8, 0x6f, 0x80,
    0x1c, 0x96, 0xf4, 0x0, 0xad, 0x0, 0x0, 0x0,
    0xc8, 0x8, 0xf2, 0x0, 0x0, 0x0, 0x8c, 0x6,
    0x40, 0x0, 0x0, 0x0, 0x4f, 0x10, 0x0, 0x0,
    0x0, 0x0, 0xf, 0x50, 0x0, 0x0, 0x0, 0x0,
    0xb, 0xa0, 0x0, 0x0, 0x0, 0x0, 0x5, 0x50,
    0x0, 0x0,

    /* U+30E5 "ュ" */
    0x0, 0x11, 0x11, 0x10, 0x0, 0x0, 0xff, 0xff,
    0xff, 0x0, 0x0, 0x11, 0x11, 0x6f, 0x0, 0x0,
    0x0, 0x0, 0x7c, 0x0, 0x0, 0x0, 0x0, 0xaa,
    0x0, 0x0, 0x0, 0x0, 0xc8, 0x0, 0x1f, 0xff,
    0xff, 0xff, 0xf8, 0x2, 0x22, 0x22, 0x22, 0x21,

    /* U+30E6 "ユ" */
    0x0, 0x11, 0x11, 0x11, 0x20, 0x0, 0x0, 0xcf,
    0xff, 0xff, 0xf6, 0x0, 0x0, 0x11, 0x11, 0x12,
    0xf4, 0x0, 0x0, 0x0, 0x0, 0x3, 0xf2, 0x0,
    0x0, 0x0, 0x0, 0x5, 0xf0, 0x0, 0x0, 0x0,
    0x0, 0x7, 0xd0, 0x0, 0x0, 0x0, 0x0, 0xa,
    0xb0, 0x0, 0x1e, 0xee, 0xee, 0xef, 0xfe, 0xe1,
    0x6, 0x66, 0x66, 0x66, 0x66, 0x60,

    /* U+30E7 "ョ" */
    0x5d, 0xdd, 0xdd, 0xd4, 0x13, 0x33, 0x33, 0xd5,
    0x0, 0x0, 0x0, 0xc5, 0x1f, 0xff, 0xff, 0xf5,
    0x2, 0x22, 0x22, 0xd5, 0x0, 0x0, 0x0, 0xc5,
    0x8f, 0xff, 0xff, 0xf5, 0x12, 0x22, 0x22, 0xd5,

    /* U+30E8 "ヨ" */
    0x44, 0x44, 0x44, 0x44, 0x1b, 0xee, 0xee, 0xee,
    0xf4, 0x0, 0x0, 0x0, 0xf, 0x40, 0x0, 0x0,
    0x0, 0xf4, 0x7f, 0xff, 0xff, 0xff, 0x41, 0x11,
    0x11, 0x11, 0xf4, 0x0, 0x0, 0x0, 0xf, 0x44,
    0x33, 0x33, 0x33, 0xf4, 0xff, 0xff, 0xff, 0xff,
    0x40, 0x0, 0x0, 0x0, 0x82,

    /* U+30E9 "ラ" */
    0x0, 0x0, 0x0, 0x0, 0x0, 0x1, 0xff, 0xff,
    0xff, 0xe0, 0x0, 0x22, 0x22, 0x22, 0x20, 0x3,
    0x22, 0x22, 0x22, 0x31, 0x2f, 0xff, 0xff, 0xff,
    0xfb, 0x0, 0x0, 0x0, 0x0, 0xf6, 0x0, 0x0,
    0x0, 0x7, 0xe0, 0x0, 0x0, 0x0, 0x5f, 0x50,
    0x0, 0x0, 0x19, 0xf7, 0x0, 0x0, 0x1b, 0xfd,
    0x40, 0x0, 0x0, 0x5, 0x40, 0x0, 0x0,

    /* U+30EA "リ" */
    0x0, 0x0, 0x0, 0x0, 0x6d, 0x0, 0x0, 0xf6,
    0x6e, 0x0, 0x0, 0xe6, 0x6e, 0x0, 0x0, 0xe6,
    0x6e, 0x0, 0x0, 0xe6, 0x6e, 0x0, 0x0, 0xf5,
    0x6d, 0x0, 0x1, 0xf3, 0x0, 0x0, 0x7, 0xe0,
    0x0, 0x0, 0x5f, 0x70, 0x0, 0x4c, 0xf8, 0x0,
    0x0, 0x19, 0x30, 0x0,

    /* U+30EB "ル" */
    0x0, 0x0, 0x0, 0x10, 0x0, 0x0, 0x0, 0xf,
    0x50, 0xf5, 0x0, 0x0, 0x0, 0xe, 0x40, 0xe5,
    0x0, 0x0, 0x0, 0xf, 0x40, 0xe5, 0x0, 0x0,
    0x0, 0xf, 0x30, 0xe5, 0x0, 0x0, 0x0, 0xf,
    0x20, 0xe5, 0x0, 0x0, 0x0, 0x3f, 0x0, 0xe5,
    0x1, 0xd2, 0x0, 0x9c, 0x0, 0xe5, 0x3e, 0xb0,
    0x3, 0xf5, 0x0, 0xec, 0xf9, 0x0, 0x1e, 0xa0,
    0x0, 0xee, 0x50, 0x0, 0x2, 0x0, 0x0, 0x20,
    0x0, 0x0,

    /* U+30EC "レ" */
    0x0, 0x0, 0x0, 0x0, 0x6, 0xf0, 0x0, 0x0,
    0x0, 0x5f, 0x0, 0x0, 0x0, 0x5, 0xf0, 0x0,
    0x0, 0x0, 0x5f, 0x0, 0x0, 0x0, 0x5, 0xf0,
    0x0, 0x0, 0x6c, 0x5f, 0x0, 0x0, 0x8f, 0x55,
    0xf0, 0x4, 0xde, 0x40, 0x5f, 0x6c, 0xf9, 0x10,
    0x5, 0xfe, 0x82, 0x0, 0x0, 0x3, 0x0, 0x0,
    0x0, 0x0,

    /* U+30ED "ロ" */
    0x14, 0x44, 0x44, 0x44, 0x41, 0x5f, 0xff, 0xff,
    0xff, 0xf6, 0x5e, 0x0, 0x0, 0x0, 0xd6, 0x5e,
    0x0, 0x0, 0x0, 0xd6, 0x5e, 0x0, 0x0, 0x0,
    0xd6, 0x5e, 0x0, 0x0, 0x0, 0xd6, 0x5e, 0x0,
    0x0, 0x0, 0xd6, 0x5f, 0xff, 0xff, 0xff, 0xf6,
    0x5d, 0x33, 0x33, 0x33, 0xd6,

    /* U+30EE "ヮ" */
    0x44, 0x44, 0x44, 0x52, 0xed, 0xdd, 0xdd, 0xed,
    0xe5, 0x0, 0x0, 0xa9, 0xe5, 0x0, 0x0, 0xe6,
    0x31, 0x0, 0x5, 0xf1, 0x0, 0x0, 0x2e, 0x80,
    0x0, 0x6, 0xfa, 0x0, 0x0, 0xde, 0x60, 0x0,
    0x0, 0x10, 0x0, 0x0,

    /* U+30EF "ワ" */
    0x25, 0x55, 0x55, 0x55, 0x51, 0x5f, 0xdd, 0xdd,
    0xdd, 0xfa, 0x5e, 0x0, 0x0, 0x0, 0xe7, 0x5e,
    0x0, 0x0, 0x1, 0xf4, 0x5e, 0x0, 0x0, 0x6,
    0xf0, 0x0, 0x0, 0x0, 0xd, 0xa0, 0x0, 0x0,
    0x0, 0x9f, 0x20, 0x0, 0x0, 0x1b, 0xf4, 0x0,
    0x0, 0x19, 0xfd, 0x30, 0x0, 0x0, 0x8, 0x60,
    0x0, 0x0,

    /* U+30F0 "ヰ" */
    0x0, 0x0, 0x0, 0x15, 0x0, 0x0, 0x0, 0x0,
    0x5, 0xe0, 0x0, 0x28, 0x88, 0x88, 0xaf, 0x88,
    0x13, 0x9b, 0xf9, 0x9b, 0xf9, 0x91, 0x0, 0x4e,
    0x0, 0x5e, 0x0, 0x0, 0x4, 0xe0, 0x5, 0xe0,
    0x0, 0x0, 0x4e, 0x0, 0x5e, 0x0, 0xc, 0xff,
    0xff, 0xff, 0xff, 0xf7, 0x22, 0x22, 0x22, 0x7e,
    0x22, 0x10, 0x0, 0x0, 0x5, 0xe0, 0x0, 0x0,
    0x0, 0x0, 0x39, 0x0, 0x0,

    /* U+30F1 "ヱ" */
    0x2, 0x44, 0x44, 0x44, 0x44, 0x20, 0x6, 0xee,
    0xee, 0xee, 0xef, 0xb0, 0x0, 0x0, 0x4, 0x10,
    0x5f, 0x20, 0x0, 0x0, 0xe, 0x65, 0xf5, 0x0,
    0x0, 0x0, 0xe, 0x64, 0x60, 0x0, 0x0, 0x0,
    0xe, 0x60, 0x0, 0x0, 0x0, 0x0, 0xe, 0x60,
    0x0, 0x0, 0x19, 0x99, 0x9f, 0xc9, 0x99, 0x91,
    0x1a, 0xaa, 0xaa, 0xaa, 0xaa, 0xa1,

    /* U+30F2 "ヲ" */
    0x2e, 0xee, 0xee, 0xee, 0xe5, 0x5, 0x44, 0x44,
    0x44, 0xf7, 0x0, 0x0, 0x0, 0x1, 0xf3, 0x4,
    0x44, 0x44, 0x48, 0xf0, 0xb, 0xdd, 0xdd, 0xdf,
    0xa0, 0x0, 0x0, 0x0, 0x3f, 0x40, 0x0, 0x0,
    0x1, 0xda, 0x0, 0x0, 0x0, 0x4e, 0xb0, 0x0,
    0x0, 0x5c, 0xf9, 0x0, 0x0, 0x0, 0x4a, 0x20,
    0x0, 0x0,

    /* U+30F3 "ン" */
    0x9, 0x60, 0x0, 0x0, 0x0, 0x0, 0x6f, 0xa0,
    0x0, 0x0, 0x0, 0x0, 0x4f, 0x90, 0x0, 0xa,
    0x0, 0x0, 0x31, 0x0, 0x9, 0xe0, 0x0, 0x0,
    0x0, 0x6, 0xf4, 0x0, 0x0, 0x0, 0x7, 0xf7,
    0x0, 0x0, 0x0, 0x2b, 0xf6, 0x0, 0x0, 0x15,
    0xbf, 0xc3, 0x0, 0x0, 0x2f, 0xfb, 0x50, 0x0,
    0x0, 0x0, 0x31, 0x0, 0x0, 0x0, 0x0,

    /* U+30F4 "ヴ" */
    0x0, 0x0, 0x0, 0x2, 0x35, 0x0, 0x0, 0x3f,
    0x20, 0xb5, 0xd0, 0x0, 0x2, 0xf2, 0x3, 0x83,
    0x9, 0xaa, 0xbf, 0xba, 0xaa, 0x10, 0xea, 0x88,
    0x88, 0x8a, 0xf1, 0xe, 0x50, 0x0, 0x0, 0x8e,
    0x0, 0xe5, 0x0, 0x0, 0xc, 0x90, 0x4, 0x10,
    0x0, 0x3, 0xf3, 0x0, 0x0, 0x0, 0x1, 0xea,
    0x0, 0x0, 0x0, 0x5, 0xec, 0x0, 0x0, 0x0,
    0x6e, 0xf9, 0x0, 0x0, 0x0, 0x1, 0x71, 0x0,
    0x0, 0x0,

    /* U+30F5 "ヵ" */
    0x0, 0x0, 0xa1, 0x0, 0x0, 0x0, 0xf, 0x10,
    0x0, 0xd, 0xee, 0xfe, 0xee, 0xa0, 0x33, 0x5e,
    0x33, 0x7c, 0x0, 0x6, 0xb0, 0x6, 0xb0, 0x0,
    0xb7, 0x0, 0x7a, 0x0, 0x4f, 0x10, 0x9, 0x80,
    0x3f, 0x60, 0x43, 0xe5, 0xb, 0x70, 0xc, 0xeb,
    0x0, 0x0, 0x0, 0x0, 0x0,

    /* U+30F6 "ヶ" */
    0x0, 0x5, 0x10, 0x0, 0x0, 0x0, 0x2f, 0x20,
    0x0, 0x0, 0x0, 0x8f, 0x99, 0x99, 0x93, 0x3,
    0xf9, 0x8b, 0xe8, 0x83, 0x2e, 0x80, 0x9, 0xa0,
    0x0, 0x16, 0x0, 0xd, 0x60, 0x0, 0x0, 0x0,
    0x6f, 0x10, 0x0, 0x0, 0x5, 0xf6, 0x0, 0x0,
    0x0, 0x2d, 0x70, 0x0, 0x0, 0x0, 0x0, 0x0,
    0x0, 0x0,

    /* U+30F7 "ヷ" */
    0x0, 0x0, 0x0, 0x0, 0x12, 0x0, 0x0, 0x0,
    0x0, 0xd4, 0xd0, 0x33, 0x33, 0x33, 0x38, 0x53,
    0xe, 0xff, 0xff, 0xff, 0xff, 0x10, 0xe6, 0x0,
    0x0, 0x7, 0xf0, 0xe, 0x60, 0x0, 0x0, 0x9c,
    0x0, 0xe6, 0x0, 0x0, 0xe, 0x80, 0x1, 0x0,
    0x0, 0x5, 0xf2, 0x0, 0x0, 0x0, 0x2, 0xe9,
    0x0, 0x0, 0x0, 0x4, 0xec, 0x0, 0x0, 0x0,
    0x4b, 0xfa, 0x0, 0x0, 0x0, 0x4, 0xb4, 0x0,
    0x0, 0x0,

    /* U+30F8 "ヸ" */
    0x0, 0x0, 0x0, 0x0, 0x0, 0x0, 0x0, 0x0,
    0x0, 0x4, 0x25, 0xb0, 0x0, 0x0, 0x0, 0xf,
    0x2c, 0x62, 0x6, 0x77, 0x77, 0x7f, 0x88, 0x30,
    0x9, 0xaf, 0xca, 0xaf, 0xba, 0x40, 0x0, 0xd,
    0x50, 0xf, 0x20, 0x0, 0x0, 0xd, 0x50, 0xf,
    0x20, 0x0, 0x0, 0xd, 0x50, 0xf, 0x20, 0x0,
    0x5f, 0xff, 0xff, 0xff, 0xff, 0xb0, 0x2, 0x22,
    0x22, 0x3f, 0x52, 0x20, 0x0, 0x0, 0x0, 0xf,
    0x20, 0x0, 0x0, 0x0, 0x0, 0xa, 0x20, 0x0,

    /* U+30F9 "ヹ" */
    0x0, 0x0, 0x0, 0x0, 0x0, 0x10, 0x0, 0x0,
    0x0, 0x0, 0x94, 0xd0, 0x0, 0x0, 0x0, 0x0,
    0x47, 0x40, 0x8, 0xff, 0xff, 0xff, 0xff, 0x90,
    0x1, 0x22, 0x25, 0x32, 0x6f, 0x20, 0x0, 0x0,
    0xf, 0x54, 0xf5, 0x0, 0x0, 0x0, 0xf, 0x46,
    0x60, 0x0, 0x0, 0x0, 0xf, 0x40, 0x0, 0x0,
    0x0, 0x0, 0xf, 0x40, 0x0, 0x0, 0x18, 0x88,
    0x8f, 0xa8, 0x88, 0x80, 0x2c, 0xcc, 0xcc, 0xcc,
    0xcc, 0xc0,

    /* U+30FA "ヺ" */
    0x0, 0x0, 0x0, 0x0, 0x2, 0x0, 0x0, 0x0,
    0x0, 0xb4, 0xe1, 0x23, 0x33, 0x33, 0x38, 0x73,
    0x8, 0xee, 0xee, 0xee, 0xff, 0x10, 0x0, 0x0,
    0x0, 0x6, 0xe0, 0x0, 0x22, 0x22, 0x22, 0xaa,
    0x0, 0x4f, 0xff, 0xff, 0xff, 0x60, 0x0, 0x0,
    0x0, 0x6, 0xf0, 0x0, 0x0, 0x0, 0x3, 0xf6,
    0x0, 0x0, 0x0, 0x5, 0xf9, 0x0, 0x0, 0x0,
    0x5c, 0xf7, 0x0, 0x0, 0x0, 0xb, 0x92, 0x0,
    0x0, 0x0,

    /* U+30FB "・" */
    0x1b, 0xb1, 0x5f, 0xf5, 0x1d, 0xd1,

    /* U+30FC "ー" */
    0x44, 0x44, 0x44, 0x44, 0x43, 0xef, 0xff, 0xff,
    0xff, 0xfc, 0x11, 0x11, 0x11, 0x11, 0x11,

    /* U+30FD "ヽ" */
    0x0, 0x0, 0x0, 0x4, 0xe2, 0x0, 0x0, 0xc,
    0xe2, 0x0, 0x0, 0xc, 0xe2, 0x0, 0x0, 0x1d,
    0xd1, 0x0, 0x0, 0x2e, 0xb0, 0x0, 0x0, 0x46,
    0x0,

    /* U+30FE "ヾ" */
    0x0, 0x0, 0x19, 0x0, 0x0, 0x78, 0x97, 0x8a,
    0x0, 0xb1, 0x23, 0xfb, 0x0, 0x0, 0x3, 0xfa,
    0x0, 0x0, 0x4, 0xf9, 0x0, 0x0, 0x6, 0xf6,
    0x0, 0x0, 0x9, 0x40,

    /* U+30FF "ヿ" */
    0x23, 0x33, 0x33, 0x30, 0xdf, 0xff, 0xff, 0xf5,
    0x0, 0x0, 0x0, 0xe5, 0x0, 0x0, 0x0, 0xe5,
    0x0, 0x0, 0x0, 0xe5, 0x0, 0x0, 0x0, 0xe5,
    0x0, 0x0, 0x0, 0xe5, 0x0, 0x0, 0x0, 0xe5,
    0x0, 0x0, 0x0, 0xe5, 0x0, 0x0, 0x0, 0xe5,
    0x0, 0x0, 0x0, 0xb3,

    /* U+4E0D "不" */
    0x3, 0x33, 0x33, 0x33, 0x33, 0x30, 0x3f, 0xff,
    0xff, 0xff, 0xff, 0xf3, 0x0, 0x0, 0x6, 0xf1,
    0x0, 0x0, 0x0, 0x0, 0x3f, 0xa1, 0x0, 0x0,
    0x0, 0x3, 0xef, 0xbe, 0x80, 0x0, 0x0, 0x5f,
    0x9a, 0x92, 0xdc, 0x10, 0x1a, 0xf7, 0xa, 0x90,
    0xb, 0xe3, 0x2b, 0x30, 0xa, 0x90, 0x0, 0x82,
    0x0, 0x0, 0xa, 0x90, 0x0, 0x0, 0x0, 0x0,
    0xa, 0x90, 0x0, 0x0, 0x0, 0x0, 0xa, 0x90,
    0x0, 0x0,

    /* U+4E0E "与" */
    0x0, 0x1, 0x0, 0x0, 0x0, 0x0, 0x1, 0xf1,
    0x0, 0x0, 0x0, 0x0, 0x4f, 0xcc, 0xcc, 0xcc,
    0x60, 0x7, 0xc5, 0x55, 0x55, 0x52, 0x0, 0xb7,
    0x0, 0x0, 0x0, 0x0, 0xe, 0xdc, 0xcc, 0xcc,
    0xc8, 0x0, 0x44, 0x44, 0x44, 0x4a, 0xa0, 0x0,
    0x0, 0x0, 0x0, 0xa8, 0x6f, 0xff, 0xff, 0xff,
    0x1c, 0x60, 0x11, 0x11, 0x11, 0x10, 0xf3, 0x0,
    0x0, 0x0, 0x11, 0x5f, 0x0, 0x0, 0x0, 0x1f,
    0xff, 0x60, 0x0, 0x0, 0x0, 0x0, 0x0, 0x0,

    /* U+4E2A "个" */
    0x0, 0x0, 0x0, 0x0, 0x0, 0x0, 0x0, 0x0,
    0x9, 0x90, 0x0, 0x0, 0x0, 0x0, 0x7f, 0xe2,
    0x0, 0x0, 0x0, 0x8, 0xf3, 0x7f, 0x40, 0x0,
    0x3, 0xce, 0x35, 0x26, 0xf9, 0x10, 0x8f, 0xa1,
    0xd, 0x50, 0x3d, 0xf2, 0x13, 0x0, 0xd, 0x50,
    0x0, 0x50, 0x0, 0x0, 0xd, 0x50, 0x0, 0x0,
    0x0, 0x0, 0xd, 0x50, 0x0, 0x0, 0x0, 0x0,
    0xd, 0x50, 0x0, 0x0, 0x0, 0x0, 0xd, 0x50,
    0x0, 0x0, 0x0, 0x0, 0xd, 0x50, 0x0, 0x0,

    /* U+4E2D "中" */
    0x0, 0x0, 0xe, 0x40, 0x0, 0x0, 0x0, 0x0,
    0xe4, 0x0, 0x0, 0x1f, 0xff, 0xff, 0xff, 0xff,
    0x81, 0xf1, 0x11, 0xf5, 0x11, 0xb8, 0x1f, 0x0,
    0xe, 0x40, 0xa, 0x81, 0xf0, 0x0, 0xe4, 0x0,
    0xa8, 0x1f, 0xff, 0xff, 0xff, 0xff, 0x81, 0xd2,
    0x22, 0xf5, 0x22, 0x96, 0x0, 0x0, 0xe, 0x40,
    0x0, 0x0, 0x0, 0x0, 0xe4, 0x0, 0x0, 0x0,
    0x0, 0xe, 0x40, 0x0, 0x0,

    /* U+4E3A "为" */
    0x1, 0x91, 0x3f, 0x0, 0x0, 0x0, 0xa, 0xa3,
    0xf0, 0x0, 0x0, 0x3, 0x47, 0x6f, 0x33, 0x33,
    0x23, 0xff, 0xff, 0xff, 0xff, 0xfa, 0x0, 0x0,
    0x7b, 0x0, 0x8, 0xa0, 0x0, 0xc, 0x88, 0x10,
    0x99, 0x0, 0x2, 0xf2, 0x9a, 0xa, 0x80, 0x0,
    0xba, 0x0, 0xd1, 0xb7, 0x0, 0x8e, 0x10, 0x0,
    0xd, 0x60, 0xaf, 0x30, 0x1, 0x23, 0xf3, 0x2b,
    0x20, 0x0, 0x1f, 0xfb, 0x0, 0x0, 0x0, 0x0,
    0x0, 0x0,

    /* U+4E3B "主" */
    0x0, 0x0, 0x0, 0x0, 0x0, 0x0, 0x0, 0x0,
    0x8c, 0x10, 0x0, 0x0, 0x0, 0x0, 0xa, 0xe1,
    0x0, 0x0, 0xc, 0xcc, 0xcc, 0xfc, 0xcc, 0x70,
    0x5, 0x55, 0x5e, 0x95, 0x55, 0x20, 0x0, 0x0,
    0xd, 0x60, 0x0, 0x0, 0x0, 0x22, 0x2e, 0x72,
    0x22, 0x0, 0x6, 0xff, 0xff, 0xff, 0xff, 0x0,
    0x0, 0x0, 0xd, 0x60, 0x0, 0x0, 0x0, 0x0,
    0xd, 0x60, 0x0, 0x0, 0x59, 0x99, 0x9f, 0xc9,
    0x99, 0x91, 0x48, 0x88, 0x88, 0x88, 0x88, 0x81,

    /* U+4E49 "义" */
    0x0, 0x0, 0x0, 0x0, 0x0, 0x0, 0x0, 0x0,
    0xe, 0x20, 0x1, 0x0, 0x1, 0x70, 0x9, 0x90,
    0xd, 0x60, 0x0, 0xf3, 0x3, 0xd0, 0x3f, 0x10,
    0x0, 0x8b, 0x0, 0x0, 0xb9, 0x0, 0x0, 0x1e,
    0x40, 0x4, 0xf2, 0x0, 0x0, 0x6, 0xe1, 0x1d,
    0x70, 0x0, 0x0, 0x0, 0xac, 0xcb, 0x0, 0x0,
    0x0, 0x0, 0x2f, 0xf3, 0x0, 0x0, 0x0, 0x5,
    0xea, 0xbf, 0x60, 0x0, 0x5, 0xce, 0x60, 0x6,
    0xed, 0x61, 0x4d, 0x70, 0x0, 0x0, 0x17, 0xd3,
    0x0, 0x0, 0x0, 0x0, 0x0, 0x0,

    /* U+4E86 "了" */
    0x12, 0x22, 0x22, 0x22, 0x31, 0x9, 0xff, 0xff,
    0xff, 0xff, 0xc0, 0x0, 0x0, 0x0, 0x2c, 0xc1,
    0x0, 0x0, 0x0, 0x6f, 0x90, 0x0, 0x0, 0x0,
    0x5f, 0x40, 0x0, 0x0, 0x0, 0x5, 0xd0, 0x0,
    0x0, 0x0, 0x0, 0x5d, 0x0, 0x0, 0x0, 0x0,
    0x5, 0xd0, 0x0, 0x0, 0x0, 0x0, 0x5d, 0x0,
    0x0, 0x0, 0x1, 0x16, 0xd0, 0x0, 0x0, 0x0,
    0x8f, 0xf8, 0x0, 0x0, 0x0, 0x0, 0x0, 0x0,
    0x0, 0x0,

    /* U+4E8B "事" */
    0x13, 0x33, 0x3e, 0x73, 0x33, 0x30, 0x4a, 0xaa,
    0xaf, 0xca, 0xaa, 0xa0, 0x0, 0xbc, 0xcf, 0xdc,
    0xcc, 0x0, 0x0, 0xf5, 0x4e, 0x74, 0x5f, 0x10,
    0x0, 0x77, 0x7e, 0xa7, 0x77, 0x0, 0x6, 0xcc,
    0xcf, 0xdc, 0xcc, 0x20, 0x35, 0x55, 0x5e, 0x95,
    0x5f, 0x81, 0x57, 0x77, 0x7e, 0xa7, 0x7f, 0x92,
    0x8, 0xdd, 0xdf, 0xed, 0xdf, 0x30, 0x0, 0x0,
    0xd, 0x50, 0x7, 0x10, 0x0, 0x4, 0xee, 0x20,
    0x0, 0x0, 0x0, 0x0, 0x0, 0x0, 0x0, 0x0,

    /* U+4EAB "享" */
    0x0, 0x0, 0x4, 0x20, 0x0, 0x0, 0x15, 0x55,
    0x5d, 0xb5, 0x55, 0x51, 0x29, 0x99, 0x99, 0x99,
    0x99, 0x92, 0x0, 0x9b, 0xbb, 0xbb, 0xb9, 0x0,
    0x0, 0xc6, 0x11, 0x11, 0x6d, 0x0, 0x0, 0xce,
    0xdd, 0xdd, 0xed, 0x0, 0x0, 0x34, 0x44, 0x44,
    0x43, 0x0, 0x2, 0xcc, 0xcc, 0xcf, 0xfc, 0x0,
    0x0, 0x0, 0x8, 0xd9, 0x30, 0x0, 0x5e, 0xee,
    0xef, 0xfe, 0xee, 0xe6, 0x0, 0x0, 0xa, 0x90,
    0x0, 0x0, 0x0, 0x8, 0xee, 0x60, 0x0, 0x0,

    /* U+4EAE "亮" */
    0x0, 0x0, 0x0, 0x0, 0x0, 0x0, 0x0, 0x0,
    0xa, 0x90, 0x0, 0x0, 0x8f, 0xff, 0xff, 0xff,
    0xff, 0xf1, 0x0, 0x57, 0x77, 0x77, 0x74, 0x0,
    0x0, 0xb9, 0x44, 0x44, 0x99, 0x0, 0x0, 0xad,
    0xcc, 0xcc, 0xd8, 0x0, 0x27, 0x77, 0x77, 0x77,
    0x77, 0x70, 0x6d, 0x66, 0x66, 0x66, 0x67, 0xf0,
    0x48, 0x8, 0xff, 0xff, 0x71, 0x90, 0x0, 0xb,
    0x70, 0xc, 0x70, 0x20, 0x0, 0x7f, 0x20, 0xb,
    0x70, 0xe1, 0x3f, 0xc3, 0x0, 0x8, 0xff, 0xc0,
    0x1, 0x0, 0x0, 0x0, 0x0, 0x0,

    /* U+4EC5 "仅" */
    0x0, 0x0, 0x0, 0x0, 0x0, 0x0, 0x0, 0xd,
    0x60, 0x0, 0x0, 0x0, 0x0, 0x6e, 0x8f, 0xff,
    0xff, 0xf0, 0x1, 0xe6, 0x2f, 0x21, 0x15, 0xd0,
    0xb, 0xf3, 0xd, 0x40, 0x8, 0xa0, 0x9e, 0xf3,
    0x8, 0xa0, 0xd, 0x40, 0x43, 0xe3, 0x2, 0xf1,
    0x5e, 0x0, 0x0, 0xe3, 0x0, 0xaa, 0xd6, 0x0,
    0x0, 0xe3, 0x0, 0x2f, 0xc0, 0x0, 0x0, 0xe3,
    0x0, 0xae, 0xf4, 0x0, 0x0, 0xe3, 0x5d, 0xc1,
    0x5f, 0x92, 0x0, 0xe4, 0xd6, 0x0, 0x2, 0xb5,
    0x0, 0x0, 0x0, 0x0, 0x0, 0x0,

    /* U+4ECA "今" */
    0x0, 0x0, 0x0, 0x0, 0x0, 0x0, 0x0, 0x0,
    0xa, 0xc0, 0x0, 0x0, 0x0, 0x0, 0x8e, 0xe8,
    0x0, 0x0, 0x0, 0x1a, 0xe3, 0x1d, 0xb1, 0x0,
    0x5, 0xed, 0x4b, 0x21, 0xbf, 0x70, 0x4f, 0x80,
    0x7, 0xe4, 0x6, 0xe4, 0x1, 0x33, 0x33, 0x97,
    0x33, 0x0, 0x1, 0xff, 0xff, 0xff, 0xff, 0x20,
    0x0, 0x0, 0x0, 0x2, 0xe7, 0x0, 0x0, 0x0,
    0x0, 0xd, 0xa0, 0x0, 0x0, 0x0, 0x0, 0xad,
    0x0, 0x0, 0x0, 0x0, 0x4, 0xe2, 0x0, 0x0,
    0x0, 0x0, 0x0, 0x0, 0x0, 0x0,

    /* U+4EF6 "件" */
    0x0, 0x0, 0x0, 0x0, 0x0, 0x0, 0x0, 0x3e,
    0x7, 0xe, 0x30, 0x0, 0x0, 0xa8, 0x3e, 0xe,
    0x30, 0x0, 0x3, 0xf1, 0x7f, 0xff, 0xff, 0xd0,
    0xd, 0xf0, 0xd6, 0x2f, 0x52, 0x20, 0x8f, 0xf2,
    0xc0, 0xe, 0x30, 0x0, 0x25, 0xf0, 0x22, 0x2f,
    0x52, 0x21, 0x2, 0xf4, 0xff, 0xff, 0xff, 0xf6,
    0x2, 0xf0, 0x0, 0xe, 0x30, 0x0, 0x2, 0xf0,
    0x0, 0xe, 0x30, 0x0, 0x2, 0xf0, 0x0, 0xe,
    0x30, 0x0, 0x2, 0xf0, 0x0, 0xe, 0x30, 0x0,

    /* U+4EFD "份" */
    0x0, 0x0, 0x0, 0x0, 0x0, 0x0, 0x0, 0x3d,
    0x2, 0xa0, 0x94, 0x0, 0x0, 0xa8, 0x8, 0xa0,
    0x89, 0x0, 0x3, 0xf1, 0x1e, 0x40, 0x3f, 0x10,
    0xc, 0xf0, 0xab, 0x0, 0xb, 0xb0, 0x7f, 0xf6,
    0xf9, 0x77, 0x79, 0xf7, 0x26, 0xf1, 0x59, 0xfa,
    0x9f, 0x60, 0x2, 0xf0, 0x0, 0xf1, 0xe, 0x30,
    0x2, 0xf0, 0x4, 0xd0, 0xf, 0x20, 0x2, 0xf0,
    0xb, 0x80, 0xf, 0x10, 0x2, 0xf0, 0x8e, 0x11,
    0x5f, 0x0, 0x2, 0xf2, 0xc2, 0xb, 0xe7, 0x0,
    0x0, 0x0, 0x0, 0x0, 0x0, 0x0,

    /* U+4F20 "传" */
    0x0, 0x1, 0x0, 0x1, 0x0, 0x0, 0x0, 0x3f,
    0x0, 0x6b, 0x0, 0x0, 0x0, 0xa9, 0xcf, 0xff,
    0xff, 0xe0, 0x2, 0xf1, 0x11, 0xe5, 0x11, 0x10,
    0xc, 0xf2, 0x56, 0xf5, 0x55, 0x52, 0x8f, 0xf5,
    0xce, 0xec, 0xcc, 0xc6, 0x55, 0xf0, 0xb, 0x81,
    0x11, 0x10, 0x2, 0xf0, 0xf, 0xff, 0xff, 0xb0,
    0x2, 0xf0, 0x0, 0x0, 0x7d, 0x10, 0x2, 0xf0,
    0x2, 0xd9, 0xe1, 0x0, 0x2, 0xf0, 0x0, 0x4e,
    0xb0, 0x0, 0x2, 0xf0, 0x0, 0x1, 0xb4, 0x0,
    0x0, 0x0, 0x0, 0x0, 0x0, 0x0,

    /* U+4F4D "位" */
    0x0, 0x0, 0x0, 0x2, 0x0, 0x0, 0x0, 0xe,
    0x20, 0x1f, 0x10, 0x0, 0x0, 0x6c, 0x0, 0xb,
    0x40, 0x0, 0x1, 0xe5, 0x9f, 0xff, 0xff, 0xf0,
    0xb, 0xf3, 0x4, 0x21, 0x16, 0x30, 0x6e, 0xf3,
    0xb, 0x50, 0xe, 0x40, 0x13, 0xf3, 0x8, 0x80,
    0x1f, 0x10, 0x0, 0xf3, 0x6, 0xb0, 0x4d, 0x0,
    0x0, 0xf3, 0x3, 0xe0, 0x79, 0x0, 0x0, 0xf3,
    0x1, 0x90, 0xb5, 0x0, 0x0, 0xf4, 0xcc, 0xcc,
    0xfd, 0xc5, 0x0, 0xf3, 0x44, 0x44, 0x44, 0x42,

    /* U+4F4E "低" */
    0x0, 0x2, 0x0, 0x0, 0x1, 0x10, 0x0, 0x4e,
    0x13, 0x69, 0xdf, 0xa0, 0x0, 0xb8, 0x8e, 0xa9,
    0xf0, 0x0, 0x3, 0xf1, 0x88, 0x1, 0xf0, 0x0,
    0xd, 0xf0, 0x88, 0x0, 0xf0, 0x0, 0x8d, 0xf0,
    0x8e, 0xcc, 0xfd, 0xc5, 0x33, 0xf0, 0x8a, 0x44,
    0xe6, 0x41, 0x1, 0xf0, 0x88, 0x0, 0xc5, 0x0,
    0x1, 0xf0, 0x88, 0x0, 0x98, 0x0, 0x1, 0xf0,
    0x88, 0xb, 0x6c, 0x37, 0x1, 0xf0, 0x9c, 0xa9,
    0x7f, 0xb7, 0x1, 0xf0, 0xca, 0x53, 0x76, 0xd1,
    0x0, 0x0, 0x0, 0x0, 0x0, 0x0,

    /* U+4F53 "体" */
    0x0, 0x0, 0x0, 0x0, 0x0, 0x0, 0x0, 0x5b,
    0x0, 0x1f, 0x0, 0x0, 0x0, 0xb7, 0x0, 0x1f,
    0x0, 0x0, 0x4, 0xf6, 0xff, 0xff, 0xff, 0xf7,
    0xd, 0xe0, 0x22, 0xdf, 0xd2, 0x21, 0x7e, 0xe0,
    0x3, 0xdf, 0xd3, 0x0, 0x25, 0xe0, 0xb, 0x7f,
    0x6b, 0x0, 0x2, 0xe0, 0x5d, 0x1f, 0xe, 0x40,
    0x2, 0xe1, 0xe6, 0x2f, 0x16, 0xe1, 0x2, 0xe9,
    0x9d, 0xff, 0xfc, 0xa7, 0x2, 0xe0, 0x0, 0x1f,
    0x0, 0x0, 0x2, 0xe0, 0x0, 0x1f, 0x0, 0x0,

    /* U+4F7F "使" */
    0x0, 0x0, 0x0, 0x0, 0x0, 0x0, 0x0, 0x2e,
    0x0, 0xe, 0x30, 0x0, 0x0, 0xab, 0xee, 0xef,
    0xee, 0xe7, 0x3, 0xf3, 0x11, 0x1f, 0x41, 0x10,
    0x1e, 0xf1, 0xdf, 0xff, 0xff, 0xf2, 0x9d, 0xf1,
    0xe1, 0xe, 0x30, 0xe2, 0x43, 0xf1, 0xe3, 0x1f,
    0x41, 0xe2, 0x0, 0xf1, 0xcd, 0xdf, 0xdd, 0xd2,
    0x0, 0xf1, 0x96, 0x3e, 0x0, 0x0, 0x0, 0xf1,
    0x1d, 0xe8, 0x0, 0x0, 0x0, 0xf1, 0x3c, 0xde,
    0xa5, 0x20, 0x0, 0xf5, 0xd6, 0x1, 0x7b, 0xe5,

    /* U+4FE1 "信" */
    0x0, 0x2a, 0x0, 0x1c, 0x0, 0x0, 0x0, 0x98,
    0x0, 0xa, 0x50, 0x0, 0x1, 0xf5, 0xff, 0xff,
    0xff, 0xf6, 0xa, 0xf0, 0x3, 0x33, 0x33, 0x20,
    0x6e, 0xf0, 0x2b, 0xbb, 0xbb, 0x80, 0x33, 0xf0,
    0x19, 0x99, 0x99, 0x60, 0x0, 0xf0, 0x4, 0x44,
    0x44, 0x30, 0x0, 0xf0, 0x8e, 0xee, 0xee, 0x90,
    0x0, 0xf0, 0x9a, 0x0, 0x2, 0xa0, 0x0, 0xf0,
    0x9b, 0x22, 0x24, 0xa0, 0x0, 0xf0, 0x9e, 0xcc,
    0xcd, 0xa0, 0x0, 0x10, 0x0, 0x0, 0x0, 0x0,

    /* U+505C "停" */
    0x0, 0x2, 0x0, 0x4, 0x0, 0x0, 0x0, 0x2f,
    0x54, 0x5f, 0x74, 0x43, 0x0, 0x99, 0xaa, 0xaa,
    0xaa, 0xa8, 0x3, 0xf1, 0x1c, 0xcc, 0xcc, 0xa0,
    0xd, 0xf0, 0x1e, 0x22, 0x25, 0xd0, 0x6e, 0xf0,
    0x19, 0x99, 0x99, 0x80, 0x3, 0xf2, 0xcc, 0xcc,
    0xcc, 0xca, 0x1, 0xf3, 0xd2, 0x22, 0x22, 0x6d,
    0x1, 0xf0, 0x5e, 0xee, 0xee, 0x63, 0x1, 0xf0,
    0x0, 0xe, 0x30, 0x0, 0x1, 0xf0, 0x0, 0xe,
    0x30, 0x0, 0x1, 0xf0, 0x6, 0xfe, 0x10, 0x0,
    0x0, 0x0, 0x0, 0x0, 0x0, 0x0,

    /* U+50CD "働" */
    0x0, 0x88, 0x57, 0x99, 0x2c, 0x0, 0x0, 0xe7,
    0x8f, 0x52, 0x2c, 0x0, 0x4, 0xe9, 0xdf, 0xed,
    0x9d, 0x63, 0xc, 0xe3, 0x6f, 0x76, 0xae, 0xc9,
    0x5e, 0xe8, 0x7d, 0x4e, 0x3b, 0x69, 0x25, 0xe8,
    0xbf, 0xaf, 0x3b, 0x68, 0x2, 0xe8, 0xae, 0x8f,
    0x59, 0x78, 0x2, 0xe2, 0x4e, 0x54, 0x87, 0x77,
    0x2, 0xe7, 0xdf, 0xdd, 0xd3, 0x86, 0x2, 0xe1,
    0x3e, 0x68, 0xe0, 0xb5, 0x2, 0xe8, 0x97, 0x6c,
    0x5e, 0xe1, 0x0, 0x10, 0x0, 0x0, 0x0, 0x0,

    /* U+5143 "元" */
    0x0, 0x22, 0x22, 0x22, 0x22, 0x10, 0x1, 0xff,
    0xff, 0xff, 0xff, 0x70, 0x0, 0x0, 0x0, 0x0,
    0x0, 0x0, 0x0, 0x0, 0x0, 0x0, 0x0, 0x0,
    0x4e, 0xee, 0xee, 0xee, 0xee, 0xe5, 0x13, 0x37,
    0xf3, 0x3f, 0x63, 0x31, 0x0, 0x6, 0xd0, 0xf,
    0x30, 0x0, 0x0, 0xa, 0x90, 0xf, 0x30, 0x0,
    0x0, 0x2f, 0x30, 0xf, 0x30, 0x67, 0x3, 0xea,
    0x0, 0xf, 0x41, 0x86, 0x2f, 0x80, 0x0, 0xa,
    0xff, 0xe2, 0x0, 0x0, 0x0, 0x0, 0x0, 0x0,

    /* U+5165 "入" */
    0x0, 0x3, 0xa0, 0x0, 0x0, 0x0, 0x0, 0x2,
    0xda, 0x0, 0x0, 0x0, 0x0, 0x0, 0x1e, 0x70,
    0x0, 0x0, 0x0, 0x0, 0xd, 0xf1, 0x0, 0x0,
    0x0, 0x0, 0x1f, 0xe9, 0x0, 0x0, 0x0, 0x0,
    0x8d, 0x3f, 0x20, 0x0, 0x0, 0x1, 0xe7, 0xb,
    0xb0, 0x0, 0x0, 0xa, 0xd0, 0x2, 0xf5, 0x0,
    0x0, 0x8f, 0x30, 0x0, 0x7f, 0x40, 0x1a, 0xf5,
    0x0, 0x0, 0xa, 0xf5, 0x1b, 0x30, 0x0, 0x0,
    0x0, 0x83,

    /* U+5168 "全" */
    0x0, 0x0, 0x3, 0x10, 0x0, 0x0, 0x0, 0x0,
    0x2f, 0xb0, 0x0, 0x0, 0x0, 0x2, 0xe7, 0xc9,
    0x0, 0x0, 0x0, 0x5f, 0x60, 0x1c, 0xc2, 0x0,
    0x3b, 0xe4, 0x0, 0x0, 0x8f, 0x80, 0x89, 0xef,
    0xff, 0xff, 0xfb, 0xd3, 0x0, 0x0, 0xd, 0x60,
    0x0, 0x0, 0x0, 0x0, 0xd, 0x60, 0x0, 0x0,
    0x0, 0xbf, 0xff, 0xff, 0xf6, 0x0, 0x0, 0x0,
    0xd, 0x60, 0x0, 0x0, 0x28, 0x88, 0x8e, 0xb8,
    0x88, 0x80, 0x5f, 0xff, 0xff, 0xff, 0xff, 0xf0,

    /* U+516C "公" */
    0x0, 0x5, 0x80, 0x9, 0x50, 0x0, 0x0, 0xd,
    0x80, 0x7, 0xe0, 0x0, 0x0, 0x7e, 0x10, 0x0,
    0xca, 0x0, 0x4, 0xf5, 0x4, 0x10, 0x2f, 0x80,
    0x2f, 0x90, 0x1f, 0x60, 0x4, 0xf4, 0x4, 0x0,
    0xad, 0x0, 0x0, 0x30, 0x0, 0x4, 0xf3, 0x4,
    0x70, 0x0, 0x0, 0x1e, 0x80, 0x3, 0xf4, 0x0,
    0x0, 0xcd, 0x34, 0x56, 0xce, 0x10, 0x6, 0xff,
    0xfe, 0xcb, 0xae, 0xa0, 0x1, 0x20, 0x0, 0x0,
    0x3, 0xb0,

    /* U+5171 "共" */
    0x0, 0xe, 0x40, 0xd, 0x50, 0x0, 0x0, 0xe,
    0x40, 0xd, 0x50, 0x0, 0x2e, 0xef, 0xee, 0xef,
    0xfe, 0xa0, 0x3, 0x3f, 0x63, 0x3d, 0x73, 0x20,
    0x0, 0xe, 0x40, 0xd, 0x50, 0x0, 0x0, 0xe,
    0x40, 0xd, 0x50, 0x0, 0x9f, 0xff, 0xff, 0xff,
    0xff, 0xf1, 0x12, 0x23, 0x22, 0x24, 0x22, 0x20,
    0x0, 0x3e, 0x70, 0x2e, 0xa0, 0x0, 0x6, 0xf7,
    0x0, 0x1, 0xcd, 0x20, 0x2d, 0x40, 0x0, 0x0,
    0xa, 0x80, 0x0, 0x0, 0x0, 0x0, 0x0, 0x0,

    /* U+5173 "关" */
    0x0, 0xa, 0x10, 0x0, 0x77, 0x0, 0x0, 0xa,
    0xa0, 0x1, 0xf4, 0x0, 0x1, 0x68, 0xd6, 0x6b,
    0xe6, 0x50, 0x3, 0xbb, 0xbd, 0xfb, 0xbb, 0x90,
    0x0, 0x0, 0x6, 0xe0, 0x0, 0x0, 0xc, 0xcc,
    0xce, 0xfc, 0xcc, 0xc6, 0x5, 0x55, 0x5c, 0xf9,
    0x55, 0x52, 0x0, 0x0, 0x3f, 0xbe, 0x20, 0x0,
    0x0, 0x6, 0xfa, 0x9, 0xe5, 0x0, 0x17, 0xdf,
    0x70, 0x0, 0x7f, 0xd5, 0x9, 0x71, 0x0, 0x0,
    0x2, 0x82,

    /* U+5177 "具" */
    0x0, 0x6f, 0xee, 0xee, 0xfa, 0x0, 0x0, 0x6b,
    0x0, 0x0, 0x8a, 0x0, 0x0, 0x6f, 0xff, 0xff,
    0xfa, 0x0, 0x0, 0x6a, 0x0, 0x0, 0x8a, 0x0,
    0x0, 0x6f, 0xdd, 0xdd, 0xea, 0x0, 0x0, 0x6c,
    0x55, 0x55, 0xaa, 0x0, 0x0, 0x6d, 0x77, 0x77,
    0xba, 0x0, 0x3a, 0xce, 0xaa, 0xaa, 0xde, 0xa4,
    0x26, 0x6b, 0xa6, 0x6b, 0xc6, 0x62, 0x3, 0xbe,
    0x50, 0x4, 0xce, 0x60, 0x2d, 0x80, 0x0, 0x0,
    0x4, 0xd3, 0x0, 0x0, 0x0, 0x0, 0x0, 0x0,

    /* U+5185 "内" */
    0x0, 0x0, 0xd5, 0x0, 0x0, 0x11, 0x11, 0xd6,
    0x11, 0x20, 0xef, 0xff, 0xff, 0xff, 0xfa, 0xe3,
    0x0, 0xe4, 0x0, 0x7a, 0xe3, 0x0, 0xf5, 0x0,
    0x7a, 0xe3, 0x6, 0xef, 0x40, 0x7a, 0xe3, 0x2e,
    0x55, 0xf4, 0x7a, 0xe7, 0xe8, 0x0, 0x6f, 0x9a,
    0xe4, 0x50, 0x0, 0x2, 0x7a, 0xe3, 0x0, 0x0,
    0x12, 0x99, 0xe3, 0x0, 0x0, 0x6f, 0xe5,

    /* U+518D "再" */
    0x5f, 0xff, 0xff, 0xff, 0xff, 0xe0, 0x3b, 0xbb,
    0xbf, 0xcb, 0xbb, 0xa0, 0x0, 0x22, 0x2d, 0x62,
    0x23, 0x0, 0x2, 0xfe, 0xef, 0xee, 0xef, 0x20,
    0x2, 0xf0, 0xd, 0x50, 0xf, 0x20, 0x2, 0xfe,
    0xef, 0xfe, 0xef, 0x20, 0x2, 0xf0, 0xd, 0x40,
    0xf, 0x20, 0x7e, 0xfe, 0xef, 0xee, 0xef, 0xe8,
    0x14, 0xf2, 0x22, 0x22, 0x2f, 0x41, 0x2, 0xf0,
    0x0, 0x0, 0xf, 0x20, 0x2, 0xf0, 0x0, 0xe,
    0xfc, 0x0, 0x0, 0x0, 0x0, 0x0, 0x0, 0x0,

    /* U+5199 "写" */
    0x2f, 0xff, 0xff, 0xff, 0xff, 0xf2, 0x2f, 0x17,
    0x71, 0x11, 0x11, 0xf2, 0x18, 0xb, 0x70, 0x0,
    0x0, 0x81, 0x0, 0xe, 0xff, 0xff, 0xf9, 0x0,
    0x0, 0x2f, 0x0, 0x0, 0x0, 0x0, 0x0, 0x5f,
    0xcc, 0xcc, 0xcc, 0x0, 0x0, 0x12, 0x22, 0x22,
    0x5e, 0x0, 0xc, 0xdd, 0xdd, 0xdb, 0x5c, 0x0,
    0x3, 0x33, 0x33, 0x32, 0x7a, 0x0, 0x0, 0x0,
    0x0, 0x0, 0xc7, 0x0, 0x0, 0x0, 0x3, 0xff,
    0xd1, 0x0, 0x0, 0x0, 0x0, 0x0, 0x0, 0x0,

    /* U+51C6 "准" */
    0x0, 0x0, 0x0, 0x0, 0x0, 0x0, 0x26, 0x0,
    0xd, 0x36, 0xa0, 0x0, 0x1f, 0x40, 0x5d, 0x1,
    0xe2, 0x0, 0x7, 0xd0, 0xdf, 0xff, 0xff, 0xf6,
    0x0, 0x59, 0xf5, 0x2, 0xe0, 0x0, 0x0, 0x4f,
    0xde, 0xde, 0xfd, 0xd2, 0x0, 0x2, 0xb7, 0x24,
    0xf2, 0x20, 0x0, 0xd2, 0xb6, 0x3, 0xe0, 0x0,
    0x5, 0xe0, 0xbf, 0xff, 0xff, 0xf2, 0xc, 0x80,
    0xb5, 0x2, 0xe0, 0x0, 0x4f, 0x20, 0xbe, 0xdd,
    0xfd, 0xd8, 0x4, 0x0, 0xb7, 0x33, 0x33, 0x31,

    /* U+51FA "出" */
    0x1, 0x0, 0xe5, 0x0, 0x10, 0x5d, 0x0, 0xe5,
    0x0, 0xf4, 0x5d, 0x0, 0xe5, 0x0, 0xf4, 0x5d,
    0x0, 0xe5, 0x0, 0xf4, 0x5f, 0xff, 0xff, 0xff,
    0xf4, 0x22, 0x22, 0xf6, 0x22, 0x32, 0xe5, 0x0,
    0xe5, 0x0, 0x8c, 0xe5, 0x0, 0xe5, 0x0, 0x8c,
    0xe5, 0x0, 0xe5, 0x0, 0x8c, 0xed, 0xcc, 0xfd,
    0xcc, 0xec, 0x45, 0x55, 0x55, 0x55, 0xac,

    /* U+5207 "切" */
    0x2, 0xe0, 0x2, 0x22, 0x22, 0x30, 0x2, 0xe0,
    0xf, 0xff, 0xff, 0xf5, 0x2, 0xe0, 0x30, 0x2f,
    0x0, 0xd4, 0x4a, 0xff, 0xd1, 0x3e, 0x0, 0xe4,
    0x59, 0xf1, 0x0, 0x4d, 0x0, 0xe3, 0x2, 0xe0,
    0x0, 0x6b, 0x0, 0xf3, 0x2, 0xe0, 0x10, 0x98,
    0x0, 0xf2, 0x3, 0xfa, 0xf3, 0xe4, 0x0, 0xf1,
    0x8, 0xe7, 0x17, 0xe0, 0x2, 0xf0, 0x2, 0x10,
    0x4f, 0x51, 0x27, 0xd0, 0x0, 0x0, 0xd6, 0x4,
    0xff, 0x60, 0x0, 0x0, 0x0, 0x0, 0x0, 0x0,

    /* U+5220 "删" */
    0xe, 0xff, 0x5f, 0xf5, 0x0, 0xe0, 0xe, 0x1f,
    0x59, 0xa5, 0xc0, 0xe0, 0xe, 0x1f, 0x59, 0xa5,
    0xe0, 0xe0, 0xe, 0x1f, 0x59, 0xa5, 0xe0, 0xe0,
    0x6f, 0xaf, 0xcd, 0xea, 0xe0, 0xe0, 0x4f, 0x7f,
    0xac, 0xc8, 0xe0, 0xe0, 0xe, 0xf, 0x68, 0xa5,
    0xe0, 0xe0, 0xe, 0xf, 0x67, 0xa5, 0xe0, 0xe0,
    0xe, 0xf, 0x86, 0xa5, 0x0, 0xe0, 0x3b, 0xf,
    0xb3, 0xa5, 0x0, 0xe0, 0x66, 0xdb, 0xb6, 0xe2,
    0x7f, 0xc0, 0x0, 0x0, 0x0, 0x0, 0x0, 0x0,

    /* U+5230 "到" */
    0x3f, 0xff, 0xff, 0xf0, 0x1, 0xf0, 0x0, 0x7a,
    0x35, 0x6, 0xa1, 0xf0, 0x1, 0xe2, 0x2e, 0x16,
    0xa1, 0xf0, 0xb, 0xeb, 0xcf, 0x96, 0xa1, 0xf0,
    0x7, 0x97, 0x54, 0xa6, 0xa1, 0xf0, 0x0, 0x9,
    0x70, 0x6, 0xa1, 0xf0, 0xc, 0xef, 0xfe, 0xa6,
    0xa1, 0xf0, 0x1, 0x1a, 0x81, 0x16, 0xa1, 0xf0,
    0x0, 0x9, 0x96, 0x81, 0x21, 0xf0, 0x29, 0xcf,
    0xea, 0x60, 0x12, 0xf0, 0x19, 0x52, 0x0, 0x0,
    0x9f, 0xb0,

    /* U+5236 "制" */
    0x0, 0x1, 0x0, 0x0, 0x0, 0x0, 0x9, 0x5e,
    0x30, 0x0, 0x0, 0xe2, 0xf, 0x9f, 0x87, 0x31,
    0xf0, 0xe2, 0x6f, 0x9f, 0xa9, 0x51, 0xf0, 0xe2,
    0x8b, 0x4e, 0x74, 0x41, 0xf0, 0xe2, 0x8c, 0xcf,
    0xcc, 0xc1, 0xf0, 0xe2, 0x2, 0x3e, 0x53, 0x31,
    0xf0, 0xe2, 0xf, 0xdf, 0xdd, 0xf1, 0xf0, 0xe2,
    0xf, 0xe, 0x30, 0xf1, 0xa0, 0xe2, 0xf, 0xe,
    0x30, 0xf0, 0x0, 0xe2, 0xf, 0xe, 0x5e, 0xe0,
    0x12, 0xf2, 0x0, 0xe, 0x31, 0x0, 0x7f, 0xc0,
    0x0, 0x0, 0x0, 0x0, 0x0, 0x0,

    /* U+524A "削" */
    0x36, 0x1f, 0x8, 0x40, 0x2, 0xf2, 0xe2, 0xf0,
    0xe2, 0xb2, 0x2f, 0xb, 0x4f, 0x3b, 0xe, 0x32,
    0xf1, 0xdd, 0xfd, 0xd1, 0xe3, 0x2f, 0x1f, 0x33,
    0x3f, 0x1e, 0x32, 0xf1, 0xfd, 0xdd, 0xf1, 0xe3,
    0x2f, 0x1f, 0x11, 0x1f, 0x1e, 0x32, 0xf1, 0xfe,
    0xee, 0xf1, 0xc2, 0x2f, 0x1f, 0x0, 0xf, 0x10,
    0x2, 0xf1, 0xf0, 0x0, 0xf1, 0x2, 0x4f, 0x1f,
    0x5, 0xfd, 0x1, 0xff, 0x90, 0x0, 0x0, 0x0,
    0x0, 0x0,

    /* U+524D "前" */
    0x0, 0x4b, 0x0, 0x0, 0x98, 0x0, 0x1, 0x1d,
    0x61, 0x14, 0xf4, 0x10, 0x2f, 0xff, 0xff, 0xff,
    0xff, 0xf9, 0x1, 0x22, 0x22, 0x0, 0x1, 0x50,
    0xb, 0xed, 0xde, 0xd, 0x44, 0xd0, 0xb, 0x83,
    0x6e, 0xd, 0x44, 0xd0, 0xb, 0xca, 0xbe, 0xd,
    0x44, 0xd0, 0xb, 0x95, 0x7e, 0xd, 0x44, 0xd0,
    0xb, 0xb8, 0xae, 0xb, 0x44, 0xd0, 0xb, 0x60,
    0x3e, 0x0, 0x15, 0xd0, 0xa, 0x67, 0xfa, 0x0,
    0xdf, 0x80,

    /* U+529B "力" */
    0x0, 0x0, 0x3f, 0x0, 0x0, 0x0, 0x0, 0x3,
    0xf0, 0x0, 0x0, 0x5, 0x55, 0x7f, 0x55, 0x56,
    0x30, 0xdd, 0xde, 0xfd, 0xdd, 0xea, 0x0, 0x0,
    0x6d, 0x0, 0x8, 0x90, 0x0, 0x9, 0xa0, 0x0,
    0x98, 0x0, 0x0, 0xe6, 0x0, 0xb, 0x70, 0x0,
    0x7e, 0x0, 0x0, 0xc6, 0x0, 0x4f, 0x60, 0x0,
    0xe, 0x40, 0x5f, 0x90, 0x1, 0x25, 0xf1, 0x1e,
    0x70, 0x0, 0x5f, 0xf9, 0x0, 0x0, 0x0, 0x0,
    0x0, 0x0,

    /* U+52A9 "助" */
    0xf, 0xff, 0xf1, 0xc, 0x50, 0x0, 0xf, 0x0,
    0xf1, 0xc, 0x50, 0x0, 0xf, 0x0, 0xf6, 0x9e,
    0xb9, 0x91, 0xf, 0xff, 0xf6, 0x9f, 0xb9, 0xf2,
    0xf, 0x0, 0xf1, 0xe, 0x20, 0xf1, 0xf, 0x44,
    0xf1, 0xf, 0x10, 0xf1, 0xf, 0xbb, 0xf1, 0x3e,
    0x0, 0xf0, 0xf, 0x0, 0xf2, 0x8a, 0x1, 0xf0,
    0x3f, 0x9d, 0xfb, 0xf3, 0x3, 0xe0, 0xaa, 0x74,
    0x1c, 0xa0, 0x6, 0xc0, 0x0, 0x0, 0x6b, 0x5,
    0xff, 0x60, 0x0, 0x0, 0x0, 0x0, 0x0, 0x0,

    /* U+52B9 "効" */
    0x0, 0x1, 0x0, 0x0, 0x0, 0x0, 0x0, 0x1e,
    0x10, 0x0, 0xe2, 0x0, 0x4, 0x4c, 0x84, 0x20,
    0xe2, 0x0, 0x1c, 0xcc, 0xcc, 0x72, 0xe4, 0x31,
    0x0, 0xc1, 0x58, 0x3e, 0xfe, 0xf6, 0x9, 0x90,
    0xd, 0x40, 0xf0, 0x96, 0x1c, 0x50, 0xb8, 0x81,
    0xe0, 0xa6, 0x0, 0x9c, 0xf0, 0x4, 0xc0, 0xa5,
    0x0, 0xd, 0xc0, 0x8, 0x80, 0xb4, 0x0, 0x6d,
    0xc7, 0xe, 0x30, 0xc3, 0x7, 0xe3, 0x24, 0x8b,
    0x1, 0xf1, 0x1b, 0x20, 0x2, 0xd2, 0x8f, 0xb0,
    0x0, 0x0, 0x0, 0x0, 0x0, 0x0,

    /* U+52D5 "動" */
    0x0, 0x23, 0x56, 0x0, 0x0, 0x0, 0x3f, 0xff,
    0xfe, 0x11, 0xf0, 0x0, 0x8, 0x7f, 0x41, 0x1,
    0xf0, 0x0, 0x5c, 0xcf, 0xdc, 0x97, 0xf6, 0x62,
    0x9, 0x9f, 0xa9, 0x8b, 0xfb, 0xe7, 0xe, 0x3f,
    0x4c, 0x33, 0xd0, 0xa6, 0xf, 0xbf, 0xbe, 0x35,
    0xc0, 0xb6, 0xf, 0x8f, 0x9e, 0x38, 0x90, 0xb5,
    0x5, 0x5f, 0x75, 0x1c, 0x50, 0xc4, 0xb, 0xbf,
    0xcb, 0x6f, 0x0, 0xd3, 0x14, 0x5f, 0x99, 0xe7,
    0x1, 0xf2, 0x38, 0x64, 0x39, 0x90, 0xaf, 0xb0,
    0x0, 0x0, 0x0, 0x0, 0x0, 0x0,

    /* U+5305 "包" */
    0x0, 0x7, 0x80, 0x0, 0x0, 0x0, 0x0, 0x1f,
    0x95, 0x55, 0x55, 0x30, 0x0, 0xcd, 0xcc, 0xcc,
    0xcd, 0xb0, 0xa, 0xf4, 0x22, 0x20, 0x7, 0xa0,
    0x1b, 0x9f, 0xdd, 0xf5, 0x8, 0x90, 0x0, 0x7a,
    0x0, 0xc5, 0x9, 0x80, 0x0, 0x7e, 0xaa, 0xe5,
    0xb, 0x70, 0x0, 0x7c, 0x44, 0x45, 0xdf, 0x30,
    0x0, 0x7a, 0x0, 0x0, 0x31, 0x44, 0x0, 0x7c,
    0x11, 0x11, 0x11, 0xb9, 0x0, 0x2c, 0xff, 0xff,
    0xff, 0xd2,

    /* U+533A "区" */
    0xef, 0xff, 0xff, 0xff, 0xff, 0x2e, 0x41, 0x11,
    0x11, 0x32, 0x10, 0xe3, 0x21, 0x0, 0xc, 0x80,
    0xe, 0x38, 0xe3, 0x7, 0xd0, 0x0, 0xe3, 0x6,
    0xe8, 0xf3, 0x0, 0xe, 0x30, 0x7, 0xfa, 0x0,
    0x0, 0xe3, 0x4, 0xf9, 0xe8, 0x0, 0xe, 0x37,
    0xf7, 0x2, 0xe8, 0x0, 0xe4, 0xc5, 0x0, 0x3,
    0xa0, 0xe, 0x53, 0x33, 0x33, 0x33, 0x31, 0xce,
    0xee, 0xee, 0xee, 0xee, 0x60,

    /* U+5360 "占" */
    0x0, 0x0, 0x8a, 0x0, 0x0, 0x0, 0x0, 0x8,
    0xa0, 0x0, 0x0, 0x0, 0x0, 0x8f, 0xff, 0xff,
    0x50, 0x0, 0x8, 0xa1, 0x11, 0x10, 0x0, 0x0,
    0x8a, 0x0, 0x0, 0x2, 0xaa, 0xad, 0xea, 0xaa,
    0x20, 0x4e, 0x66, 0x66, 0x66, 0xf3, 0x4, 0xe0,
    0x0, 0x0, 0xe, 0x30, 0x4e, 0x0, 0x0, 0x0,
    0xe3, 0x4, 0xff, 0xff, 0xff, 0xff, 0x30, 0x4e,
    0x22, 0x22, 0x22, 0xf3, 0x0, 0x0, 0x0, 0x0,
    0x0, 0x0,

    /* U+5361 "卡" */
    0x0, 0x0, 0xe, 0x40, 0x0, 0x0, 0x0, 0x0,
    0xe, 0xdc, 0xcc, 0x20, 0x0, 0x0, 0xe, 0x75,
    0x55, 0x10, 0x0, 0x0, 0xe, 0x40, 0x0, 0x0,
    0x5d, 0xdd, 0xdf, 0xdd, 0xdd, 0xd5, 0x26, 0x66,
    0x6f, 0x96, 0x66, 0x62, 0x0, 0x0, 0xe, 0x74,
    0x0, 0x0, 0x0, 0x0, 0xe, 0xad, 0xd7, 0x10,
    0x0, 0x0, 0xe, 0x50, 0x5c, 0xa0, 0x0, 0x0,
    0xe, 0x50, 0x0, 0x0, 0x0, 0x0, 0xe, 0x50,
    0x0, 0x0,

    /* U+5382 "厂" */
    0x1, 0x43, 0x33, 0x33, 0x33, 0x31, 0x5, 0xff,
    0xff, 0xff, 0xff, 0xf4, 0x5, 0xe0, 0x0, 0x0,
    0x0, 0x0, 0x5, 0xe0, 0x0, 0x0, 0x0, 0x0,
    0x5, 0xe0, 0x0, 0x0, 0x0, 0x0, 0x5, 0xd0,
    0x0, 0x0, 0x0, 0x0, 0x6, 0xc0, 0x0, 0x0,
    0x0, 0x0, 0x8, 0xb0, 0x0, 0x0, 0x0, 0x0,
    0xb, 0x80, 0x0, 0x0, 0x0, 0x0, 0x1f, 0x30,
    0x0, 0x0, 0x0, 0x0, 0x4c, 0x0, 0x0, 0x0,
    0x0, 0x0, 0x0, 0x0, 0x0, 0x0, 0x0, 0x0,

    /* U+53BB "去" */
    0x0, 0x0, 0xd, 0x60, 0x0, 0x0, 0x2, 0x33,
    0x3d, 0x83, 0x33, 0x10, 0xa, 0xff, 0xff, 0xff,
    0xff, 0x50, 0x0, 0x0, 0xd, 0x60, 0x0, 0x0,
    0x0, 0x0, 0xd, 0x60, 0x0, 0x0, 0xaf, 0xff,
    0xff, 0xff, 0xff, 0xf3, 0x12, 0x25, 0xf4, 0x24,
    0x32, 0x20, 0x0, 0xd, 0x80, 0xb, 0xb0, 0x0,
    0x0, 0x9b, 0x0, 0x1, 0xe7, 0x0, 0x8, 0xfa,
    0xab, 0xcd, 0xff, 0x30, 0x7, 0xa8, 0x75, 0x43,
    0x2a, 0x70, 0x0, 0x0, 0x0, 0x0, 0x0, 0x0,

    /* U+53D1 "发" */
    0x0, 0x64, 0xc, 0x50, 0x92, 0x0, 0x0, 0xe5,
    0xf, 0x40, 0x7d, 0x10, 0x6, 0xf4, 0x6f, 0x44,
    0x48, 0x40, 0xa, 0xdd, 0xff, 0xdd, 0xdd, 0xd1,
    0x0, 0x0, 0xd9, 0x22, 0x22, 0x0, 0x0, 0x4,
    0xff, 0xff, 0xff, 0x0, 0x0, 0xd, 0xf8, 0x0,
    0xb9, 0x0, 0x0, 0xae, 0x2e, 0x48, 0xe1, 0x0,
    0xa, 0xe2, 0x4, 0xff, 0x30, 0x0, 0x8d, 0x21,
    0x7e, 0xcd, 0xd6, 0x10, 0x0, 0x1e, 0xb4, 0x0,
    0x6c, 0xf2, 0x0, 0x0, 0x0, 0x0, 0x0, 0x0,

    /* U+53D6 "取" */
    0x5f, 0xff, 0xff, 0x20, 0x0, 0x0, 0x2c, 0xb7,
    0xea, 0xbc, 0xcc, 0xd3, 0x9, 0x80, 0xc5, 0x6d,
    0x44, 0xf3, 0x9, 0xff, 0xf5, 0x1f, 0x1, 0xf0,
    0x9, 0x80, 0xc5, 0xd, 0x35, 0xc0, 0x9, 0xec,
    0xf5, 0x9, 0x8b, 0x70, 0x9, 0x93, 0xd5, 0x3,
    0xef, 0x10, 0x9, 0x83, 0xdb, 0x30, 0xea, 0x0,
    0x4f, 0xfe, 0xfa, 0x25, 0xfe, 0x20, 0x13, 0x10,
    0xc5, 0x5f, 0x49, 0xd2, 0x0, 0x0, 0xc5, 0xb4,
    0x0, 0x85, 0x0, 0x0, 0x0, 0x0, 0x0, 0x0,

    /* U+53D7 "受" */
    0x0, 0x0, 0x13, 0x46, 0x8a, 0x20, 0xd, 0xff,
    0xed, 0xca, 0x86, 0x20, 0x0, 0xb3, 0xa, 0x60,
    0x2f, 0x10, 0x0, 0x89, 0x6, 0xa0, 0x99, 0x0,
    0x2e, 0xee, 0xee, 0xee, 0xfe, 0xe2, 0x2e, 0x11,
    0x11, 0x11, 0x11, 0xe3, 0x19, 0x24, 0x44, 0x44,
    0x53, 0x91, 0x0, 0x7f, 0xcc, 0xcc, 0xf5, 0x0,
    0x0, 0xc, 0x90, 0xb, 0xa0, 0x0, 0x0, 0x1,
    0xcc, 0xda, 0x0, 0x0, 0x0, 0x37, 0xde, 0xed,
    0x73, 0x0, 0x2f, 0xea, 0x50, 0x5, 0xae, 0xf1,
    0x1, 0x0, 0x0, 0x0, 0x0, 0x10,

    /* U+53F7 "号" */
    0x0, 0xff, 0xff, 0xff, 0xfa, 0x0, 0x0, 0xf2,
    0x0, 0x0, 0x8a, 0x0, 0x0, 0xf2, 0x0, 0x0,
    0x8a, 0x0, 0x0, 0xff, 0xff, 0xff, 0xfa, 0x0,
    0x1, 0x11, 0x11, 0x11, 0x11, 0x10, 0x6e, 0xff,
    0xfe, 0xee, 0xee, 0xe1, 0x0, 0x4f, 0x11, 0x11,
    0x10, 0x0, 0x0, 0xaf, 0xff, 0xff, 0xfa, 0x0,
    0x0, 0x0, 0x0, 0x0, 0xb7, 0x0, 0x0, 0x0,
    0x1, 0x2, 0xf3, 0x0, 0x0, 0x0, 0xa, 0xff,
    0xa0, 0x0, 0x0, 0x0, 0x0, 0x0, 0x0, 0x0,

    /* U+540C "同" */
    0xf, 0xff, 0xff, 0xff, 0xff, 0xf2, 0xf, 0x21,
    0x11, 0x11, 0x11, 0xf2, 0xf, 0x12, 0x22, 0x22,
    0x20, 0xf2, 0xf, 0x1d, 0xdd, 0xdd, 0xc0, 0xf2,
    0xf, 0x10, 0x11, 0x11, 0x0, 0xf2, 0xf, 0x16,
    0xfe, 0xef, 0x30, 0xf2, 0xf, 0x16, 0xa0, 0xd,
    0x30, 0xf2, 0xf, 0x16, 0xb2, 0x2d, 0x30, 0xf2,
    0xf, 0x16, 0xfd, 0xdd, 0x20, 0xf2, 0xf, 0x14,
    0x60, 0x0, 0x11, 0xf1, 0xf, 0x10, 0x0, 0x0,
    0xef, 0xb0,

    /* U+540D "名" */
    0x0, 0x0, 0x10, 0x0, 0x0, 0x0, 0x0, 0xc,
    0xa0, 0x0, 0x0, 0x0, 0x1b, 0xff, 0xff, 0xfe,
    0x0, 0x4e, 0xc2, 0x11, 0x1d, 0x90, 0x1d, 0x79,
    0x50, 0xb, 0xb0, 0x0, 0x0, 0x4f, 0x9d, 0xa0,
    0x0, 0x0, 0x3, 0xcf, 0x71, 0x11, 0x2, 0x8d,
    0xff, 0xff, 0xff, 0xf3, 0x28, 0x5f, 0x0, 0x0,
    0xe, 0x30, 0x2, 0xf0, 0x0, 0x0, 0xe3, 0x0,
    0x2f, 0xdd, 0xdd, 0xdf, 0x30, 0x2, 0xf3, 0x33,
    0x33, 0xf3,

    /* U+542F "启" */
    0x0, 0x0, 0xa, 0x50, 0x0, 0x0, 0x3, 0x33,
    0x9d, 0x33, 0x31, 0x3, 0xfd, 0xdd, 0xdd, 0xdf,
    0x50, 0x3f, 0x0, 0x0, 0x0, 0xd5, 0x3, 0xfe,
    0xee, 0xee, 0xef, 0x50, 0x3f, 0x11, 0x11, 0x11,
    0x10, 0x4, 0xe9, 0xff, 0xff, 0xff, 0x80, 0x7c,
    0xa8, 0x11, 0x11, 0xa9, 0xb, 0x8a, 0x70, 0x0,
    0x9, 0x93, 0xf3, 0xaf, 0xff, 0xff, 0xf9, 0x3b,
    0xa, 0x81, 0x11, 0x1a, 0x90, 0x0, 0x0, 0x0,
    0x0, 0x0,

    /* U+5468 "周" */
    0x5, 0xff, 0xff, 0xff, 0xff, 0xb0, 0x5c, 0x0,
    0x32, 0x0, 0x7b, 0x5, 0xc2, 0x6b, 0xa6, 0x47,
    0xb0, 0x5c, 0x38, 0xcb, 0x85, 0x7b, 0x5, 0xc6,
    0x8c, 0xb8, 0x87, 0xb0, 0x5b, 0x46, 0x66, 0x66,
    0x7b, 0x6, 0xa3, 0xee, 0xee, 0x27, 0xb0, 0x88,
    0x4c, 0x0, 0xd3, 0x7b, 0xc, 0x54, 0xd2, 0x2d,
    0x37, 0xb2, 0xf1, 0x4f, 0xbb, 0xc2, 0x7a, 0x69,
    0x1, 0x50, 0x6, 0xff, 0x60, 0x0, 0x0, 0x0,
    0x0, 0x0,

    /* U+548C "和" */
    0x0, 0x0, 0x0, 0x0, 0x0, 0x0, 0x2, 0x58,
    0xc8, 0x0, 0x0, 0x0, 0x2d, 0xcf, 0x40, 0x8f,
    0xff, 0xf2, 0x0, 0x2f, 0x0, 0x8a, 0x11, 0xf2,
    0x5c, 0xdf, 0xcb, 0x8a, 0x0, 0xf2, 0x14, 0xbf,
    0x53, 0x8a, 0x0, 0xf2, 0x0, 0xef, 0xc0, 0x8a,
    0x0, 0xf2, 0x8, 0xbf, 0x8a, 0x8a, 0x0, 0xf2,
    0x3e, 0x4f, 0x4, 0x8a, 0x0, 0xf2, 0x76, 0x2f,
    0x0, 0x8f, 0xdd, 0xf2, 0x0, 0x2f, 0x0, 0x8b,
    0x44, 0xf2, 0x0, 0x2f, 0x0, 0x12, 0x0, 0x20,

    /* U+5668 "器" */
    0x4, 0xff, 0xf8, 0x3f, 0xff, 0xc0, 0x4, 0xc0,
    0x88, 0x3d, 0x5, 0xc0, 0x4, 0xc0, 0x88, 0x3d,
    0x5, 0xc0, 0x4, 0xee, 0xe9, 0x3e, 0xfe, 0xb0,
    0x0, 0x0, 0x3f, 0x32, 0xc8, 0x0, 0x2f, 0xff,
    0xff, 0xff, 0xff, 0xf9, 0x0, 0x7f, 0x60, 0x4,
    0xe8, 0x10, 0x2f, 0xff, 0xf8, 0x2f, 0xff, 0xf9,
    0x7, 0xc0, 0x98, 0x3d, 0x5, 0xd1, 0x4, 0xc0,
    0x88, 0x3d, 0x5, 0xc0, 0x4, 0xff, 0xf8, 0x3f,
    0xff, 0xc0, 0x0, 0x0, 0x0, 0x1, 0x0, 0x0,

    /* U+56F3 "図" */
    0x2f, 0xff, 0xff, 0xff, 0xff, 0xb2, 0xf1, 0x11,
    0xc4, 0x11, 0x8b, 0x2f, 0x35, 0x5, 0xe2, 0x87,
    0xb2, 0xf3, 0xd5, 0xb2, 0x7b, 0x7b, 0x2f, 0xc,
    0x69, 0x6e, 0x47, 0xb2, 0xf0, 0x3f, 0x3a, 0xb0,
    0x7b, 0x2f, 0x0, 0x8f, 0xe1, 0x7, 0xb2, 0xf4,
    0xaf, 0xae, 0xd8, 0x9b, 0x2f, 0x78, 0x20, 0x6,
    0xa8, 0xb2, 0xff, 0xff, 0xff, 0xff, 0xfb, 0x2f,
    0x22, 0x22, 0x22, 0x28, 0xb0,

    /* U+56FE "图" */
    0x1f, 0xff, 0xff, 0xff, 0xff, 0xf2, 0x1f, 0x0,
    0x57, 0x0, 0x0, 0xf2, 0x1f, 0x3, 0xfd, 0xcc,
    0xa0, 0xf2, 0x1f, 0x5e, 0xe4, 0x3e, 0x60, 0xf2,
    0x1f, 0x12, 0x5f, 0xf7, 0x0, 0xf2, 0x1f, 0x5a,
    0xf9, 0x8e, 0xc6, 0xf2, 0x1f, 0x56, 0x6c, 0x82,
    0x53, 0xf2, 0x1f, 0x2, 0x53, 0x65, 0x0, 0xf2,
    0x1f, 0x4, 0x9c, 0xea, 0x30, 0xf2, 0x1f, 0x44,
    0x44, 0x59, 0x64, 0xf2, 0x1f, 0xcc, 0xcc, 0xcc,
    0xcc, 0xf2,

    /* U+5728 "在" */
    0x0, 0x0, 0x78, 0x0, 0x0, 0x0, 0x2, 0x22,
    0xd8, 0x22, 0x22, 0x21, 0x1f, 0xff, 0xff, 0xff,
    0xff, 0xf7, 0x0, 0xb, 0x80, 0x6, 0x20, 0x0,
    0x0, 0x6e, 0x0, 0xe, 0x40, 0x0, 0x4, 0xf7,
    0x24, 0x4e, 0x74, 0x30, 0x3f, 0xe6, 0x5c, 0xcf,
    0xdc, 0x90, 0x4, 0xa6, 0x0, 0xe, 0x40, 0x0,
    0x0, 0xa6, 0x0, 0xe, 0x40, 0x0, 0x0, 0xa6,
    0x89, 0x9f, 0xa9, 0x94, 0x0, 0xa6, 0xff, 0xff,
    0xff, 0xf8,

    /* U+5730 "地" */
    0x1, 0xf0, 0x0, 0x4, 0xd0, 0x0, 0x1, 0xf0,
    0xd, 0x24, 0xd0, 0x0, 0x2, 0xf2, 0xe, 0x24,
    0xe8, 0xe1, 0x8f, 0xff, 0x5e, 0x6b, 0xfb, 0xf1,
    0x1, 0xf0, 0x6f, 0xea, 0xd0, 0xf1, 0x1, 0xf0,
    0xaf, 0x34, 0xd0, 0xf0, 0x1, 0xf2, 0x2e, 0x24,
    0xd2, 0xf0, 0x5, 0xff, 0x4e, 0x24, 0xda, 0x90,
    0x7f, 0x81, 0xe, 0x21, 0x50, 0x44, 0x11, 0x0,
    0xe, 0x40, 0x0, 0x98, 0x0, 0x0, 0x8, 0xff,
    0xff, 0xe2,

    /* U+57CE "城" */
    0x2, 0xe0, 0x0, 0x1, 0xf7, 0x70, 0x2, 0xe0,
    0x13, 0x23, 0xf3, 0xd2, 0x2, 0xe0, 0x9f, 0xee,
    0xfe, 0xe6, 0x3d, 0xfc, 0x97, 0x0, 0xf1, 0x0,
    0x2, 0xe0, 0x9f, 0xf7, 0xf2, 0xd3, 0x2, 0xe0,
    0x97, 0x68, 0xd6, 0xe0, 0x2, 0xe0, 0x97, 0x77,
    0xbe, 0x80, 0x2, 0xfb, 0xc5, 0x87, 0x9f, 0x10,
    0x4f, 0xd6, 0xe9, 0xf3, 0xbc, 0x9, 0x14, 0x4,
    0xe0, 0xa, 0xcf, 0x5b, 0x0, 0x9, 0x60, 0x7b,
    0x7, 0xf5, 0x0, 0x0, 0x0, 0x0, 0x0, 0x0,

    /* U+57DF "域" */
    0x2, 0xe0, 0x0, 0x0, 0xc7, 0xa0, 0x2, 0xe0,
    0x33, 0x33, 0xc5, 0xb3, 0x2, 0xe1, 0xdd, 0xdd,
    0xfe, 0xd5, 0x5f, 0xff, 0x22, 0x22, 0xa4, 0x10,
    0x3, 0xf0, 0xbc, 0xcb, 0x95, 0xe2, 0x2, 0xe0,
    0xb2, 0x2b, 0x8a, 0xd0, 0x2, 0xe3, 0xbe, 0xeb,
    0x7f, 0x70, 0x4, 0xfe, 0x0, 0x15, 0x6f, 0x10,
    0x4f, 0x93, 0x9d, 0xfc, 0xed, 0x13, 0x2, 0x1,
    0x84, 0x1b, 0xbd, 0x78, 0x0, 0x0, 0x0, 0x3a,
    0x5, 0xf4,

    /* U+5806 "堆" */
    0x0, 0x0, 0x0, 0x0, 0x0, 0x0, 0x1, 0xf0,
    0x0, 0xe4, 0xd1, 0x0, 0x1, 0xf0, 0x5, 0xd0,
    0xa6, 0x0, 0x26, 0xf5, 0x2d, 0xff, 0xff, 0xf4,
    0x5a, 0xfa, 0xdf, 0x80, 0xe2, 0x0, 0x1, 0xf0,
    0x7b, 0xed, 0xfe, 0xd0, 0x1, 0xf0, 0x9, 0x92,
    0xf4, 0x20, 0x1, 0xf2, 0x29, 0x81, 0xf3, 0x10,
    0x6, 0xff, 0x79, 0xff, 0xff, 0xe0, 0x7e, 0x81,
    0x9, 0x80, 0xe2, 0x0, 0x0, 0x0, 0x9, 0xed,
    0xfe, 0xd6, 0x0, 0x0, 0x9, 0x93, 0x33, 0x31,

    /* U+5834 "場" */
    0x1, 0xf0, 0xe, 0xdd, 0xdd, 0xb0, 0x1, 0xf0,
    0xe, 0x76, 0x69, 0xb0, 0x4c, 0xfc, 0x2e, 0x76,
    0x69, 0xb0, 0x26, 0xf5, 0x1e, 0xdd, 0xde, 0xb0,
    0x1, 0xf0, 0x67, 0x77, 0x77, 0x74, 0x1, 0xf0,
    0x8d, 0xc8, 0x88, 0x84, 0x1, 0xfc, 0x7f, 0xdc,
    0xcc, 0xc3, 0x4d, 0xeb, 0xe5, 0xc6, 0xb6, 0xd3,
    0x47, 0x1, 0x37, 0xb2, 0xd0, 0xf2, 0x0, 0x0,
    0x8c, 0x1c, 0x52, 0xf0, 0x0, 0x0, 0x41, 0x79,
    0x6e, 0x90, 0x0, 0x0, 0x0, 0x0, 0x0, 0x0,

    /* U+58F0 "声" */
    0x0, 0x0, 0xd, 0x50, 0x0, 0x6, 0xee, 0xee,
    0xff, 0xee, 0xee, 0x0, 0x0, 0xd, 0x50, 0x0,
    0x0, 0xaf, 0xff, 0xff, 0xff, 0xf7, 0x1, 0x55,
    0x55, 0x55, 0x55, 0x20, 0x3f, 0x99, 0xeb, 0x99,
    0xe7, 0x3, 0xe0, 0xc, 0x50, 0xb, 0x70, 0x5f,
    0xee, 0xfe, 0xee, 0xf7, 0xa, 0x91, 0x11, 0x11,
    0x18, 0x53, 0xf3, 0x0, 0x0, 0x0, 0x0, 0x97,
    0x0, 0x0, 0x0, 0x0, 0x0, 0x0, 0x0, 0x0,
    0x0, 0x0,

    /* U+5907 "备" */
    0x0, 0x0, 0x0, 0x0, 0x0, 0x0, 0x0, 0x4,
    0xe1, 0x0, 0x10, 0x0, 0x0, 0x4f, 0xff, 0xff,
    0xf9, 0x0, 0x9, 0xee, 0x80, 0x1c, 0xc1, 0x0,
    0x7, 0x11, 0xce, 0xfa, 0x0, 0x0, 0x25, 0x8c,
    0xfa, 0xaf, 0xd9, 0x73, 0x7c, 0xd9, 0x44, 0x44,
    0x8c, 0xa3, 0x2, 0xfb, 0xbf, 0xcb, 0xdf, 0x0,
    0x2, 0xf6, 0x6f, 0x86, 0xaf, 0x0, 0x2, 0xf7,
    0x7f, 0x97, 0xaf, 0x0, 0x2, 0xf9, 0x9f, 0xa9,
    0xbf, 0x0, 0x2, 0xf6, 0x66, 0x66, 0xaf, 0x0,
    0x0, 0x0, 0x0, 0x0, 0x0, 0x0,

    /* U+590D "复" */
    0x0, 0x0, 0x0, 0x0, 0x0, 0x0, 0x0, 0x1e,
    0x10, 0x0, 0x0, 0x0, 0x0, 0xcf, 0xff, 0xff,
    0xff, 0xf2, 0xc, 0xd6, 0x66, 0x66, 0x66, 0x20,
    0x6, 0x5e, 0x66, 0x66, 0x6e, 0x50, 0x0, 0x4f,
    0xbb, 0xbb, 0xbf, 0x50, 0x0, 0x4e, 0x88, 0x88,
    0x8e, 0x50, 0x0, 0x18, 0xf5, 0x55, 0x55, 0x10,
    0x0, 0x4e, 0xed, 0xdd, 0xfe, 0x0, 0x5, 0xd7,
    0xd5, 0x18, 0xe3, 0x0, 0x0, 0x13, 0x9f, 0xff,
    0x62, 0x0, 0x3f, 0xfc, 0x94, 0x26, 0xad, 0xf7,
    0x1, 0x0, 0x0, 0x0, 0x0, 0x0,

    /* U+5929 "天" */
    0x3, 0x44, 0x44, 0x44, 0x44, 0x30, 0xb, 0xee,
    0xef, 0xfe, 0xee, 0xa0, 0x0, 0x0, 0xb, 0x80,
    0x0, 0x0, 0x0, 0x0, 0xb, 0x70, 0x0, 0x0,
    0x2d, 0xdd, 0xdf, 0xed, 0xdd, 0xd3, 0x15, 0x55,
    0x6f, 0xf5, 0x55, 0x51, 0x0, 0x0, 0x6e, 0xd6,
    0x0, 0x0, 0x0, 0x2, 0xe7, 0x4f, 0x30, 0x0,
    0x0, 0x3e, 0xb0, 0x8, 0xe4, 0x0, 0x2a, 0xf8,
    0x0, 0x0, 0x7f, 0xb3, 0x19, 0x20, 0x0, 0x0,
    0x2, 0x91,

    /* U+5931 "失" */
    0x0, 0x4a, 0x8, 0xa0, 0x0, 0x0, 0x0, 0x9b,
    0x19, 0xa1, 0x11, 0x0, 0x1, 0xff, 0xff, 0xff,
    0xff, 0x60, 0xa, 0xb0, 0x8, 0xa0, 0x0, 0x0,
    0x6, 0x10, 0x9, 0x90, 0x0, 0x0, 0x2f, 0xff,
    0xff, 0xff, 0xff, 0xf9, 0x3, 0x33, 0x4f, 0xf7,
    0x33, 0x31, 0x0, 0x0, 0x9d, 0x7d, 0x10, 0x0,
    0x0, 0x9, 0xf3, 0xb, 0xd2, 0x0, 0x17, 0xed,
    0x30, 0x0, 0xaf, 0xa4, 0xa, 0x60, 0x0, 0x0,
    0x4, 0xa5,

    /* U+59CB "始" */
    0x0, 0x0, 0x0, 0x0, 0x0, 0x0, 0x1, 0xf0,
    0x0, 0xd, 0x60, 0x0, 0x3, 0xd0, 0x0, 0x5e,
    0x5, 0x0, 0x7f, 0xff, 0x90, 0xd6, 0xa, 0x90,
    0x1a, 0x88, 0x98, 0xd2, 0x36, 0xf2, 0xc, 0x39,
    0x7f, 0xfe, 0xdb, 0xca, 0xf, 0xc, 0x42, 0x0,
    0x0, 0x12, 0x2e, 0x8f, 0x18, 0xff, 0xff, 0xf1,
    0x1, 0xde, 0x8, 0x81, 0x11, 0xf1, 0x2, 0xfd,
    0xa8, 0x80, 0x0, 0xf1, 0x2d, 0xb0, 0x38, 0xdb,
    0xbb, 0xf1, 0x2b, 0x0, 0x8, 0xa4, 0x44, 0xf1,
    0x0, 0x0, 0x0, 0x0, 0x0, 0x0,

    /* U+5B57 "字" */
    0x0, 0x0, 0x4, 0x0, 0x0, 0x0, 0x2, 0x22,
    0x2e, 0x82, 0x22, 0x20, 0x1f, 0xff, 0xff, 0xff,
    0xff, 0xf1, 0x1f, 0x0, 0x0, 0x0, 0x1, 0xf1,
    0x1a, 0x2e, 0xee, 0xee, 0xe2, 0xa1, 0x0, 0x2,
    0x22, 0x7f, 0x80, 0x0, 0x0, 0x0, 0xa, 0xc3,
    0x0, 0x0, 0x5e, 0xee, 0xef, 0xfe, 0xee, 0xd0,
    0x13, 0x33, 0x3d, 0x83, 0x33, 0x30, 0x0, 0x0,
    0xd, 0x60, 0x0, 0x0, 0x0, 0x1, 0x1d, 0x50,
    0x0, 0x0, 0x0, 0x8, 0xfe, 0x20, 0x0, 0x0,
    0x0, 0x0, 0x0, 0x0, 0x0, 0x0,

    /* U+5B58 "存" */
    0x0, 0x0, 0x22, 0x0, 0x0, 0x0, 0x0, 0x0,
    0xa8, 0x0, 0x0, 0x0, 0x1c, 0xcc, 0xfd, 0xcc,
    0xcc, 0xc6, 0x5, 0x5a, 0xd5, 0x55, 0x55, 0x52,
    0x0, 0xe, 0x51, 0x11, 0x11, 0x0, 0x0, 0x8c,
    0xd, 0xff, 0xff, 0xb0, 0x5, 0xf6, 0x0, 0x2,
    0xca, 0x10, 0x4f, 0xe5, 0x11, 0x1a, 0xb1, 0x10,
    0x15, 0xb5, 0xdf, 0xff, 0xff, 0xf7, 0x0, 0xb5,
    0x0, 0x9, 0x90, 0x0, 0x0, 0xb5, 0x0, 0xa,
    0x90, 0x0, 0x0, 0xb5, 0x5, 0xff, 0x50, 0x0,
    0x0, 0x0, 0x0, 0x0, 0x0, 0x0,

    /* U+5B8C "完" */
    0x0, 0x0, 0x4, 0x10, 0x0, 0x0, 0x0, 0x0,
    0xb, 0xa0, 0x0, 0x0, 0x1f, 0xff, 0xff, 0xff,
    0xff, 0xf0, 0x1f, 0x10, 0x0, 0x0, 0x2, 0xf0,
    0x1f, 0x3d, 0xdd, 0xdd, 0xd4, 0xf0, 0x0, 0x3,
    0x33, 0x33, 0x30, 0x0, 0x26, 0x66, 0x66, 0x66,
    0x66, 0x62, 0x3a, 0xab, 0xfa, 0xbf, 0xaa, 0xa3,
    0x0, 0x5, 0xd0, 0x2f, 0x0, 0x0, 0x0, 0x9,
    0xa0, 0x2f, 0x0, 0x42, 0x0, 0x7f, 0x20, 0x2f,
    0x10, 0xa7, 0x3f, 0xc3, 0x0, 0xd, 0xff, 0xe2,
    0x1, 0x0, 0x0, 0x0, 0x0, 0x0,

    /* U+5B9A "定" */
    0x0, 0x0, 0x2, 0x10, 0x0, 0x0, 0x0, 0x0,
    0xb, 0x90, 0x0, 0x0, 0x1f, 0xff, 0xff, 0xff,
    0xff, 0xf1, 0x1f, 0x22, 0x22, 0x22, 0x23, 0xf1,
    0x1d, 0x37, 0x77, 0x77, 0x74, 0xd1, 0x0, 0x4a,
    0xad, 0xda, 0xa4, 0x0, 0x0, 0x46, 0x9, 0x90,
    0x0, 0x0, 0x0, 0x98, 0x9, 0xed, 0xdd, 0x0,
    0x0, 0xdb, 0x9, 0xa3, 0x33, 0x0, 0x3, 0xfe,
    0x59, 0x90, 0x0, 0x0, 0xb, 0x94, 0xfe, 0xa2,
    0x22, 0x21, 0x4d, 0x10, 0x2a, 0xdf, 0xff, 0xf4,
    0x0, 0x0, 0x0, 0x0, 0x0, 0x0,

    /* U+5BA2 "客" */
    0x0, 0x0, 0x1, 0x10, 0x0, 0x0, 0x1, 0x11,
    0x1b, 0xa1, 0x11, 0x10, 0x1f, 0xff, 0xff, 0xff,
    0xff, 0xf2, 0x1f, 0x0, 0xb6, 0x0, 0x0, 0xf2,
    0x5, 0x1c, 0xfe, 0xef, 0xf2, 0x50, 0x6, 0xea,
    0xe4, 0x4e, 0x60, 0x0, 0x2, 0x20, 0x9f, 0xf9,
    0x0, 0x0, 0x26, 0xae, 0xc6, 0x6c, 0xfd, 0xa3,
    0x3a, 0xaf, 0xff, 0xff, 0xfa, 0x80, 0x0, 0x5c,
    0x0, 0x0, 0xc6, 0x0, 0x0, 0x5d, 0x22, 0x22,
    0xc6, 0x0, 0x0, 0x5f, 0xdd, 0xdd, 0xf6, 0x0,
    0x0, 0x0, 0x0, 0x0, 0x0, 0x0,

    /* U+5BC6 "密" */
    0x0, 0x0, 0x0, 0x10, 0x0, 0x0, 0x1, 0x11,
    0x18, 0xa1, 0x11, 0x10, 0x1f, 0xff, 0xff, 0xff,
    0xff, 0xf2, 0x1f, 0x0, 0x5c, 0x31, 0x70, 0xf2,
    0x5, 0x63, 0xa4, 0xad, 0x74, 0x50, 0x7, 0xc3,
    0xc6, 0xe5, 0x2c, 0x80, 0x2e, 0x37, 0xfa, 0x10,
    0xb5, 0xe4, 0x3a, 0xd9, 0xcd, 0xee, 0xb0, 0x20,
    0x4, 0x60, 0x6, 0xa0, 0x7, 0x10, 0x2, 0xf2,
    0x6, 0xa0, 0xe, 0x30, 0x2, 0xf9, 0x9c, 0xd9,
    0x9f, 0x30, 0x1, 0x88, 0x88, 0x88, 0x8f, 0x30,

    /* U+5BFE "対" */
    0x0, 0x58, 0x0, 0x0, 0xe, 0x30, 0x0, 0x1e,
    0x20, 0x0, 0xe, 0x30, 0x4f, 0xff, 0xfe, 0x22,
    0x2f, 0x51, 0x1, 0x11, 0xa8, 0xff, 0xff, 0xf7,
    0x8, 0x40, 0xe3, 0x0, 0xe, 0x30, 0x4, 0xf6,
    0xe0, 0xc3, 0xe, 0x30, 0x0, 0x6f, 0x90, 0x7c,
    0xe, 0x30, 0x0, 0x1f, 0xc0, 0xc, 0xe, 0x30,
    0x0, 0xba, 0xd7, 0x0, 0xe, 0x30, 0x1b, 0xd0,
    0x46, 0x2, 0x3f, 0x30, 0x2b, 0x10, 0x0, 0x8,
    0xfc, 0x0,

    /* U+5C4F "屏" */
    0x7, 0xff, 0xff, 0xff, 0xff, 0xd0, 0x7, 0xb0,
    0x0, 0x0, 0x6, 0xd0, 0x7, 0xfc, 0xcc, 0xcc,
    0xce, 0xd0, 0x7, 0xc3, 0x98, 0x33, 0x7a, 0x20,
    0x7, 0xa1, 0x7a, 0x22, 0xc7, 0x20, 0x7, 0xab,
    0xdf, 0xdd, 0xfd, 0xd0, 0x8, 0x90, 0x2f, 0x0,
    0xe3, 0x0, 0xa, 0xae, 0xef, 0xee, 0xfe, 0xe5,
    0xe, 0x50, 0x8c, 0x0, 0xe4, 0x0, 0x3f, 0x15,
    0xf5, 0x0, 0xe3, 0x0, 0x59, 0x1c, 0x60, 0x0,
    0xe3, 0x0, 0x0, 0x0, 0x0, 0x0, 0x0, 0x0,

    /* U+5C65 "履" */
    0x9, 0xfe, 0xee, 0xee, 0xee, 0xe0, 0x9, 0x91,
    0x11, 0x11, 0x14, 0xe0, 0x9, 0xff, 0xff, 0xff,
    0xff, 0xe0, 0x9, 0x91, 0xa0, 0xa5, 0x22, 0x20,
    0x9, 0xad, 0x66, 0xd9, 0x99, 0x92, 0x9, 0x83,
    0xcb, 0xe8, 0x89, 0xc0, 0xa, 0x8c, 0x90, 0xf8,
    0x89, 0xd0, 0xc, 0xbe, 0x70, 0x9f, 0x88, 0x70,
    0xf, 0x28, 0x73, 0xdc, 0xad, 0xc0, 0x4e, 0x8,
    0x88, 0x5d, 0xad, 0x10, 0x68, 0x8, 0x77, 0xc9,
    0x69, 0xc5, 0x0, 0x0, 0x0, 0x0, 0x0, 0x0,

    /* U+5DE5 "工" */
    0x9, 0x99, 0x99, 0x99, 0x99, 0x50, 0x9, 0x99,
    0x9f, 0xb9, 0x99, 0x50, 0x0, 0x0, 0xe, 0x60,
    0x0, 0x0, 0x0, 0x0, 0xe, 0x60, 0x0, 0x0,
    0x0, 0x0, 0xe, 0x60, 0x0, 0x0, 0x0, 0x0,
    0xe, 0x60, 0x0, 0x0, 0x0, 0x0, 0xe, 0x60,
    0x0, 0x0, 0x0, 0x0, 0xe, 0x60, 0x0, 0x0,
    0xaf, 0xff, 0xff, 0xff, 0xff, 0xf3, 0x12, 0x22,
    0x22, 0x22, 0x22, 0x20,

    /* U+5DF2 "已" */
    0xef, 0xff, 0xff, 0xff, 0xb0, 0x1, 0x11, 0x11,
    0x11, 0x8b, 0x0, 0x0, 0x0, 0x0, 0x7, 0xb0,
    0x5, 0xd0, 0x0, 0x0, 0x7b, 0x0, 0x5d, 0x22,
    0x22, 0x28, 0xb0, 0x5, 0xff, 0xff, 0xff, 0xfb,
    0x0, 0x5d, 0x0, 0x0, 0x3, 0x60, 0x5, 0xd0,
    0x0, 0x0, 0x0, 0x30, 0x5d, 0x0, 0x0, 0x0,
    0xf, 0x34, 0xe3, 0x22, 0x22, 0x26, 0xf0, 0xb,
    0xff, 0xff, 0xff, 0xe6, 0x0,

    /* U+5E02 "市" */
    0x0, 0x0, 0x0, 0x10, 0x0, 0x0, 0x0, 0x0,
    0x9, 0xb0, 0x0, 0x0, 0x6, 0x66, 0x68, 0xf7,
    0x66, 0x65, 0x1b, 0xbb, 0xbc, 0xfb, 0xbb, 0xb8,
    0x0, 0x0, 0x5, 0xe0, 0x0, 0x0, 0x3, 0xff,
    0xff, 0xff, 0xff, 0x80, 0x3, 0xe2, 0x26, 0xe2,
    0x2a, 0x90, 0x3, 0xe0, 0x5, 0xe0, 0x9, 0x90,
    0x3, 0xe0, 0x5, 0xe0, 0x9, 0x90, 0x3, 0xe0,
    0x5, 0xe1, 0x3b, 0x80, 0x3, 0xd0, 0x5, 0xe1,
    0xdc, 0x30, 0x0, 0x0, 0x5, 0xe0, 0x0, 0x0,

    /* U+5E2F "帯" */
    0x0, 0x87, 0xd, 0x40, 0xc4, 0x0, 0x6f, 0xff,
    0xff, 0xff, 0xff, 0xf3, 0x0, 0x87, 0xd, 0x40,
    0xd5, 0x0, 0x0, 0x8e, 0xef, 0xee, 0xe4, 0x0,
    0x6, 0x66, 0x66, 0x66, 0x66, 0x60, 0x2f, 0x88,
    0x8e, 0xa8, 0x89, 0xe0, 0x2f, 0x22, 0x2d, 0x62,
    0x34, 0xe0, 0x4, 0xcd, 0xcf, 0xdc, 0xdc, 0x40,
    0x0, 0xc4, 0xd, 0x40, 0x6c, 0x0, 0x0, 0xc4,
    0xd, 0x4a, 0xf9, 0x0, 0x0, 0x0, 0xd, 0x40,
    0x0, 0x0,

    /* U+5E45 "幅" */
    0x0, 0x78, 0x8, 0xee, 0xee, 0xe7, 0x0, 0x78,
    0x0, 0x0, 0x0, 0x0, 0x1f, 0xff, 0xf0, 0xed,
    0xdd, 0xd0, 0x1c, 0x88, 0xc1, 0xf0, 0x1, 0xe0,
    0x1c, 0x78, 0xc1, 0xfd, 0xdd, 0xe0, 0x1c, 0x78,
    0xc2, 0x33, 0x33, 0x31, 0x1c, 0x78, 0xc9, 0xdb,
    0xfb, 0xe6, 0x1c, 0x79, 0xd8, 0x81, 0xe0, 0xb6,
    0x5, 0x78, 0x48, 0xfe, 0xfe, 0xf6, 0x0, 0x78,
    0x8, 0x91, 0xe1, 0xb6, 0x0, 0x78, 0x7, 0xed,
    0xdd, 0xf5,

    /* U+5E55 "幕" */
    0x3e, 0xef, 0xfe, 0xef, 0xfe, 0xe0, 0x0, 0x4,
    0x20, 0x5, 0x10, 0x0, 0x0, 0xdb, 0xbb, 0xbb,
    0xbd, 0x10, 0x1, 0xf7, 0x66, 0x66, 0x7f, 0x10,
    0x1, 0xf5, 0x55, 0x55, 0x5f, 0x10, 0x0, 0xbc,
    0xfb, 0xbb, 0xbb, 0x10, 0x8d, 0xde, 0xfd, 0xdd,
    0xdd, 0xd2, 0x13, 0xdc, 0x3d, 0x64, 0xe8, 0x20,
    0x6e, 0xef, 0xef, 0xee, 0xff, 0xd2, 0x13, 0x88,
    0xd, 0x40, 0xaa, 0x30, 0x0, 0x67, 0xd, 0x48,
    0xc5, 0x0,

    /* U+5E93 "库" */
    0x0, 0x0, 0x0, 0x10, 0x0, 0x0, 0x0, 0x0,
    0x2, 0xf2, 0x0, 0x0, 0x8, 0xff, 0xff, 0xff,
    0xff, 0xf7, 0x9, 0x91, 0x17, 0x91, 0x11, 0x10,
    0x9, 0x9a, 0xdf, 0xfd, 0xdd, 0xd0, 0x9, 0x92,
    0x7e, 0x34, 0x32, 0x20, 0x9, 0x80, 0xd6, 0xf,
    0x30, 0x0, 0xa, 0x74, 0xfe, 0xef, 0xfe, 0xa0,
    0xb, 0x60, 0x0, 0xf, 0x30, 0x0, 0xe, 0x5f,
    0xff, 0xff, 0xff, 0xf7, 0x3f, 0x1, 0x11, 0x1f,
    0x41, 0x10, 0x49, 0x0, 0x0, 0xf, 0x30, 0x0,
    0x0, 0x0, 0x0, 0x0, 0x0, 0x0,

    /* U+5EA6 "度" */
    0x0, 0x0, 0x0, 0x10, 0x0, 0x0, 0x0, 0x0,
    0x1, 0xf1, 0x0, 0x0, 0x8, 0xff, 0xff, 0xff,
    0xff, 0xf7, 0x8, 0xa1, 0x3d, 0x11, 0xc4, 0x10,
    0x8, 0x9e, 0xef, 0xee, 0xfe, 0xe1, 0x8, 0x90,
    0x2e, 0x0, 0xe4, 0x0, 0x8, 0x90, 0x2f, 0xcc,
    0xf4, 0x0, 0x9, 0x80, 0x4, 0x44, 0x41, 0x0,
    0xb, 0x7e, 0xff, 0xee, 0xff, 0x20, 0xd, 0x40,
    0x8c, 0x22, 0xd8, 0x0, 0x1f, 0x10, 0x1b, 0xff,
    0xa1, 0x0, 0x6b, 0x4f, 0xea, 0x67, 0xcf, 0xe3,
    0x0, 0x1, 0x0, 0x0, 0x0, 0x20,

    /* U+5EF6 "延" */
    0x0, 0x0, 0x0, 0x0, 0x3, 0x30, 0x9f, 0xfc,
    0x16, 0x9c, 0xed, 0x90, 0x0, 0x98, 0x15, 0x47,
    0x90, 0x0, 0x2, 0xe1, 0x0, 0x6, 0xb0, 0x0,
    0xb, 0x60, 0xd, 0x6, 0xc4, 0x40, 0x4f, 0xff,
    0x2f, 0x16, 0xec, 0xc2, 0x1, 0x1f, 0xf, 0x16,
    0xb0, 0x0, 0x2c, 0x3d, 0xf, 0x16, 0xb0, 0x0,
    0xc, 0xc9, 0xf, 0x9c, 0xe9, 0x92, 0x5, 0xf5,
    0x7, 0x77, 0x77, 0x72, 0xa, 0xdf, 0x94, 0x21,
    0x11, 0x10, 0x7e, 0x12, 0x9d, 0xff, 0xff, 0xf4,
    0x1, 0x0, 0x0, 0x0, 0x0, 0x0,

    /* U+5F00 "开" */
    0x3f, 0xff, 0xff, 0xff, 0xff, 0xf1, 0x2b, 0xbf,
    0xdb, 0xbd, 0xfb, 0xb0, 0x0, 0xd, 0x50, 0x5,
    0xd0, 0x0, 0x0, 0xd, 0x50, 0x5, 0xd0, 0x0,
    0x1, 0x1d, 0x61, 0x16, 0xd1, 0x10, 0x9f, 0xff,
    0xff, 0xff, 0xff, 0xf6, 0x0, 0xf, 0x30, 0x5,
    0xd0, 0x0, 0x0, 0x4f, 0x0, 0x5, 0xd0, 0x0,
    0x0, 0xc9, 0x0, 0x5, 0xd0, 0x0, 0xa, 0xe1,
    0x0, 0x5, 0xd0, 0x0, 0x3d, 0x20, 0x0, 0x5,
    0xd0, 0x0, 0x0, 0x0, 0x0, 0x0, 0x0, 0x0,

    /* U+5F03 "弃" */
    0x0, 0x0, 0x2, 0x0, 0x0, 0x0, 0x0, 0x0,
    0xe, 0x50, 0x0, 0x0, 0x8f, 0xff, 0xff, 0xff,
    0xff, 0xf1, 0x1, 0x19, 0xe2, 0x1b, 0x51, 0x10,
    0x0, 0x9d, 0x20, 0x17, 0xf4, 0x0, 0x8, 0xff,
    0xff, 0xed, 0xdf, 0x40, 0x1, 0x26, 0x10, 0x4,
    0x35, 0x20, 0x1, 0x1f, 0x41, 0x1b, 0x81, 0x10,
    0x9f, 0xff, 0xff, 0xff, 0xff, 0xf6, 0x0, 0x4f,
    0x0, 0xb, 0x70, 0x0, 0x5, 0xf6, 0x0, 0xb,
    0x70, 0x0, 0x6d, 0x40, 0x0, 0xb, 0x70, 0x0,
    0x0, 0x0, 0x0, 0x0, 0x0, 0x0,

    /* U+5F0F "式" */
    0x0, 0x0, 0x0, 0x0, 0x0, 0x0, 0x0, 0x0,
    0x0, 0x5e, 0x2c, 0x20, 0x0, 0x0, 0x0, 0x4e,
    0x5, 0xa0, 0x5f, 0xff, 0xff, 0xff, 0xff, 0xf6,
    0x2, 0x22, 0x22, 0x4f, 0x22, 0x20, 0x3, 0x44,
    0x44, 0x3f, 0x10, 0x0, 0xc, 0xdf, 0xed, 0x4f,
    0x30, 0x0, 0x0, 0xe, 0x30, 0xd, 0x60, 0x0,
    0x0, 0xe, 0x30, 0x9, 0xa0, 0x10, 0x0, 0xe,
    0x66, 0x64, 0xf0, 0x69, 0x29, 0xcf, 0xea, 0x50,
    0xd9, 0xa7, 0x18, 0x51, 0x0, 0x0, 0x3d, 0xe2,

    /* U+5F37 "強" */
    0x0, 0x0, 0x0, 0x54, 0x0, 0x0, 0x8f, 0xff,
    0x40, 0xe4, 0x14, 0x0, 0x0, 0xc, 0x47, 0xb0,
    0x2f, 0x20, 0x0, 0xc, 0x6f, 0xbb, 0xcf, 0xc0,
    0x2b, 0x9e, 0x7c, 0xac, 0x75, 0xe3, 0x5d, 0x88,
    0x23, 0x3f, 0x53, 0x30, 0x78, 0x0, 0x4e, 0xbf,
    0xcc, 0xe0, 0x9f, 0xef, 0x9b, 0xe, 0x21, 0xe0,
    0x0, 0xd, 0x8e, 0xef, 0xfe, 0xd0, 0x0, 0xe,
    0x30, 0xe, 0x29, 0x60, 0x0, 0x1f, 0x46, 0x7f,
    0xbd, 0xf1, 0xb, 0xfa, 0x6b, 0xa9, 0x86, 0xd6,
    0x0, 0x0, 0x0, 0x0, 0x0, 0x0,

    /* U+5F39 "弹" */
    0x0, 0x0, 0x2, 0x10, 0x5, 0x20, 0x5f, 0xff,
    0x28, 0xb0, 0x1f, 0x40, 0x0, 0xf, 0x21, 0xe1,
    0x7c, 0x0, 0x0, 0xf, 0x49, 0x99, 0xfb, 0x90,
    0x2f, 0xff, 0x6d, 0x5e, 0x85, 0xf1, 0x2d, 0x11,
    0x4e, 0xbf, 0xcb, 0xf1, 0x3c, 0x1, 0x4c, 0x3e,
    0x73, 0xf1, 0x3f, 0xff, 0x6e, 0xbf, 0xdb, 0xf1,
    0x0, 0xf, 0x23, 0x3e, 0x73, 0x30, 0x0, 0x1f,
    0xef, 0xff, 0xff, 0xf5, 0x1, 0x5d, 0x0, 0xd,
    0x50, 0x0, 0xe, 0xf7, 0x0, 0xd, 0x50, 0x0,
    0x0, 0x0, 0x0, 0x1, 0x0, 0x0,

    /* U+5F55 "录" */
    0x0, 0x0, 0x0, 0x0, 0x0, 0x0, 0x7, 0xff,
    0xff, 0xff, 0xff, 0x0, 0x0, 0x0, 0x0, 0x0,
    0x8e, 0x0, 0x1, 0xcc, 0xcc, 0xcc, 0xed, 0x0,
    0x0, 0x44, 0x44, 0x44, 0xbc, 0x0, 0x4a, 0xaa,
    0xaa, 0xaa, 0xee, 0xa0, 0x37, 0x97, 0x7e, 0xb7,
    0x7a, 0x70, 0x3, 0xe8, 0xd, 0xc0, 0x8e, 0x20,
    0x0, 0x1a, 0x5e, 0xee, 0xb1, 0x0, 0x1, 0x6d,
    0xde, 0x6c, 0xb2, 0x0, 0x1f, 0xb4, 0xd, 0x50,
    0x9f, 0xa0, 0x1, 0x4, 0xfe, 0x20, 0x2, 0x50,
    0x0, 0x0, 0x0, 0x0, 0x0, 0x0,

    /* U+5F62 "形" */
    0x0, 0x0, 0x0, 0x0, 0x0, 0x60, 0x5f, 0xff,
    0xff, 0xf0, 0xa, 0xc0, 0x4c, 0xfc, 0xdf, 0xc0,
    0x9e, 0x10, 0x1, 0xf0, 0x3e, 0xa, 0xe2, 0x0,
    0x1, 0xf0, 0x3e, 0x4, 0x10, 0x40, 0x24, 0xf4,
    0x6f, 0x30, 0x6, 0xe2, 0x7d, 0xfd, 0xdf, 0xd2,
    0x9d, 0x20, 0x2, 0xf0, 0x3e, 0x8, 0xa1, 0x10,
    0x4, 0xd0, 0x3e, 0x0, 0x0, 0xd7, 0x8, 0x90,
    0x3e, 0x0, 0x1c, 0xb0, 0x1e, 0x30, 0x3e, 0x6,
    0xe9, 0x0, 0x5a, 0x0, 0x3e, 0x2c, 0x40, 0x0,
    0x0, 0x0, 0x0, 0x0, 0x0, 0x0,

    /* U+5F97 "得" */
    0x0, 0x2, 0x0, 0x0, 0x0, 0x0, 0x0, 0xad,
    0x2f, 0xdd, 0xdd, 0xf0, 0x1b, 0xd1, 0x1f, 0x55,
    0x57, 0xf0, 0x5a, 0x18, 0x3f, 0x66, 0x68, 0xf0,
    0x0, 0x8d, 0x2f, 0xcc, 0xcd, 0xf0, 0x6, 0xf4,
    0x1, 0x11, 0x11, 0x10, 0x6f, 0xf2, 0x8f, 0xff,
    0xff, 0xf6, 0x66, 0xf2, 0x0, 0x0, 0x4e, 0x0,
    0x0, 0xf2, 0xde, 0xee, 0xff, 0xe9, 0x0, 0xf2,
    0xc, 0x40, 0x3e, 0x0, 0x0, 0xf2, 0x3, 0xd0,
    0x3e, 0x0, 0x0, 0xf2, 0x0, 0xb, 0xfa, 0x0,
    0x0, 0x0, 0x0, 0x0, 0x0, 0x0,

    /* U+5FA9 "復" */
    0x0, 0x0, 0x0, 0x0, 0x0, 0x0, 0x0, 0xa8,
    0xb, 0x70, 0x0, 0x0, 0xa, 0xb0, 0x3f, 0xff,
    0xff, 0xf9, 0x6b, 0x27, 0xdb, 0x55, 0x55, 0x40,
    0x0, 0xba, 0x7e, 0x76, 0x68, 0xe0, 0x8, 0xf2,
    0xe, 0xbb, 0xbc, 0xe0, 0x7e, 0xf1, 0xe, 0x88,
    0x89, 0xe0, 0x32, 0xf1, 0x4, 0xe7, 0x44, 0x30,
    0x0, 0xf1, 0x1c, 0xec, 0xce, 0xb0, 0x0, 0xf2,
    0xd8, 0xd6, 0x7d, 0x20, 0x0, 0xf1, 0x13, 0xaf,
    0xf8, 0x30, 0x0, 0xf2, 0xeb, 0x72, 0x38, 0xc8,

    /* U+5FD7 "志" */
    0x0, 0x0, 0xe, 0x40, 0x0, 0x0, 0x34, 0x44,
    0x4f, 0x74, 0x44, 0x40, 0x8c, 0xcc, 0xcf, 0xdc,
    0xcc, 0xc0, 0x0, 0x0, 0xe, 0x40, 0x0, 0x0,
    0xa, 0xcc, 0xcf, 0xdc, 0xcc, 0x30, 0x4, 0x55,
    0x78, 0x55, 0x55, 0x10, 0x0, 0x2, 0x5f, 0x80,
    0x0, 0x0, 0xa, 0x5e, 0x32, 0xe6, 0x4e, 0x0,
    0x1f, 0x2e, 0x30, 0x10, 0x4d, 0x60, 0x7c, 0xe,
    0x40, 0x2, 0xf6, 0xd0, 0x23, 0x9, 0xff, 0xff,
    0x90, 0x60,

    /* U+5FEB "快" */
    0x1, 0xf1, 0x0, 0x2f, 0x0, 0x0, 0x1, 0xf1,
    0x1, 0x3f, 0x11, 0x10, 0x17, 0xfb, 0x7f, 0xff,
    0xff, 0xe0, 0x4a, 0xf7, 0x70, 0x2f, 0x3, 0xe0,
    0x78, 0xf2, 0x30, 0x2f, 0x3, 0xe0, 0x43, 0xf1,
    0x8b, 0xcf, 0xbc, 0xf8, 0x1, 0xf1, 0x56, 0xaf,
    0xc6, 0x65, 0x1, 0xf1, 0x0, 0xbb, 0xf1, 0x0,
    0x1, 0xf1, 0x4, 0xf1, 0xbc, 0x0, 0x1, 0xf1,
    0x5f, 0x50, 0x1e, 0xc3, 0x1, 0xf2, 0xd5, 0x0,
    0x1, 0xb8, 0x0, 0x0, 0x0, 0x0, 0x0, 0x0,

    /* U+6062 "恢" */
    0x0, 0x0, 0x0, 0x0, 0x0, 0x0, 0x1, 0xe0,
    0x3, 0xc0, 0x0, 0x0, 0x1, 0xe0, 0x27, 0xc2,
    0x22, 0x20, 0x7, 0xfb, 0xcf, 0xed, 0xdd, 0xd3,
    0x2c, 0xeb, 0x2a, 0x60, 0x82, 0x0, 0x5a, 0xe5,
    0x2d, 0x46, 0xc2, 0x80, 0x45, 0xe0, 0x2e, 0x58,
    0xe2, 0xd0, 0x1, 0xe0, 0x89, 0xa4, 0xf6, 0x80,
    0x1, 0xe1, 0xe2, 0x35, 0xf4, 0x10, 0x1, 0xe8,
    0x90, 0xd, 0xba, 0x0, 0x1, 0xe0, 0x1, 0xbb,
    0xd, 0x80, 0x1, 0xe0, 0xb, 0x90, 0x1, 0xb2,
    0x0, 0x0, 0x0, 0x0, 0x0, 0x0,

    /* U+606F "息" */
    0x0, 0x0, 0x0, 0x0, 0x0, 0x0, 0x0, 0x0,
    0xe, 0x30, 0x0, 0x0, 0x0, 0xcd, 0xdf, 0xdd,
    0xd4, 0x0, 0x0, 0xe5, 0x33, 0x33, 0xd5, 0x0,
    0x0, 0xeb, 0xaa, 0xaa, 0xf5, 0x0, 0x0, 0xea,
    0x99, 0x99, 0xe5, 0x0, 0x0, 0xe5, 0x33, 0x33,
    0xd5, 0x0, 0x0, 0xce, 0xef, 0xee, 0xe4, 0x0,
    0x2, 0x15, 0x1e, 0x40, 0x17, 0x0, 0xd, 0x5f,
    0x4, 0xd1, 0x3e, 0x60, 0x5d, 0x1f, 0x10, 0x14,
    0xd6, 0xd0, 0x34, 0xb, 0xff, 0xff, 0x70, 0x20,

    /* U+611F "感" */
    0x0, 0x0, 0x0, 0x0, 0x0, 0x0, 0x0, 0x0,
    0x0, 0xe, 0x4c, 0x30, 0x8, 0xfe, 0xee, 0xef,
    0xee, 0xe5, 0x8, 0x85, 0x55, 0x4b, 0x41, 0x60,
    0x9, 0x87, 0x77, 0x68, 0x89, 0x80, 0xa, 0x6e,
    0xcd, 0xa4, 0xee, 0x10, 0xe, 0x3f, 0x35, 0xb4,
    0xf6, 0x56, 0x4d, 0x7, 0x88, 0x7e, 0x7f, 0xe5,
    0x3, 0x6, 0x27, 0x90, 0x4, 0x50, 0x8, 0x8d,
    0x61, 0xd5, 0x39, 0xa0, 0x1f, 0x2d, 0x60, 0x21,
    0xa6, 0xf2, 0x27, 0x8, 0xee, 0xee, 0xd1, 0x41,

    /* U+6162 "慢" */
    0x0, 0xf0, 0x4e, 0xbb, 0xbd, 0x90, 0x0, 0xf2,
    0x4e, 0x99, 0x9d, 0x90, 0x9, 0xfc, 0x5d, 0x44,
    0x4b, 0x90, 0x2a, 0xf9, 0x57, 0x77, 0x77, 0x40,
    0x48, 0xf1, 0xec, 0xfb, 0xfb, 0xf2, 0x33, 0xf0,
    0xe5, 0xe4, 0xe4, 0xe2, 0x0, 0xf0, 0x67, 0x77,
    0x77, 0x71, 0x0, 0xf0, 0xff, 0xee, 0xef, 0xb0,
    0x0, 0xf0, 0xb, 0xb2, 0x8e, 0x20, 0x0, 0xf0,
    0x14, 0xef, 0xf6, 0x10, 0x0, 0xf4, 0xeb, 0x72,
    0x6b, 0xe4, 0x0, 0x0, 0x0, 0x0, 0x0, 0x0,

    /* U+6210 "成" */
    0x0, 0x0, 0x0, 0x0, 0x0, 0x0, 0x0, 0x0,
    0x0, 0x6c, 0x6c, 0x20, 0x1, 0x32, 0x22, 0x7d,
    0x28, 0xc1, 0x9, 0xff, 0xff, 0xff, 0xff, 0xfa,
    0x9, 0x90, 0x0, 0x3e, 0x1, 0x40, 0x9, 0xfd,
    0xe8, 0x2f, 0x8, 0xb0, 0x9, 0xb3, 0x9a, 0xf,
    0x4e, 0x50, 0x9, 0x90, 0x79, 0xc, 0xdd, 0x0,
    0xb, 0x70, 0x98, 0x9, 0xf3, 0x11, 0xd, 0x6d,
    0xf5, 0x3e, 0xf1, 0x4b, 0x2f, 0x12, 0x26, 0xf8,
    0xca, 0x89, 0x5b, 0x0, 0xc, 0x60, 0x2d, 0xe3,
    0x0, 0x0, 0x0, 0x0, 0x0, 0x0,

    /* U+6237 "户" */
    0x0, 0x0, 0x0, 0x0, 0x0, 0x0, 0x0, 0x0,
    0x98, 0x0, 0x0, 0x0, 0x21, 0x17, 0xd1, 0x11,
    0x0, 0x2f, 0xff, 0xff, 0xff, 0xf3, 0x2, 0xf0,
    0x0, 0x0, 0xf, 0x30, 0x2f, 0x10, 0x0, 0x0,
    0xf3, 0x2, 0xff, 0xff, 0xff, 0xff, 0x30, 0x3f,
    0x0, 0x0, 0x0, 0xa2, 0x6, 0xc0, 0x0, 0x0,
    0x0, 0x0, 0xa9, 0x0, 0x0, 0x0, 0x0, 0x1f,
    0x30, 0x0, 0x0, 0x0, 0x5, 0xb0, 0x0, 0x0,
    0x0, 0x0, 0x0, 0x0, 0x0, 0x0, 0x0, 0x0,

    /* U+626B "扫" */
    0x0, 0xe3, 0x0, 0x0, 0x0, 0x0, 0xe, 0x32,
    0xee, 0xee, 0xf9, 0x9f, 0xff, 0xa0, 0x0, 0x8,
    0x90, 0x1f, 0x41, 0x0, 0x0, 0x89, 0x0, 0xe3,
    0x2, 0x22, 0x29, 0x90, 0x2f, 0xb9, 0xff, 0xff,
    0xf9, 0xae, 0xf8, 0x20, 0x0, 0x8, 0x90, 0xe,
    0x30, 0x0, 0x0, 0x89, 0x0, 0xe3, 0x0, 0x0,
    0x8, 0x90, 0xe, 0x33, 0xff, 0xff, 0xf9, 0x2f,
    0xd1, 0x1, 0x11, 0x19, 0x90,

    /* U+627E "找" */
    0x0, 0xe2, 0x0, 0xb5, 0x84, 0x0, 0x0, 0xe2,
    0x0, 0xb6, 0x2e, 0x30, 0x8f, 0xff, 0x81, 0xba,
    0x69, 0x92, 0x1, 0xf4, 0x5f, 0xfe, 0xb9, 0x71,
    0x0, 0xe2, 0x0, 0x7b, 0x4, 0x50, 0x4, 0xfd,
    0x90, 0x5d, 0xd, 0x60, 0x9e, 0xf7, 0x10, 0x1f,
    0xac, 0x0, 0x0, 0xe2, 0x0, 0xe, 0xe2, 0x10,
    0x0, 0xe2, 0x0, 0x8f, 0xc0, 0x77, 0x0, 0xe2,
    0x3d, 0xd4, 0xe9, 0xc5, 0x2f, 0xd0, 0x17, 0x0,
    0x3c, 0xd0,

    /* U+629E "択" */
    0x0, 0xe2, 0x8, 0xff, 0xff, 0xf0, 0x0, 0xe2,
    0x8, 0xa1, 0x13, 0xf0, 0x9f, 0xff, 0xa8, 0xa0,
    0x2, 0xf0, 0x1, 0xf4, 0x18, 0xa0, 0x2, 0xf0,
    0x0, 0xe2, 0x8, 0xb4, 0x46, 0xf0, 0x0, 0xf8,
    0x78, 0xed, 0xfc, 0xc0, 0x9f, 0xfb, 0x6a, 0x70,
    0xf1, 0x0, 0x21, 0xe2, 0xd, 0x40, 0xb6, 0x0,
    0x0, 0xe2, 0x2f, 0x0, 0x5e, 0x10, 0x0, 0xe2,
    0xb9, 0x0, 0xc, 0xc1, 0x5f, 0xd2, 0xc1, 0x0,
    0x1, 0xc4, 0x0, 0x0, 0x0, 0x0, 0x0, 0x0,

    /* U+62DB "招" */
    0x2, 0xf0, 0x5f, 0xff, 0xff, 0xf2, 0x2, 0xf0,
    0x3, 0xab, 0x33, 0xe1, 0x7f, 0xff, 0x50, 0xc7,
    0x0, 0xe0, 0x4, 0xf1, 0x4, 0xf1, 0x0, 0xf0,
    0x2, 0xf0, 0x5f, 0x60, 0x9d, 0xb0, 0x5, 0xfd,
    0x74, 0x0, 0x35, 0x10, 0x9f, 0xf4, 0x1f, 0xff,
    0xff, 0xf2, 0x12, 0xf0, 0x1f, 0x0, 0x0, 0xf2,
    0x2, 0xf0, 0x1f, 0x0, 0x0, 0xf2, 0x3, 0xf0,
    0x1f, 0xcc, 0xcc, 0xf2, 0x3f, 0xa0, 0x1f, 0x33,
    0x33, 0xf2,

    /* U+62E9 "择" */
    0x0, 0x0, 0x0, 0x0, 0x0, 0x0, 0x0, 0xf1,
    0x2f, 0xff, 0xff, 0x90, 0x0, 0xf1, 0x6, 0xb0,
    0xc, 0x20, 0x7f, 0xff, 0x70, 0xba, 0xc6, 0x0,
    0x1, 0xf3, 0x0, 0x7f, 0xe3, 0x0, 0x0, 0xf1,
    0x7e, 0xc3, 0x7f, 0xc3, 0x4, 0xfe, 0x53, 0xd,
    0x30, 0x60, 0x8e, 0xf5, 0x3f, 0xff, 0xff, 0x70,
    0x0, 0xf1, 0x0, 0xe, 0x40, 0x0, 0x0, 0xf1,
    0xcf, 0xff, 0xff, 0xf4, 0x1, 0xf1, 0x1, 0x1e,
    0x41, 0x10, 0x1f, 0xc0, 0x0, 0xe, 0x40, 0x0,
    0x0, 0x0, 0x0, 0x0, 0x0, 0x0,

    /* U+633F "挿" */
    0x0, 0x0, 0x0, 0x2, 0x35, 0x30, 0x0, 0xf2,
    0x7f, 0xff, 0xff, 0xc0, 0x0, 0xf2, 0x3a, 0x9f,
    0x85, 0x20, 0x5a, 0xfb, 0xaa, 0xaf, 0xba, 0xa2,
    0x25, 0xf6, 0x44, 0x4e, 0x64, 0x41, 0x0, 0xf2,
    0x4f, 0xef, 0xfe, 0xf2, 0x1, 0xfb, 0x7b, 0xe,
    0x20, 0xf2, 0x8f, 0xf8, 0x5f, 0xef, 0xee, 0xf2,
    0x21, 0xf2, 0x5b, 0xe, 0x20, 0xf2, 0x0, 0xf2,
    0x5f, 0xff, 0xff, 0xf2, 0x1, 0xf1, 0x24, 0xe,
    0x20, 0x50, 0x1f, 0xc0, 0x0, 0xe, 0x20, 0x0,

    /* U+636E "据" */
    0x2, 0xe0, 0x5f, 0xff, 0xff, 0xf2, 0x2, 0xe0,
    0x5c, 0x0, 0x0, 0xf2, 0x7e, 0xfe, 0x8d, 0x55,
    0x55, 0xf2, 0x26, 0xf4, 0x6e, 0xab, 0xfa, 0xa1,
    0x2, 0xe0, 0x5c, 0x3, 0xf0, 0x0, 0x3, 0xfb,
    0x8f, 0xef, 0xfe, 0xe7, 0x8f, 0xf6, 0x8a, 0x2,
    0xf0, 0x0, 0x12, 0xe0, 0x9a, 0xdd, 0xfd, 0xd2,
    0x2, 0xe0, 0xd7, 0xd1, 0x11, 0xd3, 0x3, 0xe2,
    0xf3, 0xd2, 0x22, 0xe3, 0x2e, 0x95, 0x83, 0xfd,
    0xdd, 0xf3, 0x0, 0x0, 0x0, 0x0, 0x0, 0x0,

    /* U+63A5 "接" */
    0x2, 0xe0, 0x0, 0xc, 0x20, 0x0, 0x2, 0xe0,
    0x5f, 0xff, 0xff, 0xf3, 0x5c, 0xfc, 0x4, 0x90,
    0x1c, 0x0, 0x27, 0xf5, 0x1, 0xd1, 0x8a, 0x0,
    0x2, 0xe0, 0xbf, 0xff, 0xff, 0xf7, 0x3, 0xfa,
    0x0, 0x5b, 0x0, 0x0, 0x7f, 0xf5, 0xef, 0xff,
    0xff, 0xf9, 0x12, 0xe0, 0x9, 0xa0, 0x2f, 0x10,
    0x2, 0xe0, 0x1a, 0xea, 0xc8, 0x0, 0x2, 0xe0,
    0x2, 0x8f, 0xec, 0x40, 0x2f, 0xa0, 0xdd, 0x93,
    0x6, 0xd1, 0x0, 0x0, 0x0, 0x0, 0x0, 0x0,

    /* U+63A7 "控" */
    0x0, 0x0, 0x0, 0x0, 0x0, 0x0, 0x2, 0xe0,
    0x0, 0xe, 0x20, 0x0, 0x2, 0xe0, 0x9b, 0xbf,
    0xdb, 0xb3, 0x7f, 0xff, 0xe5, 0x33, 0x33, 0xd4,
    0x3, 0xf1, 0x54, 0xe2, 0xa8, 0x41, 0x2, 0xe0,
    0x4e, 0x50, 0xc, 0xa0, 0x2, 0xfa, 0x56, 0x22,
    0x22, 0x60, 0x6f, 0xf6, 0x3e, 0xef, 0xee, 0x80,
    0x23, 0xe0, 0x0, 0xe, 0x30, 0x0, 0x2, 0xe0,
    0x0, 0xe, 0x30, 0x0, 0x2, 0xe1, 0x88, 0x8f,
    0xa8, 0x83, 0x3f, 0xa1, 0x77, 0x77, 0x77, 0x73,

    /* U+63CF "描" */
    0x1, 0xe0, 0x1, 0xd0, 0x4f, 0x0, 0x1, 0xe0,
    0x69, 0xe9, 0xaf, 0x94, 0x7f, 0xff, 0x67, 0xe6,
    0x8f, 0x62, 0x3, 0xf1, 0x1, 0xd0, 0x4f, 0x0,
    0x1, 0xe0, 0x17, 0x87, 0x78, 0x70, 0x3, 0xfb,
    0x4e, 0x8e, 0xa8, 0xf1, 0x8f, 0xf5, 0x3d, 0xc,
    0x40, 0xf1, 0x12, 0xe0, 0x2f, 0xff, 0xff, 0xf1,
    0x1, 0xe0, 0x2d, 0xc, 0x30, 0xf1, 0x2, 0xe0,
    0x2f, 0xbf, 0xcb, 0xf1, 0x3f, 0xa0, 0x2e, 0x44,
    0x44, 0xf1, 0x0, 0x0, 0x0, 0x0, 0x0, 0x0,

    /* U+63D0 "提" */
    0x2, 0xe0, 0x1f, 0xdd, 0xdd, 0xe0, 0x2, 0xe0,
    0x1f, 0x55, 0x57, 0xe0, 0x8f, 0xff, 0x4f, 0x66,
    0x68, 0xe0, 0x3, 0xf1, 0x1f, 0xcc, 0xcc, 0xe0,
    0x2, 0xe0, 0x1, 0x11, 0x11, 0x0, 0x5, 0xfc,
    0xbf, 0xff, 0xff, 0xf5, 0x8e, 0xf4, 0x8, 0xb,
    0x50, 0x0, 0x2, 0xe0, 0x1f, 0xb, 0xfe, 0xd0,
    0x2, 0xe0, 0x5f, 0x4b, 0x50, 0x0, 0x2, 0xe0,
    0xc7, 0xdd, 0x50, 0x0, 0x3f, 0xb5, 0xc0, 0x3b,
    0xff, 0xf8, 0x0, 0x0, 0x0, 0x0, 0x0, 0x0,

    /* U+641C "搜" */
    0x0, 0x0, 0x0, 0x0, 0x0, 0x0, 0x2, 0xf0,
    0x1, 0x5e, 0x10, 0x0, 0x2, 0xf0, 0x4e, 0x8f,
    0x5e, 0xf0, 0x5b, 0xfa, 0x6b, 0x3e, 0x24, 0xf0,
    0x15, 0xf3, 0x5c, 0x5e, 0x37, 0xf0, 0x2, 0xf1,
    0x5e, 0xbf, 0xcb, 0xf0, 0x6, 0xff, 0x23, 0x3f,
    0x43, 0x30, 0x7e, 0xf1, 0x58, 0x8f, 0x98, 0x70,
    0x2, 0xf0, 0x4e, 0xa6, 0x6d, 0x90, 0x2, 0xf0,
    0x3, 0xe6, 0x9c, 0x0, 0x3, 0xf0, 0x3, 0xaf,
    0xf7, 0x20, 0x1f, 0xa1, 0xfc, 0x71, 0x49, 0xe4,
    0x0, 0x0, 0x0, 0x0, 0x0, 0x0,

    /* U+6536 "收" */
    0x0, 0x0, 0x0, 0x1, 0x0, 0x0, 0x0, 0x3,
    0xe0, 0x1f, 0x20, 0x0, 0xd, 0x23, 0xe0, 0x5f,
    0x0, 0x0, 0xe, 0x33, 0xe0, 0xaf, 0xff, 0xfb,
    0xe, 0x33, 0xe1, 0xf8, 0x26, 0xd1, 0xe, 0x33,
    0xea, 0xfa, 0x8, 0xa0, 0xe, 0x33, 0xe8, 0x4e,
    0x1d, 0x50, 0xe, 0x36, 0xe0, 0xa, 0xbf, 0x0,
    0x1f, 0xfe, 0xe0, 0x2, 0xf8, 0x0, 0x1a, 0x33,
    0xe0, 0x8, 0xfd, 0x10, 0x0, 0x3, 0xe1, 0xae,
    0x2b, 0xd3, 0x0, 0x3, 0xe5, 0xb1, 0x0, 0x96,
    0x0, 0x0, 0x0, 0x0, 0x0, 0x0,

    /* U+6548 "效" */
    0x0, 0x0, 0x0, 0x0, 0x0, 0x0, 0x0, 0x8a,
    0x0, 0xb, 0x40, 0x0, 0x36, 0x8e, 0x66, 0xe,
    0x10, 0x0, 0x4a, 0xa9, 0xb9, 0x3f, 0xff, 0xf1,
    0x8, 0x90, 0xe3, 0x79, 0x1a, 0x70, 0x2e, 0x11,
    0x7d, 0xda, 0xd, 0x30, 0x8a, 0x97, 0xb5, 0xce,
    0x1f, 0x0, 0x0, 0xcf, 0x50, 0xb, 0xba, 0x0,
    0x0, 0x6f, 0x70, 0x5, 0xf4, 0x0, 0x2, 0xe7,
    0xf3, 0xa, 0xf7, 0x0, 0x4e, 0x70, 0x63, 0xad,
    0x3f, 0x70, 0x36, 0x0, 0x9, 0xa1, 0x3, 0xc1,
    0x0, 0x0, 0x0, 0x0, 0x0, 0x0,

    /* U+6557 "敗" */
    0x0, 0x0, 0x0, 0x6, 0x20, 0x0, 0xf, 0xee,
    0xf3, 0x1f, 0x40, 0x0, 0xf, 0x20, 0xe3, 0x5f,
    0x0, 0x0, 0xf, 0x43, 0xf3, 0xaf, 0xff, 0xfb,
    0xf, 0xba, 0xf5, 0xfb, 0x5a, 0xe4, 0xf, 0x20,
    0xed, 0xfc, 0xa, 0xa0, 0xf, 0xed, 0xfd, 0x5f,
    0x2e, 0x50, 0xf, 0x20, 0xe3, 0xb, 0xcf, 0x0,
    0xd, 0xee, 0xe3, 0x4, 0xf8, 0x0, 0x5, 0x85,
    0x80, 0xa, 0xfc, 0x0, 0xe, 0x51, 0xe7, 0xce,
    0x3d, 0xd3, 0x5a, 0x0, 0x39, 0xa1, 0x1, 0xa8,
    0x0, 0x0, 0x0, 0x0, 0x0, 0x0,

    /* U+6570 "数" */
    0x9, 0x1f, 0x1a, 0xa, 0x20, 0x0, 0x8, 0x5f,
    0x67, 0xe, 0x10, 0x0, 0x6d, 0xef, 0xed, 0x7f,
    0xff, 0xf3, 0x2, 0xdf, 0xd6, 0x6d, 0x1b, 0x60,
    0x4e, 0x5f, 0x18, 0xdf, 0x1c, 0x30, 0x12, 0x58,
    0x1, 0xba, 0x6e, 0x0, 0x3f, 0xff, 0xfd, 0x5,
    0xfa, 0x0, 0x6, 0xc0, 0x88, 0x0, 0xf5, 0x0,
    0x5, 0xcc, 0xd0, 0x8, 0xec, 0x0, 0x4, 0xbc,
    0xe4, 0x9d, 0x1c, 0xb1, 0x4c, 0x50, 0x4, 0xb1,
    0x1, 0xa2, 0x0, 0x0, 0x0, 0x0, 0x0, 0x0,

    /* U+6587 "文" */
    0x0, 0x0, 0x0, 0x10, 0x0, 0x0, 0x0, 0x0,
    0x8, 0xd0, 0x0, 0x0, 0x0, 0x0, 0x2, 0xe3,
    0x0, 0x0, 0x3f, 0xff, 0xff, 0xff, 0xff, 0xfb,
    0x0, 0x3f, 0x20, 0x0, 0xaa, 0x0, 0x0, 0xb,
    0x90, 0x2, 0xf3, 0x0, 0x0, 0x2, 0xf3, 0xb,
    0xa0, 0x0, 0x0, 0x0, 0x7e, 0x8e, 0x10, 0x0,
    0x0, 0x0, 0xd, 0xf6, 0x0, 0x0, 0x0, 0x3,
    0xce, 0xaf, 0x70, 0x0, 0x5, 0xbf, 0x91, 0x5,
    0xee, 0x83, 0x1d, 0x82, 0x0, 0x0, 0x5, 0xb6,

    /* U+65AD "断" */
    0x0, 0x0, 0x0, 0x0, 0x0, 0x20, 0x1e, 0x22,
    0xe1, 0x11, 0x7d, 0xe1, 0x1e, 0x67, 0xe9, 0x7f,
    0xa4, 0x0, 0x1e, 0x29, 0xeb, 0x2e, 0x0, 0x0,
    0x1e, 0x69, 0xf9, 0x7e, 0x22, 0x20, 0x1e, 0x49,
    0xf7, 0x6f, 0xef, 0xf5, 0x1e, 0xc, 0xfb, 0x3e,
    0xe, 0x30, 0x1e, 0x8a, 0xe9, 0x7d, 0xe, 0x30,
    0x1e, 0x82, 0xe0, 0x5c, 0xe, 0x30, 0x1e, 0x1,
    0x80, 0x79, 0xe, 0x30, 0x1f, 0xff, 0xff, 0xc6,
    0xe, 0x30, 0x0, 0x0, 0x0, 0xc1, 0xe, 0x30,
    0x0, 0x0, 0x0, 0x0, 0x0, 0x0,

    /* U+65B0 "新" */
    0x0, 0x1, 0x0, 0x0, 0x0, 0x0, 0x0, 0x5d,
    0x0, 0x3, 0x6b, 0xa0, 0x4f, 0xff, 0xff, 0x7e,
    0x95, 0x10, 0x6, 0x70, 0xb4, 0x6a, 0x0, 0x0,
    0x16, 0xb3, 0xf3, 0x6b, 0x22, 0x20, 0x6c, 0xcf,
    0xcc, 0x9f, 0xff, 0xf6, 0x0, 0x2e, 0x0, 0x6a,
    0xe, 0x20, 0x6e, 0xff, 0xee, 0x7a, 0xe, 0x20,
    0x5, 0x4e, 0x53, 0x88, 0xe, 0x20, 0x1e, 0x2e,
    0x4b, 0xa6, 0xe, 0x20, 0x46, 0x1e, 0x6, 0xe2,
    0xe, 0x20, 0x0, 0xeb, 0x2, 0xa0, 0xe, 0x20,

    /* U+65E0 "无" */
    0x3, 0x55, 0x55, 0x55, 0x55, 0x40, 0x8, 0xcc,
    0xcf, 0xdc, 0xcc, 0x90, 0x0, 0x0, 0xd, 0x50,
    0x0, 0x0, 0x0, 0x0, 0xe, 0x40, 0x0, 0x0,
    0x5d, 0xdd, 0xdf, 0xed, 0xdd, 0xd6, 0x14, 0x44,
    0x7f, 0xe7, 0x44, 0x41, 0x0, 0x0, 0x8a, 0xe4,
    0x0, 0x0, 0x0, 0x1, 0xf4, 0xe4, 0x0, 0x0,
    0x0, 0xb, 0xb0, 0xe4, 0x0, 0x85, 0x2, 0xcd,
    0x10, 0xe6, 0x11, 0xb7, 0x3f, 0x90, 0x0, 0x8f,
    0xff, 0xe2, 0x1, 0x0, 0x0, 0x0, 0x0, 0x0,

    /* U+65E5 "日" */
    0x2f, 0xff, 0xff, 0xff, 0xb2, 0xf2, 0x22, 0x22,
    0x9b, 0x2f, 0x0, 0x0, 0x8, 0xb2, 0xf0, 0x0,
    0x0, 0x8b, 0x2f, 0x22, 0x22, 0x29, 0xb2, 0xff,
    0xff, 0xff, 0xfb, 0x2f, 0x0, 0x0, 0x8, 0xb2,
    0xf0, 0x0, 0x0, 0x8b, 0x2f, 0x11, 0x11, 0x18,
    0xb2, 0xff, 0xff, 0xff, 0xfb, 0x2f, 0x11, 0x11,
    0x18, 0xb0, 0x0, 0x0, 0x0, 0x0,

    /* U+65F6 "时" */
    0x1, 0x11, 0x0, 0x0, 0xe, 0x30, 0x1f, 0xff,
    0xb0, 0x0, 0xe, 0x30, 0x1f, 0x5, 0xb8, 0xcc,
    0xcf, 0xd7, 0x1f, 0x5, 0xb2, 0x33, 0x3f, 0x62,
    0x1f, 0xff, 0xb2, 0xb0, 0xe, 0x30, 0x1f, 0x6,
    0xb0, 0xd7, 0xe, 0x30, 0x1f, 0x5, 0xb0, 0x4f,
    0x1e, 0x30, 0x1f, 0x16, 0xb0, 0x6, 0xe, 0x30,
    0x1f, 0xff, 0xb0, 0x0, 0xe, 0x30, 0x1e, 0x0,
    0x0, 0x1, 0x1f, 0x30, 0x0, 0x0, 0x0, 0x1f,
    0xfd, 0x10, 0x0, 0x0, 0x0, 0x0, 0x0, 0x0,

    /* U+660E "明" */
    0x1f, 0xff, 0xf2, 0xff, 0xff, 0xf3, 0x1f, 0x0,
    0xf2, 0xf0, 0x0, 0xe3, 0x1f, 0x0, 0xf2, 0xf0,
    0x0, 0xe3, 0x1f, 0x22, 0xf2, 0xfa, 0xaa, 0xf3,
    0x1f, 0xee, 0xf2, 0xf8, 0x88, 0xf3, 0x1f, 0x0,
    0xf3, 0xf0, 0x0, 0xe3, 0x1f, 0x11, 0xf4, 0xfb,
    0xbb, 0xf3, 0x1f, 0xff, 0xf7, 0xc5, 0x55, 0xf3,
    0x1f, 0x0, 0xc, 0x60, 0x0, 0xe3, 0x0, 0x0,
    0x6e, 0x0, 0x0, 0xf3, 0x0, 0x0, 0xd5, 0x0,
    0xaf, 0xd0, 0x0, 0x0, 0x0, 0x0, 0x0, 0x0,

    /* U+6642 "時" */
    0x2f, 0xff, 0x60, 0x4, 0xd0, 0x0, 0x2e, 0xa,
    0x6a, 0xff, 0xff, 0xf5, 0x2e, 0xa, 0x60, 0x4,
    0xd0, 0x0, 0x2e, 0xa, 0x88, 0x8a, 0xe8, 0x84,
    0x2f, 0xff, 0x89, 0x99, 0x9e, 0xc5, 0x2e, 0x2b,
    0x60, 0x0, 0xb, 0x70, 0x2e, 0xa, 0x8f, 0xff,
    0xff, 0xf7, 0x2e, 0x2b, 0x62, 0x80, 0xb, 0x60,
    0x2f, 0xee, 0x50, 0xd6, 0xb, 0x60, 0x2c, 0x0,
    0x0, 0x38, 0xb, 0x60, 0x0, 0x0, 0x0, 0x4,
    0xfe, 0x30, 0x0, 0x0, 0x0, 0x0, 0x0, 0x0,

    /* U+6682 "暂" */
    0x12, 0x88, 0x22, 0x13, 0x58, 0x90, 0x6c, 0xfb,
    0xbb, 0x4e, 0x96, 0x30, 0x1d, 0x69, 0x62, 0x4b,
    0x44, 0x41, 0x3c, 0xce, 0xdc, 0x6e, 0xbf, 0xa4,
    0x14, 0x5c, 0xb9, 0x78, 0x2e, 0x0, 0x5a, 0x8c,
    0x94, 0xe3, 0x2e, 0x0, 0x0, 0x5a, 0x85, 0x95,
    0x6a, 0x0, 0x0, 0xf7, 0x66, 0x66, 0x9c, 0x0,
    0x0, 0xfd, 0xcc, 0xcc, 0xec, 0x0, 0x0, 0xf2,
    0x0, 0x0, 0x5c, 0x0, 0x0, 0xfd, 0xdd, 0xdd,
    0xec, 0x0, 0x0, 0x0, 0x0, 0x0, 0x0, 0x0,

    /* U+66F8 "書" */
    0x0, 0x22, 0x2f, 0x52, 0x21, 0x0, 0x3, 0x99,
    0x9f, 0xa9, 0xbd, 0x0, 0x7b, 0xbb, 0xbf, 0xcb,
    0xcf, 0xb3, 0x6, 0xbb, 0xbf, 0xcb, 0xcd, 0x0,
    0x5, 0x66, 0x6f, 0x86, 0x66, 0x10, 0x5, 0x66,
    0x6f, 0x86, 0x66, 0x10, 0x8d, 0xdd, 0xdd, 0xdd,
    0xdd, 0xd3, 0x0, 0xca, 0xaa, 0xaa, 0xab, 0x0,
    0x1, 0xfa, 0xaa, 0xaa, 0xbe, 0x0, 0x1, 0xf1,
    0x11, 0x11, 0x4e, 0x0, 0x1, 0xfc, 0xcc, 0xcc,
    0xce, 0x0, 0x0, 0x0, 0x0, 0x0, 0x0, 0x0,

    /* U+6709 "有" */
    0x0, 0x0, 0x21, 0x0, 0x0, 0x0, 0x0, 0x0,
    0xa8, 0x0, 0x0, 0x0, 0x1d, 0xdd, 0xfe, 0xdd,
    0xdd, 0xd6, 0x3, 0x39, 0xc3, 0x33, 0x33, 0x31,
    0x0, 0xe, 0x72, 0x22, 0x22, 0x0, 0x0, 0x8f,
    0xdd, 0xdd, 0xee, 0x0, 0x5, 0xff, 0x21, 0x11,
    0x4e, 0x0, 0x2f, 0x4f, 0xed, 0xdd, 0xee, 0x0,
    0x1, 0xf, 0x21, 0x11, 0x4e, 0x0, 0x0, 0xf,
    0xee, 0xee, 0xee, 0x0, 0x0, 0xf, 0x10, 0x1,
    0x3e, 0x0, 0x0, 0xf, 0x10, 0xe, 0xfa, 0x0,

    /* U+671F "期" */
    0x7, 0x90, 0x88, 0x2f, 0xff, 0xf3, 0x5e, 0xed,
    0xee, 0x6f, 0x0, 0xe3, 0x18, 0xa2, 0xa9, 0x2f,
    0x0, 0xe3, 0x7, 0xfe, 0xf8, 0x2f, 0xff, 0xf3,
    0x7, 0x90, 0x98, 0x2f, 0x0, 0xe3, 0x7, 0xfe,
    0xf8, 0x2f, 0x22, 0xf3, 0x7, 0x90, 0x88, 0x3f,
    0xff, 0xf3, 0x8f, 0xfe, 0xff, 0x9c, 0x0, 0xe3,
    0x13, 0xa2, 0xa2, 0x7a, 0x0, 0xe3, 0xb, 0x90,
    0xa9, 0xb6, 0x1, 0xf2, 0x4b, 0x0, 0x15, 0xc1,
    0x4f, 0xc0, 0x0, 0x0, 0x0, 0x0, 0x0, 0x0,

    /* U+672A "未" */
    0x0, 0x0, 0xd, 0x60, 0x0, 0x0, 0x1, 0x22,
    0x2d, 0x72, 0x22, 0x0, 0x9, 0xff, 0xff, 0xff,
    0xff, 0x40, 0x0, 0x0, 0xd, 0x60, 0x0, 0x0,
    0x12, 0x22, 0x2d, 0x72, 0x22, 0x20, 0x7f, 0xff,
    0xff, 0xff, 0xff, 0xf2, 0x0, 0x0, 0xdf, 0xf7,
    0x0, 0x0, 0x0, 0x1c, 0xad, 0x8e, 0x70, 0x0,
    0x4, 0xea, 0xd, 0x62, 0xea, 0x10, 0x8f, 0x70,
    0xd, 0x60, 0x1b, 0xf2, 0x12, 0x0, 0xd, 0x60,
    0x0, 0x30,

    /* U+672C "本" */
    0x0, 0x0, 0xd, 0x60, 0x0, 0x0, 0x0, 0x0,
    0xd, 0x60, 0x0, 0x0, 0x6e, 0xee, 0xef, 0xfe,
    0xee, 0xe0, 0x14, 0x47, 0xed, 0xcd, 0x44, 0x40,
    0x0, 0xb, 0x8d, 0x6e, 0x30, 0x0, 0x0, 0x4f,
    0x1d, 0x67, 0xd0, 0x0, 0x1, 0xe7, 0xd, 0x60,
    0xd9, 0x0, 0x1c, 0xd3, 0x3d, 0x83, 0x6f, 0x80,
    0x8c, 0x8f, 0xff, 0xff, 0xf5, 0xe2, 0x0, 0x0,
    0xd, 0x60, 0x0, 0x0, 0x0, 0x0, 0xd, 0x60,
    0x0, 0x0,

    /* U+673A "机" */
    0x0, 0x4c, 0x0, 0xaf, 0xff, 0x40, 0x0, 0x4,
    0xc0, 0xa, 0x71, 0xd4, 0x0, 0x2d, 0xdf, 0xd6,
    0xa6, 0xd, 0x40, 0x0, 0x4a, 0xd4, 0x2a, 0x60,
    0xd4, 0x0, 0x0, 0xdf, 0x20, 0xa6, 0xd, 0x40,
    0x0, 0x3f, 0xfd, 0x1b, 0x50, 0xd4, 0x0, 0xb,
    0xac, 0x96, 0xd3, 0xd, 0x40, 0x4, 0xe5, 0xc0,
    0xf, 0x10, 0xd4, 0x10, 0x15, 0x4c, 0x5, 0xc0,
    0xd, 0x4c, 0x0, 0x4, 0xc0, 0xd5, 0x0, 0xd5,
    0xd0, 0x0, 0x4c, 0x4a, 0x0, 0x9, 0xfb, 0x0,

    /* U+6761 "条" */
    0x0, 0x0, 0x0, 0x0, 0x0, 0x0, 0x0, 0x4,
    0xf3, 0x0, 0x0, 0x0, 0x0, 0x3f, 0xee, 0xef,
    0xf2, 0x0, 0x18, 0xec, 0xa0, 0x3e, 0x70, 0x0,
    0x8, 0x10, 0xbe, 0xf6, 0x0, 0x0, 0x25, 0x8d,
    0xe9, 0xbf, 0xc8, 0x51, 0x7b, 0x84, 0xb, 0x41,
    0x59, 0xa0, 0x5, 0xbb, 0xbf, 0xdb, 0xbb, 0x10,
    0x2, 0x46, 0x4d, 0x84, 0x54, 0x0, 0x0, 0x8c,
    0xd, 0x55, 0xe2, 0x0, 0xa, 0xd1, 0xd, 0x50,
    0x7d, 0x10, 0x5, 0x0, 0xde, 0x20, 0x6, 0x10,
    0x0, 0x0, 0x0, 0x0, 0x0, 0x0,

    /* U+6765 "来" */
    0x0, 0x0, 0xd, 0x60, 0x0, 0x0, 0xf, 0xff,
    0xff, 0xff, 0xff, 0xa0, 0x2, 0xa3, 0x2d, 0x72,
    0x69, 0x10, 0x0, 0xa9, 0xd, 0x60, 0xc7, 0x0,
    0x0, 0x3b, 0xd, 0x62, 0xd0, 0x0, 0x8f, 0xff,
    0xff, 0xff, 0xff, 0xf2, 0x12, 0x22, 0xdf, 0xf8,
    0x22, 0x20, 0x0, 0x1b, 0xad, 0x8e, 0x60, 0x0,
    0x3, 0xda, 0xd, 0x63, 0xf9, 0x0, 0x7f, 0x80,
    0xd, 0x60, 0x2d, 0xe2, 0x13, 0x0, 0xd, 0x60,
    0x0, 0x50,

    /* U+6781 "极" */
    0x0, 0xe1, 0x8f, 0xff, 0xfd, 0x0, 0x0, 0xe1,
    0x5c, 0xfa, 0xd9, 0x0, 0x5d, 0xfd, 0x44, 0xc0,
    0xa6, 0x0, 0x25, 0xf7, 0x15, 0xb0, 0xe3, 0x0,
    0x5, 0xfb, 0x7, 0xc1, 0xff, 0xf0, 0xa, 0xfb,
    0x59, 0xf1, 0x5, 0xc0, 0x2d, 0xe3, 0x1c, 0xd9,
    0xb, 0x60, 0x96, 0xe1, 0xf, 0x2e, 0x8e, 0x0,
    0x40, 0xe1, 0x6b, 0x6, 0xf7, 0x0, 0x0, 0xe2,
    0xe4, 0x4e, 0xbf, 0x70, 0x0, 0xe7, 0xa1, 0xc5,
    0x4, 0xc3, 0x0, 0x0, 0x0, 0x0, 0x0, 0x0,

    /* U+6790 "析" */
    0x0, 0xd4, 0x0, 0x3, 0x8d, 0x60, 0x0, 0xd4,
    0x7, 0xfc, 0x95, 0x0, 0x5a, 0xfb, 0x97, 0x90,
    0x0, 0x0, 0x47, 0xf9, 0x77, 0xa1, 0x11, 0x10,
    0x4, 0xfa, 0x7, 0xff, 0xff, 0xf8, 0xa, 0xfe,
    0x67, 0x90, 0x3e, 0x0, 0x2d, 0xd6, 0x98, 0x80,
    0x3e, 0x0, 0xa6, 0xd4, 0xa, 0x70, 0x3e, 0x0,
    0x50, 0xd4, 0xd, 0x40, 0x3e, 0x0, 0x0, 0xd4,
    0x3f, 0x0, 0x3e, 0x0, 0x0, 0xd3, 0x57, 0x0,
    0x3e, 0x0,

    /* U+6807 "标" */
    0x0, 0xe3, 0x0, 0x11, 0x11, 0x10, 0x0, 0xe3,
    0x5, 0xff, 0xff, 0xd0, 0x68, 0xfa, 0x60, 0x0,
    0x0, 0x0, 0x49, 0xf9, 0x46, 0x66, 0x66, 0x63,
    0x7, 0xfd, 0x19, 0xac, 0xea, 0xa5, 0xd, 0xfa,
    0xb0, 0x7, 0xb0, 0x0, 0x5b, 0xe3, 0x37, 0xa7,
    0xb7, 0x90, 0xc3, 0xe3, 0xd, 0x67, 0xb2, 0xe0,
    0x20, 0xe3, 0x5e, 0x7, 0xb0, 0xd4, 0x0, 0xe3,
    0x77, 0x18, 0xb0, 0x86, 0x0, 0xe3, 0x0, 0xbf,
    0x70, 0x0, 0x0, 0x10, 0x0, 0x0, 0x0, 0x0,

    /* U+6821 "校" */
    0x0, 0x0, 0x0, 0x0, 0x0, 0x0, 0x0, 0xe1,
    0x0, 0xc, 0x70, 0x0, 0x0, 0xe1, 0x8, 0x8a,
    0xd8, 0x84, 0x6e, 0xfe, 0x66, 0xa7, 0x6b, 0x63,
    0x16, 0xf5, 0x14, 0xf3, 0x1d, 0x60, 0x7, 0xfb,
    0x3e, 0x70, 0x3, 0xf3, 0xc, 0xfd, 0x99, 0xf1,
    0x2f, 0x62, 0x3b, 0xe6, 0x40, 0x99, 0x9b, 0x0,
    0xa6, 0xe1, 0x0, 0x1f, 0xf3, 0x0, 0x40, 0xe1,
    0x0, 0x4f, 0xf5, 0x0, 0x0, 0xe1, 0x18, 0xf7,
    0x6f, 0xa3, 0x0, 0xe1, 0x6c, 0x40, 0x3, 0xb4,
    0x0, 0x0, 0x0, 0x0, 0x0, 0x0,

    /* U+683C "格" */
    0x0, 0x0, 0x0, 0x0, 0x0, 0x0, 0x0, 0xe2,
    0x0, 0x7a, 0x0, 0x0, 0x0, 0xe2, 0x2, 0xfe,
    0xde, 0x50, 0x8d, 0xfd, 0x9d, 0xf1, 0x2f, 0x10,
    0x25, 0xf6, 0x9b, 0x8b, 0xb8, 0x0, 0x5, 0xfc,
    0x0, 0xe, 0xf0, 0x0, 0xb, 0xfd, 0x72, 0xcc,
    0xcc, 0x20, 0x1c, 0xe4, 0xcf, 0xc3, 0x4c, 0xf3,
    0x97, 0xe2, 0x49, 0xec, 0xce, 0x80, 0x80, 0xe2,
    0x7, 0x90, 0xa, 0x70, 0x0, 0xe2, 0x7, 0xa3,
    0x3b, 0x70, 0x0, 0xe2, 0x7, 0xec, 0xce, 0x70,
    0x0, 0x0, 0x0, 0x0, 0x0, 0x0,

    /* U+68C0 "检" */
    0x0, 0x0, 0x0, 0x0, 0x0, 0x0, 0x0, 0xf1,
    0x0, 0x1e, 0x30, 0x0, 0x0, 0xf1, 0x0, 0xad,
    0xc0, 0x0, 0x5b, 0xfb, 0x28, 0xd0, 0x9c, 0x10,
    0x27, 0xf7, 0xaf, 0x53, 0x3b, 0xe4, 0x6, 0xf9,
    0xb6, 0xcc, 0xc8, 0x63, 0xb, 0xfd, 0x32, 0x6,
    0x1, 0x60, 0x3c, 0xf3, 0x1e, 0xc, 0x26, 0x90,
    0x75, 0xf1, 0xc, 0x39, 0x5d, 0x20, 0x0, 0xf1,
    0x4, 0x11, 0x6a, 0x0, 0x0, 0xf1, 0xbc, 0xcc,
    0xed, 0xc2, 0x0, 0xf1, 0x34, 0x44, 0x44, 0x40,

    /* U+691C "検" */
    0x0, 0xe2, 0x0, 0x4f, 0x80, 0x0, 0x0, 0xe2,
    0x4, 0xf6, 0x99, 0x0, 0x49, 0xfa, 0x9f, 0xb5,
    0x5d, 0xe4, 0x37, 0xf8, 0x78, 0x9f, 0xa8, 0x42,
    0x4, 0xf4, 0x3, 0x3f, 0x43, 0x20, 0x9, 0xfd,
    0x2f, 0xbf, 0xbb, 0xf0, 0x1d, 0xe9, 0x8e, 0xe,
    0x11, 0xf0, 0x87, 0xe2, 0x1e, 0xef, 0xfe, 0xd0,
    0x51, 0xe2, 0x0, 0x7e, 0xe1, 0x0, 0x0, 0xe2,
    0x7, 0xe2, 0x8d, 0x40, 0x0, 0xe2, 0xab, 0x20,
    0x5, 0xd4, 0x0, 0x0, 0x0, 0x0, 0x0, 0x0,

    /* U+69FD "槽" */
    0x0, 0xe1, 0x12, 0x88, 0xd5, 0x20, 0x0, 0xe1,
    0x69, 0xcc, 0xfb, 0x93, 0x5c, 0xfd, 0x5d, 0xee,
    0xfe, 0xd1, 0x15, 0xf5, 0x2e, 0x9a, 0xe6, 0xe1,
    0x4, 0xf5, 0xf, 0xbb, 0xe9, 0xf1, 0x9, 0xfe,
    0x1f, 0xbc, 0xe9, 0xf1, 0xd, 0xe9, 0x64, 0x55,
    0x55, 0x40, 0x68, 0xe2, 0xc, 0xdc, 0xce, 0xc0,
    0x62, 0xe1, 0xc, 0xb8, 0x8c, 0xc0, 0x0, 0xe1,
    0xc, 0x84, 0x4a, 0xc0, 0x0, 0xe1, 0xc, 0xed,
    0xdf, 0xc0, 0x0, 0x0, 0x0, 0x0, 0x0, 0x0,

    /* U+6A21 "模" */
    0x0, 0xf0, 0x13, 0xf3, 0x7c, 0x30, 0x0, 0xf0,
    0x6a, 0xfb, 0xce, 0xa3, 0x6f, 0xff, 0x44, 0xd4,
    0x7b, 0x30, 0x3, 0xf3, 0x3e, 0x77, 0x7b, 0xb0,
    0x6, 0xfa, 0x3f, 0xcc, 0xcd, 0xb0, 0xb, 0xfc,
    0x7e, 0x33, 0x38, 0xb0, 0x3d, 0xf4, 0x27, 0x7f,
    0x97, 0x50, 0x86, 0xf0, 0xbc, 0xcf, 0xcc, 0xc3,
    0x10, 0xf0, 0x23, 0xad, 0xf5, 0x30, 0x0, 0xf0,
    0x29, 0xf3, 0x6e, 0x61, 0x0, 0xf1, 0xda, 0x20,
    0x5, 0xd3, 0x0, 0x0, 0x0, 0x0, 0x0, 0x0,

    /* U+6A2A "横" */
    0x0, 0xe2, 0x0, 0xf1, 0x2e, 0x0, 0x0, 0xe2,
    0x4e, 0xff, 0xff, 0xe4, 0x49, 0xfa, 0x52, 0xf4,
    0x4f, 0x21, 0x26, 0xf7, 0x9b, 0xbe, 0xdb, 0xb6,
    0x4, 0xf7, 0x1a, 0xae, 0xca, 0xa1, 0xa, 0xfe,
    0x5e, 0x3b, 0x93, 0xe2, 0x1d, 0xe7, 0x7f, 0xdf,
    0xed, 0xf2, 0x97, 0xe2, 0x2d, 0xa, 0x70, 0xe2,
    0x50, 0xe2, 0x2d, 0xdd, 0xdd, 0xd2, 0x0, 0xe2,
    0x7, 0xd1, 0x1d, 0x60, 0x0, 0xe2, 0xab, 0x20,
    0x2, 0xb6, 0x0, 0x0, 0x0, 0x0, 0x0, 0x0,

    /* U+6B62 "止" */
    0x0, 0x0, 0x3, 0xf0, 0x0, 0x0, 0x0, 0x0,
    0x3, 0xf0, 0x0, 0x0, 0x0, 0x72, 0x3, 0xf0,
    0x0, 0x0, 0x0, 0xe4, 0x3, 0xf3, 0x33, 0x20,
    0x0, 0xe4, 0x3, 0xff, 0xff, 0xb0, 0x0, 0xe4,
    0x3, 0xf0, 0x0, 0x0, 0x0, 0xe4, 0x3, 0xf0,
    0x0, 0x0, 0x0, 0xe4, 0x3, 0xf0, 0x0, 0x0,
    0x0, 0xe4, 0x3, 0xf0, 0x0, 0x0, 0x6b, 0xfc,
    0xbc, 0xfb, 0xbb, 0xb4, 0x36, 0x66, 0x66, 0x66,
    0x66, 0x62,

    /* U+6B63 "正" */
    0x4, 0x44, 0x44, 0x44, 0x44, 0x40, 0xd, 0xdd,
    0xde, 0xfd, 0xdd, 0xd0, 0x0, 0x0, 0x5, 0xe0,
    0x0, 0x0, 0x0, 0x10, 0x5, 0xe0, 0x0, 0x0,
    0x0, 0xe4, 0x5, 0xe2, 0x22, 0x10, 0x0, 0xe4,
    0x5, 0xff, 0xff, 0x70, 0x0, 0xe4, 0x5, 0xe0,
    0x0, 0x0, 0x0, 0xe4, 0x5, 0xe0, 0x0, 0x0,
    0x0, 0xe4, 0x5, 0xe0, 0x0, 0x0, 0x49, 0xfb,
    0x9b, 0xf9, 0x99, 0x93, 0x48, 0x88, 0x88, 0x88,
    0x88, 0x83,

    /* U+6B65 "步" */
    0x0, 0x31, 0x6, 0x70, 0x0, 0x0, 0x0, 0xd5,
    0x6, 0xff, 0xff, 0x40, 0x0, 0xd5, 0x6, 0x71,
    0x11, 0x0, 0x49, 0xeb, 0x9c, 0xc9, 0x99, 0x92,
    0x48, 0x88, 0x8f, 0xa8, 0x88, 0x82, 0x0, 0x4d,
    0xe, 0x40, 0xb, 0x30, 0x3, 0xf5, 0xe, 0x40,
    0x9e, 0x0, 0xe, 0x60, 0xe, 0x5a, 0xe3, 0x0,
    0x1, 0x0, 0x9, 0xfd, 0x20, 0x0, 0x14, 0x7b,
    0xfd, 0x60, 0x0, 0x0, 0x4e, 0xb7, 0x20, 0x0,
    0x0, 0x0,

    /* U+6B74 "歴" */
    0xa, 0xff, 0xff, 0xff, 0xff, 0xf6, 0xa, 0x60,
    0x11, 0x0, 0x10, 0x0, 0xa, 0x60, 0x86, 0x0,
    0xa6, 0x0, 0xa, 0x9d, 0xfe, 0x9d, 0xff, 0xd2,
    0xa, 0x63, 0xfd, 0x26, 0xff, 0x20, 0xa, 0x9d,
    0xa9, 0x8c, 0xa8, 0xe3, 0xb, 0x73, 0x75, 0x54,
    0x84, 0x31, 0xd, 0x31, 0x70, 0xa9, 0x33, 0x10,
    0xf, 0x12, 0xe0, 0xad, 0xcc, 0x40, 0x3d, 0x3,
    0xe0, 0xa8, 0x0, 0x0, 0x79, 0x9f, 0xff, 0xff,
    0xff, 0xf7, 0x0, 0x0, 0x0, 0x0, 0x0, 0x0,

    /* U+6BB5 "段" */
    0x0, 0x1, 0x60, 0x0, 0x0, 0x0, 0x3, 0xaf,
    0xc2, 0x6f, 0xff, 0x20, 0x7, 0xc2, 0x0, 0x6a,
    0xe, 0x20, 0x7, 0xa0, 0x0, 0x88, 0xe, 0x20,
    0x7, 0xff, 0xf4, 0xd3, 0xe, 0x31, 0x7, 0xa0,
    0x6, 0x80, 0x5, 0x95, 0x7, 0xff, 0xf9, 0xee,
    0xef, 0xd0, 0x7, 0xa0, 0x0, 0xb4, 0x8, 0xa0,
    0x8, 0xc8, 0xa5, 0x5d, 0x1e, 0x30, 0x5f, 0xe9,
    0x72, 0xb, 0xf9, 0x0, 0x7, 0xa0, 0x0, 0x5e,
    0xed, 0x50, 0x7, 0xa0, 0xc, 0xd5, 0x7, 0xf8,
    0x0, 0x0, 0x1, 0x0, 0x0, 0x0,

    /* U+6C14 "气" */
    0x0, 0x0, 0x0, 0x0, 0x0, 0x0, 0x0, 0x3d,
    0x0, 0x0, 0x0, 0x0, 0x0, 0xaf, 0xbb, 0xbb,
    0xbb, 0xb1, 0x3, 0xf5, 0x44, 0x44, 0x44, 0x40,
    0x1d, 0x8d, 0xff, 0xff, 0xff, 0x30, 0x6c, 0x33,
    0x33, 0x33, 0x31, 0x0, 0x2, 0xcc, 0xcc, 0xcc,
    0xf5, 0x0, 0x0, 0x0, 0x0, 0x0, 0xb6, 0x0,
    0x0, 0x0, 0x0, 0x0, 0xa8, 0x0, 0x0, 0x0,
    0x0, 0x0, 0x8a, 0x12, 0x0, 0x0, 0x0, 0x0,
    0x3f, 0x68, 0x0, 0x0, 0x0, 0x0, 0x9, 0xf4,

    /* U+6C17 "気" */
    0x0, 0x0, 0x0, 0x0, 0x0, 0x0, 0x0, 0x3d,
    0x0, 0x0, 0x0, 0x0, 0x0, 0xaf, 0xcc, 0xcc,
    0xcc, 0xc1, 0x3, 0xf5, 0x33, 0x33, 0x33, 0x30,
    0x1d, 0x9e, 0xee, 0xee, 0xee, 0x0, 0x3c, 0x43,
    0x33, 0x33, 0x31, 0x0, 0x3, 0xcc, 0xcc, 0xcc,
    0xe8, 0x0, 0x0, 0x73, 0x5, 0xd0, 0x98, 0x0,
    0x0, 0x6e, 0xae, 0x40, 0x89, 0x0, 0x0, 0x6,
    0xff, 0x50, 0x6b, 0x22, 0x1, 0xae, 0x46, 0xf7,
    0x3f, 0x78, 0xd, 0xa1, 0x0, 0x31, 0x9, 0xf3,
    0x0, 0x0, 0x0, 0x0, 0x0, 0x0,

    /* U+6CE2 "波" */
    0x6, 0x80, 0x0, 0xe, 0x30, 0x0, 0x2, 0xbc,
    0x23, 0x3f, 0x63, 0x41, 0x0, 0x2, 0x9e, 0xdf,
    0xdd, 0xf5, 0x18, 0x20, 0x97, 0xe, 0x33, 0xe0,
    0x19, 0xf2, 0x9c, 0x8f, 0xa9, 0x50, 0x0, 0x10,
    0xae, 0xd7, 0x7d, 0x70, 0x0, 0x43, 0xa7, 0xe2,
    0x1f, 0x20, 0x0, 0xc7, 0xd4, 0x6c, 0xb9, 0x0,
    0x4, 0xf2, 0xf1, 0xe, 0xf2, 0x0, 0xc, 0x87,
    0xc4, 0xdc, 0xbe, 0x71, 0x8, 0x19, 0x4c, 0x70,
    0x5, 0xc3,

    /* U+6D3B "活" */
    0x0, 0x0, 0x0, 0x0, 0x2, 0x0, 0xd, 0xb2,
    0x25, 0x8b, 0xef, 0x70, 0x0, 0x96, 0x4a, 0x8f,
    0x50, 0x0, 0x0, 0x0, 0x0, 0xe, 0x20, 0x0,
    0x59, 0x13, 0xdd, 0xdf, 0xed, 0xd4, 0x1a, 0xe1,
    0x44, 0x4f, 0x54, 0x41, 0x0, 0x10, 0x0, 0xe,
    0x20, 0x0, 0x0, 0x42, 0x3c, 0xcf, 0xcc, 0x70,
    0x0, 0xd6, 0x4d, 0x44, 0x49, 0x90, 0x6, 0xd0,
    0x4c, 0x0, 0x7, 0x90, 0x1f, 0x40, 0x4f, 0xcc,
    0xce, 0x90, 0x28, 0x0, 0x4d, 0x44, 0x49, 0x90,
    0x0, 0x0, 0x0, 0x0, 0x0, 0x0,

    /* U+6D45 "浅" */
    0x9, 0x80, 0x1, 0xf3, 0xb2, 0x0, 0x1, 0xb8,
    0x0, 0xf1, 0x5c, 0x0, 0x0, 0x1, 0x35, 0xfa,
    0xac, 0xc0, 0x37, 0x1, 0xdb, 0xfa, 0x53, 0x10,
    0x2b, 0xd0, 0x0, 0xc7, 0x35, 0x72, 0x0, 0x23,
    0xbd, 0xff, 0xda, 0xa2, 0x0, 0x53, 0x53, 0x7c,
    0x4, 0xe2, 0x0, 0xe3, 0x0, 0x2f, 0x7f, 0x40,
    0x7, 0xc0, 0x0, 0x4f, 0xe2, 0x66, 0xe, 0x51,
    0x8d, 0xe9, 0xf5, 0xb6, 0x18, 0x0, 0x95, 0x0,
    0x6e, 0xd1,

    /* U+6D4B "测" */
    0x0, 0x0, 0x0, 0x0, 0x0, 0x0, 0x8, 0xc5,
    0xfd, 0xdf, 0x0, 0xb3, 0x0, 0x45, 0xc2, 0x1e,
    0x49, 0xb3, 0x0, 0x1, 0xc8, 0x5e, 0x49, 0xb3,
    0x2f, 0x71, 0xc8, 0x5e, 0x49, 0xb3, 0x4, 0xc2,
    0xc8, 0x5e, 0x49, 0xb3, 0x0, 0x1, 0xc8, 0x5e,
    0x49, 0xb3, 0x0, 0x62, 0xc8, 0x4e, 0x49, 0xb3,
    0x0, 0xf3, 0xc9, 0x3e, 0x49, 0xb3, 0x6, 0xc0,
    0x3d, 0x42, 0x2, 0xb3, 0xc, 0x60, 0x88, 0x88,
    0x0, 0xb3, 0xa, 0x16, 0x90, 0xa, 0x2e, 0xd1,
    0x0, 0x0, 0x0, 0x0, 0x0, 0x0,

    /* U+6D88 "消" */
    0x9, 0x60, 0x43, 0xe, 0x31, 0x80, 0x3, 0xc8,
    0x5d, 0xe, 0x38, 0xa0, 0x0, 0x0, 0xb, 0x2e,
    0x3a, 0x10, 0x49, 0x10, 0x5b, 0xbf, 0xcb, 0x70,
    0x8, 0xe0, 0x7c, 0x55, 0x5a, 0xa0, 0x0, 0x0,
    0x7e, 0xcc, 0xce, 0xa0, 0x0, 0x53, 0x7b, 0x33,
    0x39, 0xa0, 0x0, 0xd7, 0x7b, 0x44, 0x49, 0xa0,
    0x5, 0xe0, 0x7e, 0xbb, 0xbd, 0xa0, 0xd, 0x80,
    0x7a, 0x0, 0x18, 0x90, 0xa, 0x0, 0x7a, 0x0,
    0xce, 0x50,

    /* U+6DF1 "深" */
    0x4, 0x0, 0x0, 0x0, 0x0, 0x0, 0xa, 0xe4,
    0xff, 0xff, 0xff, 0xf0, 0x0, 0x42, 0xe0, 0x30,
    0x30, 0xf0, 0x0, 0x0, 0x47, 0xc0, 0xd7, 0x40,
    0x4a, 0x0, 0x3f, 0x20, 0x2e, 0x20, 0x2c, 0xd1,
    0xe6, 0x5, 0x7, 0xb0, 0x0, 0x50, 0x31, 0x2f,
    0x21, 0x30, 0x0, 0x32, 0xee, 0xff, 0xfe, 0xe0,
    0x0, 0xe3, 0x3, 0xef, 0xe2, 0x0, 0x6, 0xb0,
    0x2e, 0x6f, 0x7d, 0x10, 0xe, 0x46, 0xf5, 0x1f,
    0x18, 0xe2, 0x19, 0x2, 0x20, 0x1f, 0x10, 0x30,

    /* U+6E05 "清" */
    0x8, 0x30, 0x0, 0x3f, 0x0, 0x0, 0x5, 0xe6,
    0xdd, 0xdf, 0xdd, 0xc0, 0x0, 0x10, 0x89, 0xbf,
    0x99, 0x60, 0x37, 0x2, 0x56, 0x8f, 0x66, 0x52,
    0x2b, 0xc5, 0x99, 0x99, 0x99, 0x94, 0x0, 0x20,
    0x9d, 0xdd, 0xde, 0x60, 0x0, 0x62, 0xb9, 0x55,
    0x5b, 0x70, 0x0, 0xe3, 0xba, 0x77, 0x7c, 0x70,
    0x6, 0xd0, 0xbe, 0xdd, 0xdf, 0x70, 0xe, 0x60,
    0xb5, 0x0, 0x9, 0x70, 0x8, 0x0, 0xb5, 0x0,
    0xee, 0x40,

    /* U+6E08 "済" */
    0x0, 0x0, 0x0, 0x1, 0x0, 0x0, 0x7, 0x70,
    0x0, 0x6b, 0x0, 0x0, 0x2, 0xc7, 0xff, 0xff,
    0xff, 0xfa, 0x0, 0x0, 0x2e, 0x40, 0x5e, 0x10,
    0x17, 0x0, 0x3, 0xec, 0xe2, 0x0, 0x1b, 0xb2,
    0xad, 0xc8, 0xcf, 0xd7, 0x0, 0x30, 0x77, 0x0,
    0x8, 0x41, 0x0, 0x41, 0x4f, 0xcc, 0xcf, 0x30,
    0x0, 0xc4, 0x5b, 0x11, 0x1e, 0x30, 0x4, 0xd0,
    0x9f, 0xee, 0xef, 0x30, 0xc, 0x61, 0xe3, 0x0,
    0xe, 0x30, 0x9, 0x6, 0xa0, 0x0, 0xe, 0x30,
    0x0, 0x0, 0x0, 0x0, 0x0, 0x0,

    /* U+6EE4 "滤" */
    0xb, 0x91, 0x0, 0x4f, 0xdd, 0xd0, 0x1, 0xc5,
    0x44, 0x7b, 0x44, 0x41, 0x0, 0x3, 0xff, 0xff,
    0xff, 0xf6, 0x37, 0x3, 0xd0, 0xd4, 0x32, 0xd1,
    0x19, 0xb3, 0xd9, 0xfa, 0x83, 0x50, 0x0, 0x3,
    0xd0, 0xcc, 0xbb, 0xd0, 0x0, 0x95, 0xc0, 0x4,
    0x32, 0x0, 0x2, 0xf6, 0xa0, 0x27, 0x82, 0x40,
    0x8, 0xa8, 0x7b, 0xd1, 0xd2, 0xc0, 0xf, 0x3d,
    0x69, 0xd0, 0x17, 0xa7, 0x19, 0x2d, 0x33, 0xac,
    0xcd, 0x22, 0x0, 0x1, 0x0, 0x0, 0x0, 0x0,

    /* U+70B9 "点" */
    0x0, 0x0, 0xa, 0x80, 0x0, 0x0, 0x0, 0x0,
    0xa, 0xff, 0xff, 0xe0, 0x0, 0x0, 0xa, 0x81,
    0x11, 0x10, 0x0, 0x88, 0x8d, 0xc8, 0x88, 0x0,
    0x1, 0xf8, 0x88, 0x88, 0x8f, 0x10, 0x1, 0xf0,
    0x0, 0x0, 0xf, 0x10, 0x1, 0xfd, 0xdd, 0xdd,
    0xdf, 0x10, 0x0, 0x44, 0x44, 0x44, 0x45, 0x0,
    0x4, 0xe0, 0xc2, 0x5a, 0xc, 0x70, 0xd, 0x60,
    0xd4, 0x1f, 0x13, 0xf2, 0x28, 0x0, 0x83, 0x7,
    0x20, 0x72,

    /* U+7121 "無" */
    0x0, 0x11, 0x0, 0x0, 0x0, 0x0, 0x0, 0xb8,
    0x0, 0x0, 0x0, 0x0, 0x7, 0xff, 0xff, 0xff,
    0xff, 0xf0, 0x6f, 0xf1, 0xe1, 0xe1, 0x4c, 0x0,
    0x14, 0xe1, 0xe1, 0xe1, 0x4c, 0x0, 0x3f, 0xff,
    0xff, 0xff, 0xff, 0xf0, 0x0, 0xe2, 0xe2, 0xe2,
    0x4c, 0x0, 0x0, 0xe1, 0xe1, 0xe1, 0x4c, 0x0,
    0x8f, 0xff, 0xff, 0xff, 0xff, 0xf6, 0x3, 0x51,
    0x40, 0x42, 0x7, 0x20, 0xc, 0x71, 0xf0, 0xaa,
    0x8, 0xc0, 0x5d, 0x0, 0xf1, 0x5e, 0x0, 0xd5,
    0x0, 0x0, 0x0, 0x0, 0x0, 0x0,

    /* U+7247 "片" */
    0x2, 0xf0, 0x0, 0xe4, 0x0, 0x0, 0x2f, 0x0,
    0xe, 0x40, 0x0, 0x2, 0xf0, 0x0, 0xe4, 0x0,
    0x0, 0x2f, 0xff, 0xff, 0xff, 0xf7, 0x2, 0xf2,
    0x22, 0x22, 0x22, 0x10, 0x3f, 0x22, 0x22, 0x21,
    0x0, 0x5, 0xff, 0xff, 0xff, 0xc0, 0x0, 0x8c,
    0x0, 0x0, 0x7c, 0x0, 0xd, 0x70, 0x0, 0x7,
    0xc0, 0x5, 0xf1, 0x0, 0x0, 0x7c, 0x0, 0x67,
    0x0, 0x0, 0x7, 0xc0, 0x0, 0x0, 0x0, 0x0,
    0x0, 0x0,

    /* U+7269 "物" */
    0x0, 0x0, 0x0, 0x0, 0x0, 0x0, 0x4, 0x4d,
    0x0, 0xa5, 0x0, 0x0, 0xd, 0x5d, 0x0, 0xe7,
    0x55, 0x63, 0xf, 0xff, 0xf5, 0xed, 0xcf, 0xe9,
    0x3d, 0x5e, 0x2d, 0x4d, 0x3e, 0x98, 0x36, 0x3d,
    0x3a, 0x3d, 0x4b, 0x97, 0x0, 0x4f, 0xb2, 0xa6,
    0x96, 0xa6, 0x3d, 0xff, 0x65, 0xe1, 0xe1, 0xb5,
    0x16, 0x4d, 0x1e, 0x47, 0xa0, 0xd3, 0x0, 0x3d,
    0x1, 0x1e, 0x20, 0xf2, 0x0, 0x3d, 0x0, 0xc8,
    0x14, 0xf0, 0x0, 0x3d, 0x3, 0x90, 0xbf, 0x70,
    0x0, 0x0, 0x0, 0x0, 0x0, 0x0,

    /* U+7387 "率" */
    0x0, 0x0, 0x0, 0x0, 0x0, 0x0, 0x1, 0x11,
    0x1b, 0xb1, 0x11, 0x10, 0x2f, 0xff, 0xff, 0xff,
    0xff, 0xf4, 0x7, 0x30, 0x5c, 0x1a, 0x15, 0x50,
    0x4, 0xe5, 0xfe, 0xf8, 0x5e, 0x30, 0x0, 0x23,
    0x3b, 0xb5, 0x32, 0x0, 0x6, 0xea, 0xbd, 0x7f,
    0xae, 0x40, 0x2c, 0x43, 0xcb, 0x99, 0x84, 0xd1,
    0x13, 0x33, 0x3b, 0xb3, 0x33, 0x31, 0x5d, 0xdd,
    0xdf, 0xfd, 0xdd, 0xd5, 0x0, 0x0, 0x9, 0x90,
    0x0, 0x0, 0x0, 0x0, 0x9, 0x90, 0x0, 0x0,

    /* U+73B0 "现" */
    0x7f, 0xff, 0xae, 0xff, 0xff, 0xe0, 0x5b, 0xfb,
    0x6e, 0x20, 0x3, 0xe0, 0x0, 0xe2, 0xe, 0x29,
    0x13, 0xe0, 0x0, 0xe2, 0xe, 0x2e, 0x23, 0xe0,
    0x4f, 0xff, 0x5e, 0x2e, 0x23, 0xe0, 0x1, 0xf4,
    0xe, 0x2f, 0x13, 0xe0, 0x0, 0xe2, 0x5, 0x2f,
    0x1, 0x50, 0x0, 0xe8, 0x70, 0x6f, 0xd0, 0x0,
    0x4b, 0xff, 0x70, 0xdb, 0xd0, 0x39, 0x7a, 0x50,
    0xb, 0xb6, 0xd0, 0x59, 0x0, 0x0, 0xcb, 0x3,
    0xfd, 0xe4, 0x0, 0x0, 0x10, 0x0, 0x0, 0x0,

    /* U+74E6 "瓦" */
    0x3f, 0xff, 0xff, 0xff, 0xff, 0xf2, 0x2b, 0xbe,
    0xeb, 0xbb, 0xbb, 0xb1, 0x0, 0xc, 0x70, 0x0,
    0x0, 0x0, 0x0, 0xe, 0xfe, 0xee, 0xe0, 0x0,
    0x0, 0xf, 0x52, 0x25, 0xf0, 0x0, 0x0, 0x3f,
    0x5a, 0x3, 0xf0, 0x0, 0x0, 0x6d, 0x1d, 0x93,
    0xf0, 0x0, 0x0, 0x8b, 0x2, 0xe4, 0xf0, 0x10,
    0x0, 0xb9, 0x0, 0x3, 0xf0, 0x87, 0x4, 0xf9,
    0x69, 0xb5, 0xf1, 0xa7, 0x8, 0xfc, 0xa7, 0x51,
    0xdf, 0xe2, 0x0, 0x0, 0x0, 0x0, 0x0, 0x0,

    /* U+7528 "用" */
    0x1, 0x54, 0x44, 0x44, 0x45, 0x30, 0x3f, 0xcc,
    0xdf, 0xcc, 0xeb, 0x3, 0xe0, 0x4, 0xe0, 0x6,
    0xb0, 0x3f, 0x44, 0x7e, 0x44, 0x9b, 0x3, 0xfc,
    0xcd, 0xfc, 0xcd, 0xb0, 0x3e, 0x0, 0x4e, 0x0,
    0x6b, 0x4, 0xfe, 0xee, 0xfe, 0xef, 0xb0, 0x6c,
    0x33, 0x6e, 0x33, 0x8b, 0xa, 0x80, 0x4, 0xe0,
    0x6, 0xb1, 0xf3, 0x0, 0x4e, 0x0, 0x7b, 0x5b,
    0x0, 0x4, 0xd2, 0xff, 0x60, 0x0, 0x0, 0x0,
    0x0, 0x0,

    /* U+7531 "由" */
    0x0, 0x0, 0x4e, 0x0, 0x0, 0x0, 0x0, 0x4e,
    0x0, 0x0, 0x8f, 0xff, 0xff, 0xff, 0xfa, 0x9a,
    0x33, 0x6e, 0x33, 0x9a, 0x99, 0x0, 0x4e, 0x0,
    0x8a, 0x9a, 0x22, 0x5e, 0x22, 0x9a, 0x9f, 0xff,
    0xff, 0xff, 0xfa, 0x99, 0x0, 0x4e, 0x0, 0x8a,
    0x99, 0x0, 0x4e, 0x0, 0x8a, 0x9e, 0xdd, 0xdf,
    0xdd, 0xea, 0x9b, 0x55, 0x55, 0x55, 0xaa, 0x0,
    0x0, 0x0, 0x0, 0x0,

    /* U+753B "画" */
    0xf, 0xff, 0xff, 0xff, 0xff, 0xf1, 0x1, 0x11,
    0x11, 0x11, 0x11, 0x10, 0x0, 0x1, 0x22, 0x22,
    0x10, 0x0, 0x9, 0x1e, 0xde, 0xed, 0xe0, 0xa0,
    0xf, 0x2e, 0x18, 0x71, 0xe1, 0xf0, 0xf, 0x2e,
    0xef, 0xfe, 0xe1, 0xf0, 0xf, 0x2e, 0x18, 0x71,
    0xe1, 0xf0, 0xf, 0x2e, 0xad, 0xda, 0xe1, 0xf0,
    0xf, 0x24, 0x44, 0x44, 0x41, 0xf0, 0xf, 0xed,
    0xdd, 0xdd, 0xde, 0xf0, 0x3, 0x33, 0x33, 0x33,
    0x34, 0xf0,

    /* U+76D8 "盘" */
    0x0, 0x0, 0x0, 0x0, 0x0, 0x0, 0x0, 0x0,
    0xd, 0x90, 0x0, 0x0, 0x0, 0x8f, 0xee, 0xee,
    0xee, 0x0, 0x0, 0x87, 0x2b, 0xa1, 0x3e, 0x0,
    0x5e, 0xff, 0xee, 0xfe, 0xef, 0xe7, 0x1, 0xd6,
    0x6b, 0x31, 0x4e, 0x10, 0x6, 0xf1, 0x8, 0xe4,
    0x8e, 0x0, 0xc, 0x50, 0x0, 0x12, 0xa6, 0x0,
    0x2, 0xfe, 0xfe, 0xef, 0xef, 0x20, 0x2, 0xe0,
    0xe1, 0x2e, 0xe, 0x20, 0x39, 0xf8, 0xf8, 0x9f,
    0x8f, 0x93, 0x7f, 0xff, 0xff, 0xff, 0xff, 0xf7,

    /* U+76EE "目" */
    0x3f, 0xff, 0xff, 0xff, 0xf3, 0x3f, 0x22, 0x22,
    0x22, 0xf3, 0x3f, 0x0, 0x0, 0x0, 0xf3, 0x3f,
    0xdd, 0xdd, 0xdd, 0xf3, 0x3f, 0x44, 0x44, 0x44,
    0xf3, 0x3f, 0x0, 0x0, 0x0, 0xf3, 0x3f, 0xff,
    0xff, 0xff, 0xf3, 0x3f, 0x22, 0x22, 0x22, 0xf3,
    0x3f, 0x0, 0x0, 0x0, 0xf3, 0x3f, 0xff, 0xff,
    0xff, 0xf3, 0x3f, 0x22, 0x22, 0x22, 0xf3,

    /* U+7740 "着" */
    0x0, 0x2, 0x0, 0x0, 0x20, 0x0, 0x0, 0xd,
    0x80, 0x5, 0xe1, 0x0, 0x8, 0xef, 0xfe, 0xef,
    0xfe, 0xc0, 0x0, 0x55, 0x6f, 0x65, 0x55, 0x10,
    0x0, 0x77, 0xdc, 0x77, 0x77, 0x10, 0x1e, 0xee,
    0xff, 0xee, 0xee, 0xe6, 0x0, 0xb, 0xd5, 0x55,
    0x55, 0x10, 0x0, 0x8f, 0xb9, 0x99, 0x9f, 0x30,
    0x8, 0xfe, 0xca, 0xaa, 0xaf, 0x30, 0x3e, 0x3d,
    0xa7, 0x77, 0x7f, 0x30, 0x0, 0xd, 0x85, 0x55,
    0x5f, 0x30, 0x0, 0xd, 0xed, 0xdd, 0xdf, 0x30,
    0x0, 0x0, 0x0, 0x0, 0x0, 0x0,

    /* U+77E5 "知" */
    0x0, 0x0, 0x0, 0x0, 0x0, 0x0, 0x6, 0xb0,
    0x0, 0x0, 0x0, 0x0, 0xa, 0xc8, 0x86, 0x8f,
    0xff, 0xf2, 0xf, 0xaf, 0x87, 0x89, 0x0, 0xf2,
    0x7b, 0x2f, 0x0, 0x89, 0x0, 0xf2, 0x14, 0x4f,
    0x22, 0x89, 0x0, 0xf2, 0x7f, 0xff, 0xff, 0xa9,
    0x0, 0xf2, 0x0, 0x4e, 0x0, 0x89, 0x0, 0xf2,
    0x0, 0x9f, 0xa0, 0x89, 0x0, 0xf2, 0x1, 0xf4,
    0xd8, 0x8a, 0x11, 0xf2, 0xb, 0xb0, 0x2d, 0x8f,
    0xff, 0xf2, 0x5d, 0x10, 0x0, 0x68, 0x0, 0xb1,
    0x0, 0x0, 0x0, 0x0, 0x0, 0x0,

    /* U+77ED "短" */
    0x2, 0x40, 0x0, 0x0, 0x0, 0x0, 0x7, 0x90,
    0x7, 0xff, 0xff, 0xfa, 0xa, 0xc8, 0x82, 0x11,
    0x11, 0x10, 0xe, 0xce, 0xa2, 0x33, 0x33, 0x30,
    0x3d, 0x4c, 0x1, 0xfc, 0xcc, 0xf3, 0x28, 0x9d,
    0x63, 0xf0, 0x0, 0xe3, 0x26, 0xad, 0x63, 0xfc,
    0xcc, 0xf3, 0x0, 0x7d, 0x0, 0x65, 0x45, 0x70,
    0x0, 0xaf, 0x70, 0x97, 0x6, 0xb0, 0x1, 0xf4,
    0xf2, 0x4c, 0xb, 0x60, 0x9, 0xa0, 0x71, 0x1a,
    0x1f, 0x10, 0x2d, 0x10, 0xe, 0xff, 0xff, 0xfc,
    0x0, 0x0, 0x0, 0x0, 0x0, 0x0,

    /* U+7801 "码" */
    0x1, 0x11, 0x10, 0x0, 0x0, 0x0, 0x4f, 0xff,
    0xe9, 0xff, 0xff, 0x70, 0x0, 0xf0, 0x0, 0x0,
    0xb, 0x60, 0x4, 0xc0, 0x2, 0xc0, 0xc, 0x50,
    0x8, 0x80, 0x3, 0xd0, 0xe, 0x30, 0xe, 0xed,
    0x84, 0xc0, 0xf, 0x10, 0x5f, 0x78, 0x96, 0xfe,
    0xff, 0xf4, 0x5f, 0x57, 0x90, 0x10, 0x0, 0xc3,
    0xa, 0x57, 0x95, 0x66, 0x63, 0xd1, 0xa, 0x89,
    0x9a, 0xbb, 0xb6, 0xf0, 0xa, 0xdb, 0x70, 0x0,
    0x4, 0xc0, 0x7, 0x30, 0x0, 0x0, 0xff, 0x50,

    /* U+786E "确" */
    0x0, 0x0, 0x0, 0x35, 0x0, 0x0, 0x3f, 0xff,
    0xe0, 0xb6, 0x0, 0x0, 0x0, 0xf2, 0x3, 0xfe,
    0xff, 0x30, 0x2, 0xe0, 0xd, 0x71, 0x8a, 0x10,
    0x6, 0xa0, 0x7f, 0xff, 0xfe, 0xf6, 0xc, 0xed,
    0x89, 0x81, 0xe0, 0xb6, 0x3f, 0x88, 0x98, 0xfe,
    0xfe, 0xf6, 0x4f, 0x67, 0x98, 0x81, 0xe0, 0xb6,
    0xa, 0x67, 0x99, 0xdc, 0xfc, 0xe6, 0xa, 0x89,
    0x9c, 0x85, 0xf5, 0xc6, 0xa, 0xdb, 0x8f, 0x1,
    0xe0, 0xb6, 0x6, 0x40, 0x88, 0x0, 0xba, 0xf3,
    0x0, 0x0, 0x0, 0x0, 0x0, 0x0,

    /* U+793A "示" */
    0x0, 0x22, 0x22, 0x22, 0x22, 0x0, 0x3, 0xff,
    0xff, 0xff, 0xff, 0x30, 0x0, 0x0, 0x0, 0x0,
    0x0, 0x0, 0x16, 0x66, 0x66, 0x66, 0x66, 0x62,
    0x3c, 0xcc, 0xce, 0xec, 0xcc, 0xc3, 0x0, 0x10,
    0x9, 0xa0, 0x0, 0x0, 0x0, 0xb9, 0x9, 0xa0,
    0x9b, 0x0, 0x3, 0xf2, 0x9, 0xa0, 0x1f, 0x50,
    0x1d, 0x80, 0x9, 0xa0, 0x7, 0xd0, 0x4a, 0x1,
    0x2a, 0xa0, 0x1, 0xc1, 0x0, 0x6, 0xff, 0x50,
    0x0, 0x0, 0x0, 0x0, 0x0, 0x0, 0x0, 0x0,

    /* U+79BB "离" */
    0x0, 0x0, 0x0, 0x0, 0x0, 0x0, 0x0, 0x0,
    0xb, 0x80, 0x0, 0x0, 0x1e, 0xee, 0xee, 0xee,
    0xee, 0xe7, 0x0, 0x92, 0x97, 0x5b, 0x1b, 0x10,
    0x0, 0xd4, 0x5d, 0xc9, 0x1f, 0x10, 0x0, 0xd9,
    0xc6, 0x6a, 0x7f, 0x10, 0x0, 0x57, 0x7c, 0xc7,
    0x77, 0x0, 0x7, 0xdd, 0xdf, 0xed, 0xdd, 0xb0,
    0x9, 0x92, 0xb9, 0x2c, 0x25, 0xd0, 0x9, 0x86,
    0xf8, 0x9e, 0x94, 0xd0, 0x9, 0x85, 0xa7, 0x54,
    0x84, 0xd0, 0x9, 0x80, 0x0, 0x0, 0xbe, 0x90,
    0x0, 0x0, 0x0, 0x0, 0x0, 0x0,

    /* U+79C1 "私" */
    0x0, 0x0, 0x0, 0x0, 0x0, 0x0, 0x4, 0x7b,
    0xf7, 0x6, 0xb0, 0x0, 0xa, 0x9f, 0x10, 0x9,
    0xa0, 0x0, 0x0, 0x2e, 0x0, 0xc, 0x70, 0x0,
    0x3f, 0xff, 0xfc, 0xf, 0x30, 0x0, 0x1, 0x9f,
    0x51, 0x4f, 0x2, 0x0, 0x1, 0xef, 0xd3, 0x8a,
    0x2f, 0x10, 0x9, 0xae, 0x58, 0xd6, 0xc, 0x70,
    0x5e, 0x3e, 0x3, 0xf1, 0x6, 0xd0, 0x34, 0x2e,
    0xa, 0xd5, 0x7b, 0xf3, 0x0, 0x2e, 0xd, 0xfd,
    0xa7, 0xd8, 0x0, 0x2e, 0x2, 0x0, 0x0, 0x54,

    /* U+79D2 "秒" */
    0x0, 0x0, 0x0, 0x0, 0x0, 0x0, 0x26, 0xae,
    0x80, 0xe, 0x20, 0x0, 0x48, 0xe5, 0x1, 0x1e,
    0x35, 0x0, 0x0, 0xd4, 0x9, 0x6e, 0x3d, 0x40,
    0xbf, 0xff, 0xdb, 0x3e, 0x27, 0xa0, 0x13, 0xf8,
    0x1f, 0xe, 0x22, 0xf0, 0x8, 0xff, 0x49, 0xe,
    0x21, 0x20, 0xd, 0xd8, 0xa0, 0xe, 0x2b, 0x70,
    0x98, 0xd4, 0x10, 0x6, 0x6e, 0x0, 0x81, 0xd4,
    0x0, 0x6, 0xf4, 0x0, 0x0, 0xd4, 0x16, 0xcd,
    0x30, 0x0, 0x0, 0xd4, 0x8c, 0x60, 0x0, 0x0,

    /* U+79D8 "秘" */
    0x0, 0x1, 0x0, 0x20, 0x0, 0x0, 0x28, 0xcf,
    0x30, 0xdb, 0x12, 0x60, 0x29, 0xf2, 0x0, 0x1c,
    0xc7, 0xa0, 0x0, 0xe2, 0x0, 0x41, 0x3d, 0x50,
    0x7e, 0xff, 0x86, 0xd3, 0x2f, 0x10, 0x14, 0xf6,
    0x49, 0xd3, 0x9d, 0xb0, 0x8, 0xfd, 0x67, 0xd5,
    0xf2, 0xf1, 0xe, 0xfa, 0xe4, 0xdd, 0x90, 0xb5,
    0x8a, 0xe3, 0x51, 0xde, 0x10, 0x65, 0x62, 0xe2,
    0x3, 0xf5, 0x2, 0x60, 0x0, 0xe2, 0x4e, 0xf4,
    0x5, 0xa0, 0x0, 0xe2, 0x76, 0x9f, 0xff, 0x50,

    /* U+79F0 "称" */
    0x0, 0x1, 0x0, 0x30, 0x0, 0x0, 0x28, 0xcf,
    0x70, 0xf3, 0x0, 0x0, 0x49, 0xe4, 0x4, 0xf9,
    0x99, 0xa2, 0x0, 0xd2, 0xb, 0xa8, 0xe6, 0xe0,
    0x9e, 0xff, 0xdf, 0x14, 0xd3, 0x60, 0x14, 0xf6,
    0x15, 0x74, 0xd6, 0x30, 0x8, 0xfe, 0x26, 0xc4,
    0xd8, 0x80, 0x1d, 0xe7, 0x8a, 0x84, 0xd3, 0xd0,
    0xa6, 0xd2, 0x1f, 0x24, 0xd0, 0xf1, 0x50, 0xd2,
    0x4a, 0x4, 0xd0, 0xa2, 0x0, 0xd2, 0x0, 0x15,
    0xd0, 0x0, 0x0, 0xd2, 0x0, 0x8e, 0x80, 0x0,

    /* U+7A0B "程" */
    0x0, 0x0, 0x0, 0x0, 0x0, 0x0, 0x37, 0xbf,
    0x5e, 0xff, 0xff, 0xe0, 0x46, 0xe4, 0xe, 0x20,
    0x2, 0xe0, 0x0, 0xd4, 0xe, 0x20, 0x2, 0xe0,
    0xaf, 0xff, 0xae, 0xee, 0xee, 0xe0, 0x13, 0xf6,
    0x10, 0x0, 0x0, 0x0, 0x9, 0xfd, 0x6f, 0xff,
    0xff, 0xe0, 0x2e, 0xda, 0x70, 0xd, 0x50, 0x0,
    0xb7, 0xd4, 0xd, 0xdf, 0xed, 0x80, 0x60, 0xd4,
    0x2, 0x2d, 0x72, 0x10, 0x0, 0xd4, 0x11, 0x1d,
    0x61, 0x10, 0x0, 0xd4, 0xdf, 0xff, 0xff, 0xf2,

    /* U+7A3C "稼" */
    0x0, 0x1, 0x0, 0x3, 0x10, 0x0, 0x28, 0xdf,
    0x20, 0xa, 0x80, 0x0, 0x19, 0xf2, 0x6e, 0xef,
    0xfe, 0xe5, 0x0, 0xf1, 0x7b, 0x33, 0x33, 0xc6,
    0x6e, 0xff, 0x5a, 0xef, 0xfe, 0x70, 0x4, 0xf5,
    0x15, 0xcf, 0x2, 0xa0, 0x8, 0xfd, 0x8a, 0x4e,
    0xbf, 0x50, 0xd, 0xfa, 0x36, 0xd8, 0xea, 0x40,
    0x79, 0xf1, 0x8a, 0x2b, 0xf5, 0xa0, 0x42, 0xf1,
    0x5, 0xd5, 0xe1, 0xe3, 0x0, 0xf1, 0xaa, 0x22,
    0xf0, 0x54, 0x0, 0xf1, 0x0, 0x7f, 0x70, 0x0,
    0x0, 0x0, 0x0, 0x0, 0x0, 0x0,

    /* U+7A7A "空" */
    0x0, 0x0, 0x5, 0x0, 0x0, 0x0, 0x0, 0x0,
    0xe, 0x60, 0x0, 0x0, 0x2f, 0xff, 0xff, 0xff,
    0xff, 0xf2, 0x2f, 0x11, 0x31, 0x13, 0x11, 0xf3,
    0x2d, 0x9, 0xd0, 0x4f, 0x92, 0x91, 0x6, 0xec,
    0x10, 0x2, 0xbf, 0x90, 0x9, 0x93, 0x33, 0x33,
    0x36, 0x70, 0x0, 0xdd, 0xdf, 0xed, 0xd8, 0x0,
    0x0, 0x0, 0xd, 0x50, 0x0, 0x0, 0x0, 0x0,
    0xd, 0x50, 0x0, 0x0, 0x8, 0x88, 0x8e, 0xa8,
    0x88, 0x81, 0x8, 0x88, 0x88, 0x88, 0x88, 0x81,

    /* U+7AEF "端" */
    0x0, 0xc3, 0xd, 0x44, 0xb0, 0xe2, 0x4, 0x98,
    0x3d, 0x44, 0xb0, 0xe2, 0x3e, 0xee, 0xbd, 0xee,
    0xfd, 0xf2, 0x6, 0x4, 0x32, 0x33, 0x33, 0x30,
    0xb, 0x29, 0xaf, 0xff, 0xff, 0xf8, 0x9, 0x4b,
    0x30, 0x8, 0xa0, 0x0, 0x8, 0x6c, 0xe, 0xff,
    0xff, 0xf4, 0x6, 0x5d, 0x2f, 0x1e, 0x57, 0xb4,
    0x18, 0xcf, 0xcf, 0x1e, 0x57, 0xb4, 0x2a, 0x62,
    0xf, 0x1e, 0x57, 0xb4, 0x0, 0x0, 0xf, 0x1e,
    0x4b, 0xe2, 0x0, 0x0, 0x1, 0x0, 0x0, 0x0,

    /* U+7B80 "简" */
    0x0, 0x0, 0x0, 0x0, 0x0, 0x0, 0x0, 0xd2,
    0x0, 0x1e, 0x0, 0x0, 0x8, 0xff, 0xfc, 0xaf,
    0xff, 0xe2, 0x4d, 0x18, 0x82, 0xc0, 0x4d, 0x0,
    0x2, 0xe3, 0xab, 0xbb, 0xbc, 0xa0, 0x6, 0x88,
    0x34, 0x44, 0x47, 0xd0, 0xe, 0x33, 0xaa, 0xaa,
    0x34, 0xd0, 0xe, 0x34, 0xb3, 0x3d, 0x44, 0xd0,
    0xe, 0x34, 0xfc, 0xcf, 0x44, 0xd0, 0xe, 0x34,
    0xb0, 0xc, 0x44, 0xd0, 0xe, 0x33, 0xdd, 0xdd,
    0x34, 0xd0, 0xe, 0x30, 0x0, 0x0, 0xbf, 0x90,
    0x0, 0x0, 0x0, 0x0, 0x0, 0x0,

    /* U+7D22 "索" */
    0x0, 0x0, 0x4, 0xe0, 0x0, 0x0, 0xb, 0xff,
    0xff, 0xff, 0xff, 0xf6, 0x0, 0x0, 0x4, 0xe0,
    0x0, 0x0, 0x2f, 0xff, 0xff, 0xff, 0xff, 0xf3,
    0x2e, 0x2, 0xab, 0x23, 0x40, 0xe3, 0x5, 0x8f,
    0xeb, 0xcd, 0x70, 0x41, 0x0, 0x27, 0xcb, 0x40,
    0xac, 0x10, 0x6, 0xef, 0xed, 0xfc, 0xbc, 0xd1,
    0x2, 0x27, 0x30, 0xf2, 0x82, 0x60, 0x3, 0xcb,
    0x10, 0xf1, 0x6e, 0x60, 0xa, 0x50, 0xaf, 0xc0,
    0x2, 0xa0, 0x0, 0x0, 0x0, 0x0, 0x0, 0x0,

    /* U+7D30 "細" */
    0x0, 0x51, 0x0, 0x0, 0x0, 0x0, 0x0, 0xe2,
    0x9, 0xff, 0xff, 0xf3, 0x7, 0x91, 0x9, 0xca,
    0xf9, 0xf3, 0x2d, 0x1b, 0x69, 0x72, 0xe0, 0xd3,
    0x8c, 0xbd, 0x9, 0x72, 0xe0, 0xd3, 0x26, 0xe6,
    0x19, 0x83, 0xf1, 0xe3, 0xa, 0x66, 0x99, 0xff,
    0xff, 0xf3, 0x6f, 0xdb, 0xc9, 0x72, 0xe0, 0xd3,
    0x13, 0x33, 0x39, 0x72, 0xe0, 0xd3, 0x3a, 0xc4,
    0xa9, 0x72, 0xe0, 0xd3, 0x68, 0xa3, 0xa9, 0xff,
    0xff, 0xf3, 0x74, 0x31, 0x9, 0x71, 0x11, 0xe3,
    0x0, 0x0, 0x0, 0x0, 0x0, 0x0,

    /* U+7D4C "経" */
    0x0, 0x61, 0x0, 0x0, 0x0, 0x0, 0x2, 0xf2,
    0x3f, 0xff, 0xff, 0xe0, 0xa, 0x96, 0x60, 0xe2,
    0xd, 0xb0, 0x5d, 0x1e, 0x60, 0x8c, 0x8f, 0x20,
    0x9f, 0xfb, 0x0, 0xe, 0xf6, 0x0, 0x27, 0xe6,
    0x23, 0xbe, 0xce, 0x60, 0x3e, 0x48, 0x9e, 0x83,
    0x75, 0xd7, 0x7f, 0xdb, 0xb0, 0x14, 0xe1, 0x10,
    0x22, 0x33, 0x46, 0xff, 0xff, 0xf0, 0x69, 0xd4,
    0x90, 0x4, 0xd0, 0x0, 0x86, 0xc2, 0xa1, 0x14,
    0xe1, 0x10, 0xb3, 0x82, 0xf, 0xff, 0xff, 0xf9,
    0x0, 0x0, 0x0, 0x0, 0x0, 0x0,

    /* U+7D71 "統" */
    0x0, 0x95, 0x0, 0xa, 0x40, 0x0, 0x1, 0xf2,
    0x6, 0x6b, 0xc6, 0x62, 0xa, 0x88, 0x79, 0xaf,
    0xaa, 0x93, 0x5f, 0x8e, 0x20, 0xaa, 0xd, 0x20,
    0x49, 0xf8, 0x18, 0xf8, 0x8d, 0xc0, 0x8, 0xa6,
    0x8a, 0xa8, 0x65, 0xc3, 0x5f, 0xde, 0xd0, 0xd3,
    0x96, 0x0, 0x24, 0x22, 0x60, 0xf2, 0xa6, 0x0,
    0x2b, 0xb7, 0x72, 0xf0, 0xa6, 0x33, 0x49, 0x95,
    0x7a, 0xa0, 0xa6, 0x68, 0x76, 0x63, 0x9d, 0x10,
    0x7f, 0xf4, 0x0, 0x0, 0x10, 0x0, 0x0, 0x0,

    /* U+7D9A "続" */
    0x0, 0xa2, 0x0, 0x2, 0xe0, 0x0, 0x3, 0xd0,
    0xf, 0xff, 0xff, 0xf2, 0xb, 0x5b, 0x51, 0x35,
    0xf3, 0x30, 0x5f, 0xbd, 0x5, 0xaa, 0xaa, 0xa1,
    0x32, 0xd9, 0x1e, 0xee, 0xee, 0xe2, 0x9, 0xaa,
    0x6f, 0x0, 0x0, 0xc3, 0x6e, 0xa9, 0x85, 0x59,
    0x38, 0x41, 0x14, 0x45, 0x40, 0x6b, 0x3a, 0x0,
    0x1c, 0xa6, 0xa0, 0xb8, 0x3a, 0x12, 0x4a, 0x85,
    0xa5, 0xf2, 0x3a, 0x37, 0x55, 0x32, 0x4f, 0x50,
    0x1f, 0xf3, 0x0, 0x0, 0x1, 0x0, 0x0, 0x0,

    /* U+7E2E "縮" */
    0x0, 0x0, 0x0, 0x0, 0x0, 0x0, 0x0, 0xc3,
    0x0, 0x9, 0x80, 0x0, 0x3, 0xc2, 0x2f, 0xff,
    0xff, 0xf6, 0xc, 0x4b, 0x8e, 0x30, 0x0, 0x95,
    0x6f, 0xbc, 0x3, 0xed, 0xdd, 0xd5, 0x24, 0xe8,
    0x17, 0x81, 0x89, 0x10, 0xa, 0x89, 0x8e, 0x6c,
    0xff, 0xe3, 0x5d, 0xa8, 0xcf, 0x6d, 0x10, 0xc3,
    0x14, 0x64, 0x57, 0x6d, 0xee, 0xf3, 0x49, 0xc3,
    0xa6, 0x6d, 0x10, 0xc3, 0x66, 0xa2, 0xc6, 0x6d,
    0x43, 0xd3, 0x73, 0x51, 0x6, 0x6d, 0xbb, 0xf3,
    0x0, 0x0, 0x0, 0x0, 0x0, 0x0,

    /* U+7EA7 "级" */
    0x0, 0x55, 0x0, 0x0, 0x0, 0x0, 0x0, 0xd5,
    0x3f, 0xff, 0xff, 0x10, 0x5, 0xc0, 0x2b, 0xfc,
    0xce, 0x0, 0xd, 0x32, 0x30, 0xf2, 0x7a, 0x0,
    0x89, 0x2b, 0x70, 0xf1, 0xb7, 0x0, 0x5e, 0xed,
    0x2, 0xf1, 0xef, 0xf1, 0x1, 0xe3, 0x4, 0xf7,
    0x3, 0xe0, 0x1d, 0xed, 0x86, 0xde, 0xa, 0x80,
    0x7c, 0x62, 0xa, 0x7a, 0xbf, 0x10, 0x0, 0x5b,
    0xbf, 0x32, 0xfa, 0x0, 0x5f, 0xc6, 0x8d, 0x2d,
    0xbf, 0x70, 0x23, 0x0, 0xd5, 0xd8, 0x3, 0xd5,
    0x0, 0x0, 0x0, 0x0, 0x0, 0x0,

    /* U+7EBF "线" */
    0x0, 0x57, 0x0, 0xf, 0x49, 0x10, 0x0, 0xc6,
    0x0, 0xf, 0x17, 0x70, 0x4, 0xd1, 0x32, 0x5f,
    0xbc, 0xe0, 0xd, 0x6a, 0xa8, 0xaf, 0x73, 0x0,
    0x5e, 0xee, 0x10, 0xd, 0x87, 0xa3, 0x0, 0xd5,
    0xb, 0xef, 0xd9, 0x61, 0xb, 0xea, 0x84, 0x18,
    0x91, 0xd3, 0x3c, 0x84, 0x10, 0x5, 0xdd, 0x80,
    0x0, 0x37, 0x80, 0x7, 0xf8, 0x10, 0x3e, 0xd8,
    0x47, 0xdd, 0xbb, 0x68, 0x2, 0x0, 0x1a, 0x50,
    0x1c, 0xf3,

    /* U+7EC4 "组" */
    0x0, 0x24, 0x0, 0x0, 0x0, 0x0, 0x0, 0x99,
    0x4, 0xff, 0xff, 0x60, 0x1, 0xe1, 0x4, 0xd0,
    0xc, 0x60, 0xa, 0x70, 0x74, 0xd0, 0xc, 0x60,
    0x5c, 0x8, 0xb4, 0xe4, 0x4d, 0x60, 0x3f, 0xfe,
    0x14, 0xfc, 0xcf, 0x60, 0x1, 0xd4, 0x4, 0xd0,
    0xc, 0x60, 0x1c, 0xc8, 0x94, 0xd2, 0x2c, 0x60,
    0x4d, 0x96, 0x24, 0xfd, 0xdf, 0x60, 0x0, 0x36,
    0x74, 0xd0, 0xc, 0x60, 0x4e, 0xa7, 0x59, 0xe7,
    0x7d, 0xa3, 0x0, 0x0, 0x6f, 0xff, 0xff, 0xf6,

    /* U+7EDF "统" */
    0x0, 0x0, 0x0, 0x0, 0x0, 0x0, 0x0, 0xc5,
    0x0, 0xf, 0x30, 0x0, 0x3, 0xf1, 0x36, 0x6d,
    0xa6, 0x60, 0xb, 0x84, 0x6a, 0xdf, 0xaa, 0xa0,
    0x6e, 0x4f, 0x31, 0xe5, 0x1b, 0x0, 0xae, 0xf9,
    0x2c, 0xb4, 0x6e, 0x70, 0x6, 0xd0, 0x8e, 0xcb,
    0x98, 0xe0, 0x4f, 0xbc, 0x24, 0xd0, 0xe3, 0x20,
    0x9c, 0x84, 0x6, 0xc0, 0xf3, 0x0, 0x0, 0x38,
    0x29, 0x90, 0xf3, 0x51, 0x6e, 0xe8, 0x5f, 0x30,
    0xe3, 0xa2, 0x44, 0x2, 0xf6, 0x0, 0xbf, 0xd0,
    0x0, 0x0, 0x10, 0x0, 0x0, 0x0,

    /* U+7EE7 "继" */
    0x0, 0x10, 0x0, 0x0, 0x0, 0x0, 0x0, 0xd5,
    0x1e, 0x40, 0xe1, 0x50, 0x4, 0xd0, 0x1e, 0x84,
    0xe2, 0xd0, 0xc, 0x53, 0x4e, 0x48, 0xe7, 0x70,
    0x6b, 0x1c, 0x8e, 0x34, 0xe5, 0x30, 0x6f, 0xfc,
    0x1e, 0xcd, 0xfd, 0xc3, 0x2, 0xe2, 0x1e, 0x8,
    0xfb, 0x0, 0x1d, 0xa8, 0x6e, 0x2c, 0xe8, 0x90,
    0x6d, 0xa6, 0x3e, 0xc4, 0xe1, 0xb1, 0x0, 0x14,
    0x4e, 0x20, 0xe1, 0x0, 0x6c, 0xa7, 0x4f, 0xcc,
    0xfc, 0xc6, 0x0, 0x0, 0x3, 0x33, 0x33, 0x31,

    /* U+7F16 "编" */
    0x0, 0x10, 0x0, 0x2, 0x0, 0x0, 0x0, 0xc5,
    0x0, 0xc, 0x70, 0x0, 0x2, 0xe0, 0x1f, 0xff,
    0xff, 0xf1, 0xa, 0x76, 0x3f, 0x0, 0x0, 0xf1,
    0x3f, 0x7e, 0x2f, 0xff, 0xff, 0xf1, 0x6c, 0xf7,
    0x1e, 0x0, 0x0, 0x0, 0x5, 0xc0, 0x2f, 0xff,
    0xef, 0xf3, 0x2e, 0xdd, 0x4f, 0x9b, 0x39, 0xa3,
    0x47, 0x32, 0x6d, 0xee, 0xce, 0xe3, 0x4, 0xae,
    0xaa, 0xac, 0x5a, 0xb3, 0x7e, 0x71, 0xe5, 0x9b,
    0x39, 0xa3, 0x10, 0x1, 0x83, 0x94, 0x15, 0xe2,

    /* U+7F6E "置" */
    0xa, 0xec, 0xfc, 0xdf, 0xcd, 0xc0, 0xa, 0x60,
    0xe2, 0x2e, 0x6, 0xc0, 0x8, 0xcc, 0xce, 0xec,
    0xcc, 0x90, 0x18, 0x88, 0x8e, 0xb8, 0x88, 0x80,
    0x15, 0x55, 0x5f, 0x75, 0x55, 0x50, 0x0, 0xdc,
    0xbb, 0xbb, 0xcc, 0x0, 0x0, 0xdb, 0x99, 0x99,
    0xbc, 0x0, 0x0, 0xdb, 0x99, 0x99, 0xbc, 0x0,
    0x0, 0xd8, 0x55, 0x55, 0x8c, 0x0, 0x0, 0xd8,
    0x55, 0x55, 0x8c, 0x0, 0x5f, 0xff, 0xff, 0xff,
    0xff, 0xf6,

    /* U+7FA4 "群" */
    0x0, 0x0, 0x0, 0x32, 0x1, 0x70, 0xe, 0xff,
    0xfc, 0x6a, 0x7, 0xa0, 0x1, 0xa9, 0x5c, 0x1d,
    0xa, 0x40, 0x6c, 0xfe, 0xdf, 0xff, 0xff, 0xf3,
    0x13, 0xe6, 0x6d, 0x10, 0xe3, 0x0, 0xc, 0xfd,
    0xdc, 0x69, 0xfa, 0x90, 0x7, 0xd2, 0x21, 0x47,
    0xf8, 0x70, 0xc, 0xec, 0xc9, 0x0, 0xe3, 0x0,
    0x7f, 0xc3, 0x5e, 0xff, 0xff, 0xf7, 0x27, 0xc0,
    0x2d, 0x0, 0xe3, 0x0, 0x4, 0xfd, 0xdd, 0x0,
    0xe2, 0x0, 0x4, 0xc2, 0x22, 0x0, 0xe2, 0x0,

    /* U+804A "聊" */
    0x0, 0x0, 0x0, 0x1, 0x0, 0x0, 0x7f, 0xff,
    0xb1, 0xca, 0x0, 0x0, 0x2f, 0x6d, 0x6e, 0x70,
    0xdf, 0xf3, 0xe, 0xc, 0x2e, 0x2b, 0xd1, 0xa3,
    0xe, 0xff, 0x2e, 0x2b, 0xd1, 0xa3, 0xe, 0xc,
    0x2e, 0x2b, 0xd1, 0xa3, 0xe, 0xdf, 0x2e, 0x2a,
    0xd1, 0xa3, 0xe, 0x1c, 0x2e, 0x2a, 0xd1, 0xa3,
    0xe, 0xc, 0x6f, 0xe8, 0xd1, 0xa3, 0x6f, 0xde,
    0x77, 0xc3, 0xda, 0xc1, 0x11, 0xc, 0x25, 0xc0,
    0xd1, 0x0, 0x0, 0xc, 0x3c, 0x10, 0xd1, 0x0,
    0x0, 0x0, 0x0, 0x0, 0x0, 0x0,

    /* U+81EA "自" */
    0x0, 0x0, 0xb6, 0x0, 0x0, 0x5, 0x55, 0xf7,
    0x55, 0x51, 0x2f, 0xcc, 0xcc, 0xcc, 0xf5, 0x2f,
    0x0, 0x0, 0x0, 0xe5, 0x2f, 0xff, 0xff, 0xff,
    0xf5, 0x2f, 0x11, 0x11, 0x11, 0xe5, 0x2f, 0x11,
    0x11, 0x11, 0xe5, 0x2f, 0xff, 0xff, 0xff, 0xf5,
    0x2f, 0x0, 0x0, 0x0, 0xe5, 0x2f, 0xee, 0xee,
    0xee, 0xf5, 0x2f, 0x22, 0x22, 0x22, 0xe5, 0x0,
    0x0, 0x0, 0x0, 0x0,

    /* U+8272 "色" */
    0x0, 0x0, 0x0, 0x0, 0x0, 0x0, 0x0, 0x2,
    0xe2, 0x1, 0x0, 0x0, 0x0, 0x2e, 0xff, 0xff,
    0x80, 0x0, 0x4, 0xe9, 0x0, 0x7d, 0x10, 0x0,
    0x5f, 0xff, 0xff, 0xff, 0xff, 0x50, 0x15, 0xf0,
    0x4, 0xe0, 0xc, 0x50, 0x1, 0xf0, 0x4, 0xe0,
    0xc, 0x50, 0x1, 0xff, 0xff, 0xff, 0xff, 0x50,
    0x1, 0xf2, 0x22, 0x22, 0x28, 0x30, 0x1, 0xf0,
    0x0, 0x0, 0x0, 0x85, 0x0, 0xf3, 0x0, 0x0,
    0x1, 0xd5, 0x0, 0x8e, 0xff, 0xff, 0xff, 0xb0,

    /* U+8282 "节" */
    0x0, 0xe, 0x40, 0xe, 0x40, 0x8, 0xff, 0xff,
    0xff, 0xff, 0xfe, 0x12, 0x2e, 0x62, 0x2f, 0x62,
    0x10, 0x0, 0x51, 0x0, 0x61, 0x0, 0x9, 0xbb,
    0xbb, 0xbb, 0xbb, 0x30, 0x56, 0x6f, 0x76, 0x68,
    0xf5, 0x0, 0x0, 0xf1, 0x0, 0x3f, 0x50, 0x0,
    0xf, 0x10, 0x3, 0xf5, 0x0, 0x0, 0xf1, 0x4d,
    0xef, 0x30, 0x0, 0xf, 0x10, 0x54, 0x20, 0x0,
    0x0, 0xf1, 0x0, 0x0, 0x0,

    /* U+8377 "荷" */
    0x1, 0x1a, 0xa1, 0x19, 0x91, 0x10, 0x4f, 0xff,
    0xff, 0xff, 0xff, 0xf3, 0x0, 0xb, 0x90, 0x8,
    0x80, 0x0, 0x0, 0x5f, 0x8b, 0xbb, 0xbb, 0xb3,
    0x2, 0xe7, 0x23, 0x33, 0x3f, 0x61, 0x3e, 0xf2,
    0x8f, 0xee, 0x1e, 0x30, 0x5c, 0xf2, 0x98, 0xe,
    0x2e, 0x30, 0x0, 0xf2, 0x98, 0xe, 0x2e, 0x30,
    0x0, 0xf2, 0x9f, 0xee, 0x1e, 0x30, 0x0, 0xf2,
    0x55, 0x0, 0xe, 0x30, 0x0, 0xf2, 0x0, 0xb,
    0xfd, 0x10, 0x0, 0x10, 0x0, 0x0, 0x0, 0x0,

    /* U+83B7 "获" */
    0x1, 0x1a, 0x71, 0x1b, 0x81, 0x10, 0x4f, 0xff,
    0xff, 0xff, 0xff, 0xf5, 0x0, 0x8, 0x50, 0xa,
    0x60, 0x0, 0x9, 0xad, 0x30, 0xe, 0x5d, 0x30,
    0x6, 0xfb, 0x1, 0x1f, 0x36, 0x80, 0x3a, 0x4f,
    0x9f, 0xff, 0xff, 0xf4, 0x0, 0x7f, 0x30, 0x1f,
    0x70, 0x0, 0x19, 0xcd, 0x40, 0x6e, 0xd0, 0x0,
    0x39, 0xc, 0x30, 0xe5, 0xb7, 0x0, 0x0, 0x1f,
    0x2b, 0xa0, 0x2e, 0x70, 0x8, 0xf9, 0x8a, 0x0,
    0x3, 0xd2, 0x0, 0x0, 0x0, 0x0, 0x0, 0x0,

    /* U+85CF "藏" */
    0x2, 0x29, 0xa2, 0x2a, 0xa2, 0x20, 0x3d, 0xde,
    0xed, 0xdf, 0xed, 0xd4, 0x0, 0x5, 0x50, 0x6,
    0xc5, 0xc0, 0xb, 0x5f, 0xee, 0xee, 0xfe, 0xe6,
    0xc, 0x59, 0x89, 0x96, 0xd0, 0x70, 0xf, 0xf9,
    0xd6, 0xc3, 0xd4, 0xb0, 0x38, 0x99, 0xd8, 0x8d,
    0xca, 0x60, 0x5f, 0xc8, 0xe9, 0x9d, 0x9f, 0x10,
    0xd, 0x77, 0xd5, 0xb2, 0x9a, 0x1, 0x2b, 0xa4,
    0xeb, 0xbe, 0xdd, 0x49, 0x65, 0xc0, 0x50, 0x1c,
    0x17, 0xf5, 0x0, 0x0, 0x0, 0x0, 0x0, 0x0,

    /* U+8702 "蜂" */
    0x0, 0x0, 0x0, 0x0, 0x0, 0x0, 0x0, 0xb4,
    0x0, 0x1f, 0x42, 0x10, 0x0, 0xb4, 0x0, 0xcd,
    0xce, 0xb0, 0x3f, 0xfe, 0xcc, 0xdc, 0x4e, 0x30,
    0x39, 0xa2, 0xd3, 0xc, 0xf9, 0x0, 0x39, 0xa2,
    0xe7, 0xde, 0xbe, 0xd7, 0x3a, 0xb4, 0xda, 0x84,
    0xf3, 0x95, 0x3e, 0xfd, 0xa3, 0xab, 0xfa, 0xa1,
    0x12, 0xb5, 0x60, 0xab, 0xfa, 0x90, 0x0, 0xb5,
    0xe1, 0x46, 0xf4, 0x41, 0x5b, 0xff, 0xfb, 0xbc,
    0xfb, 0xb7, 0x24, 0x10, 0x52, 0x2, 0xe0, 0x0,

    /* U+884C "行" */
    0x0, 0x28, 0x0, 0x0, 0x0, 0x0, 0x1, 0xe9,
    0xe, 0xff, 0xff, 0xf0, 0x2e, 0xb0, 0x1, 0x11,
    0x11, 0x10, 0x8b, 0x8, 0x40, 0x0, 0x0, 0x0,
    0x0, 0x5f, 0x21, 0x11, 0x11, 0x10, 0x3, 0xf6,
    0x3f, 0xff, 0xff, 0xf7, 0x4f, 0xf3, 0x0, 0x0,
    0x99, 0x0, 0x88, 0xe3, 0x0, 0x0, 0x99, 0x0,
    0x0, 0xe3, 0x0, 0x0, 0x99, 0x0, 0x0, 0xe3,
    0x0, 0x0, 0x99, 0x0, 0x0, 0xe3, 0x0, 0x11,
    0x99, 0x0, 0x0, 0xe3, 0x0, 0x7f, 0xf5, 0x0,
    0x0, 0x10, 0x0, 0x0, 0x0, 0x0,

    /* U+8868 "表" */
    0x0, 0x0, 0xd, 0x50, 0x0, 0x0, 0xe, 0xff,
    0xff, 0xff, 0xff, 0x90, 0x2, 0x55, 0x5e, 0x85,
    0x55, 0x0, 0x2, 0x77, 0x7e, 0xa7, 0x77, 0x10,
    0x5b, 0xbb, 0xbf, 0xdb, 0xbb, 0xb0, 0x14, 0x47,
    0xfa, 0xf4, 0x46, 0x40, 0x1, 0x9f, 0x60, 0xc7,
    0x4e, 0x60, 0x7f, 0xaf, 0x20, 0x3f, 0xd3, 0x0,
    0x12, 0xf, 0x24, 0x66, 0xf6, 0x0, 0x0, 0x5f,
    0xfd, 0x70, 0x4e, 0xe2, 0x0, 0x38, 0x20, 0x0,
    0x0, 0x40,

    /* U+898B "見" */
    0x0, 0xef, 0xff, 0xff, 0xfa, 0x0, 0x0, 0xe3,
    0x0, 0x0, 0x5a, 0x0, 0x0, 0xef, 0xff, 0xff,
    0xfa, 0x0, 0x0, 0xe3, 0x0, 0x0, 0x5a, 0x0,
    0x0, 0xef, 0xff, 0xff, 0xfa, 0x0, 0x0, 0xe3,
    0x0, 0x0, 0x5a, 0x0, 0x0, 0xea, 0x99, 0x99,
    0xba, 0x0, 0x0, 0x6a, 0xf6, 0x8f, 0x64, 0x0,
    0x0, 0xb, 0xa0, 0x4e, 0x0, 0x51, 0x2, 0xaf,
    0x20, 0x3f, 0x11, 0xd3, 0x5f, 0xa2, 0x0, 0x1e,
    0xff, 0xd0, 0x0, 0x0, 0x0, 0x0, 0x0, 0x0,

    /* U+89D2 "角" */
    0x0, 0x2, 0xa0, 0x0, 0x0, 0x0, 0x0, 0xbf,
    0xff, 0xfe, 0x0, 0x0, 0x6f, 0x10, 0xa, 0x90,
    0x0, 0x4f, 0xb5, 0x57, 0xf6, 0x64, 0x1e, 0xfd,
    0xab, 0xfa, 0xad, 0xb0, 0x1a, 0x80, 0x2f, 0x0,
    0x7b, 0x0, 0xaf, 0xff, 0xff, 0xff, 0xb0, 0xb,
    0x70, 0x2f, 0x0, 0x7b, 0x0, 0xcf, 0xef, 0xfe,
    0xef, 0xb0, 0xf, 0x31, 0x3f, 0x11, 0x8b, 0x6,
    0xd0, 0x2, 0xf0, 0x18, 0xb0, 0xc4, 0x0, 0x2f,
    0x1f, 0xe6, 0x0, 0x0, 0x0, 0x0, 0x0, 0x0,

    /* U+89E3 "解" */
    0x0, 0x80, 0x0, 0x0, 0x0, 0x0, 0x4, 0xd0,
    0x4, 0xff, 0xff, 0xf1, 0xa, 0xee, 0xf3, 0x7f,
    0x87, 0xf0, 0x2f, 0x26, 0xb0, 0x2f, 0x1, 0xf0,
    0x9f, 0xae, 0xbc, 0xd8, 0x7d, 0xb0, 0xe, 0xc,
    0x4c, 0xa1, 0x53, 0x0, 0xe, 0xbf, 0xcb, 0x97,
    0xe6, 0x30, 0xe, 0x2d, 0x5b, 0xdc, 0xfc, 0xc1,
    0xf, 0x8e, 0xad, 0x60, 0xd4, 0x0, 0x1e, 0x4d,
    0x7f, 0xff, 0xff, 0xf2, 0x5a, 0xc, 0x4b, 0x0,
    0xd3, 0x0, 0x84, 0x5, 0xf8, 0x0, 0xd3, 0x0,
    0x0, 0x0, 0x0, 0x0, 0x0, 0x0,

    /* U+8A00 "言" */
    0x0, 0x0, 0x4, 0x0, 0x0, 0x0, 0x0, 0x0,
    0xb, 0xa0, 0x0, 0x0, 0x1a, 0xaa, 0xab, 0xfa,
    0xaa, 0xa6, 0x15, 0x55, 0x55, 0x55, 0x55, 0x53,
    0x0, 0x8c, 0xcc, 0xcc, 0xc9, 0x0, 0x0, 0x12,
    0x22, 0x22, 0x21, 0x0, 0x0, 0xaf, 0xff, 0xff,
    0xfb, 0x0, 0x0, 0x0, 0x0, 0x0, 0x0, 0x0,
    0x0, 0xcf, 0xff, 0xff, 0xfd, 0x0, 0x0, 0xc5,
    0x0, 0x0, 0x4e, 0x0, 0x0, 0xc7, 0x33, 0x33,
    0x7e, 0x0, 0x0, 0xcd, 0xbb, 0xbb, 0xde, 0x0,
    0x0, 0x0, 0x0, 0x0, 0x0, 0x0,

    /* U+8A08 "計" */
    0x0, 0x0, 0x0, 0x0, 0x0, 0x0, 0x0, 0x89,
    0x0, 0x0, 0xe4, 0x0, 0x0, 0x1b, 0x0, 0x0,
    0xe4, 0x0, 0x1e, 0xee, 0xed, 0x0, 0xe4, 0x0,
    0x4, 0x77, 0x72, 0x0, 0xe4, 0x0, 0x3, 0x66,
    0x64, 0xff, 0xff, 0xfa, 0x7, 0xee, 0xe5, 0x11,
    0xf4, 0x10, 0x1, 0x22, 0x20, 0x0, 0xe4, 0x0,
    0x8, 0xfe, 0xf6, 0x0, 0xe4, 0x0, 0x8, 0x70,
    0x96, 0x0, 0xe4, 0x0, 0x8, 0xed, 0xf6, 0x0,
    0xe4, 0x0, 0x8, 0x81, 0x10, 0x0, 0xe4, 0x0,

    /* U+8A2D "設" */
    0x0, 0x40, 0x0, 0x0, 0x0, 0x0, 0x0, 0xe3,
    0x0, 0xff, 0xff, 0x0, 0x36, 0xa8, 0x61, 0xf1,
    0x1f, 0x0, 0x49, 0x99, 0x94, 0xd0, 0xf, 0x0,
    0xb, 0xbb, 0x8d, 0x70, 0xe, 0xc3, 0x2, 0x22,
    0x28, 0x0, 0x1, 0x31, 0xf, 0xff, 0xaf, 0xff,
    0xff, 0xd0, 0x2, 0x11, 0x19, 0xb5, 0x5c, 0x90,
    0xf, 0xee, 0xa2, 0xf4, 0x5f, 0x20, 0xf, 0x5,
    0xa0, 0x6f, 0xf6, 0x0, 0xf, 0xde, 0xb8, 0xef,
    0xfe, 0x93, 0xf, 0x11, 0x3f, 0x91, 0x29, 0xf3,
    0x0, 0x0, 0x0, 0x0, 0x0, 0x0,

    /* U+8A73 "詳" */
    0x0, 0x30, 0x0, 0x20, 0x0, 0x30, 0x0, 0xe3,
    0x1, 0xe2, 0x5, 0xe0, 0x25, 0xa8, 0x40, 0x88,
    0xb, 0x50, 0x49, 0x99, 0x8a, 0xff, 0xff, 0xf7,
    0xa, 0xaa, 0x50, 0x3, 0xe0, 0x0, 0x7, 0x77,
    0x30, 0x14, 0xf1, 0x10, 0xc, 0xcc, 0x65, 0xff,
    0xff, 0xf1, 0x3, 0x33, 0x10, 0x2, 0xe0, 0x0,
    0xf, 0xee, 0x94, 0x57, 0xf5, 0x53, 0xe, 0x6,
    0x96, 0x79, 0xf7, 0x75, 0xf, 0xde, 0x90, 0x2,
    0xe0, 0x0, 0xe, 0x11, 0x0, 0x2, 0xe0, 0x0,

    /* U+8A9E "語" */
    0x0, 0x50, 0x0, 0x0, 0x0, 0x0, 0x0, 0xe2,
    0xc, 0xff, 0xff, 0xf1, 0x36, 0xb7, 0x60, 0x1f,
    0x0, 0x0, 0x49, 0x99, 0x97, 0xef, 0xdd, 0x30,
    0xa, 0xaa, 0x40, 0x7a, 0x1c, 0x40, 0x6, 0x66,
    0x20, 0x87, 0xc, 0x40, 0xc, 0xcc, 0xaf, 0xff,
    0xff, 0xf5, 0x2, 0x22, 0x11, 0x33, 0x33, 0x20,
    0x1f, 0xef, 0x78, 0xec, 0xce, 0xa0, 0x1d, 0x8,
    0x78, 0x80, 0x7, 0xa0, 0x1e, 0x6b, 0x78, 0xa4,
    0x49, 0xa0, 0x1e, 0x88, 0x38, 0xeb, 0xbd, 0xa0,
    0x0, 0x0, 0x0, 0x0, 0x0, 0x0,

    /* U+8ABF "調" */
    0x0, 0x50, 0x0, 0x0, 0x0, 0x0, 0x0, 0xd4,
    0xc, 0xff, 0xff, 0xf3, 0x15, 0x97, 0x4c, 0x10,
    0x70, 0xb3, 0x39, 0x99, 0x7c, 0x3a, 0xe9, 0xb3,
    0x9, 0xbb, 0x4c, 0x23, 0xd2, 0xb3, 0x4, 0x55,
    0x2c, 0x69, 0xe8, 0xb3, 0xd, 0xff, 0x6d, 0x33,
    0x33, 0xb3, 0x1, 0x11, 0xe, 0x2b, 0xb9, 0xb3,
    0xe, 0xee, 0x7e, 0x2b, 0x3c, 0xb3, 0xe, 0x7,
    0xac, 0x2d, 0x9c, 0xb3, 0xe, 0xde, 0xe8, 0x15,
    0x0, 0xc2, 0xe, 0x11, 0x82, 0x0, 0xc, 0xe1,
    0x0, 0x0, 0x0, 0x0, 0x0, 0x0,

    /* U+8BA1 "计" */
    0x3, 0x90, 0x0, 0xe, 0x50, 0x0, 0x0, 0xb9,
    0x0, 0xe, 0x50, 0x0, 0x0, 0x5, 0x0, 0xe,
    0x50, 0x0, 0x36, 0x72, 0x33, 0x3e, 0x73, 0x30,
    0x6c, 0xe6, 0xdf, 0xff, 0xff, 0xf4, 0x0, 0xb6,
    0x0, 0xe, 0x50, 0x0, 0x0, 0xb6, 0x0, 0xe,
    0x50, 0x0, 0x0, 0xb6, 0x20, 0xe, 0x50, 0x0,
    0x0, 0xbd, 0xc0, 0xe, 0x50, 0x0, 0x1, 0xfb,
    0x10, 0xe, 0x50, 0x0, 0x0, 0x80, 0x0, 0xe,
    0x50, 0x0,

    /* U+8BA4 "认" */
    0x4, 0x70, 0x0, 0xd, 0x40, 0x0, 0x2, 0xe8,
    0x0, 0xe, 0x40, 0x0, 0x0, 0x26, 0x0, 0xe,
    0x40, 0x0, 0x12, 0x30, 0x0, 0xf, 0x30, 0x0,
    0xae, 0xf5, 0x0, 0xf, 0x50, 0x0, 0x0, 0xc5,
    0x0, 0x2f, 0x80, 0x0, 0x0, 0xc5, 0x0, 0x5f,
    0xc0, 0x0, 0x0, 0xc5, 0x0, 0xa8, 0xe2, 0x0,
    0x0, 0xcb, 0xc2, 0xf2, 0x8b, 0x0, 0x1, 0xfc,
    0x2c, 0x90, 0x1e, 0x70, 0x2, 0x80, 0x8c, 0x0,
    0x3, 0xe2, 0x0, 0x0, 0x0, 0x0, 0x0, 0x0,

    /* U+8BB0 "记" */
    0x5, 0x40, 0x12, 0x22, 0x22, 0x10, 0x4, 0xf4,
    0x5f, 0xff, 0xff, 0x80, 0x0, 0x48, 0x0, 0x0,
    0xa, 0x80, 0x23, 0x40, 0x0, 0x0, 0xa, 0x80,
    0x9e, 0xf4, 0x3, 0x33, 0x3b, 0x80, 0x0, 0xd4,
    0x2f, 0xee, 0xef, 0x80, 0x0, 0xd4, 0x2f, 0x0,
    0x5, 0x40, 0x0, 0xd4, 0x2f, 0x0, 0x0, 0x0,
    0x0, 0xda, 0x8f, 0x0, 0x0, 0xa2, 0x0, 0xfd,
    0x4f, 0x21, 0x12, 0xf2, 0x2, 0xa0, 0xc, 0xff,
    0xff, 0xa0,

    /* U+8BBE "设" */
    0x0, 0x0, 0x0, 0x0, 0x0, 0x0, 0x6, 0xc1,
    0x3, 0xff, 0xff, 0x0, 0x0, 0xab, 0x3, 0xd1,
    0x1f, 0x0, 0x0, 0x2, 0x7, 0xb0, 0xf, 0x0,
    0x48, 0x91, 0x5f, 0x40, 0xf, 0xb7, 0x49, 0xf2,
    0x75, 0x0, 0x2, 0x53, 0x0, 0xf2, 0x6f, 0xff,
    0xff, 0xe0, 0x0, 0xf2, 0xd, 0x72, 0x2b, 0x90,
    0x0, 0xf2, 0x23, 0xe2, 0x5e, 0x10, 0x0, 0xfd,
    0x80, 0x6f, 0xf3, 0x0, 0x4, 0xf7, 0x38, 0xec,
    0xec, 0x61, 0x2, 0x40, 0xaa, 0x30, 0x6, 0xc6,

    /* U+8BED "语" */
    0x0, 0x0, 0x0, 0x0, 0x0, 0x0, 0xa, 0x80,
    0xbf, 0xff, 0xff, 0xf3, 0x1, 0xd7, 0x0, 0x7a,
    0x0, 0x0, 0x0, 0x21, 0x4c, 0xee, 0xcc, 0x40,
    0x49, 0xa1, 0x13, 0xf6, 0x3d, 0x50, 0x6d, 0xf1,
    0x1, 0xf0, 0xd, 0x30, 0x0, 0xf3, 0xff, 0xff,
    0xff, 0xfa, 0x0, 0xf1, 0x1, 0x11, 0x11, 0x10,
    0x0, 0xf1, 0x3f, 0xee, 0xef, 0xc0, 0x0, 0xf6,
    0xbd, 0x0, 0x6, 0xc0, 0x2, 0xfc, 0x6e, 0x33,
    0x38, 0xc0, 0x1, 0x80, 0x3f, 0xcc, 0xcd, 0xc0,
    0x0, 0x0, 0x0, 0x0, 0x0, 0x0,

    /* U+8BEF "误" */
    0x0, 0x0, 0x0, 0x0, 0x0, 0x0, 0x9, 0xa0,
    0xf, 0xff, 0xff, 0xd0, 0x2, 0xe7, 0xf, 0x10,
    0x4, 0xd0, 0x0, 0x43, 0xf, 0x20, 0x5, 0xd0,
    0x24, 0x50, 0xe, 0xff, 0xff, 0xc0, 0x5a, 0xf3,
    0x14, 0x44, 0x44, 0x40, 0x0, 0xe3, 0x3b, 0xbe,
    0xdb, 0xb1, 0x0, 0xe3, 0x0, 0xc, 0x50, 0x0,
    0x0, 0xe3, 0xcf, 0xff, 0xff, 0xf5, 0x0, 0xea,
    0x50, 0x6e, 0xd0, 0x0, 0x2, 0xfc, 0x27, 0xf4,
    0x8c, 0x30, 0x0, 0x80, 0xbc, 0x30, 0x7, 0xe3,
    0x0, 0x0, 0x0, 0x0, 0x0, 0x0,

    /* U+8BF7 "请" */
    0x6, 0x30, 0x0, 0xe, 0x30, 0x0, 0x4, 0xe3,
    0x8d, 0xdf, 0xdd, 0xd0, 0x0, 0x44, 0x39, 0x9f,
    0xb9, 0x60, 0x36, 0x71, 0x56, 0x6f, 0x86, 0x51,
    0x6b, 0xf3, 0x99, 0x99, 0x99, 0x93, 0x0, 0xe3,
    0xd, 0xdd, 0xde, 0x90, 0x0, 0xe3, 0x1f, 0x44,
    0x49, 0xa0, 0x0, 0xe4, 0x2f, 0x66, 0x6a, 0xa0,
    0x0, 0xee, 0x6f, 0xcc, 0xce, 0xa0, 0x3, 0xf6,
    0x1f, 0x0, 0x6, 0xa0, 0x1, 0x60, 0x1f, 0x0,
    0xee, 0x60,

    /* U+8C03 "调" */
    0x1, 0x0, 0x0, 0x0, 0x0, 0x0, 0x9, 0xa0,
    0x7f, 0xff, 0xff, 0xf2, 0x0, 0xc8, 0x78, 0x6,
    0x0, 0xd2, 0x0, 0x11, 0x78, 0x8e, 0xa2, 0xd2,
    0x49, 0xa1, 0x78, 0x2c, 0x40, 0xd2, 0x5a, 0xf2,
    0x79, 0x9e, 0xa7, 0xd2, 0x0, 0xf2, 0x78, 0x33,
    0x32, 0xd2, 0x0, 0xf2, 0x87, 0xcd, 0xd2, 0xd2,
    0x0, 0xf3, 0xa6, 0xd0, 0xb2, 0xd2, 0x0, 0xfe,
    0xf3, 0xdd, 0xf2, 0xd2, 0x4, 0xf8, 0xe0, 0x70,
    0x0, 0xe2, 0x3, 0x45, 0x70, 0x0, 0x6f, 0xc0,
    0x0, 0x0, 0x0, 0x0, 0x0, 0x0,

    /* U+8C61 "象" */
    0x0, 0x5, 0xd2, 0x22, 0x0, 0x0, 0x0, 0x5e,
    0xbb, 0xed, 0x0, 0x0, 0x1a, 0xfb, 0x99, 0xfc,
    0x99, 0x10, 0x7, 0xf2, 0x27, 0xd3, 0x2e, 0x30,
    0x1, 0xfd, 0xdf, 0xed, 0xdf, 0x30, 0x1, 0x7d,
    0xcd, 0x20, 0x2a, 0x20, 0x1d, 0x83, 0x7d, 0xd7,
    0xf7, 0x0, 0x4, 0x9d, 0x74, 0xfc, 0xd4, 0x0,
    0x5, 0x54, 0xac, 0x7c, 0x5e, 0x20, 0x8, 0xdc,
    0x50, 0x8a, 0x8, 0xf2, 0x3, 0x20, 0x8f, 0xd2,
    0x0, 0x50, 0x0, 0x0, 0x0, 0x0, 0x0, 0x0,

    /* U+8CEA "質" */
    0x0, 0x13, 0x54, 0x1, 0x35, 0x60, 0x7, 0xd9,
    0x73, 0x7d, 0x87, 0x40, 0x7, 0xa4, 0x44, 0x89,
    0x44, 0x42, 0xb, 0xba, 0xf9, 0xcb, 0xaf, 0x96,
    0x2d, 0x1, 0xc0, 0xb0, 0x2c, 0x0, 0x0, 0xbc,
    0xaa, 0xaa, 0xaf, 0x10, 0x0, 0xcd, 0xaa, 0xaa,
    0xaf, 0x20, 0x0, 0xc9, 0x33, 0x33, 0x3f, 0x20,
    0x0, 0xcc, 0x88, 0x88, 0x8f, 0x20, 0x0, 0xcd,
    0xbb, 0xbb, 0xbf, 0x20, 0x1, 0x6a, 0xb0, 0x6,
    0xd8, 0x30, 0x1d, 0xa4, 0x0, 0x0, 0x16, 0xc5,
    0x0, 0x0, 0x0, 0x0, 0x0, 0x0,

    /* U+8D25 "败" */
    0x0, 0x0, 0x0, 0x3, 0x30, 0x0, 0xf, 0xff,
    0xf3, 0xc, 0x70, 0x0, 0xe, 0x0, 0xb3, 0x1f,
    0x20, 0x0, 0xe, 0x47, 0xb3, 0x7f, 0xff, 0xfa,
    0xe, 0x59, 0xb4, 0xe6, 0x3, 0xc0, 0xe, 0x59,
    0xba, 0xf8, 0x6, 0x90, 0xe, 0x58, 0xb4, 0x4e,
    0xa, 0x50, 0xe, 0x67, 0xb3, 0xb, 0x8e, 0x0,
    0x5, 0xa6, 0x41, 0x2, 0xf9, 0x0, 0x2, 0xe7,
    0xb0, 0x6, 0xee, 0x20, 0x3e, 0x50, 0xc5, 0xad,
    0x26, 0xe6, 0x14, 0x0, 0x10, 0x50, 0x0, 0x22,

    /* U+8D28 "质" */
    0x0, 0x0, 0x12, 0x35, 0x7a, 0x40, 0x6, 0xff,
    0xed, 0xdc, 0x98, 0x40, 0x6, 0xb0, 0x0, 0x6c,
    0x0, 0x0, 0x6, 0xfc, 0xcc, 0xef, 0xcc, 0xc5,
    0x6, 0xc3, 0x33, 0xaa, 0x33, 0x31, 0x6, 0xb3,
    0x88, 0xdc, 0x88, 0x70, 0x7, 0xa7, 0xe8, 0x88,
    0x8b, 0xd0, 0x8, 0x97, 0xc0, 0x5d, 0x5, 0xd0,
    0xa, 0x77, 0xc0, 0x6d, 0x5, 0xd0, 0xe, 0x34,
    0x71, 0xd7, 0x34, 0x90, 0x4e, 0x2, 0x7e, 0x93,
    0xcc, 0x40, 0x47, 0x2d, 0x93, 0x0, 0x4, 0xb2,
    0x0, 0x0, 0x0, 0x0, 0x0, 0x0,

    /* U+8D77 "起" */
    0x0, 0x4c, 0x0, 0x9f, 0xff, 0xf1, 0x2f, 0xff,
    0xfb, 0x0, 0x0, 0xf1, 0x0, 0x4c, 0x0, 0x0,
    0x0, 0xf1, 0x25, 0x7d, 0x55, 0x13, 0x22, 0xf1,
    0x5b, 0xbf, 0xbb, 0x7f, 0xdd, 0xf1, 0x6, 0x1f,
    0x0, 0x7a, 0x0, 0x20, 0xf, 0x1f, 0xca, 0x7a,
    0x0, 0x23, 0xf, 0x4f, 0x21, 0x7b, 0x11, 0x6b,
    0x1f, 0xbf, 0x0, 0x3e, 0xff, 0xe5, 0x4c, 0xcf,
    0x42, 0x11, 0x11, 0x11, 0x98, 0x8, 0xdf, 0xff,
    0xff, 0xf9, 0x11, 0x0, 0x0, 0x0, 0x0, 0x0,

    /* U+8D85 "超" */
    0x0, 0x5b, 0x2, 0xff, 0xff, 0xf3, 0x2f, 0xff,
    0xf8, 0x2e, 0x62, 0xf2, 0x0, 0x5c, 0x0, 0x2f,
    0x10, 0xf1, 0x38, 0xbe, 0x87, 0xc8, 0x6b, 0xe0,
    0x38, 0x9f, 0x88, 0x80, 0x26, 0x20, 0x9, 0x2e,
    0x0, 0xee, 0xef, 0xf0, 0xf, 0x2f, 0xe9, 0xe2,
    0x3, 0xf0, 0xf, 0x3e, 0x32, 0xe2, 0x3, 0xf0,
    0x2f, 0xbe, 0x0, 0xdf, 0xff, 0xe0, 0x4c, 0xdf,
    0x42, 0x11, 0x11, 0x11, 0x97, 0x18, 0xdf, 0xff,
    0xff, 0xf6, 0x1, 0x0, 0x0, 0x0, 0x0, 0x0,

    /* U+8DC3 "跃" */
    0x0, 0x0, 0x0, 0x0, 0x0, 0x10, 0xf, 0xff,
    0xc0, 0x47, 0xae, 0xc0, 0xe, 0x3, 0xc4, 0xa9,
    0xf2, 0x0, 0xe, 0x3, 0xc0, 0x3, 0xe0, 0x0,
    0xf, 0xcd, 0xc0, 0x3, 0xe0, 0x0, 0x1, 0x89,
    0x9, 0xee, 0xfe, 0xe7, 0x1c, 0x7c, 0x60, 0x4,
    0xf3, 0x0, 0x1d, 0x7d, 0x80, 0x7, 0xf6, 0x0,
    0x1d, 0x78, 0x0, 0xd, 0xac, 0x0, 0x1d, 0x8c,
    0xa0, 0x7d, 0xd, 0x60, 0x7f, 0xea, 0x68, 0xf3,
    0x4, 0xf5, 0x11, 0x0, 0x9, 0x30, 0x0, 0x54,

    /* U+8DDD "距" */
    0xf, 0xff, 0xf5, 0xff, 0xff, 0xf5, 0xf, 0x0,
    0xf5, 0xd1, 0x11, 0x10, 0xf, 0x0, 0xf5, 0xd0,
    0x0, 0x0, 0xf, 0xff, 0xf5, 0xff, 0xff, 0xe0,
    0x0, 0x5b, 0x5, 0xd1, 0x13, 0xe0, 0xa, 0x5c,
    0x25, 0xd0, 0x2, 0xe0, 0x1e, 0x5f, 0xf7, 0xe4,
    0x46, 0xe0, 0x1e, 0x5b, 0x5, 0xfc, 0xcc, 0xb0,
    0x1e, 0x6c, 0x77, 0xd0, 0x0, 0x0, 0x6f, 0xda,
    0x66, 0xfc, 0xcc, 0xc7, 0x11, 0x0, 0x1, 0x55,
    0x55, 0x53,

    /* U+8DEF "路" */
    0x0, 0x0, 0x0, 0x6, 0x0, 0x0, 0xf, 0xff,
    0xf0, 0x4e, 0x0, 0x0, 0xf, 0x0, 0xf0, 0xbf,
    0xff, 0xa0, 0xf, 0x0, 0xf6, 0xf7, 0x1f, 0x40,
    0xf, 0xff, 0xfc, 0x6e, 0xac, 0x0, 0x0, 0x4b,
    0x0, 0x9, 0xf4, 0x0, 0xc, 0x4c, 0x20, 0x6f,
    0xae, 0x50, 0xe, 0x4f, 0xfd, 0xf6, 0x29, 0xf7,
    0xe, 0x4b, 0x4, 0xfc, 0xcd, 0xd0, 0xe, 0x4c,
    0x63, 0xf0, 0x6, 0xd0, 0x4f, 0xee, 0xa3, 0xf3,
    0x38, 0xd0, 0x47, 0x20, 0x0, 0xfc, 0xcd, 0xd0,
    0x0, 0x0, 0x0, 0x0, 0x0, 0x0,

    /* U+8DF3 "跳" */
    0xf, 0xff, 0x70, 0xc4, 0xe2, 0x0, 0xf, 0x6,
    0xc8, 0xc4, 0xe2, 0xb4, 0xf, 0x6, 0x9e, 0xc4,
    0xe6, 0xf1, 0xf, 0xbd, 0x7c, 0xf4, 0xed, 0x80,
    0x3, 0xa8, 0x12, 0xc4, 0xe6, 0x0, 0xc, 0x8b,
    0x40, 0xd3, 0xeb, 0x10, 0xd, 0x8b, 0x9d, 0xf3,
    0xea, 0xe3, 0xd, 0x86, 0x86, 0xf1, 0xe2, 0x64,
    0xd, 0x9b, 0x83, 0xd0, 0xe2, 0x12, 0x6f, 0xe9,
    0x4c, 0x60, 0xe3, 0x5a, 0x23, 0x0, 0x7b, 0x0,
    0xaf, 0xf5, 0x0, 0x0, 0x0, 0x0, 0x0, 0x0,

    /* U+8E2A "踪" */
    0x0, 0x0, 0x0, 0x3, 0x30, 0x0, 0x1f, 0xff,
    0xd0, 0x6, 0xc0, 0x0, 0x1e, 0x3, 0xdc, 0xee,
    0xfe, 0xe2, 0x1e, 0x3, 0xde, 0x41, 0x11, 0xe3,
    0x1f, 0xff, 0xc3, 0xab, 0xbb, 0x80, 0x0, 0x7a,
    0x0, 0x45, 0x55, 0x20, 0x1c, 0x7d, 0x56, 0x77,
    0x77, 0x74, 0x1d, 0x7d, 0x68, 0x9a, 0xf9, 0x96,
    0x1d, 0x7a, 0x0, 0x82, 0xe5, 0x40, 0x1d, 0x8d,
    0x96, 0xb2, 0xe5, 0xe1, 0x7f, 0xe9, 0x5e, 0x12,
    0xe0, 0xb9, 0x23, 0x0, 0x1, 0x4f, 0xb0, 0x10,

    /* U+8F85 "辅" */
    0x0, 0x0, 0x0, 0x0, 0x0, 0x0, 0x0, 0xd3,
    0x0, 0x1, 0xf5, 0xb1, 0x7f, 0xff, 0xd8, 0xcc,
    0xfc, 0xe7, 0x6, 0xc1, 0x2, 0x34, 0xf3, 0x31,
    0x9, 0x7d, 0x3, 0xab, 0xfa, 0xb2, 0xe, 0x3f,
    0x5, 0xb5, 0xf4, 0xd3, 0x5f, 0xff, 0xe5, 0xea,
    0xfa, 0xf3, 0x0, 0x1f, 0x5, 0xb4, 0xe4, 0xd3,
    0x26, 0x9f, 0xe6, 0xec, 0xfc, 0xf3, 0x6b, 0x8f,
    0x15, 0xb3, 0xe2, 0xd3, 0x0, 0x1f, 0x5, 0xa0,
    0xe0, 0xd3, 0x0, 0x1f, 0x5, 0xa0, 0xd8, 0xe1,

    /* U+8F93 "输" */
    0x1, 0x20, 0x0, 0x3, 0x0, 0x0, 0x4, 0xb0,
    0x0, 0x3f, 0x80, 0x0, 0xaf, 0xff, 0x34, 0xe5,
    0xd9, 0x0, 0xb, 0x51, 0x9f, 0xa5, 0x6e, 0xe3,
    0xd, 0x74, 0x58, 0xbb, 0xbb, 0x50, 0x3b, 0x96,
    0x3a, 0xaa, 0x31, 0xb0, 0x6f, 0xff, 0x7b, 0x4e,
    0xb2, 0xe0, 0x0, 0x95, 0x4f, 0xdf, 0xb2, 0xe0,
    0x15, 0xce, 0x7b, 0x4f, 0xb2, 0xe0, 0x7b, 0xc7,
    0x5d, 0x9f, 0xb2, 0xe0, 0x0, 0x95, 0x49, 0xe,
    0x0, 0xe0, 0x0, 0x95, 0x49, 0x9c, 0x5e, 0xa0,

    /* U+8FBC "込" */
    0x9, 0x20, 0x2, 0x50, 0x0, 0x0, 0x7, 0xe2,
    0x3, 0xe5, 0x0, 0x0, 0x0, 0x73, 0x0, 0x5e,
    0x0, 0x0, 0x0, 0x0, 0x0, 0x6f, 0x60, 0x0,
    0x24, 0x40, 0x0, 0xbd, 0xc0, 0x0, 0x5c, 0xf3,
    0x2, 0xf2, 0xf2, 0x0, 0x0, 0xe3, 0xb, 0x90,
    0x9b, 0x0, 0x0, 0xe3, 0xad, 0x10, 0x1e, 0xb1,
    0x2, 0xf5, 0x81, 0x0, 0x1, 0xa0, 0x3e, 0x6c,
    0x84, 0x32, 0x33, 0x53, 0x46, 0x0, 0x7b, 0xdd,
    0xdc, 0xc3,

    /* U+8FC7 "过" */
    0x8, 0x10, 0x0, 0x0, 0x4e, 0x0, 0x9, 0xd1,
    0x0, 0x0, 0x4e, 0x0, 0x0, 0x93, 0xdf, 0xff,
    0xff, 0xf7, 0x0, 0x0, 0x2, 0x11, 0x4f, 0x10,
    0x6e, 0xe2, 0x1e, 0x30, 0x4e, 0x0, 0x13, 0xf3,
    0x6, 0xe0, 0x4e, 0x0, 0x0, 0xe3, 0x0, 0x60,
    0x4e, 0x0, 0x0, 0xe3, 0x0, 0x13, 0x7e, 0x0,
    0x3, 0xf6, 0x0, 0x3f, 0xf9, 0x0, 0x4f, 0x9e,
    0xa6, 0x44, 0x45, 0x65, 0x47, 0x1, 0x7b, 0xdd,
    0xdc, 0xc6, 0x0, 0x0, 0x0, 0x0, 0x0, 0x0,

    /* U+8FD0 "运" */
    0x0, 0x0, 0x0, 0x0, 0x0, 0x0, 0xe, 0x60,
    0x3f, 0xff, 0xff, 0xe0, 0x4, 0xf7, 0x1, 0x11,
    0x11, 0x0, 0x0, 0x30, 0x0, 0x0, 0x0, 0x0,
    0x0, 0x2, 0xee, 0xee, 0xee, 0xea, 0x8f, 0xf3,
    0x55, 0xea, 0x56, 0x53, 0x1, 0xf2, 0x4, 0xf1,
    0x5d, 0x0, 0x0, 0xf2, 0xc, 0x70, 0xc, 0x70,
    0x0, 0xf2, 0x7f, 0xcd, 0xef, 0xf1, 0x0, 0xf4,
    0x37, 0x53, 0x20, 0x93, 0x1d, 0xce, 0x72, 0x10,
    0x11, 0x34, 0x5b, 0x1, 0x9e, 0xff, 0xff, 0xf9,
    0x0, 0x0, 0x0, 0x0, 0x0, 0x0,

    /* U+8FD1 "近" */
    0x4, 0x0, 0x0, 0x13, 0x58, 0x60, 0xd, 0x90,
    0x2f, 0xec, 0xa8, 0x40, 0x2, 0xf4, 0x2f, 0x0,
    0x0, 0x0, 0x0, 0x40, 0x2f, 0x0, 0x0, 0x0,
    0x0, 0x0, 0x2f, 0xaa, 0xaa, 0xa3, 0x6f, 0xf2,
    0x2f, 0x44, 0xf6, 0x41, 0x12, 0xe3, 0x4d, 0x0,
    0xe3, 0x0, 0x0, 0xe3, 0x7b, 0x0, 0xe3, 0x0,
    0x0, 0xe3, 0xc6, 0x0, 0xe3, 0x0, 0x3, 0xf5,
    0xc1, 0x0, 0xe3, 0x0, 0x3e, 0x7d, 0x84, 0x22,
    0x23, 0x53, 0x47, 0x1, 0x8c, 0xee, 0xed, 0xd3,
    0x0, 0x0, 0x0, 0x0, 0x0, 0x0,

    /* U+8FDB "进" */
    0x0, 0x0, 0x0, 0x0, 0x0, 0x0, 0xc, 0x30,
    0x3, 0xe0, 0x4d, 0x0, 0x5, 0xf3, 0x3, 0xe0,
    0x4d, 0x0, 0x0, 0x63, 0xdf, 0xff, 0xff, 0xf5,
    0x0, 0x0, 0x14, 0xf1, 0x5d, 0x10, 0x5c, 0xc2,
    0x3, 0xe0, 0x4d, 0x0, 0x24, 0xf3, 0xcf, 0xff,
    0xff, 0xf8, 0x0, 0xe3, 0x19, 0xb2, 0x6d, 0x21,
    0x0, 0xe3, 0x1e, 0x50, 0x4d, 0x0, 0x1, 0xf4,
    0x6b, 0x0, 0x4d, 0x0, 0x2e, 0x8d, 0x72, 0x0,
    0x1, 0x34, 0x68, 0x1, 0x9e, 0xff, 0xff, 0xf8,
    0x0, 0x0, 0x0, 0x0, 0x0, 0x0,

    /* U+8FDC "远" */
    0x0, 0x0, 0x0, 0x0, 0x0, 0x0, 0x1e, 0x50,
    0x3f, 0xff, 0xff, 0xd0, 0x6, 0xf5, 0x0, 0x0,
    0x0, 0x0, 0x0, 0x50, 0x0, 0x0, 0x0, 0x0,
    0x0, 0x2, 0xcc, 0xcc, 0xcc, 0xc6, 0x8f, 0xf3,
    0x46, 0xf4, 0xd7, 0x42, 0x1, 0xf2, 0x4, 0xe0,
    0xc4, 0x0, 0x0, 0xf2, 0x9, 0xa0, 0xc4, 0x23,
    0x0, 0xf2, 0x6f, 0x30, 0xc7, 0x89, 0x0, 0xf7,
    0xd4, 0x0, 0x6c, 0xc3, 0x1d, 0xbd, 0x71, 0x0,
    0x0, 0x24, 0x5a, 0x1, 0x9e, 0xff, 0xff, 0xf9,
    0x0, 0x0, 0x0, 0x0, 0x0, 0x0,

    /* U+8FDE "连" */
    0x0, 0x0, 0x0, 0x0, 0x0, 0x0, 0xb, 0x40,
    0x4, 0xf0, 0x0, 0x0, 0x4, 0xe6, 0xff, 0xff,
    0xff, 0xe0, 0x0, 0x61, 0x1f, 0x35, 0x20, 0x0,
    0x1, 0x10, 0x8b, 0xd, 0x50, 0x0, 0x7f, 0xf1,
    0xef, 0xff, 0xff, 0x90, 0x0, 0xf1, 0x10, 0xd,
    0x50, 0x0, 0x0, 0xf5, 0xaa, 0xaf, 0xca, 0xa1,
    0x0, 0xf3, 0x55, 0x5e, 0x95, 0x50, 0x5, 0xf3,
    0x0, 0xd, 0x50, 0x0, 0x4f, 0x6e, 0x72, 0x14,
    0x32, 0x53, 0x67, 0x2, 0xaf, 0xff, 0xff, 0xf3,
    0x0, 0x0, 0x0, 0x0, 0x0, 0x0,

    /* U+8FDF "迟" */
    0x3, 0x0, 0x0, 0x0, 0x0, 0x0, 0xc, 0x90,
    0x3f, 0xff, 0xff, 0xe0, 0x1, 0xe5, 0x3f, 0x11,
    0x14, 0xe0, 0x0, 0x20, 0x3f, 0x0, 0x3, 0xe0,
    0x0, 0x0, 0x3f, 0xcc, 0xcd, 0xe0, 0x7f, 0xf3,
    0x4f, 0x67, 0x86, 0x50, 0x1, 0xe3, 0x6c, 0x8,
    0xe2, 0x0, 0x0, 0xe3, 0xa9, 0x0, 0x9e, 0x10,
    0x0, 0xe4, 0xf4, 0x0, 0xb, 0xd0, 0x3, 0xf7,
    0x80, 0x0, 0x0, 0x80, 0x4f, 0x7d, 0x95, 0x33,
    0x34, 0x65, 0x47, 0x0, 0x7c, 0xde, 0xdd, 0xc5,
    0x0, 0x0, 0x0, 0x0, 0x0, 0x0,

    /* U+8FFD "追" */
    0x0, 0x0, 0x0, 0x2, 0x0, 0x0, 0x9, 0x10,
    0x0, 0x5d, 0x0, 0x0, 0x9, 0xd1, 0x6f, 0xff,
    0xff, 0x20, 0x0, 0x71, 0x7a, 0x0, 0xe, 0x30,
    0x1, 0x10, 0x7e, 0xbb, 0xbf, 0x30, 0x8f, 0xf2,
    0x7b, 0x33, 0x33, 0x0, 0x0, 0xe2, 0x7f, 0xdd,
    0xdd, 0x80, 0x0, 0xe2, 0x7b, 0x11, 0x18, 0xa0,
    0x0, 0xe2, 0x7b, 0x22, 0x29, 0xa0, 0x0, 0xf3,
    0x5d, 0xcc, 0xcc, 0x80, 0x1c, 0xbc, 0x30, 0x0,
    0x0, 0x33, 0x59, 0x3, 0xcf, 0xff, 0xff, 0xf4,
    0x0, 0x0, 0x0, 0x0, 0x0, 0x0,

    /* U+9001 "送" */
    0x0, 0x0, 0x0, 0x0, 0x1, 0x0, 0xc, 0x40,
    0xd, 0x40, 0xe, 0x40, 0x4, 0xf2, 0x6, 0xa0,
    0x7b, 0x0, 0x0, 0x62, 0xcf, 0xff, 0xff, 0xf0,
    0x0, 0x0, 0x0, 0x1f, 0x10, 0x0, 0x7f, 0xf1,
    0x22, 0x4f, 0x32, 0x20, 0x12, 0xf3, 0xee, 0xff,
    0xee, 0xe5, 0x0, 0xf1, 0x0, 0xbe, 0xd2, 0x0,
    0x0, 0xf1, 0x1a, 0xd1, 0x6e, 0x40, 0x5, 0xf3,
    0xca, 0x10, 0x5, 0x90, 0x5e, 0x6d, 0x72, 0x11,
    0x12, 0x55, 0x86, 0x2, 0xae, 0xff, 0xff, 0xf6,
    0x0, 0x0, 0x0, 0x0, 0x0, 0x0,

    /* U+9002 "适" */
    0x6, 0x0, 0x13, 0x46, 0x8b, 0x90, 0x1d, 0x90,
    0x5b, 0xaf, 0x95, 0x20, 0x1, 0xc1, 0x0, 0xe,
    0x40, 0x0, 0x0, 0x4, 0xff, 0xff, 0xff, 0xf7,
    0x6b, 0xb0, 0x0, 0xe, 0x30, 0x0, 0x23, 0xf1,
    0x2e, 0xef, 0xee, 0xd0, 0x0, 0xf1, 0x2e, 0x0,
    0x3, 0xe0, 0x0, 0xf1, 0x2e, 0x0, 0x4, 0xe0,
    0x0, 0xf2, 0x2e, 0xee, 0xee, 0xc0, 0x1c, 0xac,
    0x73, 0x21, 0x23, 0x53, 0x58, 0x0, 0x7c, 0xde,
    0xed, 0xc4, 0x0, 0x0, 0x0, 0x0, 0x0, 0x0,

    /* U+9009 "选" */
    0x18, 0x10, 0xa, 0x1e, 0x30, 0x0, 0xa, 0xd1,
    0x5f, 0xcf, 0xcc, 0xa0, 0x0, 0x71, 0xe7, 0x3f,
    0x53, 0x20, 0x0, 0x0, 0x60, 0xe, 0x30, 0x0,
    0x14, 0x44, 0xdd, 0xdf, 0xed, 0xd6, 0x4c, 0xf3,
    0x47, 0xe4, 0xf5, 0x41, 0x0, 0xf2, 0x9, 0xa0,
    0xf1, 0x20, 0x0, 0xf2, 0x7f, 0x20, 0xf4, 0xa8,
    0x0, 0xf7, 0xc3, 0x0, 0xad, 0xc2, 0xb, 0xcc,
    0x82, 0x0, 0x1, 0x23, 0x4c, 0x0, 0x8e, 0xff,
    0xff, 0xf5, 0x0, 0x0, 0x0, 0x1, 0x0, 0x0,

    /* U+901A "通" */
    0x0, 0x0, 0x0, 0x0, 0x0, 0x0, 0x1b, 0x10,
    0x7e, 0xee, 0xef, 0xc0, 0x9, 0xd1, 0x4, 0xb4,
    0x9c, 0x10, 0x0, 0xa4, 0x11, 0x7e, 0xf4, 0x20,
    0x0, 0x0, 0x9d, 0xbf, 0xcb, 0xf1, 0x36, 0x61,
    0x99, 0x2f, 0x42, 0xe1, 0x6b, 0xf2, 0x9d, 0xaf,
    0xba, 0xf1, 0x0, 0xe2, 0x9c, 0x8f, 0x98, 0xf1,
    0x0, 0xe2, 0x99, 0x3f, 0x43, 0xe1, 0x1, 0xf4,
    0x97, 0xe, 0x3d, 0xd0, 0x1d, 0xad, 0x51, 0x0,
    0x0, 0x12, 0x69, 0x2, 0xaf, 0xff, 0xff, 0xf6,
    0x0, 0x0, 0x0, 0x0, 0x0, 0x0,

    /* U+901F "速" */
    0x6, 0x0, 0x0, 0x2f, 0x0, 0x0, 0x1d, 0x94,
    0xff, 0xff, 0xff, 0xf4, 0x2, 0xd2, 0x0, 0x2f,
    0x0, 0x0, 0x0, 0x0, 0xee, 0xef, 0xee, 0xe0,
    0x6b, 0xb1, 0xe2, 0x2f, 0x3, 0xe0, 0x23, 0xf2,
    0xde, 0xff, 0xee, 0xd0, 0x0, 0xe2, 0x3, 0xef,
    0xd4, 0x0, 0x0, 0xe2, 0x6e, 0x5f, 0x2d, 0x90,
    0x0, 0xf6, 0xb2, 0x2f, 0x0, 0x80, 0x1d, 0xad,
    0x61, 0x4, 0x1, 0x32, 0x79, 0x1, 0x9e, 0xff,
    0xff, 0xf3, 0x0, 0x0, 0x0, 0x0, 0x0, 0x0,

    /* U+9045 "遅" */
    0x8, 0x10, 0xfd, 0xdd, 0xdd, 0xf2, 0x9, 0xd2,
    0xf0, 0x0, 0x0, 0xf2, 0x0, 0x73, 0xfd, 0xdd,
    0xde, 0xd1, 0x1, 0x10, 0xf0, 0x89, 0xc, 0x40,
    0x5e, 0xf2, 0xf5, 0xbc, 0xfb, 0xb1, 0x0, 0xf3,
    0xe1, 0xab, 0xfa, 0xa0, 0x0, 0xf6, 0xc0, 0x35,
    0xf3, 0x30, 0x0, 0xf9, 0x8a, 0xee, 0xfe, 0xe7,
    0x0, 0xfb, 0x20, 0x2, 0xe0, 0x0, 0x1d, 0xbd,
    0x71, 0x0, 0x41, 0x23, 0x5a, 0x1, 0x9e, 0xff,
    0xff, 0xf7, 0x0, 0x0, 0x0, 0x1, 0x0, 0x0,

    /* U+9053 "道" */
    0x0, 0x0, 0x0, 0x0, 0x0, 0x0, 0x5, 0x0,
    0xa, 0x50, 0x68, 0x0, 0x1d, 0x81, 0x7a, 0xc7,
    0xe9, 0x71, 0x1, 0xc2, 0x77, 0x9e, 0x77, 0x71,
    0x0, 0x0, 0x3c, 0xcd, 0xbc, 0x20, 0x7f, 0xf2,
    0x4d, 0x44, 0x4f, 0x30, 0x1, 0xe2, 0x4e, 0x77,
    0x7f, 0x30, 0x0, 0xe2, 0x4f, 0xbb, 0xbf, 0x30,
    0x0, 0xe2, 0x4d, 0x0, 0xe, 0x30, 0x0, 0xf3,
    0x4e, 0xee, 0xef, 0x20, 0x1d, 0xac, 0x51, 0x0,
    0x1, 0x41, 0x68, 0x2, 0xae, 0xff, 0xff, 0xf1,
    0x0, 0x0, 0x0, 0x0, 0x0, 0x0,

    /* U+9060 "遠" */
    0x3, 0x0, 0x23, 0x6f, 0x33, 0x20, 0xb, 0xc2,
    0x68, 0xaf, 0x88, 0x50, 0x0, 0x89, 0xcc, 0xdf,
    0xcc, 0xc3, 0x0, 0x0, 0x13, 0x33, 0x33, 0x10,
    0x4c, 0xc1, 0x4e, 0xaa, 0xaf, 0x20, 0x14, 0xf2,
    0x4d, 0x66, 0x6f, 0x20, 0x0, 0xf2, 0x17, 0xff,
    0x8a, 0xb0, 0x0, 0xf2, 0x6d, 0xaf, 0xcf, 0x30,
    0x0, 0xf6, 0xa2, 0x3e, 0x5, 0xb0, 0x1d, 0xbd,
    0x61, 0x14, 0x1, 0x32, 0x5a, 0x1, 0xaf, 0xff,
    0xff, 0xf5, 0x0, 0x0, 0x0, 0x0, 0x0, 0x0,

    /* U+9065 "遥" */
    0x0, 0x0, 0x0, 0x13, 0x57, 0x50, 0xc, 0x41,
    0xdd, 0xbb, 0x87, 0x40, 0x6, 0xf5, 0x65, 0x4c,
    0x9, 0xa0, 0x0, 0x52, 0x3b, 0xe, 0x3f, 0x10,
    0x0, 0x0, 0x2f, 0x55, 0x58, 0x40, 0x5e, 0xf3,
    0xd7, 0x7f, 0x76, 0x60, 0x0, 0xf4, 0xdc, 0xcf,
    0xcc, 0xc4, 0x0, 0xf2, 0x53, 0x3f, 0x22, 0x60,
    0x0, 0xf2, 0xd4, 0x1f, 0x3, 0xe0, 0x0, 0xf3,
    0xce, 0xef, 0xee, 0xd0, 0x1d, 0xbd, 0x61, 0x0,
    0x1, 0x32, 0x5a, 0x1, 0xaf, 0xff, 0xff, 0xf5,
    0x0, 0x0, 0x0, 0x0, 0x0, 0x0,

    /* U+9078 "選" */
    0x0, 0x0, 0x0, 0x0, 0x0, 0x0, 0x1d, 0x32,
    0xfb, 0xf5, 0xeb, 0xf1, 0x8, 0xe3, 0xe7, 0xe5,
    0xd7, 0xf1, 0x0, 0x83, 0xd5, 0x75, 0xc5, 0x71,
    0x0, 0x0, 0xdc, 0xd7, 0xec, 0xd4, 0x38, 0x81,
    0x27, 0x82, 0xa5, 0x20, 0x26, 0xf2, 0xad, 0xda,
    0xec, 0x90, 0x0, 0xf5, 0x7b, 0xc7, 0xda, 0x73,
    0x0, 0xf4, 0x69, 0xc6, 0xda, 0x62, 0x0, 0xf4,
    0x9d, 0x30, 0x3c, 0x90, 0xb, 0xbc, 0xa2, 0x0,
    0x0, 0x42, 0x5b, 0x0, 0x7d, 0xff, 0xff, 0xf5,
    0x0, 0x0, 0x0, 0x0, 0x0, 0x0,

    /* U+907A "遺" */
    0xb, 0x40, 0xeb, 0xbf, 0xaf, 0x40, 0x5, 0xe2,
    0xe2, 0x2e, 0xd, 0x40, 0x0, 0x73, 0x9a, 0xbf,
    0xaa, 0x30, 0x1, 0x15, 0xaa, 0xaa, 0xaa, 0xa5,
    0x7f, 0xf1, 0xbb, 0x99, 0x9d, 0x20, 0x0, 0xf1,
    0xcb, 0x99, 0x9f, 0x20, 0x0, 0xf1, 0xcb, 0x99,
    0x9f, 0x20, 0x0, 0xf1, 0xaa, 0x98, 0x9d, 0x20,
    0x5, 0xf3, 0x9e, 0x70, 0xcc, 0x50, 0x4e, 0x6d,
    0xc3, 0x0, 0x5, 0x85, 0x85, 0x3, 0xbf, 0xff,
    0xff, 0xf8, 0x0, 0x0, 0x0, 0x0, 0x0, 0x0,

    /* U+90BB "邻" */
    0x0, 0x4, 0x50, 0x0, 0x0, 0x0, 0x0, 0xd,
    0xb0, 0xc, 0xff, 0xf4, 0x0, 0x8c, 0xba, 0xc,
    0x31, 0xf1, 0x7, 0xe4, 0x1c, 0x9c, 0x37, 0xb0,
    0x5f, 0x39, 0xa1, 0x9c, 0x3d, 0x50, 0x2, 0x0,
    0x70, 0xc, 0x4e, 0x30, 0x7, 0xff, 0xff, 0x2c,
    0x34, 0xd0, 0x0, 0x0, 0x4d, 0xc, 0x30, 0xd3,
    0x0, 0x40, 0xc5, 0xc, 0x30, 0xd4, 0x0, 0xbe,
    0xb0, 0xc, 0x8e, 0xe0, 0x0, 0xc, 0xa0, 0xc,
    0x42, 0x0, 0x0, 0x1, 0xb0, 0xc, 0x30, 0x0,

    /* U+90FD "都" */
    0x0, 0x0, 0x0, 0x0, 0x0, 0x0, 0x0, 0x4d,
    0x6, 0xbe, 0xff, 0xf3, 0xf, 0xff, 0xff, 0x4e,
    0x41, 0xf3, 0x0, 0x4d, 0x8b, 0xe, 0x35, 0xc0,
    0x5a, 0xbf, 0xfb, 0x6e, 0x3b, 0x50, 0x25, 0x9f,
    0x75, 0x3e, 0x4f, 0x10, 0x7, 0xfe, 0xbb, 0x2e,
    0x36, 0xb0, 0x8f, 0xc3, 0x3e, 0x3e, 0x30, 0xe3,
    0x5, 0xfd, 0xdf, 0x3e, 0x30, 0xd5, 0x5, 0xb0,
    0xe, 0x3e, 0x7d, 0xf1, 0x5, 0xfd, 0xdf, 0x3e,
    0x44, 0x10, 0x5, 0xb1, 0x1e, 0x3e, 0x30, 0x0,
    0x0, 0x0, 0x0, 0x0, 0x0, 0x0,

    /* U+914D "配" */
    0x1, 0x11, 0x11, 0x0, 0x0, 0x0, 0x5e, 0xff,
    0xfe, 0x7f, 0xff, 0xf3, 0x0, 0xb7, 0x50, 0x1,
    0x11, 0xe3, 0x7, 0xdb, 0xa5, 0x0, 0x0, 0xe3,
    0x2e, 0xcc, 0x9c, 0x0, 0x0, 0xe3, 0x2c, 0x89,
    0x3c, 0x5d, 0xdd, 0xf3, 0x2c, 0x89, 0x3c, 0x6d,
    0x66, 0xf3, 0x2d, 0x64, 0xbc, 0x6b, 0x0, 0x0,
    0x2e, 0x88, 0xac, 0x6b, 0x0, 0x0, 0x2c, 0x22,
    0x5c, 0x6b, 0x0, 0x68, 0x2f, 0xee, 0xec, 0x6c,
    0x11, 0x98, 0x2c, 0x0, 0x3b, 0x2e, 0xff, 0xe2,
    0x0, 0x0, 0x0, 0x0, 0x0, 0x0,

    /* U+9192 "醒" */
    0x0, 0x0, 0x0, 0x0, 0x0, 0x0, 0x6f, 0xff,
    0xfa, 0xee, 0xee, 0xf0, 0x0, 0xc9, 0x30, 0xe1,
    0x1, 0xf0, 0x15, 0xec, 0x73, 0xed, 0xdd, 0xf0,
    0x4d, 0xdd, 0xb9, 0xe2, 0x12, 0xf0, 0x49, 0xaa,
    0x59, 0xdd, 0xfd, 0xc0, 0x4a, 0xa9, 0x99, 0xb7,
    0xf5, 0x40, 0x4c, 0x21, 0x8c, 0xd8, 0xf9, 0x81,
    0x4f, 0xdd, 0xea, 0x78, 0xf8, 0x70, 0x4a, 0x0,
    0x69, 0x46, 0xf7, 0x50, 0x4f, 0xee, 0xfa, 0x66,
    0xf7, 0x63, 0x49, 0x0, 0x5c, 0xff, 0xff, 0xf7,

    /* U+91CD "重" */
    0x0, 0x0, 0x11, 0x34, 0x66, 0x0, 0x6, 0xff,
    0xff, 0xff, 0xfe, 0x10, 0x2, 0x87, 0x7e, 0x83,
    0x10, 0x0, 0x7c, 0xcc, 0xcf, 0xdc, 0xcc, 0xc1,
    0x1, 0xbb, 0xbf, 0xcb, 0xbb, 0x20, 0x2, 0xf4,
    0x4e, 0x74, 0x4f, 0x30, 0x2, 0xf8, 0x8e, 0xa8,
    0x8f, 0x30, 0x2, 0xfb, 0xbf, 0xcb, 0xbf, 0x30,
    0x2, 0x44, 0x4e, 0x84, 0x44, 0x10, 0x7, 0xaa,
    0xaf, 0xca, 0xaa, 0x40, 0x47, 0x77, 0x7e, 0xa7,
    0x77, 0x71, 0x47, 0x77, 0x77, 0x77, 0x77, 0x71,

    /* U+91CF "量" */
    0x0, 0xeb, 0xaa, 0xaa, 0xbe, 0x0, 0x0, 0xea,
    0x99, 0x99, 0xbe, 0x0, 0x0, 0xea, 0x99, 0x99,
    0xbe, 0x0, 0x18, 0x88, 0x88, 0x88, 0x88, 0x85,
    0x16, 0x77, 0x77, 0x77, 0x77, 0x74, 0x2, 0xf9,
    0x9d, 0xc9, 0x9f, 0x30, 0x2, 0xfa, 0xad, 0xda,
    0xaf, 0x30, 0x1, 0xfa, 0xad, 0xda, 0xaf, 0x30,
    0x2, 0x77, 0x7c, 0xb7, 0x77, 0x30, 0x2, 0x66,
    0x6b, 0xb6, 0x66, 0x20, 0x3f, 0xff, 0xff, 0xff,
    0xff, 0xfb,

    /* U+9375 "鍵" */
    0x0, 0x20, 0x0, 0x0, 0x0, 0x0, 0x1, 0xe3,
    0xbf, 0x70, 0xe0, 0x0, 0xa, 0xad, 0x18, 0xbc,
    0xfc, 0xd0, 0x6d, 0x15, 0x6d, 0x78, 0xf8, 0xe5,
    0x5c, 0xfd, 0x3c, 0x23, 0xe3, 0xd2, 0x0, 0xd0,
    0xbf, 0xdc, 0xfc, 0xc0, 0x5f, 0xff, 0x34, 0xb6,
    0xf6, 0x50, 0x4, 0xc6, 0xa9, 0x96, 0xf6, 0x60,
    0xb, 0xca, 0x5f, 0xcd, 0xfd, 0xd1, 0x6, 0xd7,
    0x3f, 0x30, 0xe0, 0x0, 0x3b, 0xfd, 0xbc, 0xe5,
    0x50, 0x0, 0x48, 0x32, 0xd0, 0x3b, 0xef, 0xf5,
    0x0, 0x0, 0x0, 0x0, 0x0, 0x0,

    /* U+94A5 "钥" */
    0x1, 0x50, 0x0, 0x0, 0x0, 0x0, 0x8, 0xa0,
    0x2, 0xff, 0xff, 0xf1, 0x1f, 0xff, 0xf3, 0xf0,
    0x1, 0xf1, 0xa9, 0x11, 0x12, 0xf0, 0x1, 0xf1,
    0x3c, 0xdd, 0xc2, 0xff, 0xff, 0xf1, 0x1, 0xf4,
    0x12, 0xf0, 0x1, 0xf1, 0x25, 0xf7, 0x52, 0xf0,
    0x1, 0xf1, 0x6c, 0xfc, 0xc3, 0xff, 0xff, 0xf1,
    0x0, 0xe3, 0x4, 0xe1, 0x12, 0xf1, 0x0, 0xe4,
    0x57, 0xb0, 0x1, 0xf1, 0x2, 0xff, 0x8c, 0x60,
    0x12, 0xf0, 0x4, 0xb2, 0x4e, 0x0, 0x8f, 0xb0,
    0x0, 0x0, 0x0, 0x0, 0x0, 0x0,

    /* U+94C3 "铃" */
    0x0, 0x0, 0x0, 0x1, 0x0, 0x0, 0x7, 0xb0,
    0x0, 0xa, 0xa0, 0x0, 0x1e, 0xff, 0xb0, 0x4f,
    0xe3, 0x0, 0xa9, 0x11, 0x11, 0xe6, 0x6d, 0x10,
    0x3d, 0xee, 0x7d, 0xaa, 0x2a, 0xd2, 0x2, 0xd5,
    0x4a, 0x6, 0xa0, 0x91, 0x1, 0xd5, 0x14, 0x77,
    0x87, 0x20, 0x7f, 0xff, 0xc6, 0xaa, 0xaf, 0x70,
    0x0, 0xd4, 0x0, 0x0, 0x6d, 0x0, 0x0, 0xd4,
    0x40, 0xb7, 0xf3, 0x0, 0x0, 0xee, 0xb0, 0x1c,
    0xd0, 0x0, 0x4, 0xc4, 0x0, 0x0, 0xa8, 0x0,
    0x0, 0x0, 0x0, 0x0, 0x0, 0x0,

    /* U+9501 "锁" */
    0x0, 0x0, 0x0, 0x0, 0x0, 0x0, 0x5, 0x90,
    0x8, 0xc, 0x40, 0x80, 0x1e, 0xff, 0xba, 0x7c,
    0x48, 0xa0, 0xaa, 0x0, 0x4, 0x7d, 0x79, 0x40,
    0x4d, 0xee, 0x7e, 0xff, 0xff, 0xe0, 0x2, 0xf4,
    0x1e, 0x27, 0x23, 0xe0, 0x1, 0xf3, 0xe, 0x2d,
    0x42, 0xe0, 0x6f, 0xff, 0xae, 0x2d, 0x42, 0xe0,
    0x0, 0xe1, 0xe, 0x2e, 0x32, 0xe0, 0x0, 0xe3,
    0x4a, 0x7e, 0x31, 0x90, 0x2, 0xfe, 0x56, 0xf5,
    0xbd, 0x60, 0x6, 0x80, 0x8b, 0x20, 0x3, 0xc5,
    0x0, 0x0, 0x0, 0x0, 0x0, 0x0,

    /* U+9519 "错" */
    0x0, 0x0, 0x0, 0x0, 0x0, 0x0, 0x6, 0xa0,
    0x0, 0xc4, 0x1e, 0x0, 0x1e, 0xff, 0x99, 0xfe,
    0xdf, 0xd3, 0xac, 0x11, 0x11, 0xd6, 0x4f, 0x20,
    0x6c, 0xaa, 0x40, 0xc4, 0x2e, 0x0, 0x8, 0xfa,
    0x4f, 0xff, 0xff, 0xf8, 0x1, 0xf3, 0x1, 0x33,
    0x33, 0x20, 0x7f, 0xff, 0xa8, 0xdb, 0xbc, 0xc0,
    0x0, 0xe2, 0x8, 0x92, 0x26, 0xc0, 0x0, 0xe2,
    0x28, 0xec, 0xcd, 0xc0, 0x0, 0xfe, 0x78, 0xa3,
    0x36, 0xc0, 0x4, 0xa2, 0x8, 0xeb, 0xbc, 0xc0,
    0x0, 0x0, 0x0, 0x0, 0x0, 0x0,

    /* U+952E "键" */
    0x0, 0x10, 0x0, 0x0, 0x0, 0x0, 0x5, 0xb0,
    0xbf, 0x98, 0xe9, 0x80, 0xc, 0xff, 0x27, 0x51,
    0xd2, 0xd0, 0x5d, 0x11, 0xc, 0x6a, 0xfb, 0xf7,
    0x2c, 0xaa, 0x4a, 0x13, 0xd4, 0xd2, 0x4, 0xf5,
    0xcf, 0xbc, 0xfd, 0xd0, 0x15, 0xf5, 0x14, 0xa7,
    0xe7, 0x60, 0x29, 0xf9, 0xb9, 0x76, 0xe6, 0x50,
    0x0, 0xe0, 0x5f, 0xad, 0xfe, 0xd2, 0x0, 0xf9,
    0x3f, 0x30, 0xd1, 0x0, 0x2, 0xf8, 0x8c, 0xe6,
    0x50, 0x0, 0x6, 0x72, 0xd0, 0x3b, 0xef, 0xf6,
    0x0, 0x0, 0x10, 0x0, 0x0, 0x0,

    /* U+958B "開" */
    0x1f, 0xdd, 0xf6, 0x7f, 0xdd, 0xf2, 0x1f, 0x0,
    0xb6, 0x7a, 0x0, 0xf2, 0x1f, 0xcc, 0xf6, 0x7e,
    0xcc, 0xf2, 0x1f, 0x22, 0xc6, 0x7a, 0x11, 0xf2,
    0x1f, 0xbb, 0xb4, 0x5b, 0xbb, 0xf2, 0x1f, 0x1c,
    0xcc, 0xcc, 0xc0, 0xf2, 0x1f, 0x0, 0xe1, 0x4c,
    0x0, 0xf2, 0x1f, 0x4f, 0xff, 0xff, 0xf4, 0xf2,
    0x1f, 0x0, 0xf0, 0x4c, 0x0, 0xf2, 0x1f, 0x6,
    0xa0, 0x4c, 0x11, 0xf1, 0x1f, 0xc, 0x10, 0x4c,
    0x6f, 0xc0, 0x0, 0x0, 0x0, 0x0, 0x0, 0x0,

    /* U+9593 "間" */
    0x2f, 0xdd, 0xf8, 0xae, 0xdd, 0xf2, 0x2f, 0x0,
    0xb8, 0xa6, 0x0, 0xf2, 0x2f, 0xcc, 0xf8, 0xae,
    0xcc, 0xf2, 0x2f, 0x55, 0xd8, 0xa9, 0x55, 0xf2,
    0x2f, 0x77, 0x73, 0x47, 0x77, 0xf2, 0x2f, 0x5,
    0xdc, 0xcc, 0x30, 0xf2, 0x2f, 0x7, 0xa1, 0x1f,
    0x40, 0xf2, 0x2f, 0x7, 0xfe, 0xef, 0x40, 0xf2,
    0x2f, 0x7, 0x90, 0xf, 0x40, 0xf2, 0x2f, 0x7,
    0xfd, 0xde, 0x52, 0xf1, 0x2f, 0x3, 0x40, 0x0,
    0xcf, 0xc0, 0x0, 0x0, 0x0, 0x0, 0x0, 0x0,

    /* U+95ED "闭" */
    0x2, 0x20, 0x0, 0x0, 0x0, 0x0, 0x9, 0xe1,
    0xcf, 0xff, 0xff, 0xf2, 0x0, 0xd6, 0x1, 0x11,
    0x11, 0xf2, 0x5, 0x20, 0x0, 0x2a, 0x0, 0xf2,
    0xf, 0x11, 0x11, 0x5f, 0x10, 0xf2, 0xf, 0x1f,
    0xff, 0xff, 0xf7, 0xf2, 0xf, 0x10, 0x6, 0xfe,
    0x0, 0xf2, 0xf, 0x10, 0x6f, 0x7e, 0x0, 0xf2,
    0xf, 0x3a, 0xe3, 0x4e, 0x0, 0xf2, 0xf, 0x49,
    0x11, 0x5e, 0x0, 0xf2, 0xf, 0x10, 0xd, 0xe9,
    0x0, 0xf1, 0xf, 0x10, 0x0, 0x0, 0x3f, 0xd0,
    0x0, 0x0, 0x0, 0x0, 0x0, 0x0,

    /* U+95F4 "间" */
    0x2, 0x20, 0x0, 0x0, 0x0, 0x0, 0x8, 0xe2,
    0xcf, 0xff, 0xff, 0xf3, 0x0, 0xc6, 0x1, 0x11,
    0x11, 0xf3, 0x5, 0x10, 0x0, 0x0, 0x0, 0xf3,
    0xf, 0x21, 0xee, 0xee, 0x20, 0xf3, 0xf, 0x22,
    0xe0, 0xe, 0x20, 0xf3, 0xf, 0x22, 0xe3, 0x3e,
    0x20, 0xf3, 0xf, 0x22, 0xfc, 0xcf, 0x20, 0xf3,
    0xf, 0x22, 0xe0, 0xe, 0x20, 0xf3, 0xf, 0x21,
    0xee, 0xee, 0x20, 0xf3, 0xf, 0x20, 0x0, 0x0,
    0x0, 0xf2, 0xf, 0x20, 0x0, 0x0, 0x4f, 0xd0,

    /* U+9664 "除" */
    0x0, 0x0, 0x0, 0x1, 0x60, 0x0, 0x1, 0xff,
    0xf6, 0x0, 0xaf, 0x10, 0x0, 0x1e, 0xe, 0x30,
    0x8e, 0x9d, 0x10, 0x1, 0xe1, 0xd0, 0x9f, 0x30,
    0xad, 0x20, 0x1e, 0x47, 0x9f, 0x84, 0x44, 0xcb,
    0x1, 0xe4, 0x80, 0x4c, 0xcf, 0xc7, 0x10, 0x1e,
    0xd, 0x12, 0x25, 0xe2, 0x21, 0x1, 0xe0, 0xc6,
    0xcc, 0xdf, 0xcc, 0x90, 0x1e, 0x8f, 0x15, 0x63,
    0xe4, 0x60, 0x1, 0xe0, 0x1, 0xe5, 0x3e, 0x1e,
    0x30, 0x1e, 0x0, 0xbb, 0x3, 0xe0, 0x5c, 0x1,
    0xe0, 0x0, 0x19, 0xfa, 0x0, 0x0, 0x0, 0x0,
    0x0, 0x0, 0x0, 0x0, 0x0,

    /* U+9690 "隐" */
    0x0, 0x0, 0x0, 0x42, 0x0, 0x0, 0x1f, 0xff,
    0x22, 0xf2, 0x0, 0x0, 0x1e, 0xd, 0x3d, 0xcd,
    0xec, 0x0, 0x1e, 0x1c, 0x8c, 0x33, 0xd5, 0x20,
    0x1e, 0x46, 0x19, 0x99, 0x9a, 0xe0, 0x1e, 0x2b,
    0x9, 0xbb, 0xbc, 0xe0, 0x1e, 0xd, 0x11, 0x11,
    0x14, 0xe0, 0x1e, 0xc, 0x6e, 0xee, 0xee, 0xd0,
    0x1e, 0x6f, 0x20, 0x1d, 0x30, 0x0, 0x1e, 0x1,
    0xa8, 0xd3, 0xd4, 0xb0, 0x1e, 0x1, 0xf3, 0xe0,
    0xb, 0xd4, 0x1e, 0x2, 0x70, 0xdf, 0xfb, 0x43,

    /* U+96A3 "隣" */
    0x0, 0x0, 0x0, 0x0, 0x0, 0x20, 0x1f, 0xff,
    0x3b, 0x49, 0xb3, 0xe0, 0x1e, 0xe, 0x6, 0x79,
    0xb8, 0x40, 0x1e, 0x2b, 0x8f, 0xff, 0xff, 0xf8,
    0x1e, 0x56, 0x2, 0xbe, 0xec, 0x30, 0x1e, 0x3a,
    0x5e, 0x69, 0xb3, 0xd8, 0x1e, 0xe, 0x2a, 0x43,
    0x52, 0xc1, 0x1e, 0xd, 0x6f, 0xef, 0xcd, 0xf8,
    0x1e, 0x9d, 0xda, 0x7c, 0xc3, 0xd0, 0x1e, 0x0,
    0x5, 0xf4, 0xee, 0xfb, 0x1e, 0x0, 0xb, 0x90,
    0x13, 0xd0, 0x1e, 0x0, 0x88, 0x0, 0x2, 0xd0,
    0x0, 0x0, 0x0, 0x0, 0x0, 0x0,

    /* U+96E2 "離" */
    0x0, 0x2, 0x0, 0x1, 0x0, 0x0, 0x24, 0x7d,
    0x44, 0xc, 0x7c, 0x0, 0x5a, 0xaa, 0xaa, 0x3e,
    0xa, 0x10, 0xd, 0x7a, 0x8a, 0x9f, 0xff, 0xf5,
    0xe, 0x8b, 0x9b, 0xfb, 0x1e, 0x0, 0xf, 0xa9,
    0xba, 0x7e, 0xbf, 0xa1, 0x3, 0x4e, 0x32, 0x4c,
    0x5f, 0x50, 0x6f, 0xff, 0xff, 0x4b, 0x2e, 0x0,
    0x69, 0xa6, 0x4d, 0x4f, 0xff, 0xe2, 0x69, 0xf9,
    0xbd, 0x4b, 0x1e, 0x0, 0x68, 0x52, 0x5d, 0x4e,
    0xaf, 0xa4, 0x68, 0x0, 0xac, 0x4d, 0x66, 0x62,
    0x0, 0x0, 0x0, 0x0, 0x0, 0x0,

    /* U+9759 "静" */
    0x0, 0x0, 0x0, 0x0, 0x0, 0x0, 0x1, 0x89,
    0x10, 0xd, 0x30, 0x0, 0x4b, 0xde, 0xb8, 0x7f,
    0xee, 0x0, 0x1a, 0xdd, 0xa9, 0xf3, 0x79, 0x0,
    0x25, 0xab, 0x55, 0xdf, 0xff, 0xb0, 0x59, 0x99,
    0x97, 0x4, 0xd4, 0xb0, 0xe, 0xdd, 0xf5, 0xff,
    0xff, 0xf6, 0xf, 0x55, 0xf2, 0x4, 0xd4, 0xb0,
    0xf, 0x77, 0xf2, 0x9d, 0xfd, 0xb0, 0xf, 0xcc,
    0xf2, 0x26, 0xd5, 0x70, 0xf, 0x0, 0xe2, 0x4,
    0xd0, 0x0, 0xf, 0xc, 0xd0, 0x8f, 0x80, 0x0,

    /* U+975E "非" */
    0x0, 0x0, 0x0, 0x0, 0x0, 0x0, 0x0, 0x0,
    0xe4, 0x3f, 0x0, 0x0, 0x3, 0x33, 0xf4, 0x3f,
    0x33, 0x30, 0x1e, 0xee, 0xf4, 0x3f, 0xff, 0xf4,
    0x0, 0x0, 0xe4, 0x3f, 0x0, 0x0, 0xd, 0xee,
    0xf4, 0x3f, 0xee, 0xe0, 0x3, 0x33, 0xf4, 0x3f,
    0x33, 0x30, 0x0, 0x0, 0xe4, 0x3f, 0x0, 0x0,
    0x5f, 0xff, 0xf4, 0x3f, 0xff, 0xf7, 0x12, 0x22,
    0xf4, 0x3f, 0x22, 0x21, 0x0, 0x0, 0xe4, 0x3f,
    0x0, 0x0, 0x0, 0x0, 0xe3, 0x3f, 0x0, 0x0,

    /* U+9762 "面" */
    0x2f, 0xff, 0xff, 0xff, 0xff, 0xf9, 0x1, 0x11,
    0x1e, 0x71, 0x11, 0x10, 0x0, 0x11, 0x1f, 0x31,
    0x11, 0x0, 0xd, 0xff, 0xff, 0xff, 0xff, 0xd0,
    0xd, 0x43, 0xd0, 0xf, 0x15, 0xd0, 0xd, 0x43,
    0xfe, 0xef, 0x15, 0xd0, 0xd, 0x43, 0xd0, 0xf,
    0x15, 0xd0, 0xd, 0x43, 0xfe, 0xef, 0x15, 0xd0,
    0xd, 0x43, 0xd0, 0xf, 0x15, 0xd0, 0xd, 0xcb,
    0xfa, 0xaf, 0xbc, 0xd0, 0xd, 0x96, 0x66, 0x66,
    0x69, 0xd0,

    /* U+97F3 "音" */
    0x0, 0x0, 0x1, 0x10, 0x0, 0x0, 0x0, 0x11,
    0x1b, 0xa1, 0x11, 0x0, 0x8, 0xff, 0xff, 0xff,
    0xff, 0xe0, 0x0, 0xd, 0x40, 0x2, 0xe1, 0x0,
    0x1, 0x1a, 0xa1, 0x18, 0xc1, 0x10, 0x2f, 0xff,
    0xff, 0xff, 0xff, 0xf8, 0x0, 0x12, 0x22, 0x22,
    0x22, 0x0, 0x0, 0xcd, 0xcc, 0xcc, 0xde, 0x0,
    0x0, 0xc7, 0x22, 0x22, 0x5e, 0x0, 0x0, 0xcd,
    0xcc, 0xcc, 0xde, 0x0, 0x0, 0xc7, 0x22, 0x22,
    0x6e, 0x0, 0x0, 0xcd, 0xcc, 0xcc, 0xde, 0x0,

    /* U+9879 "项" */
    0x0, 0x0, 0x3f, 0xff, 0xff, 0xfb, 0x6c, 0xcc,
    0x40, 0xa, 0xa0, 0x0, 0x37, 0xf7, 0x23, 0x4e,
    0x84, 0x40, 0x0, 0xf1, 0xd, 0xdb, 0xbc, 0xf0,
    0x0, 0xf1, 0xd, 0x45, 0x72, 0xf0, 0x0, 0xf1,
    0xd, 0x47, 0xa2, 0xf0, 0x0, 0xf1, 0x1d, 0x47,
    0xa2, 0xf0, 0x27, 0xff, 0x9d, 0x48, 0x92, 0xf0,
    0x8c, 0x71, 0x4, 0x2e, 0x54, 0x50, 0x0, 0x0,
    0x4, 0xda, 0x3d, 0x90, 0x0, 0x0, 0xcd, 0x60,
    0x1, 0xb9, 0x0, 0x0, 0x10, 0x0, 0x0, 0x0,

    /* U+9884 "预" */
    0x0, 0x0, 0x0, 0x0, 0x0, 0x0, 0x8f, 0xff,
    0xbe, 0xff, 0xff, 0xf1, 0x0, 0xc, 0x40, 0x8,
    0x90, 0x0, 0x1e, 0xb8, 0x6, 0xcf, 0xec, 0x80,
    0x5, 0xf9, 0x8, 0xa3, 0x39, 0xa0, 0x67, 0xaf,
    0x88, 0x85, 0x67, 0xa0, 0x78, 0xfa, 0xe8, 0x88,
    0x97, 0xa0, 0x0, 0xe5, 0xa8, 0x88, 0x87, 0xa0,
    0x0, 0xe2, 0x7, 0x89, 0x76, 0x90, 0x0, 0xe2,
    0x0, 0x1e, 0x85, 0x0, 0x0, 0xe2, 0x3, 0xd8,
    0x3e, 0x60, 0x3f, 0xd1, 0x2c, 0x50, 0x3, 0xc0,
    0x0, 0x0, 0x0, 0x0, 0x0, 0x0,

    /* U+9886 "领" */
    0x0, 0x8, 0x0, 0x0, 0x0, 0x0, 0x0, 0x5f,
    0x0, 0xff, 0xff, 0xf7, 0x0, 0xdc, 0xa0, 0x0,
    0xd2, 0x0, 0x7, 0xb0, 0xc6, 0x12, 0xe1, 0x10,
    0x3e, 0x56, 0x2d, 0xad, 0xbb, 0xf2, 0x23, 0x9,
    0x10, 0xa5, 0xa2, 0xe2, 0xb, 0xff, 0xf5, 0xa5,
    0xc2, 0xe2, 0x0, 0x1, 0xe2, 0xa5, 0xc2, 0xe2,
    0x0, 0x7, 0xa0, 0xa5, 0xe0, 0xe2, 0x5, 0xce,
    0x20, 0x55, 0xd3, 0x71, 0x0, 0x8d, 0x0, 0x1c,
    0x8c, 0x80, 0x0, 0xa, 0x54, 0xe8, 0x0, 0xb5,
    0x0, 0x0, 0x0, 0x10, 0x0, 0x0,

    /* U+9891 "频" */
    0x1, 0x1f, 0x0, 0xff, 0xff, 0xf4, 0xe, 0x1f,
    0xf9, 0x0, 0xd3, 0x0, 0xe, 0x1f, 0x0, 0x47,
    0xf7, 0x60, 0x6f, 0x9f, 0x87, 0xba, 0x88, 0xf0,
    0x68, 0xbe, 0x87, 0xb4, 0xb1, 0xf0, 0x9, 0x6b,
    0x26, 0xb4, 0xd1, 0xf0, 0x2d, 0x5b, 0x89, 0xb4,
    0xe0, 0xf0, 0x86, 0x5c, 0xe2, 0xb4, 0xe0, 0xf0,
    0x0, 0x1d, 0x90, 0x46, 0xc4, 0x50, 0x4, 0xda,
    0x0, 0x3e, 0x5c, 0x80, 0x6d, 0x50, 0x7, 0xc4,
    0x0, 0xa4, 0x0, 0x0, 0x0, 0x0, 0x0, 0x0,

    /* U+9898 "题" */
    0xe, 0xcc, 0xf5, 0xee, 0xfe, 0xe6, 0xe, 0x77,
    0xd4, 0x2, 0xe0, 0x0, 0xe, 0x66, 0xd4, 0xbe,
    0xee, 0xe0, 0xe, 0xdc, 0xf4, 0xb3, 0x0, 0xf0,
    0x0, 0x0, 0x0, 0xb3, 0xd2, 0xf0, 0x7d, 0xef,
    0xdc, 0xb3, 0xe1, 0xf0, 0x7, 0x4c, 0x0, 0xb5,
    0xe0, 0xf0, 0xd, 0x4f, 0xd8, 0x48, 0xb8, 0x50,
    0xf, 0x9c, 0x0, 0x7e, 0x29, 0xc1, 0x3c, 0xdd,
    0x15, 0xa2, 0x0, 0x72, 0x96, 0x8, 0xce, 0xee,
    0xee, 0xe5, 0x0, 0x0, 0x0, 0x0, 0x0, 0x0,

    /* U+9AD8 "高" */
    0x0, 0x0, 0x9, 0x70, 0x0, 0x0, 0x5b, 0xbb,
    0xbe, 0xeb, 0xbb, 0xb0, 0x24, 0x56, 0x66, 0x66,
    0x65, 0x40, 0x0, 0xad, 0xaa, 0xaa, 0xcb, 0x0,
    0x0, 0xac, 0x77, 0x77, 0xbb, 0x0, 0x1, 0x46,
    0x66, 0x66, 0x65, 0x20, 0x1f, 0xdd, 0xdd, 0xdd,
    0xde, 0xf0, 0x1f, 0x16, 0xa9, 0x99, 0x53, 0xf0,
    0x1f, 0x1a, 0x72, 0x29, 0x83, 0xf0, 0x1f, 0x1a,
    0xec, 0xcc, 0x63, 0xf0, 0x1f, 0x13, 0x20, 0x0,
    0x6d, 0xb0, 0x0, 0x0, 0x0, 0x0, 0x0, 0x0,

    /* U+9E23 "鸣" */
    0x0, 0x0, 0x0, 0x1, 0x0, 0x0, 0x2, 0x11,
    0x0, 0xc, 0x60, 0x0, 0x2f, 0xff, 0x2e, 0xee,
    0xef, 0x80, 0x2e, 0xe, 0x2e, 0x47, 0x9, 0x70,
    0x2e, 0xe, 0x2e, 0x2a, 0x6a, 0x60, 0x2e, 0xe,
    0x2e, 0x20, 0x8e, 0x40, 0x2e, 0xe, 0x2e, 0x20,
    0x44, 0x0, 0x2e, 0xe, 0x2c, 0xee, 0xee, 0xf4,
    0x2f, 0xef, 0x20, 0x0, 0x0, 0xe3, 0x2e, 0x33,
    0x5f, 0xff, 0xf9, 0xe2, 0x0, 0x0, 0x0, 0x0,
    0x1, 0xf0, 0x0, 0x0, 0x0, 0x0, 0x9e, 0xb0,
    0x0, 0x0, 0x0, 0x0, 0x0, 0x0,

    /* U+9ED8 "默" */
    0xf, 0xff, 0xfe, 0x0, 0xe8, 0x10, 0xd, 0x4b,
    0x4e, 0x0, 0xe7, 0xa0, 0xd, 0x8b, 0x9e, 0x0,
    0xe1, 0x80, 0xe, 0x5c, 0x5e, 0x9b, 0xfc, 0xb4,
    0xa, 0xbf, 0xa9, 0x45, 0xf7, 0x52, 0x9, 0x9f,
    0x98, 0x1, 0xf5, 0x0, 0x5, 0x5f, 0x54, 0x4,
    0xf9, 0x0, 0x3d, 0xef, 0xee, 0x9, 0x8e, 0x0,
    0x8, 0x53, 0x36, 0x1f, 0x1a, 0x70, 0x1c, 0x76,
    0x8b, 0xa9, 0x2, 0xf3, 0x45, 0x43, 0x41, 0xb0,
    0x0, 0x65,

    /* U+9F20 "鼠" */
    0x0, 0x26, 0x10, 0x0, 0x0, 0x5, 0xfc, 0x92,
    0x7e, 0xef, 0x70, 0x5c, 0x22, 0x10, 0x11, 0xb7,
    0x5, 0xfe, 0xe6, 0x5e, 0xef, 0x70, 0x5c, 0x0,
    0x0, 0x0, 0xa7, 0x5, 0xee, 0xee, 0xee, 0xee,
    0x60, 0x29, 0x21, 0x74, 0x32, 0xb0, 0x3, 0xd4,
    0xca, 0x7c, 0x8e, 0x0, 0x3d, 0x52, 0xa7, 0x52,
    0xe0, 0x3, 0xd4, 0xaa, 0x7a, 0x6f, 0x0, 0x5e,
    0x76, 0xba, 0x86, 0xd7, 0x86, 0xb7, 0x3b, 0x96,
    0x25, 0xf5,

    /* U+FF01 "！" */
    0xf, 0x80, 0xf8, 0xe, 0x70, 0xd6, 0xc, 0x50,
    0xb4, 0x0, 0x0, 0xa5, 0x1f, 0x90, 0x0,

    /* U+FF08 "（" */
    0x0, 0x20, 0x2, 0xe2, 0xc, 0x60, 0x4d, 0x0,
    0x98, 0x0, 0xc5, 0x0, 0xd4, 0x0, 0xc5, 0x0,
    0x98, 0x0, 0x3e, 0x0, 0xb, 0x70, 0x1, 0xe2,
    0x0, 0x0,

    /* U+FF09 "）" */
    0x2, 0x0, 0x2e, 0x20, 0x6, 0xc0, 0x0, 0xd4,
    0x0, 0x89, 0x0, 0x5c, 0x0, 0x4d, 0x0, 0x5c,
    0x0, 0x89, 0x0, 0xe3, 0x7, 0xb0, 0x2e, 0x10,
    0x0, 0x0,

    /* U+FF1A "：" */
    0xa, 0xa0, 0xe, 0xe0, 0x0, 0x0, 0x0, 0x0,
    0x0, 0x0, 0x0, 0x0, 0xb, 0xb0, 0xd, 0xd0,
    0x0, 0x0,

    /* U+FF1F "？" */
    0x0, 0x11, 0x0, 0x1b, 0xff, 0xc1, 0x49, 0x12,
    0xe7, 0x0, 0x0, 0xd8, 0x0, 0x8, 0xe1, 0x0,
    0x6e, 0x20, 0x0, 0xc7, 0x0, 0x0, 0x0, 0x0,
    0x0, 0x96, 0x0, 0x0, 0xea, 0x0, 0x0, 0x0,
    0x0,

    /* U+1F450 "👐" */
    0x0, 0x20, 0x0, 0x0, 0x0, 0x0, 0x20, 0x0,
    0x2a, 0xe8, 0x0, 0x0, 0x6, 0xd9, 0x50, 0x8,
    0xb7, 0x54, 0x48, 0x60, 0x77, 0xa9, 0x4, 0xe4,
    0x67, 0x87, 0xe5, 0x94, 0x66, 0xe6, 0x26, 0x89,
    0xa7, 0x4f, 0x19, 0x99, 0x65, 0x40, 0x86, 0x60,
    0x60, 0xf0, 0x23, 0x48, 0x80, 0x2, 0x50, 0x3,
    0xf, 0x0, 0x20, 0x35, 0x0, 0x8, 0x0, 0x3,
    0x96, 0x0, 0x8, 0x0, 0x0, 0x19, 0x77, 0x50,
    0x38, 0x78, 0x20, 0x0, 0x0, 0x0, 0x0, 0x0,
    0x0, 0x0, 0x0,

    /* U+1F451 "👑" */
    0x0, 0x0, 0x10, 0x0, 0x0, 0x10, 0x0, 0x0,
    0x42, 0x2f, 0x90, 0x0, 0x9f, 0x22, 0x40, 0x32,
    0x60, 0xe7, 0x46, 0x47, 0xe0, 0x72, 0x41, 0x88,
    0xa, 0x86, 0x6, 0x8a, 0x9, 0x81, 0x6, 0x82,
    0xff, 0x8c, 0x8f, 0xf2, 0x86, 0x0, 0x37, 0xff,
    0xff, 0x1f, 0xff, 0xf8, 0x30, 0x1, 0x6b, 0xff,
    0x90, 0x9f, 0xfc, 0x61, 0x0, 0x6d, 0x2, 0x30,
    0x40, 0x32, 0xd, 0x60, 0x3, 0xd0, 0xb0, 0x6f,
    0x60, 0xb0, 0xd3, 0x0, 0x8, 0x3, 0x2, 0xb3,
    0x3, 0x8, 0x0, 0x0, 0x68, 0x77, 0x77, 0x77,
    0x78, 0x60, 0x0, 0x3, 0x40, 0x0, 0x0, 0x0,
    0x42, 0x0, 0x0, 0x7, 0x87, 0x77, 0x77, 0x87,
    0x0, 0x0,

    /* U+1F452 "👒" */
    0x0, 0x0, 0x0, 0x24, 0x10, 0x0, 0x0, 0x0,
    0x77, 0x79, 0x84, 0x37, 0x60, 0x0, 0x0, 0x51,
    0x0, 0xa1, 0x3, 0x15, 0x40, 0x0, 0x6, 0x0,
    0x9, 0x90, 0x33, 0x9, 0x60, 0x0, 0x25, 0x0,
    0x1e, 0xa6, 0x81, 0xba, 0x70, 0x0, 0x80, 0x0,
    0x1b, 0xfc, 0xdd, 0xbf, 0x40, 0x1, 0x80, 0x2,
    0x17, 0xdf, 0xff, 0xc7, 0x10, 0x2, 0x81, 0x21,
    0x2f, 0xfd, 0xed, 0x91, 0x0, 0x0, 0x68, 0x40,
    0xd, 0x93, 0xff, 0x30, 0x0, 0x0, 0x3, 0x77,
    0xfe, 0x60, 0x50, 0x0, 0x0, 0x0, 0x0, 0x9,
    0x60, 0x0, 0x0,

    /* U+1F453 "👓" */
    0x3, 0x67, 0x77, 0x20, 0x5, 0x77, 0x64, 0x2,
    0xf2, 0x0, 0x8, 0x79, 0x20, 0x1, 0xf4, 0xb,
    0x0, 0x0, 0x41, 0xb0, 0x0, 0xa, 0x10, 0x61,
    0x0, 0x4, 0xb, 0x0, 0x0, 0x70, 0x1, 0x81,
    0x2, 0x60, 0x75, 0x0, 0x72, 0x0, 0x1, 0x67,
    0x50, 0x0, 0x47, 0x62, 0x0,

    /* U+1F454 "👔" */
    0x0, 0x5, 0x77, 0x77, 0x76, 0x0, 0x0, 0x5,
    0x42, 0xab, 0xa6, 0x36, 0x0, 0x18, 0xb0, 0x1d,
    0xff, 0x40, 0xa8, 0x27, 0x7, 0x0, 0x1c, 0x30,
    0x8, 0x7, 0x70, 0x16, 0x2, 0xf7, 0x4, 0x30,
    0x77, 0x0, 0x82, 0xfa, 0xf4, 0x70, 0x7, 0x70,
    0x1, 0x64, 0xf9, 0x42, 0x0, 0x77, 0x0, 0x0,
    0x89, 0xc0, 0x0, 0x7, 0x70, 0x0, 0xa, 0xbc,
    0x30, 0x0, 0x77, 0x0, 0x0, 0xcc, 0xa5, 0x0,
    0x7, 0x70, 0x0, 0xf, 0xab, 0x60, 0x0, 0x74,
    0x77, 0x78, 0xff, 0xfb, 0x77, 0x75,

    /* U+1F455 "👕" */
    0x0, 0x0, 0x1, 0x10, 0x2, 0x0, 0x0, 0x0,
    0x0, 0x48, 0xdf, 0xff, 0xad, 0x71, 0x0, 0x0,
    0x84, 0x7, 0x59, 0x67, 0x11, 0x83, 0x0, 0x98,
    0x0, 0x6, 0x77, 0x20, 0x1, 0xc4, 0x8, 0x54,
    0x0, 0x0, 0x0, 0x0, 0x84, 0x40, 0x26, 0xc6,
    0x0, 0x0, 0x0, 0xf5, 0x70, 0x0, 0x32, 0x70,
    0x0, 0x0, 0x7, 0x50, 0x0, 0x0, 0x7, 0x0,
    0x0, 0x0, 0x70, 0x0, 0x0, 0x0, 0x70, 0x0,
    0x0, 0x7, 0x0, 0x0, 0x0, 0x7, 0x0, 0x0,
    0x0, 0x70, 0x0, 0x0, 0x0, 0x70, 0x0, 0x0,
    0x7, 0x0, 0x0, 0x0, 0x7, 0x0, 0x0, 0x0,
    0x70, 0x0, 0x0, 0x0, 0x77, 0x77, 0x77, 0x73,
    0x0, 0x0,

    /* U+1F456 "👖" */
    0x11, 0x11, 0x11, 0x19, 0x77, 0x77, 0x7b, 0x97,
    0x95, 0x5b, 0xaa, 0x60, 0x0, 0x4c, 0x70, 0x1,
    0x0, 0x77, 0x0, 0xd1, 0x7, 0x70, 0xa, 0x30,
    0x77, 0x1, 0x75, 0x7, 0x70, 0x25, 0x60, 0x77,
    0x3, 0x47, 0x7, 0x70, 0x33, 0x70, 0x7b, 0x7b,
    0x3d, 0x7d, 0x87, 0x92, 0xa7, 0x90,

    /* U+1F457 "👗" */
    0x0, 0x1, 0x10, 0x20, 0x0, 0x0, 0x1, 0x97,
    0x9, 0x80, 0x0, 0x0, 0x7, 0x87, 0x37, 0x0,
    0x0, 0x0, 0x70, 0x21, 0x50, 0x0, 0x0, 0x8,
    0x22, 0x73, 0x0, 0x0, 0x0, 0xcb, 0xbd, 0x40,
    0x0, 0x0, 0x35, 0x0, 0x8, 0x0, 0x0, 0x8,
    0x4, 0x0, 0x34, 0x0, 0x2, 0x53, 0x40, 0x20,
    0x80, 0x0, 0x70, 0x61, 0x7, 0x2, 0x70, 0x7,
    0x7, 0x0, 0x60, 0x3, 0x52, 0x95, 0x80, 0x2,
    0x75, 0x81, 0x0, 0x28, 0x87, 0x87, 0x30, 0x0,

    /* U+1F458 "👘" */
    0x0, 0x0, 0x0, 0x21, 0x0, 0x0, 0x0, 0x0,
    0x6, 0xdf, 0xc7, 0x0, 0x0, 0x14, 0x78, 0x59,
    0xc8, 0x58, 0x75, 0x16, 0x33, 0x7, 0xcb, 0xa7,
    0x13, 0x37, 0x70, 0xd3, 0xc6, 0x66, 0xb3, 0xe2,
    0x77, 0x1, 0x1d, 0x4a, 0x4b, 0x41, 0x7, 0x75,
    0x6, 0xb6, 0x66, 0xa8, 0x5, 0x77, 0x4, 0x76,
    0x0, 0x6, 0x94, 0x17, 0x51, 0x27, 0x60, 0x33,
    0x69, 0x20, 0x73, 0x40, 0x86, 0x24, 0x6, 0x90,
    0x26, 0x6, 0x75, 0x60, 0x54, 0x65, 0x76, 0x10,
    0x0, 0x6, 0x6, 0x56, 0x10, 0x0, 0x0, 0x0,
    0x87, 0x77, 0x80, 0x0, 0x0,

    /* U+1F459 "👙" */
    0x0, 0x0, 0x2, 0x0, 0x0, 0x0, 0x3, 0x3b,
    0x20, 0x0, 0x0, 0x74, 0xff, 0x66, 0x0, 0x1,
    0xa5, 0xa5, 0x29, 0x0, 0xd, 0x27, 0x0, 0x5c,
    0x30, 0x43, 0x57, 0x34, 0x45, 0x90, 0x96, 0x4,
    0x9c, 0x24, 0xa0, 0x4, 0x56, 0xb7, 0xd6, 0xc0,
    0x0, 0x0, 0x12, 0x45, 0x40, 0x2a, 0x68, 0xa4,
    0x81, 0x70, 0x1d, 0x13, 0x25, 0x1d, 0x30, 0x1,
    0xe3, 0x33, 0x81, 0x0, 0x0, 0x7, 0x8b, 0x0,
    0x0,

    /* U+1F45A "👚" */
    0x0, 0x0, 0x1, 0x0, 0x1, 0x0, 0x0, 0x0,
    0x0, 0x9, 0x7f, 0xff, 0x7a, 0x10, 0x0, 0x0,
    0x28, 0x62, 0x28, 0x30, 0x77, 0x30, 0x0, 0x27,
    0x0, 0x77, 0x57, 0x80, 0x6, 0x40, 0xa, 0x81,
    0x10, 0x0, 0x0, 0x0, 0x7a, 0x10, 0x64, 0xc7,
    0x0, 0x0, 0x6, 0xd4, 0x80, 0x0, 0x43, 0x70,
    0x0, 0x0, 0x72, 0x50, 0x0, 0x0, 0x7, 0x0,
    0x0, 0x7, 0x0, 0x0, 0x0, 0x0, 0x70, 0x0,
    0x0, 0x61, 0x0, 0x0, 0x0, 0x7, 0x0, 0x0,
    0x5, 0x20, 0x0, 0x0, 0x2, 0x50, 0x0, 0x0,
    0x44, 0x0, 0x0, 0x0, 0x43, 0x0, 0x0, 0x1,
    0x60, 0x0, 0x0, 0x3, 0x77, 0x77, 0x77, 0x74,
    0x0, 0x0,

    /* U+1F45B "👛" */
    0x0, 0x0, 0x38, 0xb8, 0x60, 0x0, 0x0, 0x0,
    0x0, 0x49, 0xc9, 0x60, 0x0, 0x0, 0x1, 0x56,
    0x69, 0x9c, 0x66, 0x53, 0x0, 0x9, 0x22, 0x22,
    0x22, 0x22, 0x16, 0x30, 0x6, 0x66, 0x69, 0xfc,
    0x66, 0x80, 0x70, 0x16, 0x80, 0x8, 0x76, 0x20,
    0x43, 0x70, 0x1e, 0x10, 0x41, 0x70, 0x50, 0x7,
    0x90, 0x51, 0x0, 0x0, 0x0, 0x0, 0x0, 0x70,
    0x70, 0x0, 0x0, 0x0, 0x0, 0x0, 0x70, 0x70,
    0x0, 0x0, 0x0, 0x0, 0x0, 0x60, 0x35, 0x0,
    0x0, 0x0, 0x0, 0x1, 0x80, 0x5, 0x77, 0x77,
    0x77, 0x77, 0x77, 0x0,

    /* U+1F45C "👜" */
    0x0, 0x0, 0x7, 0x77, 0x0, 0x0, 0x0, 0x0,
    0x3, 0x40, 0x52, 0x0, 0x0, 0x0, 0x46, 0xe7,
    0x78, 0xd6, 0x40, 0x0, 0x73, 0x7, 0x0, 0x7,
    0x3, 0x60, 0x7, 0x37, 0xf7, 0x77, 0xf7, 0x27,
    0x0, 0x67, 0x1b, 0x5, 0xc, 0x7, 0x60, 0x34,
    0x74, 0xc0, 0x50, 0xe2, 0x74, 0x35, 0x27, 0x13,
    0x0, 0x4, 0x6, 0x24, 0x60, 0x82, 0x0, 0x0,
    0x3, 0x71, 0x67, 0x0, 0x60, 0x0, 0x1, 0x50,
    0x7, 0x60, 0x1, 0x77, 0x77, 0x70, 0x0, 0x62,
    0x87, 0x77, 0x77, 0x77, 0x77, 0x81,

    /* U+1F45D "👝" */
    0x0, 0x0, 0x0, 0x35, 0x65, 0x30, 0x0, 0x0,
    0x0, 0x6, 0x74, 0x10, 0x14, 0x76, 0x0, 0x0,
    0x8, 0x25, 0x88, 0x78, 0x85, 0x28, 0x0, 0x6,
    0x38, 0x30, 0x0, 0x0, 0x38, 0x45, 0x0, 0x88,
    0x0, 0x0, 0x0, 0x0, 0x18, 0x70, 0xe, 0x20,
    0x0, 0x0, 0x0, 0x0, 0x2d, 0x5, 0xd1, 0x0,
    0x0, 0x0, 0x0, 0x1, 0x81, 0xc3, 0x70, 0x0,
    0x0, 0x0, 0x0, 0x80, 0x4a, 0x5, 0x77, 0x77,
    0x77, 0x77, 0x74, 0x0, 0x0, 0x0, 0x0, 0x0,
    0x0, 0x0, 0x0,

    /* U+1F45E "👞" */
    0x3, 0x51, 0x6, 0x30, 0x0, 0x0, 0x2, 0xcf,
    0xfc, 0xdc, 0x40, 0x0, 0x0, 0x60, 0x22, 0x15,
    0xdc, 0x20, 0x0, 0x8, 0x20, 0x25, 0x1b, 0x5,
    0x73, 0x0, 0x5b, 0x95, 0x5, 0x40, 0x0, 0x37,
    0x21, 0x8a, 0xc9, 0x10, 0x0, 0x0, 0x7, 0x0,
    0x0, 0x8, 0x62, 0x1, 0x38, 0x40, 0x0, 0x0,
    0x1, 0x57, 0x63, 0x0,

    /* U+1F45F "👟" */
    0x0, 0x0, 0x54, 0x0, 0x0, 0x0, 0x1, 0xfb,
    0x93, 0x49, 0x0, 0x0, 0x0, 0x55, 0xb8, 0x18,
    0xff, 0x0, 0x0, 0x7, 0x0, 0x55, 0x47, 0xcf,
    0x40, 0x0, 0x61, 0x82, 0x28, 0x44, 0x4c, 0x81,
    0x5, 0x90, 0x0, 0xa, 0x87, 0x0, 0xc3, 0x3f,
    0xfd, 0x70, 0x46, 0x23, 0x76, 0x70, 0x3, 0x5a,
    0xd6, 0x24, 0x42, 0x72, 0x0, 0x0, 0x0, 0x48,
    0x77, 0x50, 0x0,

    /* U+1F460 "👠" */
    0x6, 0xa6, 0x0, 0x0, 0x0, 0x0, 0x44, 0x3f,
    0x60, 0x0, 0x0, 0x0, 0x80, 0xa, 0xf3, 0x0,
    0x0, 0x0, 0x70, 0x2, 0xfc, 0x0, 0x0, 0x0,
    0x70, 0x0, 0xdf, 0x50, 0x0, 0x0, 0x71, 0x30,
    0x9f, 0xd0, 0x0, 0x0, 0x34, 0xb1, 0x4f, 0xf8,
    0x0, 0x0, 0x16, 0x86, 0xc, 0xff, 0x50, 0x0,
    0x7, 0x77, 0x0, 0x31, 0x36, 0x0, 0x7, 0x75,
    0x20, 0x0, 0x1, 0x80, 0x7, 0x30, 0x80, 0x0,
    0x0, 0x16, 0x0, 0x0, 0x17, 0x77, 0x77, 0x72,

    /* U+1F461 "👡" */
    0x37, 0x77, 0x72, 0x0, 0x0, 0x0, 0xb, 0x71,
    0x0, 0x57, 0x14, 0x50, 0x0, 0x71, 0x6e, 0x40,
    0xf, 0xff, 0xf5, 0x2, 0x87, 0xb4, 0x61, 0xff,
    0xa7, 0xa2, 0x0, 0x0, 0x3, 0xaf, 0xf0, 0x1,
    0x60, 0x0, 0x0, 0x1, 0xae, 0x77, 0x60,

    /* U+1F462 "👢" */
    0x5, 0x64, 0x10, 0x0, 0x5, 0xdf, 0xff, 0x50,
    0x0, 0x54, 0xf5, 0x85, 0x0, 0x4, 0x37, 0x5,
    0x10, 0x0, 0x33, 0x70, 0x70, 0x0, 0x3, 0x37,
    0x7, 0x0, 0x0, 0x34, 0x70, 0x70, 0x0, 0x5,
    0x27, 0x2, 0x50, 0x0, 0x70, 0x0, 0x6, 0x10,
    0xa, 0x0, 0x0, 0x8, 0x50, 0x87, 0x70, 0x0,
    0x3, 0x84, 0x8c, 0x71, 0x0, 0x8, 0x0, 0x0,
    0x77, 0x77, 0x30,

    /* U+1F463 "👣" */
    0x0, 0x0, 0x10, 0x0, 0x0, 0x0, 0x0, 0x36,
    0x5b, 0x99, 0x0, 0x0, 0x0, 0x6, 0x49, 0x76,
    0x30, 0x0, 0x0, 0x0, 0xe, 0xff, 0x60, 0x0,
    0x0, 0x0, 0x4, 0xff, 0xf9, 0xd, 0x69, 0xa5,
    0x0, 0x4f, 0xff, 0x50, 0x84, 0x76, 0x35, 0x2,
    0xff, 0xf0, 0x0, 0xbf, 0xf9, 0x0, 0xd, 0xff,
    0x30, 0xf, 0xff, 0xe0, 0x0, 0x6f, 0xf8, 0x0,
    0xbf, 0xff, 0x0, 0x0, 0x9e, 0x40, 0x5, 0xff,
    0xd0, 0x0, 0x0, 0x0, 0x0, 0x8f, 0xf8, 0x0,
    0x0, 0x0, 0x0, 0xd, 0xff, 0x10, 0x0, 0x0,
    0x0, 0x0, 0x9e, 0x50, 0x0,

    /* U+1F464 "👤" */
    0x0, 0x4, 0x77, 0x76, 0x0, 0x0, 0x4, 0x50,
    0x0, 0x27, 0x0, 0x0, 0x70, 0x0, 0x0, 0x61,
    0x0, 0x15, 0x0, 0x0, 0x1, 0x50, 0x2, 0x40,
    0x0, 0x0, 0x7, 0x0, 0x15, 0x0, 0x0, 0x1,
    0x60, 0x0, 0x70, 0x0, 0x0, 0x52, 0x0, 0x6,
    0x20, 0x0, 0x8, 0x0, 0x0, 0x7, 0x50, 0x28,
    0x10, 0x0, 0x36, 0x66, 0x4, 0x66, 0x50, 0x44,
    0x0, 0x0, 0x0, 0x1, 0x77, 0x77, 0x77, 0x77,
    0x77, 0x79,

    /* U+1F465 "👥" */
    0x0, 0x2, 0x77, 0x50, 0x59, 0x71, 0x0, 0x0,
    0x3, 0x70, 0x2, 0xff, 0xff, 0xe2, 0x0, 0x0,
    0x80, 0x0, 0x4, 0xff, 0xff, 0xc0, 0x0, 0x16,
    0x0, 0x0, 0xf, 0xff, 0xff, 0x0, 0x2, 0x40,
    0x0, 0x0, 0xff, 0xff, 0xf2, 0x0, 0x16, 0x0,
    0x0, 0xf, 0xff, 0xff, 0x0, 0x0, 0x80, 0x0,
    0x4, 0xff, 0xff, 0xc0, 0x0, 0x3, 0x50, 0x0,
    0xff, 0xff, 0xf3, 0x0, 0x0, 0x2a, 0x71, 0xd9,
    0xff, 0xfc, 0x30, 0x0, 0x85, 0x0, 0x0, 0x2c,
    0xff, 0xff, 0xb0, 0x61, 0x0, 0x0, 0x0, 0xe,
    0xff, 0xff, 0x52, 0x77, 0x77, 0x77, 0x77, 0x97,
    0x77, 0x72,

    /* U+1F466 "👦" */
    0x0, 0x0, 0x10, 0x0, 0x0, 0x0, 0x7, 0xdb,
    0xda, 0x30, 0x0, 0x8, 0x44, 0x0, 0x77, 0x10,
    0x2, 0x58, 0x0, 0x6, 0x17, 0x0, 0x62, 0xb7,
    0x87, 0x84, 0x70, 0x9, 0xd4, 0x75, 0x28, 0xbf,
    0x10, 0x71, 0x37, 0x2, 0x80, 0xfd, 0x5, 0x10,
    0x20, 0x2, 0xf, 0xf4, 0x51, 0x6, 0x67, 0x20,
    0xeb, 0x15, 0x20, 0x0, 0x0, 0x7, 0x0, 0x43,
    0x0, 0x0, 0x0, 0x70, 0x0, 0x80, 0x0, 0x0,
    0x8, 0x0, 0x3, 0x77, 0x77, 0x76, 0x0, 0x0,

    /* U+1F467 "👧" */
    0x0, 0x0, 0x0, 0x21, 0x0, 0x0, 0x0, 0x0,
    0x1, 0x9f, 0xff, 0xd4, 0x0, 0x0, 0x0, 0x1e,
    0xff, 0xff, 0xff, 0x70, 0x0, 0x0, 0x8f, 0xff,
    0xff, 0xff, 0xf0, 0x0, 0x5, 0xdf, 0xff, 0xff,
    0xff, 0xf8, 0x20, 0x6, 0xbf, 0x65, 0x57, 0x68,
    0xf2, 0x50, 0x35, 0xc9, 0x28, 0x2, 0x80, 0xf1,
    0x80, 0x4f, 0xf3, 0x2, 0x0, 0x20, 0xff, 0xc0,
    0x3a, 0xd4, 0x5, 0x66, 0x10, 0xcb, 0x70, 0x0,
    0x24, 0x0, 0x0, 0x0, 0x70, 0x0, 0x0, 0x25,
    0x0, 0x0, 0x0, 0x70, 0x0, 0x0, 0x8, 0x0,
    0x0, 0x0, 0x80, 0x0, 0x0, 0x1, 0x77, 0x77,
    0x77, 0x10, 0x0,

    /* U+1F468 "👨" */
    0x0, 0x1, 0x20, 0x0, 0x0, 0x3d, 0xff, 0xf8,
    0x0, 0x1f, 0xff, 0xff, 0xf7, 0x7, 0xff, 0xff,
    0xff, 0xe0, 0xaf, 0xdf, 0xfe, 0xdf, 0x2f, 0x40,
    0x0, 0x0, 0xf2, 0xf1, 0x91, 0x9, 0x2f, 0x17,
    0x1, 0x0, 0x10, 0x70, 0x70, 0x16, 0x55, 0x7,
    0x7, 0x0, 0x0, 0x0, 0x70, 0x61, 0x0, 0x0,
    0x3, 0x32, 0x60, 0x0, 0x0, 0x53, 0x4, 0x77,
    0x77, 0x74, 0x0,

    /* U+1F469 "👩" */
    0x0, 0x0, 0x12, 0x10, 0x0, 0x0, 0x3, 0xcf,
    0xff, 0xb2, 0x0, 0x3, 0xff, 0xff, 0xff, 0xe2,
    0x0, 0xdf, 0xff, 0xff, 0xff, 0xb0, 0x3f, 0xff,
    0xe8, 0x1e, 0xff, 0x16, 0xf9, 0x20, 0x0, 0x2d,
    0xf3, 0x5f, 0x4a, 0x20, 0xa2, 0x7f, 0x32, 0xf5,
    0x0, 0x0, 0x8, 0xf0, 0xf, 0x81, 0x66, 0x60,
    0xd7, 0x0, 0x72, 0x0, 0x0, 0x9, 0x0, 0x6,
    0x10, 0x0, 0x0, 0x34, 0x0, 0x26, 0x0, 0x0,
    0x5, 0x30, 0x0, 0x47, 0x77, 0x77, 0x40, 0x0,

    /* U+1F46A "👪" */
    0x0, 0x0, 0x1, 0x0, 0x1, 0x0, 0x0, 0x0,
    0x0, 0x3, 0xfb, 0x3, 0xf9, 0x0, 0x0, 0x0,
    0x0, 0x3f, 0xc0, 0x2e, 0x70, 0x0, 0x0, 0x7a,
    0x6, 0xfc, 0x26, 0xfb, 0x6, 0xb0, 0xa, 0xe4,
    0xcf, 0xeb, 0xaf, 0xc3, 0x9f, 0x11, 0xce, 0xd6,
    0xfc, 0xea, 0xfc, 0xcb, 0xf5, 0x7c, 0xf0, 0x1d,
    0xa0, 0x4f, 0xd0, 0x7f, 0x80, 0xce, 0x20, 0x99,
    0x0, 0x85, 0x5, 0xd0, 0x7, 0x70, 0x28, 0xa0,
    0x18, 0x70, 0x59, 0x0,

    /* U+1F46B "👫" */
    0x0, 0x5, 0x50, 0x0, 0x0, 0x35, 0x20, 0x0,
    0x37, 0x11, 0x72, 0x0, 0x73, 0x5, 0x50, 0x7,
    0x0, 0x0, 0x70, 0x61, 0x0, 0x5, 0x24, 0x37,
    0x20, 0x84, 0x27, 0x44, 0x9, 0x7, 0x70, 0x30,
    0x2, 0x16, 0x60, 0x20, 0x30, 0x76, 0x0, 0x55,
    0x0, 0x95, 0x4, 0x51, 0x7, 0x17, 0x64, 0x46,
    0x1b, 0x16, 0x44, 0x57, 0x20, 0x0, 0x12, 0x9,
    0x57, 0x61, 0x20, 0x0, 0x0, 0x0, 0x0, 0x39,
    0x70, 0x0, 0x0, 0x0,

    /* U+1F46C "👬" */
    0x0, 0x5, 0x50, 0x0, 0x0, 0x35, 0x20, 0x0,
    0x37, 0x11, 0x72, 0x0, 0x73, 0x5, 0x50, 0x7,
    0x0, 0x0, 0x70, 0x61, 0x0, 0x5, 0x24, 0x37,
    0x20, 0x84, 0x27, 0x44, 0x9, 0x7, 0x70, 0x30,
    0x2, 0x16, 0x60, 0x20, 0x30, 0x76, 0x0, 0x55,
    0x0, 0x95, 0x4, 0x51, 0x7, 0x17, 0x64, 0x46,
    0x1b, 0x16, 0x44, 0x57, 0x20, 0x0, 0x12, 0x9,
    0x57, 0x61, 0x20, 0x0, 0x0, 0x0, 0x0, 0x39,
    0x70, 0x0, 0x0, 0x0,

    /* U+1F46D "👭" */
    0x0, 0x5, 0x50, 0x0, 0x0, 0x35, 0x20, 0x0,
    0x37, 0x11, 0x72, 0x0, 0x73, 0x5, 0x50, 0x7,
    0x0, 0x0, 0x70, 0x61, 0x0, 0x5, 0x24, 0x37,
    0x20, 0x84, 0x27, 0x44, 0x9, 0x7, 0x70, 0x30,
    0x2, 0x16, 0x60, 0x20, 0x30, 0x76, 0x0, 0x55,
    0x0, 0x95, 0x4, 0x51, 0x7, 0x17, 0x64, 0x46,
    0x1b, 0x16, 0x44, 0x57, 0x20, 0x0, 0x12, 0x9,
    0x57, 0x61, 0x20, 0x0, 0x0, 0x0, 0x0, 0x39,
    0x70, 0x0, 0x0, 0x0,

    /* U+1F46E "👮" */
    0x2, 0x76, 0x76, 0x73, 0x3, 0x70, 0x0, 0x0,
    0x54, 0x80, 0x6, 0x79, 0x0, 0x86, 0xbf, 0xfb,
    0xff, 0xb7, 0x8f, 0x99, 0xdd, 0xff, 0xb5, 0x7b,
    0xfe, 0xed, 0x57, 0x52, 0x28, 0x5, 0x60, 0x75,
    0x20, 0x30, 0x30, 0x7, 0x43, 0x2, 0x63, 0x0,
    0x73, 0x40, 0x0, 0x0, 0x7, 0x8, 0x0, 0x0,
    0x1, 0x80, 0x27, 0x77, 0x77, 0x70,

    /* U+1F46F "👯" */
    0x14, 0x0, 0x0, 0x5, 0x3, 0xd9, 0x0, 0xc,
    0xd1, 0x7, 0x84, 0x8, 0x49, 0x0, 0x82, 0xe7,
    0xd1, 0x90, 0x9, 0x6f, 0x7f, 0xb6, 0x2, 0x56,
    0x31, 0x54, 0x60, 0x61, 0x0, 0x0, 0x3, 0x47,
    0x8, 0x20, 0x64, 0x15, 0x70, 0x20, 0x1, 0x1,
    0x56, 0x1, 0x66, 0x60, 0x15, 0x52, 0x0, 0x0,
    0x0, 0x71, 0x70, 0x0, 0x0, 0x17, 0x3, 0x77,
    0x77, 0x76, 0x0,

    /* U+1F470 "👰" */
    0x0, 0x0, 0x4, 0x40, 0x0, 0x0, 0x0, 0x17,
    0xa5, 0x78, 0x60, 0x0, 0x1, 0x80, 0x7a, 0xb3,
    0x17, 0x0, 0x8, 0x1, 0xfd, 0xff, 0x3, 0x40,
    0x16, 0x7, 0x3c, 0xac, 0x30, 0x70, 0x61, 0x7,
    0x1, 0x0, 0x70, 0x51, 0x70, 0x7, 0xa0, 0x28,
    0x70, 0x15, 0x72, 0x87, 0x20, 0x2, 0x98, 0x7,
    0x89, 0x80, 0x51, 0x24, 0xc, 0x67, 0x72, 0x90,
    0x4, 0x40, 0xb, 0x62, 0x17, 0x80, 0x0, 0x0,
    0x9, 0x70, 0x0, 0x80, 0x0, 0x0, 0x8, 0x0,
    0x0, 0x7, 0x77, 0x77, 0x72, 0x0,

    /* U+1F471 "👱" */
    0x0, 0x0, 0x2, 0x30, 0x0, 0x0, 0xb, 0x78,
    0x54, 0x75, 0x0, 0x6, 0x40, 0x0, 0x0, 0x47,
    0x0, 0x70, 0x0, 0x57, 0x70, 0x26, 0x53, 0x1,
    0x82, 0x4, 0x91, 0x75, 0x37, 0x70, 0x0, 0x1,
    0x77, 0x75, 0x21, 0x70, 0x17, 0x7, 0x73, 0x92,
    0x3, 0x0, 0x30, 0x87, 0xc, 0x30, 0x43, 0x51,
    0xe, 0x0, 0xc3, 0x0, 0x21, 0x0, 0xf0, 0x2,
    0x50, 0x0, 0x0, 0x8, 0x0, 0x8, 0x0, 0x0,
    0x0, 0x70, 0x0, 0x27, 0x77, 0x77, 0x61, 0x0,

    /* U+1F472 "👲" */
    0x0, 0x5c, 0x7d, 0x70, 0x0, 0x63, 0x40, 0x17,
    0x70, 0x32, 0x63, 0x32, 0x71, 0x47, 0xaf, 0xf4,
    0xef, 0xa9, 0xbf, 0xfd, 0x8c, 0xff, 0xf9, 0x61,
    0x10, 0x2, 0x4c, 0x51, 0x46, 0x2, 0x80, 0x75,
    0x20, 0x30, 0x21, 0x7, 0x42, 0x2, 0x64, 0x0,
    0x73, 0x40, 0x0, 0x0, 0x7, 0x8, 0x0, 0x0,
    0x0, 0x80, 0x27, 0x77, 0x77, 0x70,

    /* U+1F473 "👳" */
    0x2, 0x77, 0xbd, 0xd3, 0x0, 0x49, 0x66, 0x34,
    0x5a, 0xa0, 0xd4, 0x57, 0x62, 0x10, 0x61, 0xc7,
    0x13, 0x7b, 0x87, 0x92, 0x94, 0x73, 0x0, 0x66,
    0x60, 0xa5, 0x92, 0x2, 0x91, 0xc0, 0x60, 0x10,
    0x0, 0x10, 0x70, 0x51, 0x7, 0x66, 0x20, 0x70,
    0x41, 0x0, 0x0, 0x0, 0x70, 0x33, 0x0, 0x0,
    0x0, 0x70, 0x7, 0x0, 0x0, 0x0, 0x80, 0x2,
    0x77, 0x77, 0x77, 0x10,

    /* U+1F474 "👴" */
    0x0, 0x67, 0x77, 0x82, 0x0, 0x18, 0x10, 0x0,
    0x17, 0x30, 0x71, 0x0, 0x5, 0xa0, 0x80, 0x70,
    0x46, 0x51, 0x25, 0x52, 0x76, 0x42, 0x0, 0x37,
    0x62, 0xd0, 0x44, 0x1, 0x60, 0xd0, 0x70, 0x42,
    0x1, 0x40, 0x70, 0x70, 0x14, 0x65, 0x10, 0x70,
    0x70, 0x0, 0x0, 0x0, 0x70, 0x70, 0x0, 0x0,
    0x0, 0x70, 0x44, 0x0, 0x0, 0x0, 0x80, 0x5,
    0x77, 0x77, 0x77, 0x20,

    /* U+1F475 "👵" */
    0x0, 0x0, 0x20, 0x20, 0x0, 0x0, 0x3, 0x64,
    0x64, 0x65, 0x0, 0x1, 0x60, 0x0, 0x0, 0x43,
    0x0, 0x70, 0x4, 0x77, 0x50, 0x61, 0x23, 0x3,
    0x60, 0x5, 0x31, 0x46, 0x3, 0x60, 0x0, 0x6,
    0x7, 0x60, 0x75, 0x70, 0x29, 0x60, 0x77, 0x29,
    0x20, 0x0, 0x36, 0x58, 0xc, 0x22, 0x56, 0x73,
    0x9, 0x0, 0x70, 0x0, 0x0, 0x0, 0x70, 0x6,
    0x10, 0x0, 0x0, 0x7, 0x0, 0x25, 0x0, 0x0,
    0x1, 0x70, 0x0, 0x47, 0x77, 0x77, 0x70, 0x0,

    /* U+1F476 "👶" */
    0x0, 0x0, 0x0, 0x0, 0x0, 0x5, 0xff, 0x0,
    0x0, 0x65, 0x54, 0x80, 0x3, 0x64, 0x11, 0x16,
    0x7, 0x57, 0x43, 0x7, 0x6, 0x70, 0x50, 0x8,
    0x68, 0x84, 0x60, 0x7a, 0x74, 0x54, 0x68, 0x27,
    0xc7, 0xc7, 0x20, 0x6, 0x70, 0x0, 0x0, 0x24,
    0x70, 0x0, 0x0, 0x60, 0x71, 0x0, 0x2, 0x60,
    0x6, 0x77, 0x76, 0x0,

    /* U+1F477 "👷" */
    0x0, 0x18, 0x7c, 0x50, 0x0, 0x5, 0x7a, 0x9,
    0xa8, 0x0, 0x35, 0x2, 0x5, 0x0, 0x70, 0x80,
    0x0, 0x0, 0x0, 0x70, 0x80, 0x0, 0x0, 0x0,
    0x44, 0x8a, 0x77, 0x77, 0x77, 0xc0, 0x43, 0x2,
    0x0, 0x20, 0x70, 0x44, 0x28, 0x2, 0x80, 0x70,
    0x35, 0x3, 0x1, 0x10, 0x70, 0x26, 0x1, 0x64,
    0x0, 0x70, 0x9, 0x0, 0x0, 0x0, 0x80, 0x2,
    0x77, 0x77, 0x77, 0x10,

    /* U+1F478 "👸" */
    0x0, 0x0, 0x1, 0x0, 0x0, 0x0, 0x0, 0x70,
    0xd0, 0x51, 0x0, 0x1f, 0x2c, 0x77, 0x8d, 0x1c,
    0x60, 0xa6, 0x92, 0xa1, 0x86, 0x92, 0xc, 0x38,
    0x57, 0x58, 0x3b, 0x10, 0x95, 0x55, 0x66, 0x55,
    0xa0, 0x8, 0x73, 0x11, 0x12, 0x4c, 0x0, 0x42,
    0x56, 0x5, 0x70, 0x70, 0x4, 0x20, 0x0, 0x0,
    0x7, 0x0, 0x33, 0x6, 0x66, 0x0, 0x70, 0x2,
    0x40, 0x0, 0x0, 0x7, 0x0, 0x8, 0x0, 0x0,
    0x0, 0x80, 0x0, 0x27, 0x77, 0x77, 0x71, 0x0,

    /* U+1F479 "👹" */
    0x0, 0x0, 0x1, 0x0, 0x0, 0x0, 0x0, 0x7e,
    0xdb, 0xaf, 0x65, 0xad, 0xa4, 0x6, 0xe6, 0xff,
    0xff, 0xf8, 0xef, 0xa0, 0x8f, 0x59, 0xef, 0xfd,
    0x1f, 0xf3, 0x3f, 0xfa, 0x80, 0x0, 0x66, 0xfe,
    0xd3, 0xae, 0x35, 0x20, 0x15, 0x3c, 0x5e, 0x27,
    0x97, 0x58, 0x7, 0x58, 0x73, 0xc0, 0x78, 0x37,
    0x56, 0x47, 0x56, 0x67, 0x9, 0xaa, 0x36, 0xe9,
    0x1b, 0x9c, 0x0, 0x7e, 0x28, 0x55, 0x56, 0x6a,
    0x90, 0x3, 0xf6, 0x9a, 0xab, 0xa7, 0xf6, 0x0,
    0x9, 0x76, 0x77, 0x78, 0x99, 0x0, 0x0, 0x0,
    0x57, 0x77, 0x80, 0x0, 0x0,

    /* U+1F47A "👺" */
    0x0, 0x2, 0x10, 0x0, 0x20, 0x0, 0x0, 0x57,
    0x56, 0x77, 0x75, 0x73, 0x0, 0x7, 0x1b, 0x70,
    0x0, 0x67, 0x70, 0x0, 0x70, 0x5f, 0xa0, 0x9e,
    0x17, 0x0, 0x7, 0x7, 0x9c, 0xc, 0x86, 0x70,
    0x0, 0x70, 0x6a, 0x70, 0x79, 0x68, 0x30, 0x7,
    0x2, 0x64, 0x9, 0x98, 0xa3, 0x70, 0x75, 0x20,
    0x2, 0x24, 0x0, 0x64, 0x7, 0xff, 0xea, 0x4f,
    0xff, 0xf2, 0x0, 0x74, 0x96, 0x65, 0x67, 0x98,
    0x0, 0x7, 0x20, 0x86, 0x66, 0x85, 0x30, 0x0,
    0x8, 0x34, 0x0, 0x6, 0x60, 0x0, 0x0, 0x6,
    0x77, 0x78, 0x40, 0x0, 0x0,

    /* U+1F47B "👻" */
    0x0, 0x0, 0x47, 0x77, 0x74, 0x0, 0x0, 0x6,
    0x40, 0x0, 0x5, 0x50, 0x0, 0x44, 0x95, 0x0,
    0x0, 0x80, 0x0, 0x70, 0x53, 0x37, 0x10, 0x24,
    0x28, 0x40, 0x81, 0x68, 0x0, 0x7, 0x80, 0x3,
    0x9d, 0xb0, 0x0, 0x26, 0x99, 0x36, 0x7, 0x28,
    0x40, 0x61, 0x0, 0x66, 0x81, 0x70, 0x30, 0x70,
    0x0, 0x70, 0x0, 0x79, 0x16, 0x10, 0x0, 0x16,
    0x0, 0x0, 0x7, 0x0, 0x0, 0x3, 0x70, 0x0,
    0x4, 0x80, 0x0, 0x0, 0x16, 0x77, 0x77, 0x40,

    /* U+1F47C "👼" */
    0x0, 0x0, 0x35, 0x53, 0x0, 0x0, 0x0, 0x0,
    0xb7, 0x10, 0x6c, 0x0, 0x0, 0x3, 0x67, 0xfc,
    0xbf, 0x60, 0x44, 0x4, 0x62, 0xc0, 0x0, 0x7,
    0x61, 0x65, 0x4a, 0xa4, 0x0, 0x0, 0x37, 0x69,
    0x60, 0xb, 0x5, 0x13, 0x50, 0xa5, 0x0, 0x0,
    0x80, 0x5, 0x50, 0x5, 0x30, 0x0, 0x71, 0x0,
    0x0, 0x0, 0x18, 0x0, 0x8, 0x90, 0x0, 0x0,
    0x8, 0x70, 0x0, 0x2, 0x50, 0x0, 0x0, 0x80,
    0x0, 0x0, 0x6, 0x30, 0x0, 0x33, 0x30, 0x0,
    0x0, 0x5, 0x60, 0x94, 0x83, 0x0, 0x0, 0x0,
    0x3, 0x84, 0x0, 0x0, 0x0,

    /* U+1F47D "👽" */
    0x0, 0x16, 0x77, 0x77, 0x30, 0x0, 0x3, 0x70,
    0x0, 0x0, 0x47, 0x0, 0x17, 0x0, 0x0, 0x0,
    0x2, 0x60, 0x70, 0x0, 0x0, 0x0, 0x0, 0x61,
    0x76, 0xa5, 0x0, 0x2, 0x9a, 0x26, 0x7b, 0xff,
    0x60, 0x1e, 0xff, 0x36, 0x76, 0xff, 0xc0, 0x6f,
    0xfd, 0x43, 0x52, 0x6c, 0x90, 0x4d, 0xa1, 0x80,
    0x8, 0x0, 0x20, 0x11, 0x4, 0x40, 0x2, 0x70,
    0x7c, 0xa1, 0x27, 0x0, 0x0, 0x37, 0x0, 0x3,
    0x80, 0x0, 0x0, 0x1, 0x87, 0x75, 0x0, 0x0,

    /* U+1F47E "👾" */
    0x0, 0x7, 0x78, 0x0, 0x7, 0x79, 0x0, 0x0,
    0x0, 0x66, 0xa7, 0x6, 0xa6, 0x70, 0x0, 0x37,
    0x33, 0x78, 0x77, 0x87, 0x75, 0x37, 0x57, 0x7,
    0x70, 0x0, 0x0, 0x0, 0x77, 0x7, 0x70, 0x77,
    0x6, 0x70, 0x67, 0x7, 0x70, 0x77, 0x7b, 0xb0,
    0x78, 0x6, 0x80, 0x9b, 0x79, 0x0, 0x70, 0x0,
    0x0, 0x0, 0x0, 0x70, 0x0, 0x8, 0xa0, 0x0,
    0x0, 0x0, 0x88, 0x0, 0x0, 0x7, 0x53, 0x25,
    0x32, 0x58, 0x0, 0x0, 0x0, 0x1, 0x77, 0x17,
    0x71, 0x10, 0x0, 0x0, 0x7, 0x7b, 0x70, 0x6b,
    0x79, 0x0, 0x0, 0x0, 0x77, 0x80, 0x0, 0x77,
    0x90, 0x0,

    /* U+1F47F "👿" */
    0x20, 0x0, 0x0, 0x0, 0x0, 0x0, 0x20, 0x98,
    0x2, 0x77, 0x77, 0x74, 0x6, 0xa1, 0x71, 0x76,
    0x0, 0x0, 0x4, 0x82, 0x70, 0x70, 0x0, 0x0,
    0x0, 0x0, 0x0, 0x70, 0x34, 0x0, 0x0, 0x0,
    0x0, 0x1, 0x70, 0x43, 0x0, 0x0, 0x0, 0x0,
    0x0, 0x70, 0x70, 0x3, 0x81, 0x0, 0x75, 0x0,
    0x70, 0x60, 0x0, 0xe9, 0x5, 0xf1, 0x0, 0x70,
    0x43, 0x0, 0x20, 0x0, 0x30, 0x0, 0x70, 0x7,
    0x0, 0x5, 0x76, 0x0, 0x5, 0x20, 0x4, 0x40,
    0x33, 0x1, 0x50, 0x27, 0x0, 0x0, 0x56, 0x0,
    0x0, 0x4, 0x70, 0x0, 0x0, 0x2, 0x77, 0x77,
    0x74, 0x0, 0x0,

    /* U+1F480 "💀" */
    0x0, 0x17, 0x77, 0x77, 0x20, 0x0, 0x27, 0x0,
    0x0, 0x6, 0x40, 0x8, 0x0, 0x0, 0x0, 0x7,
    0x3, 0x40, 0x0, 0x0, 0x0, 0x16, 0x60, 0x3,
    0x0, 0x2, 0x10, 0x77, 0xb, 0xf4, 0x1, 0xfe,
    0x7, 0x61, 0xbf, 0x22, 0x1e, 0xd0, 0x76, 0x10,
    0x0, 0xf2, 0x0, 0x7, 0x35, 0x0, 0x9, 0x20,
    0x3, 0x50, 0x46, 0x0, 0x0, 0x4, 0x60, 0x0,
    0x74, 0x27, 0x6, 0x80, 0x0, 0x1, 0x98, 0xb7,
    0xa2, 0x0,

    /* U+1F481 "💁" */
    0x0, 0x27, 0x77, 0x40, 0x0, 0x0, 0x7, 0x0,
    0x5, 0x20, 0x0, 0x5, 0x0, 0x0, 0x6, 0x0,
    0x0, 0x60, 0x80, 0x16, 0x60, 0x0, 0x6, 0x0,
    0x0, 0x6, 0x0, 0x0, 0x60, 0x35, 0x61, 0x61,
    0x75, 0x51, 0x0, 0x0, 0x3, 0x73, 0x66, 0x4,
    0x0, 0x0, 0x46, 0x50, 0x3a, 0x35, 0x0, 0x5,
    0x0, 0x0, 0x75, 0x10, 0x0, 0x60, 0x0, 0x7,
    0x0, 0x0, 0x7, 0x0, 0x0, 0x18, 0x77, 0x77,
    0x30, 0x0,

    /* U+1F482 "💂" */
    0x0, 0x25, 0x65, 0x10, 0x0, 0x8f, 0xff, 0xff,
    0x60, 0x2f, 0xff, 0xff, 0xff, 0x16, 0xff, 0xff,
    0xff, 0xf5, 0x7f, 0xff, 0xff, 0xff, 0x68, 0xff,
    0xff, 0xff, 0xf7, 0x8f, 0xff, 0xff, 0xff, 0xbd,
    0x9f, 0x73, 0x7f, 0x9d, 0x84, 0x20, 0x0, 0x25,
    0x87, 0x60, 0x50, 0x51, 0x67, 0x62, 0x52, 0x52,
    0x61, 0x72, 0x61, 0x55, 0x51, 0x18, 0x4, 0x77,
    0x77, 0x76, 0x0,

    /* U+1F483 "💃" */
    0x0, 0x0, 0x0, 0x0, 0x0, 0x0, 0x0, 0x8,
    0x76, 0x0, 0x0, 0x67, 0x7b, 0x34, 0x40, 0x7,
    0x20, 0x0, 0x50, 0x60, 0x7, 0x0, 0x0, 0x2,
    0x50, 0x7, 0x52, 0x48, 0x78, 0x10, 0x15, 0x6,
    0x75, 0x73, 0x40, 0x60, 0x58, 0x13, 0x20, 0x70,
    0x91, 0x44, 0x0, 0x0, 0x70, 0x3c, 0x84, 0x0,
    0x2, 0x50, 0x7, 0x40, 0x0, 0x6, 0x10, 0x0,
    0x7a, 0xa, 0x51, 0x80, 0x0, 0x6, 0x75, 0x58,
    0x80,

    /* U+1F484 "💄" */
    0x0, 0x38, 0x75, 0x0, 0x0, 0x7, 0x0, 0x35,
    0x0, 0x0, 0x76, 0x0, 0x70, 0x0, 0x7, 0x37,
    0x14, 0x10, 0x0, 0x70, 0x15, 0x52, 0x0, 0x7,
    0x0, 0x4, 0x20, 0x0, 0x70, 0x0, 0x42, 0x0,
    0x5f, 0x65, 0x6d, 0x90, 0x9, 0xff, 0xfb, 0x8c,
    0x3, 0xff, 0xff, 0xfc, 0xf4, 0x3f, 0xff, 0xfe,
    0xe, 0x51, 0xad, 0xff, 0xfb, 0xa1,

    /* U+1F485 "💅" */
    0x0, 0x0, 0x0, 0x0, 0x9, 0x77, 0x90, 0x0,
    0x0, 0x0, 0x6, 0x10, 0x7, 0x0, 0x0, 0x0,
    0x0, 0xbf, 0xa5, 0x40, 0xbf, 0xf0, 0x0, 0x0,
    0xad, 0xa0, 0x3b, 0xee, 0x5f, 0x30, 0x3c, 0x0,
    0x0, 0x2, 0xff, 0xff, 0x2f, 0x60, 0x0, 0x6,
    0x71, 0x76, 0xa4, 0x20, 0x0, 0x4, 0x20, 0x0,
    0xcf, 0xf0, 0x0, 0x0, 0x0, 0x1, 0x85, 0xcc,
    0x0, 0x0, 0x0, 0x3, 0x80, 0x1, 0x70, 0x0,
    0x0, 0x5, 0x60, 0x0, 0x80, 0x0, 0x0, 0x4,
    0x40, 0x0, 0x60, 0x0, 0x0, 0x0,

    /* U+1F486 "💆" */
    0x20, 0x41, 0x67, 0x77, 0x71, 0x50, 0x20, 0x70,
    0x89, 0x70, 0x0, 0x6, 0xc0, 0x70, 0x70, 0x70,
    0x45, 0x0, 0x0, 0x90, 0x70, 0x70, 0x46, 0x19,
    0xb6, 0x15, 0x70, 0x70, 0x70, 0x1, 0xb1, 0x0,
    0xb3, 0x0, 0x70, 0x70, 0x67, 0x50, 0x0, 0x46,
    0xa0, 0x70, 0x70, 0xb2, 0x34, 0x3, 0x40, 0xe0,
    0x60, 0x70, 0x44, 0x6, 0x25, 0x2, 0x80, 0x70,
    0x27, 0x16, 0x1, 0x41, 0x5, 0x25, 0x40, 0x2,
    0xa3, 0x0, 0x0, 0x0, 0xe2, 0x0, 0x0, 0x17,
    0x0, 0x0, 0x1, 0x90, 0x0, 0x0, 0x3, 0x77,
    0x77, 0x87, 0x0, 0x0,

    /* U+1F487 "💇" */
    0x0, 0x0, 0x0, 0x0, 0x0, 0x0, 0x26, 0x0,
    0x0, 0x0, 0x0, 0x0, 0x52, 0x8, 0x25, 0x0,
    0x0, 0x37, 0x78, 0x86, 0x9b, 0xa5, 0x0, 0x0,
    0x45, 0x0, 0x0, 0x8f, 0x9c, 0x61, 0x0, 0x6,
    0x0, 0x0, 0x3, 0x55, 0x72, 0x60, 0x5, 0x0,
    0x61, 0x5, 0x60, 0xa1, 0x50, 0x0, 0x71, 0x9c,
    0x77, 0x23, 0x79, 0x0, 0x0, 0x6, 0x42, 0x0,
    0x0, 0x7, 0x63, 0x0, 0x4, 0x18, 0x27, 0x11,
    0x72, 0x72, 0x70, 0x0, 0x89, 0xb0, 0x0, 0x1,
    0x8, 0x8c, 0x0, 0x7, 0xa7, 0x1, 0x77, 0x10,
    0x37, 0x90, 0x0, 0x58, 0xa1, 0x0, 0x0, 0x5,
    0x76, 0x0, 0x0, 0x0, 0x77, 0x77, 0x77, 0x30,
    0x0, 0x0,

    /* U+1F488 "💈" */
    0x0, 0x12, 0x10, 0x0, 0x86, 0x46, 0x70, 0x4c,
    0x77, 0x7b, 0x54, 0x74, 0x44, 0x65, 0xd, 0xfd,
    0x3b, 0x0, 0xd5, 0x8, 0xf0, 0x7, 0x2d, 0xeb,
    0x0, 0xbf, 0xb1, 0x80, 0xd, 0x60, 0x6f, 0x0,
    0xc7, 0xff, 0xf0, 0x53, 0x12, 0x12, 0x62, 0xe7,
    0x77, 0xc3, 0x5, 0x77, 0x76, 0x0,

    /* U+1F489 "💉" */
    0x0, 0x0, 0x0, 0x0, 0x0, 0x4, 0x0, 0x0,
    0x0, 0x0, 0x8, 0x18, 0x30, 0x0, 0x0, 0x0,
    0x8, 0x2b, 0x80, 0x0, 0x0, 0x0, 0x8, 0x10,
    0x8, 0x0, 0x0, 0x0, 0x8, 0x72, 0x3, 0x70,
    0x0, 0x0, 0x87, 0x53, 0xa3, 0x70, 0x0, 0x0,
    0x4, 0x83, 0x55, 0x70, 0x0, 0x0, 0x0, 0x89,
    0x82, 0x70, 0x0, 0x0, 0x2, 0x81, 0x2b, 0x84,
    0x0, 0x0, 0x0, 0xfc, 0x27, 0x2, 0x0, 0x0,
    0x0, 0x1, 0xfc, 0x0, 0x0, 0x0, 0x0, 0x0,
    0x0, 0x30, 0x0, 0x0, 0x0, 0x0,

    /* U+1F48A "💊" */
    0x3, 0x87, 0x83, 0x0, 0x0, 0x0, 0x1, 0x70,
    0x0, 0x54, 0x0, 0x0, 0x0, 0x61, 0x0, 0x0,
    0x54, 0x0, 0x0, 0x5, 0x10, 0x0, 0x0, 0x54,
    0x0, 0x0, 0x17, 0x0, 0x0, 0x0, 0xc4, 0x0,
    0x0, 0x36, 0x0, 0x0, 0xaf, 0xe4, 0x0, 0x0,
    0x45, 0x0, 0xbf, 0xf7, 0xd3, 0x0, 0x0, 0x45,
    0xbf, 0xff, 0xf7, 0xd1, 0x0, 0x0, 0x4f, 0xff,
    0xff, 0xf8, 0x80, 0x0, 0x0, 0x4f, 0xff, 0xff,
    0xaa, 0x0, 0x0, 0x0, 0x5f, 0xff, 0xff, 0x60,
    0x0, 0x0, 0x0, 0x4e, 0xff, 0x90, 0x0, 0x0,
    0x0, 0x0, 0x2, 0x10, 0x0,

    /* U+1F48B "💋" */
    0x0, 0x0, 0x0, 0x2, 0x0, 0x11, 0x0, 0x0,
    0x3, 0x86, 0x56, 0x76, 0xa0, 0x0, 0x0, 0x72,
    0x74, 0x0, 0x7b, 0x0, 0x0, 0x6, 0x20, 0x3,
    0xba, 0x52, 0x1, 0x77, 0x10, 0x8, 0xfe, 0x3,
    0x40, 0x80, 0x0, 0x1, 0xff, 0x60, 0x34, 0x33,
    0x0, 0x0, 0xaf, 0xe0, 0x4, 0x35, 0x20, 0x5,
    0xdf, 0xf6, 0x0, 0x51, 0x43, 0x5, 0xff, 0xf8,
    0x0, 0x7, 0x4, 0x30, 0xdf, 0xb3, 0x0, 0x0,
    0x70, 0x52, 0x7d, 0x40, 0x2, 0x0, 0x81, 0x7,
    0x6b, 0x0, 0x57, 0x34, 0x81, 0x0, 0x25, 0x87,
    0x77, 0x77, 0x40, 0x0, 0x0,

    /* U+1F48C "💌" */
    0x97, 0x77, 0x77, 0x77, 0x77, 0x77, 0x9a, 0x70,
    0x0, 0x0, 0x0, 0x0, 0x6b, 0x72, 0x70, 0x77,
    0x47, 0x71, 0x72, 0x77, 0x1, 0xd1, 0x6, 0x0,
    0xe2, 0x7, 0x70, 0x7, 0x30, 0x0, 0x19, 0x0,
    0x77, 0x0, 0x88, 0x0, 0x8, 0x81, 0x7, 0x70,
    0x80, 0x18, 0x18, 0x10, 0x80, 0x77, 0x71, 0x0,
    0x7, 0x10, 0x1, 0x87, 0xd3, 0x0, 0x0, 0x0,
    0x0, 0x2, 0xe7, 0x77, 0x77, 0x77, 0x77, 0x77,
    0x77,

    /* U+1F48D "💍" */
    0x0, 0x3, 0x33, 0x10, 0x0, 0x0, 0x67, 0x27,
    0x60, 0x0, 0x0, 0xa9, 0x59, 0x83, 0x0, 0x0,
    0x48, 0x37, 0x80, 0x0, 0x5, 0x65, 0xb9, 0x38,
    0x0, 0x35, 0x47, 0x46, 0x71, 0x70, 0x82, 0x50,
    0x0, 0x16, 0x61, 0x77, 0x0, 0x0, 0x7, 0x15,
    0x76, 0x0, 0x0, 0x7, 0x16, 0x74, 0x30, 0x0,
    0x7, 0x43, 0x63, 0x83, 0x1, 0x82, 0x80, 0x8,
    0x34, 0x76, 0x18, 0x20, 0x0, 0x67, 0x77, 0x71,
    0x0,

    /* U+1F48E "💎" */
    0x0, 0x1, 0x77, 0x77, 0x77, 0x72, 0x0, 0x0,
    0x4, 0xa0, 0x0, 0x0, 0x0, 0x77, 0x0, 0x0,
    0x84, 0x30, 0x0, 0x0, 0x17, 0x53, 0x0, 0x84,
    0x7a, 0x55, 0x55, 0x5a, 0x75, 0x80, 0x2e, 0x30,
    0x51, 0x38, 0x60, 0x70, 0x1c, 0x60, 0x79, 0x63,
    0x77, 0x4, 0x65, 0x67, 0xa0, 0x0, 0x72, 0x5c,
    0x77, 0x7c, 0x61, 0x80, 0x0, 0x0, 0x81, 0x52,
    0x0, 0x70, 0x80, 0x0, 0x0, 0x0, 0x81, 0x70,
    0x52, 0x81, 0x0, 0x0, 0x0, 0x0, 0x88, 0x7,
    0x81, 0x0, 0x0, 0x0, 0x0, 0x0, 0xa9, 0xc2,
    0x0, 0x0, 0x0, 0x0, 0x0, 0x1, 0xc3, 0x0,
    0x0, 0x0, 0x0, 0x0, 0x0, 0x0, 0x0, 0x0,
    0x0, 0x0,

    /* U+1F48F "💏" */
    0x0, 0x0, 0x47, 0x64, 0x76, 0x60, 0x0, 0x0,
    0x0, 0x6, 0x0, 0x40, 0x2, 0x30, 0x0, 0x0,
    0x0, 0x60, 0x0, 0x0, 0x33, 0x0, 0x0, 0x0,
    0x5, 0x10, 0x0, 0x7, 0x0, 0x0, 0x0, 0x0,
    0x7, 0x10, 0x6, 0x10, 0x0, 0x0, 0x1, 0x66,
    0x27, 0x27, 0x24, 0x63, 0x0, 0x4, 0x61, 0x16,
    0x55, 0x18, 0x30, 0x47, 0x0, 0x72, 0x60, 0x69,
    0x16, 0x62, 0x54, 0x43, 0x52, 0x0, 0x2, 0x55,
    0x75, 0x0, 0x0, 0x77, 0x0, 0x0, 0x16, 0x77,
    0x70, 0x0, 0x7, 0x70, 0x0, 0x0, 0x27, 0x72,
    0x0, 0x0, 0x71, 0x77, 0x77, 0x77, 0x14, 0x77,
    0x77, 0x72,

    /* U+1F490 "💐" */
    0x0, 0x0, 0x0, 0x0, 0x0, 0x0, 0x0, 0x0,
    0x69, 0x10, 0x24, 0x80, 0x0, 0x0, 0x8, 0xfc,
    0x3, 0xcb, 0xe1, 0x0, 0x6, 0xfb, 0xf8, 0x61,
    0xd7, 0x0, 0x0, 0xa, 0xff, 0x97, 0x23, 0x70,
    0x0, 0x21, 0x1a, 0xb8, 0x45, 0x46, 0x0, 0x9,
    0x97, 0x81, 0x45, 0x65, 0x39, 0x1, 0xbc, 0x70,
    0xb3, 0x68, 0x6f, 0x60, 0xb, 0x73, 0x55, 0x37,
    0xef, 0xf0, 0x0, 0x0, 0x42, 0x36, 0x54, 0x8e,
    0x0, 0x0, 0x0, 0x39, 0x55, 0x53, 0x37, 0x0,
    0x0, 0x2, 0x0, 0x0, 0x39, 0x44, 0x0, 0x0,
    0x0, 0x0, 0x0, 0x47, 0x0,

    /* U+1F491 "💑" */
    0x0, 0x0, 0x67, 0x84, 0x87, 0x70, 0x0, 0x0,
    0x0, 0x16, 0x0, 0x60, 0x4, 0x30, 0x0, 0x0,
    0x1, 0x60, 0x0, 0x0, 0x34, 0x0, 0x0, 0x0,
    0x8, 0x0, 0x0, 0x8, 0x0, 0x0, 0x0, 0x0,
    0x28, 0x0, 0x6, 0x30, 0x0, 0x0, 0x1, 0x66,
    0x47, 0x6, 0x54, 0x63, 0x0, 0x4, 0x71, 0x17,
    0x59, 0x48, 0x20, 0x57, 0x1, 0x71, 0x0, 0x8,
    0x6, 0x0, 0x1, 0x43, 0x51, 0x61, 0x9, 0x34,
    0x77, 0x20, 0x80, 0x77, 0x3, 0x21, 0x20, 0x76,
    0x12, 0x14, 0x7, 0x71, 0x4, 0x40, 0x26, 0x70,
    0x34, 0x0, 0x80, 0x77, 0x77, 0x76, 0x4, 0x77,
    0x77, 0x71,

    /* U+1F492 "💒" */
    0x0, 0x0, 0x68, 0x0, 0x0, 0x84, 0x51, 0x0,
    0x0, 0x26, 0x16, 0x0, 0x3f, 0xff, 0x70, 0x0,
    0x8, 0x0, 0x52, 0x0, 0xcf, 0xe2, 0x0, 0x4,
    0xeb, 0xc8, 0xc6, 0x43, 0xa2, 0x0, 0x0, 0x7,
    0x87, 0x45, 0xbf, 0x40, 0x0, 0x0, 0x1, 0x8d,
    0xc6, 0x73, 0x51, 0x11, 0x0, 0x4, 0x89, 0xdf,
    0x97, 0x66, 0x66, 0x66, 0x0, 0xa2, 0x65, 0x38,
    0x22, 0x22, 0x22, 0x82, 0xa, 0x9a, 0x86, 0x5e,
    0x57, 0x57, 0x5c, 0x0, 0x70, 0x85, 0x64, 0x51,
    0xf2, 0xf1, 0x70, 0x7, 0x5, 0x64, 0x25, 0x1e,
    0x2e, 0x17, 0x0, 0xff, 0xfb, 0xbf, 0xff, 0x77,
    0x77, 0xb0,

    /* U+1F493 "💓" */
    0x0, 0x0, 0x0, 0x0, 0x0, 0x0, 0x0, 0x0,
    0x27, 0x40, 0x0, 0x0, 0x0, 0x37, 0x30, 0x6,
    0x6, 0x63, 0x0, 0x2, 0x66, 0x6, 0x0, 0x8,
    0x15, 0x61, 0x1, 0x66, 0x18, 0x10, 0x5, 0x29,
    0x21, 0x75, 0x71, 0x19, 0x16, 0x0, 0x4, 0x36,
    0x30, 0x50, 0x0, 0x15, 0x0, 0x0, 0x52, 0x50,
    0x0, 0x0, 0x0, 0x60, 0x0, 0x1, 0x60, 0x0,
    0x0, 0x0, 0x52, 0x0, 0x0, 0x7, 0x10, 0x0,
    0x0, 0x8, 0x0, 0x0, 0x8, 0x8, 0x0, 0x0,
    0x8, 0x17, 0x10, 0x5, 0x36, 0x18, 0x0, 0x8,
    0x15, 0x34, 0x0, 0x45, 0x46, 0x8, 0x38, 0x15,
    0x44, 0x50, 0x0, 0x53, 0x10, 0x6, 0x0, 0x12,
    0x60, 0x0,

    /* U+1F494 "💔" */
    0x6, 0x77, 0x84, 0x0, 0x77, 0x78, 0x10, 0x63,
    0x0, 0x6, 0x37, 0x0, 0x0, 0x80, 0x70, 0x0,
    0x7, 0x17, 0x0, 0x0, 0x34, 0x70, 0x0, 0x8,
    0x52, 0x0, 0x0, 0x6, 0x70, 0x0, 0x35, 0x80,
    0x0, 0x0, 0x25, 0x70, 0x0, 0x8, 0x17, 0x0,
    0x0, 0x70, 0x17, 0x0, 0x1, 0x75, 0x30, 0x1,
    0x60, 0x5, 0x30, 0x5, 0x38, 0x0, 0x8, 0x0,
    0x0, 0x72, 0x8, 0x35, 0x0, 0x81, 0x0, 0x0,
    0x8, 0x27, 0x15, 0x8, 0x20, 0x0, 0x0, 0x0,
    0x7a, 0x18, 0x81, 0x0, 0x0, 0x0, 0x0, 0x5,
    0x55, 0x0, 0x0, 0x0, 0x0, 0x0, 0x0, 0x0,
    0x0, 0x0, 0x0,

    /* U+1F495 "💕" */
    0x0, 0x0, 0x0, 0x0, 0x0, 0x11, 0x0, 0x0,
    0x0, 0x0, 0x36, 0x46, 0x54, 0x0, 0x0, 0x0,
    0x33, 0x5, 0x0, 0x60, 0x0, 0x0, 0x5, 0x10,
    0x0, 0x6, 0x4, 0x77, 0x70, 0x7, 0x0, 0x5,
    0x21, 0x70, 0x3, 0x50, 0x6, 0x41, 0x60, 0x51,
    0x0, 0x8, 0x77, 0x22, 0x70, 0x7, 0x0, 0x0,
    0x20, 0x7, 0x20, 0x0, 0x61, 0x0, 0x0, 0x0,
    0x7, 0x0, 0x3, 0x40, 0x0, 0x0, 0x2, 0x50,
    0x0, 0x7, 0x0, 0x0, 0x1, 0x80, 0x0, 0x0,
    0x80, 0x0, 0x37, 0x70, 0x0, 0x0, 0x5, 0x87,
    0x74, 0x0, 0x0, 0x0, 0x0,

    /* U+1F496 "💖" */
    0x5, 0x77, 0x72, 0x1, 0x77, 0xa7, 0x0, 0x53,
    0x1, 0x6, 0x48, 0x1, 0x80, 0x80, 0x70, 0x72,
    0x0, 0x90, 0x1c, 0xf5, 0x34, 0x71, 0x50, 0x0,
    0x0, 0x12, 0x80, 0x6, 0x71, 0x20, 0x30, 0x3,
    0x30, 0x20, 0x25, 0x70, 0x0, 0xa0, 0x0, 0x0,
    0x0, 0x70, 0x17, 0x3, 0xf6, 0x0, 0x4, 0x1,
    0x70, 0x5, 0x6c, 0xfe, 0x40, 0x7, 0x8, 0x0,
    0x0, 0x73, 0xd2, 0x5, 0x0, 0x81, 0x0, 0x0,
    0x7, 0xb0, 0x0, 0x8, 0x10, 0x0, 0x0, 0x0,
    0x65, 0x1, 0x81, 0x0, 0x0, 0x0, 0x0, 0x3,
    0x87, 0x0, 0x0, 0x0, 0x0, 0x0, 0x0, 0x0,
    0x0, 0x0, 0x0,

    /* U+1F497 "💗" */
    0x2, 0x77, 0x66, 0x4, 0x77, 0x74, 0x1, 0x60,
    0x0, 0x28, 0x30, 0x0, 0x43, 0x61, 0x77, 0x77,
    0x15, 0x77, 0x81, 0x66, 0x62, 0x0, 0x9, 0x10,
    0x0, 0x86, 0x67, 0x7, 0x77, 0x16, 0x78, 0x15,
    0x92, 0xb6, 0x10, 0x8, 0x0, 0x7, 0x66, 0x8,
    0x80, 0x0, 0x0, 0x0, 0x79, 0x0, 0x1e, 0x10,
    0x0, 0x0, 0xe, 0x40, 0x0, 0x4b, 0x0, 0x0,
    0x6, 0x80, 0x0, 0x0, 0x57, 0x0, 0x4, 0x80,
    0x0, 0x0, 0x0, 0x57, 0x4, 0x70, 0x0, 0x0,
    0x0, 0x0, 0x3b, 0x60, 0x0, 0x0, 0x0, 0x0,
    0x0, 0x0, 0x0, 0x0, 0x0,

    /* U+1F498 "💘" */
    0x12, 0x0, 0x0, 0x0, 0x0, 0x0, 0x6, 0xf8,
    0x0, 0x0, 0x0, 0x0, 0x0, 0x2c, 0x73, 0x64,
    0x0, 0x36, 0x30, 0x0, 0x7, 0x80, 0x37, 0x64,
    0x5, 0x60, 0x0, 0x71, 0x60, 0x24, 0x0, 0x7,
    0x0, 0x7, 0x20, 0x0, 0x0, 0x0, 0x70, 0x0,
    0x70, 0x0, 0x2, 0x0, 0x8, 0x0, 0x1, 0x60,
    0x6, 0xa0, 0x5, 0x30, 0x0, 0x4, 0x40, 0x3,
    0x73, 0x60, 0x0, 0x0, 0x5, 0x40, 0x6, 0xe3,
    0x10, 0x0, 0x0, 0x4, 0x65, 0x69, 0xff, 0x50,
    0x0, 0x0, 0x2, 0x40, 0x5f, 0xf6, 0x0, 0x0,
    0x0, 0x0, 0x0, 0xc6, 0x10,

    /* U+1F499 "💙" */
    0x0, 0x12, 0x0, 0x0, 0x2, 0x20, 0x0, 0x7,
    0x64, 0x75, 0x3, 0x75, 0x58, 0x10, 0x79, 0x77,
    0x7a, 0x7b, 0x77, 0x77, 0xa0, 0xc7, 0x77, 0x77,
    0xd7, 0x77, 0x77, 0xd1, 0x70, 0x0, 0x0, 0x0,
    0x0, 0x0, 0x43, 0xc7, 0x77, 0x77, 0x77, 0x77,
    0x77, 0xd1, 0x71, 0x0, 0x0, 0x0, 0x0, 0x0,
    0x80, 0xf, 0x77, 0x77, 0x77, 0x77, 0x7d, 0x40,
    0x4, 0xb7, 0x77, 0x77, 0x77, 0xa7, 0x0, 0x0,
    0x54, 0x0, 0x0, 0x2, 0x70, 0x0, 0x0, 0x7,
    0xc7, 0x77, 0xab, 0x0, 0x0, 0x0, 0x0, 0x4a,
    0x7a, 0x60, 0x0, 0x0, 0x0, 0x0, 0x2, 0x84,
    0x0, 0x0, 0x0,

    /* U+1F49A "💚" */
    0x7, 0x9c, 0xa3, 0x1, 0xba, 0xc6, 0x0, 0x65,
    0x82, 0x79, 0x4a, 0x65, 0x57, 0x70, 0x78, 0x27,
    0x36, 0xd6, 0x44, 0x54, 0xd0, 0xd2, 0x73, 0x64,
    0x54, 0x55, 0x46, 0x73, 0x77, 0x36, 0x45, 0x55,
    0x54, 0x63, 0xd1, 0xa3, 0x64, 0x65, 0x55, 0x46,
    0x36, 0x90, 0x1d, 0x45, 0x55, 0x54, 0x63, 0x77,
    0x60, 0x5, 0x95, 0x46, 0x46, 0x37, 0x4b, 0x0,
    0x0, 0x77, 0x54, 0x63, 0x73, 0xc0, 0x0, 0x0,
    0x7, 0x76, 0x37, 0x4d, 0x0, 0x0, 0x0, 0x0,
    0x67, 0x74, 0xb0, 0x0, 0x0, 0x0, 0x0, 0x4,
    0xa9, 0x0, 0x0, 0x0, 0x0, 0x0, 0x0, 0x0,
    0x0, 0x0, 0x0,

    /* U+1F49B "💛" */
    0x6, 0x87, 0x63, 0x1, 0x67, 0x77, 0x0, 0x55,
    0x3, 0x24, 0x47, 0x23, 0x4, 0x70, 0x70, 0x0,
    0x0, 0x30, 0x0, 0x0, 0x60, 0xa2, 0x12, 0x40,
    0x22, 0x41, 0x13, 0x73, 0x74, 0x32, 0x4, 0x23,
    0x3, 0x33, 0x51, 0x71, 0x12, 0x30, 0x21, 0x31,
    0x12, 0x80, 0x16, 0x1, 0x10, 0x11, 0x11, 0x3,
    0x40, 0x5, 0x1, 0x3, 0x12, 0x2, 0x18, 0x0,
    0x0, 0x76, 0x40, 0x32, 0x43, 0x90, 0x0, 0x0,
    0x7, 0x23, 0x23, 0x18, 0x0, 0x0, 0x0, 0x0,
    0x64, 0x12, 0x80, 0x0, 0x0, 0x0, 0x0, 0x4,
    0x76, 0x0, 0x0, 0x0, 0x0, 0x0, 0x0, 0x0,
    0x0, 0x0, 0x0,

    /* U+1F49C "💜" */
    0x5, 0xac, 0x94, 0x1, 0x7d, 0x7b, 0x10, 0x57,
    0x62, 0x76, 0x79, 0x81, 0x72, 0xc0, 0xb5, 0x36,
    0x27, 0xa9, 0x18, 0x17, 0x54, 0x94, 0x53, 0x61,
    0x71, 0x71, 0x71, 0x88, 0xb4, 0x45, 0x27, 0x17,
    0x17, 0x17, 0x35, 0x75, 0x43, 0x62, 0x71, 0x71,
    0x71, 0xd0, 0x19, 0x45, 0x36, 0x27, 0x17, 0x19,
    0x70, 0x5, 0x83, 0x52, 0x62, 0x71, 0x89, 0x0,
    0x0, 0x77, 0x36, 0x26, 0x27, 0x81, 0x0, 0x0,
    0x7, 0x83, 0x53, 0x78, 0x10, 0x0, 0x0, 0x0,
    0x59, 0x37, 0x81, 0x0, 0x0, 0x0, 0x0, 0x3,
    0xc7, 0x0, 0x0, 0x0, 0x0, 0x0, 0x0, 0x0,
    0x0, 0x0, 0x0,

    /* U+1F49D "💝" */
    0x5, 0x77, 0x73, 0x2, 0x77, 0x77, 0x10, 0x44,
    0x0, 0x5, 0x66, 0x0, 0x0, 0x80, 0x70, 0x2,
    0xa2, 0x50, 0x0, 0x0, 0x25, 0xf8, 0xb, 0x8b,
    0x0, 0x0, 0x0, 0x6, 0xaf, 0xcf, 0xaf, 0xbb,
    0xbb, 0xbb, 0xd4, 0xaf, 0xff, 0xff, 0xff, 0xff,
    0xff, 0xf0, 0x8f, 0xff, 0xf4, 0x0, 0x0, 0x2,
    0x60, 0x7, 0xf4, 0xd9, 0x0, 0x0, 0x18, 0x0,
    0x3, 0xf4, 0x3, 0x0, 0x0, 0x90, 0x0, 0x0,
    0x4, 0x30, 0x0, 0x19, 0x10, 0x0, 0x0, 0x0,
    0x34, 0x3, 0x90, 0x0, 0x0, 0x0, 0x0, 0x2,
    0x87, 0x0, 0x0, 0x0, 0x0, 0x0, 0x0, 0x0,
    0x0, 0x0, 0x0,

    /* U+1F49E "💞" */
    0x0, 0x0, 0x0, 0x0, 0x20, 0x1, 0x0, 0x0,
    0x2, 0x42, 0x74, 0x87, 0x56, 0x0, 0x14, 0x20,
    0x6, 0x1, 0x0, 0x60, 0x6, 0x44, 0x42, 0x70,
    0x0, 0x6, 0x5, 0x61, 0x0, 0x2, 0x60, 0x7,
    0x0, 0x50, 0x0, 0x0, 0x2, 0x77, 0x33, 0x8,
    0x77, 0x37, 0x76, 0x1, 0x6, 0x27, 0x10, 0x6,
    0x0, 0x52, 0x4, 0x50, 0x70, 0x0, 0x0, 0x4,
    0x45, 0x24, 0x2, 0x50, 0x0, 0x0, 0x80, 0x2,
    0x20, 0x6, 0x20, 0x0, 0x43, 0x3, 0x30, 0x0,
    0x6, 0x20, 0x54, 0x44, 0x10, 0x0, 0x0, 0x5,
    0x83, 0x0, 0x0, 0x0, 0x0, 0x0, 0x0, 0x0,
    0x0, 0x0, 0x0,

    /* U+1F49F "💟" */
    0x0, 0x0, 0x0, 0x0, 0x0, 0x0, 0x5, 0xff,
    0xff, 0xff, 0xff, 0xff, 0xf7, 0x8f, 0xff, 0xff,
    0xff, 0xff, 0xff, 0xa8, 0xfc, 0x20, 0x4e, 0x60,
    0x1b, 0xfa, 0x8f, 0x30, 0x0, 0x20, 0x0, 0x1f,
    0xa8, 0xf1, 0x0, 0x0, 0x0, 0x0, 0xfa, 0x8f,
    0x50, 0x0, 0x0, 0x0, 0x3f, 0xa8, 0xfd, 0x0,
    0x0, 0x0, 0xb, 0xfa, 0x8f, 0xf9, 0x0, 0x0,
    0x7, 0xff, 0xa8, 0xff, 0xf8, 0x0, 0x6, 0xff,
    0xfa, 0x8f, 0xff, 0xfa, 0x19, 0xff, 0xff, 0xa8,
    0xff, 0xff, 0xff, 0xff, 0xff, 0xfa, 0x6f, 0xff,
    0xff, 0xff, 0xff, 0xff, 0x80, 0x22, 0x22, 0x22,
    0x22, 0x22, 0x20,

    /* U+1F4A0 "💠" */
    0x0, 0x0, 0x0, 0x0, 0x0, 0x0, 0x0, 0x0,
    0x0, 0x2a, 0x40, 0x0, 0x0, 0x0, 0x0, 0x18,
    0x6, 0x30, 0x0, 0x0, 0x0, 0x7, 0x0, 0x7,
    0x0, 0x0, 0x0, 0x6, 0xd6, 0x4, 0xc9, 0x0,
    0x0, 0x28, 0x58, 0x36, 0x46, 0x67, 0x40, 0x28,
    0x0, 0x56, 0xe8, 0x70, 0x5, 0x41, 0x80, 0x6,
    0x6b, 0x77, 0x0, 0x73, 0x1, 0x87, 0x94, 0x76,
    0x68, 0x82, 0x0, 0x0, 0x3d, 0x40, 0x1c, 0x70,
    0x0, 0x0, 0x0, 0x61, 0x0, 0x70, 0x0, 0x0,
    0x0, 0x0, 0x80, 0x72, 0x0, 0x0, 0x0, 0x0,
    0x1, 0x92, 0x0, 0x0, 0x0,

    /* U+1F4A1 "💡" */
    0x0, 0x68, 0x78, 0x60, 0x0, 0x81, 0x0, 0x1,
    0x80, 0x43, 0x13, 0x45, 0x3, 0x46, 0x1, 0x76,
    0x90, 0x6, 0x43, 0x6, 0x78, 0x3, 0x40, 0x80,
    0x64, 0x70, 0x80, 0x4, 0x45, 0x14, 0x25, 0x0,
    0x9, 0x42, 0x28, 0x10, 0x0, 0xbb, 0xbe, 0xf0,
    0x0, 0x8, 0x76, 0x59, 0x0, 0x0, 0x37, 0x48,
    0x40, 0x0, 0x0, 0xaf, 0x70, 0x0,

    /* U+1F4A2 "💢" */
    0x0, 0x0, 0x0, 0x0, 0x0, 0x0, 0x0, 0x1,
    0xa0, 0x0, 0x0, 0x38, 0x0, 0x0, 0x7, 0xa2,
    0x0, 0x6d, 0x10, 0x1, 0xb3, 0x8, 0xff, 0xfc,
    0x20, 0x96, 0x0, 0xd4, 0x0, 0x32, 0x0, 0xc5,
    0x0, 0x5, 0xd0, 0x0, 0x0, 0x6c, 0x0, 0x0,
    0x1f, 0x10, 0x0, 0xa, 0x90, 0x0, 0x2, 0xf0,
    0x0, 0x0, 0x99, 0x0, 0x0, 0x6c, 0x0, 0x0,
    0x4, 0xd0, 0x0, 0x2d, 0x20, 0x36, 0x51, 0xa,
    0x80, 0x19, 0x10, 0xbf, 0xcd, 0xf4, 0x6, 0x60,
    0x0, 0xa7, 0x0, 0x2, 0xc2, 0x0, 0x0, 0x28,
    0x0, 0x0, 0x2, 0x80, 0x0,

    /* U+1F4A3 "💣" */
    0x0, 0x0, 0x0, 0x0, 0x0, 0x0, 0x0, 0x0,
    0x8, 0x49, 0x0, 0x0, 0x0, 0x0, 0x76, 0x87,
    0x10, 0x0, 0x1, 0x9b, 0x78, 0x50, 0x0, 0x4,
    0x64, 0x5, 0x3, 0x60, 0x1b, 0xbf, 0xfe, 0x8a,
    0x85, 0xb, 0xcc, 0xff, 0xff, 0xcb, 0x5, 0x7c,
    0xff, 0xff, 0xff, 0x80, 0x8a, 0xff, 0xff, 0xff,
    0xe0, 0x7, 0xff, 0xff, 0xff, 0xfc, 0x0, 0x2f,
    0xff, 0xff, 0xff, 0x70, 0x0, 0x7f, 0xff, 0xff,
    0xc0, 0x0, 0x0, 0x5d, 0xfe, 0x80, 0x0, 0x0,

    /* U+1F4A4 "💤" */
    0x0, 0x0, 0x4, 0x68, 0x20, 0x0, 0x0, 0x0,
    0x0, 0x20, 0x80, 0x0, 0x0, 0x0, 0x0, 0x0,
    0x26, 0x0, 0x0, 0x0, 0x0, 0x0, 0x7, 0x0,
    0x5, 0x91, 0x4, 0x7b, 0x1, 0x61, 0x30, 0x6,
    0x0, 0x30, 0x70, 0x47, 0x63, 0x6, 0x0, 0x0,
    0x16, 0x0, 0x0, 0x0, 0x55, 0x10, 0x5, 0x20,
    0x0, 0x0, 0x0, 0x0, 0x0, 0x84, 0x73, 0x0,
    0x0, 0x0, 0x0, 0x6, 0x30, 0x0, 0x0, 0x0,
    0x0,

    /* U+1F4A5 "💥" */
    0x0, 0x0, 0x0, 0x0, 0x0, 0x0, 0x0, 0x50,
    0x0, 0x7, 0x0, 0x0, 0x50, 0x7, 0x62, 0x0,
    0x55, 0x0, 0x66, 0x0, 0x5, 0x36, 0x5, 0x34,
    0x52, 0x30, 0x0, 0x51, 0x15, 0x32, 0x31, 0x50,
    0x10, 0x0, 0x65, 0x81, 0xc8, 0x26, 0x84, 0x39,
    0x55, 0xc, 0xef, 0xe2, 0x6, 0x0, 0x15, 0x4,
    0xdf, 0xff, 0x37, 0x0, 0x0, 0x16, 0x1a, 0xff,
    0xc0, 0x18, 0x50, 0x16, 0x0, 0x3, 0x52, 0x7,
    0x20, 0x7, 0x55, 0x61, 0x60, 0x42, 0x32, 0x0,
    0x0, 0x9, 0x50, 0x55, 0x35, 0x80, 0x0, 0x0,
    0x0, 0x5, 0x10, 0x0, 0x0,

    /* U+1F4A6 "💦" */
    0x0, 0x0, 0x37, 0x77, 0x77, 0x60, 0x0, 0x0,
    0x9, 0x10, 0x2, 0x74, 0x70, 0x0, 0x0, 0x8,
    0x0, 0x0, 0x23, 0x40, 0x6, 0x60, 0x8, 0x0,
    0x0, 0x16, 0x0, 0x74, 0x40, 0x27, 0x0, 0x7,
    0x20, 0x16, 0x7, 0x10, 0x17, 0x78, 0x30, 0x7,
    0x0, 0x7, 0x7, 0x62, 0x0, 0x1, 0x60, 0x6,
    0x70, 0x81, 0x58, 0x20, 0x61, 0x0, 0x77, 0x7,
    0x10, 0x68, 0x16, 0x10, 0x0, 0x70, 0x35, 0x4,
    0x16, 0x27, 0x0, 0x45, 0x0, 0x80, 0x2, 0x50,
    0x37, 0x74, 0x0, 0x3, 0x87, 0x70,

    /* U+1F4A7 "💧" */
    0x0, 0x0, 0x0, 0x0, 0x0, 0x0, 0xb, 0x10,
    0x0, 0x0, 0x7, 0x27, 0x0, 0x0, 0x2, 0x50,
    0x43, 0x0, 0x0, 0x80, 0x0, 0x80, 0x0, 0x52,
    0x0, 0x2, 0x60, 0x8, 0x0, 0x0, 0x7, 0x3,
    0x40, 0x0, 0x0, 0x34, 0x60, 0x20, 0x0, 0x0,
    0x76, 0x8, 0x0, 0x0, 0x7, 0x34, 0x55, 0x0,
    0x3, 0x30, 0x81, 0x36, 0x1, 0x80, 0x0, 0x77,
    0x77, 0x70, 0x0,

    /* U+1F4A8 "💨" */
    0x0, 0x0, 0x0, 0x0, 0x14, 0x10, 0x0, 0x0,
    0x6, 0x10, 0x37, 0x97, 0x36, 0x70, 0x0, 0x6,
    0x27, 0x36, 0x26, 0x0, 0x4, 0x40, 0x0, 0x64,
    0x48, 0x0, 0x0, 0x0, 0xb, 0x0, 0x6, 0x40,
    0x61, 0x3, 0x50, 0x0, 0x97, 0x2, 0x77, 0x78,
    0x54, 0x60, 0x0, 0x71, 0x52, 0x2, 0x55, 0x55,
    0xb0, 0x0, 0x1, 0x0, 0x60, 0x12, 0x22, 0x29,
    0x0, 0x0, 0x0, 0x16, 0x27, 0x77, 0x96, 0x18,
    0x20, 0x0, 0x7, 0x10, 0x87, 0x7, 0x0, 0x2,
    0x0, 0x6, 0x40, 0x6, 0x26, 0x70, 0x1, 0x0,
    0x38, 0x90, 0x0, 0x46, 0x62, 0x85, 0xb0, 0x0,
    0x72, 0x0, 0x0, 0x10, 0x0, 0x34, 0x87, 0x84,
    0x0, 0x0,

    /* U+1F4A9 "💩" */
    0x0, 0x0, 0x0, 0x0, 0x0, 0x0, 0x0, 0x0,
    0x0, 0xab, 0x0, 0x0, 0x0, 0x0, 0x0, 0x8f,
    0xf6, 0x20, 0x0, 0x0, 0x0, 0xc, 0xff, 0xff,
    0x90, 0x0, 0x0, 0x9, 0xff, 0xff, 0xff, 0x0,
    0x0, 0x5, 0xff, 0xff, 0xff, 0xf8, 0x0, 0x0,
    0x7f, 0x55, 0xf8, 0x4c, 0xf2, 0x0, 0x9f, 0xd6,
    0x8c, 0x3e, 0x5f, 0xe2, 0x2f, 0xff, 0x76, 0xf9,
    0x4c, 0xff, 0x92, 0xff, 0xfc, 0x9a, 0x98, 0xff,
    0xfa, 0xc, 0xff, 0xc0, 0x0, 0x5f, 0xff, 0x40,
    0x2d, 0xff, 0xd9, 0xbf, 0xff, 0x70, 0x0, 0x6,
    0xbe, 0xff, 0xd8, 0x20, 0x0,

    /* U+1F4AA "💪" */
    0x0, 0x0, 0x0, 0x20, 0x0, 0x0, 0x0, 0x0,
    0x6, 0x75, 0x70, 0x0, 0x0, 0x0, 0x7, 0x24,
    0x46, 0x10, 0x0, 0x0, 0x6, 0x35, 0x48, 0xb0,
    0x0, 0x0, 0x1, 0x60, 0x98, 0x71, 0x0, 0x0,
    0x0, 0x70, 0x7, 0x0, 0x0, 0x0, 0x0, 0x7,
    0x0, 0x70, 0x3, 0x66, 0x20, 0x2, 0x40, 0x7,
    0x8, 0x51, 0x15, 0x70, 0x52, 0x1, 0xc8, 0x10,
    0x0, 0x3, 0x56, 0x0, 0x70, 0x20, 0x0, 0x0,
    0x7, 0x61, 0x7, 0x2, 0x80, 0x0, 0x60, 0x72,
    0x70, 0x0, 0x2, 0x87, 0x72, 0x63, 0x3, 0x77,
    0x77, 0x77, 0x77, 0x73, 0x0,

    /* U+1F4AB "💫" */
    0x0, 0x87, 0x77, 0x10, 0x0, 0x0, 0x0, 0x6,
    0x0, 0x18, 0x40, 0x0, 0x0, 0x0, 0x0, 0x0,
    0x5, 0x50, 0x0, 0x0, 0x0, 0x0, 0x20, 0x3,
    0x50, 0x0, 0x6, 0x50, 0x7a, 0x0, 0x4, 0x40,
    0x0, 0x93, 0x72, 0x70, 0x0, 0x6, 0x10, 0x3,
    0x70, 0x4, 0x70, 0x0, 0x7, 0x0, 0x72, 0x0,
    0x3, 0xb0, 0x0, 0x61, 0x19, 0x74, 0x9, 0xa8,
    0x0, 0x5, 0x60, 0x21, 0x63, 0xf1, 0x17, 0x77,
    0x87, 0x0, 0x0, 0x93, 0x84, 0x0, 0x4, 0x40,
    0x0, 0x0, 0x0, 0x37, 0x78, 0x70,

    /* U+1F4AC "💬" */
    0x0, 0x47, 0x77, 0x77, 0x60, 0x0, 0x83, 0x0,
    0x0, 0x1, 0x80, 0x43, 0x0, 0x0, 0x0, 0x1,
    0x77, 0x2, 0x10, 0x30, 0x3, 0x7, 0x70, 0x84,
    0xa, 0x12, 0xa0, 0x75, 0x20, 0x0, 0x0, 0x0,
    0x7, 0x8, 0x20, 0x0, 0x0, 0x29, 0x0, 0x8,
    0x5, 0x77, 0x86, 0x0, 0x0, 0x86, 0x50, 0x0,
    0x0, 0x0, 0x7, 0x20, 0x0, 0x0, 0x0,

    /* U+1F4AD "💭" */
    0x0, 0x0, 0x0, 0x2, 0x0, 0x0, 0x0, 0x0,
    0x37, 0x87, 0x57, 0x77, 0x20, 0x0, 0x26, 0x0,
    0x0, 0x0, 0x8, 0x10, 0x6, 0x0, 0x0, 0x0,
    0x0, 0x6, 0x0, 0x52, 0x0, 0x0, 0x0, 0x1,
    0x60, 0x7, 0x0, 0x0, 0x0, 0x0, 0x16, 0x0,
    0x70, 0x0, 0x0, 0x0, 0x0, 0x70, 0x6, 0x20,
    0x0, 0x0, 0x0, 0x71, 0x0, 0x6, 0x82, 0x0,
    0x0, 0x52, 0x0, 0x5, 0x82, 0x84, 0x68, 0x75,
    0x0, 0x0, 0x82, 0x60, 0x21, 0x0, 0x0, 0x3,
    0x84, 0x70, 0x0, 0x0, 0x0, 0x0, 0x49, 0x20,
    0x0, 0x0, 0x0, 0x0, 0x0,

    /* U+1F4AE "💮" */
    0x0, 0x4, 0x68, 0x78, 0x76, 0x0, 0x0, 0x6,
    0x99, 0x0, 0xa, 0x77, 0x0, 0x3, 0xc6, 0x50,
    0x0, 0x38, 0xc5, 0x0, 0x80, 0x0, 0x0, 0x0,
    0x0, 0x61, 0x36, 0x0, 0x16, 0x82, 0x60, 0x4,
    0x63, 0x60, 0x0, 0x22, 0x2, 0x0, 0x46, 0x3a,
    0x70, 0x14, 0x52, 0x40, 0x59, 0x61, 0xa7, 0x0,
    0x7, 0x0, 0x7, 0x83, 0x19, 0xa0, 0x0, 0x0,
    0x0, 0x79, 0x30, 0x8, 0x10, 0x8, 0x20, 0x16,
    0x20, 0x0, 0x49, 0x2b, 0x58, 0x67, 0x50, 0x0,
    0x0, 0x15, 0x77, 0xa4, 0x40, 0x0,

    /* U+1F4AF "💯" */
    0x0, 0x0, 0x10, 0x0, 0x0, 0x0, 0x0, 0x6,
    0xd5, 0x25, 0x38, 0xbd, 0x90, 0x3b, 0x7e, 0x2a,
    0x1f, 0x3a, 0x39, 0x50, 0x5, 0x8a, 0x20, 0xd3,
    0x90, 0x66, 0x0, 0xb3, 0xc0, 0x1b, 0x85, 0x8,
    0x50, 0x1b, 0x39, 0x5, 0x8a, 0x30, 0xb1, 0x6,
    0x53, 0xa0, 0xb2, 0xa3, 0x3b, 0x0, 0xa0, 0xb,
    0xc6, 0x3, 0xdc, 0x20, 0x7, 0x0, 0x0, 0x2,
    0x35, 0x30, 0x0, 0x1, 0x8b, 0xba, 0x74, 0x10,
    0x23, 0x0, 0x25, 0x10, 0x37, 0x87, 0x63, 0x0,
    0x4, 0x8b, 0xa6, 0x10, 0x0, 0x0, 0x6d, 0x84,
    0x0, 0x0, 0x0, 0x0, 0x0,

    /* U+1F4B0 "💰" */
    0x0, 0x0, 0x0, 0x0, 0x20, 0x0, 0x0, 0x0,
    0x4, 0x7a, 0x59, 0x0, 0x0, 0x0, 0x6, 0x34,
    0x7, 0x0, 0x0, 0x0, 0x7, 0x31, 0x4, 0x40,
    0x0, 0x1, 0x6b, 0xef, 0xa6, 0x0, 0x0, 0x76,
    0x10, 0x32, 0x90, 0x0, 0x7, 0x20, 0x9a, 0xc0,
    0x25, 0x0, 0x43, 0x0, 0xb1, 0x31, 0x78, 0x0,
    0x70, 0x0, 0x2a, 0x20, 0x3, 0x50, 0x70, 0x7,
    0x21, 0x90, 0x0, 0x70, 0x70, 0x1, 0xf9, 0x30,
    0x0, 0x70, 0x28, 0x0, 0x30, 0x0, 0x5, 0x60,
    0x1, 0x77, 0x77, 0x77, 0x73, 0x0,

    /* U+1F4B1 "💱" */
    0x2, 0x30, 0x18, 0xcc, 0x43, 0x4, 0xee, 0x70,
    0x0, 0x3e, 0xd0, 0xc9, 0x61, 0x0, 0x3, 0xa8,
    0x7, 0xf8, 0x0, 0x0, 0x0, 0x0, 0x6, 0xea,
    0x0, 0xd5, 0xb, 0x73, 0x4a, 0xc0, 0x7, 0xc3,
    0xf1, 0x9f, 0xe4, 0x0, 0xe, 0xc8, 0x0, 0x45,
    0x0, 0x5, 0xef, 0xb0, 0x0, 0x0, 0x0, 0x28,
    0xe5, 0x0, 0x49, 0x60, 0x5, 0xbf, 0xa0, 0x8,
    0xe6, 0x0, 0x2, 0x60, 0x0, 0x31, 0xad, 0xa4,
    0x0, 0x0,

    /* U+1F4B2 "💲" */
    0x0, 0x2, 0x0, 0x0, 0x0, 0xd2, 0x0, 0x4,
    0xef, 0xfc, 0x10, 0xfe, 0xe9, 0xd0, 0x3f, 0x6d,
    0x20, 0x0, 0xfd, 0xe2, 0x0, 0x5, 0xff, 0xd4,
    0x0, 0x1, 0xdf, 0xf2, 0x0, 0xd, 0x5f, 0x62,
    0x72, 0xd8, 0xf5, 0x2f, 0xff, 0xfc, 0x0, 0x26,
    0xe6, 0x0, 0x0, 0xd, 0x20, 0x0,

    /* U+1F4B3 "💳" */
    0x37, 0x77, 0x77, 0x77, 0x77, 0x77, 0x50, 0x70,
    0x0, 0x0, 0x0, 0x0, 0x0, 0x61, 0xfc, 0xcc,
    0xcc, 0xcc, 0xcc, 0xcc, 0xf2, 0xff, 0xff, 0xff,
    0xff, 0xff, 0xff, 0xf2, 0x80, 0x0, 0x0, 0x0,
    0x0, 0x0, 0x52, 0x75, 0x67, 0x55, 0x55, 0x55,
    0x56, 0x52, 0x75, 0x14, 0x33, 0x33, 0x0, 0x5,
    0x52, 0x71, 0x55, 0x55, 0x55, 0x55, 0x52, 0x52,
    0x70, 0x0, 0x0, 0x0, 0x0, 0x0, 0x70, 0x27,
    0x77, 0x77, 0x77, 0x77, 0x77, 0x30,

    /* U+1F4B4 "💴" */
    0x13, 0x33, 0x33, 0x33, 0x33, 0x33, 0x33, 0x17,
    0x44, 0x44, 0x6b, 0x4a, 0x44, 0x44, 0x47, 0x70,
    0x24, 0x46, 0x80, 0x74, 0x46, 0x30, 0x77, 0x23,
    0x55, 0x27, 0x6, 0x0, 0x6, 0x7, 0x72, 0x37,
    0x82, 0x70, 0x60, 0x0, 0x50, 0x77, 0x23, 0x58,
    0x27, 0x6, 0x0, 0x5, 0x7, 0x71, 0x50, 0x11,
    0x70, 0x60, 0x1, 0x70, 0x77, 0x0, 0x55, 0x78,
    0x7, 0x55, 0x60, 0x7, 0x77, 0x77, 0x79, 0x80,
    0x77, 0x77, 0x77, 0x78, 0x66, 0x66, 0x88, 0x7,
    0x66, 0x66, 0x68, 0x76, 0x66, 0x67, 0xc6, 0xb6,
    0x66, 0x66, 0x70, 0x11, 0x11, 0x11, 0x11, 0x11,
    0x11, 0x10,

    /* U+1F4B5 "💵" */
    0x13, 0x33, 0x33, 0x33, 0x33, 0x33, 0x33, 0x17,
    0x44, 0x67, 0x7b, 0x4b, 0x77, 0x64, 0x47, 0x70,
    0x52, 0x61, 0x70, 0x61, 0x13, 0x50, 0x77, 0x23,
    0x64, 0x17, 0x6, 0x0, 0x5, 0x7, 0x72, 0x32,
    0x71, 0x70, 0x60, 0x0, 0x50, 0x77, 0x23, 0x12,
    0x57, 0x6, 0x0, 0x5, 0x7, 0x71, 0x62, 0x80,
    0x70, 0x60, 0x1, 0x70, 0x77, 0x0, 0x55, 0x58,
    0x7, 0x55, 0x60, 0x7, 0x77, 0x77, 0x77, 0x80,
    0x77, 0x77, 0x77, 0x78, 0x66, 0x66, 0x68, 0x7,
    0x66, 0x66, 0x68, 0x76, 0x66, 0x66, 0xb6, 0xb6,
    0x66, 0x66, 0x70, 0x11, 0x11, 0x11, 0x11, 0x11,
    0x11, 0x10,

    /* U+1F4B6 "💶" */
    0x13, 0x33, 0x33, 0x33, 0x33, 0x33, 0x33, 0x17,
    0x34, 0x44, 0x77, 0x3a, 0x44, 0x43, 0x37, 0x70,
    0x66, 0x47, 0x30, 0x74, 0x46, 0x30, 0x77, 0x42,
    0x26, 0x23, 0x6, 0x0, 0x6, 0x7, 0x74, 0x6,
    0x53, 0x30, 0x60, 0x0, 0x50, 0x77, 0x40, 0x43,
    0x23, 0x6, 0x0, 0x5, 0x7, 0x72, 0x70, 0x42,
    0x30, 0x60, 0x1, 0x70, 0x77, 0x1, 0x65, 0x83,
    0x7, 0x55, 0x60, 0x7, 0x77, 0x77, 0x7a, 0x30,
    0x77, 0x77, 0x77, 0x78, 0x66, 0x66, 0x93, 0x7,
    0x66, 0x66, 0x68, 0x75, 0x55, 0x58, 0x85, 0xb5,
    0x55, 0x55, 0x70, 0x11, 0x11, 0x11, 0x11, 0x11,
    0x11, 0x10,

    /* U+1F4B7 "💷" */
    0x13, 0x33, 0x33, 0x33, 0x33, 0x33, 0x33, 0x17,
    0x44, 0x44, 0x6b, 0x4a, 0x44, 0x44, 0x47, 0x70,
    0x34, 0x46, 0x80, 0x74, 0x46, 0x30, 0x77, 0x24,
    0x46, 0x27, 0x6, 0x0, 0x6, 0x7, 0x72, 0x38,
    0x32, 0x70, 0x60, 0x0, 0x50, 0x77, 0x23, 0x71,
    0x27, 0x6, 0x0, 0x5, 0x7, 0x71, 0x54, 0x52,
    0x70, 0x60, 0x1, 0x70, 0x77, 0x0, 0x55, 0x78,
    0x7, 0x55, 0x60, 0x7, 0x77, 0x77, 0x79, 0x80,
    0x77, 0x77, 0x77, 0x78, 0x66, 0x66, 0x88, 0x7,
    0x66, 0x66, 0x68, 0x76, 0x66, 0x67, 0xc6, 0xb6,
    0x66, 0x66, 0x70, 0x11, 0x11, 0x11, 0x11, 0x11,
    0x11, 0x10,

    /* U+1F4B8 "💸" */
    0x0, 0x0, 0x0, 0x0, 0x0, 0x0, 0x0, 0x0,
    0x3, 0x97, 0x60, 0x7, 0x87, 0x0, 0x0, 0x26,
    0x59, 0x37, 0x2a, 0x63, 0x58, 0x10, 0x2, 0xa8,
    0x43, 0x2f, 0x70, 0x2, 0x37, 0x20, 0x0, 0x27,
    0x9a, 0x47, 0x10, 0x4, 0x69, 0x0, 0x0, 0x5,
    0xe1, 0x8, 0x25, 0x71, 0x70, 0x0, 0x7, 0x94,
    0x81, 0xa, 0x82, 0x83, 0x0, 0xa, 0x35, 0x74,
    0x81, 0x7c, 0xa7, 0x60, 0x0, 0x78, 0x42, 0x73,
    0xda, 0x7, 0x27, 0x0, 0x5, 0x48, 0x44, 0x67,
    0xd7, 0x46, 0x90, 0x0, 0x6, 0x48, 0x64, 0x45,
    0x3a, 0x46, 0x0, 0x0, 0x7, 0xa0, 0x45, 0x0,
    0x19, 0x83, 0x0, 0x0, 0xd, 0x63, 0x0, 0x0,
    0x2, 0x0,

    /* U+1F4B9 "💹" */
    0x0, 0x0, 0x0, 0x0, 0x0, 0x0, 0x1, 0xff,
    0xff, 0xff, 0xff, 0xff, 0xfb, 0x4f, 0xec, 0xfb,
    0xff, 0xff, 0xff, 0xf4, 0xff, 0x5f, 0x5f, 0xff,
    0xff, 0xaf, 0x4f, 0xf9, 0x6c, 0xff, 0xff, 0xf8,
    0xf4, 0xfe, 0x82, 0x9f, 0xff, 0xff, 0x9f, 0x4f,
    0xfd, 0x3d, 0xff, 0xff, 0xbc, 0xf4, 0xff, 0xfb,
    0xff, 0xf9, 0xf7, 0xff, 0x4f, 0xff, 0xfa, 0x8c,
    0x67, 0xcf, 0xf4, 0xff, 0xe9, 0xca, 0x5f, 0xaf,
    0xff, 0x4f, 0x77, 0x6f, 0xfb, 0xff, 0xff, 0xf4,
    0xfc, 0xff, 0xff, 0xff, 0xff, 0xff, 0x1e, 0xff,
    0xff, 0xff, 0xff, 0xff, 0xb0,

    /* U+1F4BA "💺" */
    0x0, 0x0, 0x0, 0x0, 0x0, 0x0, 0x6c, 0x66,
    0x67, 0x0, 0x0, 0x7, 0x70, 0x0, 0x70, 0x0,
    0x0, 0x7a, 0x67, 0x79, 0x0, 0x0, 0x7, 0x91,
    0x0, 0x70, 0x0, 0x0, 0x67, 0x0, 0x7, 0x53,
    0x10, 0x8, 0x90, 0x0, 0xf, 0xbb, 0x70, 0xaf,
    0xfd, 0xb6, 0xe7, 0x71, 0x7, 0xc8, 0x94, 0x0,
    0x1, 0x50, 0x3f, 0xca, 0x73, 0x16, 0xa3, 0x0,
    0x5f, 0xfd, 0xfe, 0xf8, 0x20, 0x2, 0xb0, 0x10,
    0x0, 0x32, 0x0, 0x7c, 0xd6, 0x0, 0x0, 0x0,
    0x0, 0x0, 0x10, 0x0, 0x0,

    /* U+1F4BB "💻" */
    0x3, 0x77, 0x77, 0x77, 0x77, 0x76, 0x0, 0x70,
    0x33, 0x33, 0x33, 0x32, 0x60, 0x7, 0x2f, 0xff,
    0xff, 0xff, 0xc6, 0x0, 0x72, 0xff, 0xff, 0xff,
    0xfc, 0x60, 0x7, 0x2f, 0xff, 0xff, 0xff, 0xc6,
    0x0, 0x72, 0xff, 0xff, 0xff, 0xfc, 0x60, 0x7,
    0x18, 0x88, 0x88, 0x88, 0x66, 0x0, 0x97, 0x77,
    0x77, 0x77, 0x77, 0x90, 0x32, 0xa7, 0x56, 0x76,
    0x66, 0x85, 0x6b, 0x23, 0x23, 0x11, 0x11, 0x42,
    0x1b, 0xc9, 0x99, 0x99, 0x99, 0x99, 0x99, 0xd0,

    /* U+1F4BC "💼" */
    0x0, 0x0, 0x0, 0x1, 0x0, 0x0, 0x0, 0x0,
    0x0, 0x0, 0xf, 0xcd, 0x90, 0x0, 0x0, 0x0,
    0x23, 0x33, 0xb3, 0x38, 0x33, 0x31, 0x0, 0x74,
    0x44, 0x44, 0x44, 0x44, 0x44, 0x63, 0x8, 0x0,
    0x0, 0x0, 0x0, 0x0, 0x0, 0x70, 0xb0, 0x0,
    0x0, 0x0, 0x0, 0x0, 0x29, 0xb, 0x40, 0x0,
    0x47, 0x72, 0x0, 0x8, 0x70, 0x64, 0x76, 0x44,
    0x2, 0x85, 0x77, 0x17, 0x6, 0x0, 0x2, 0x77,
    0x88, 0x20, 0x0, 0x70, 0x70, 0x0, 0x5, 0x78,
    0x40, 0x0, 0x7, 0x7, 0x0, 0x0, 0x0, 0x0,
    0x0, 0x0, 0x70, 0x70, 0x0, 0x0, 0x0, 0x0,
    0x0, 0x7, 0x6, 0x87, 0x77, 0x77, 0x77, 0x77,
    0x79, 0x20,

    /* U+1F4BD "💽" */
    0x4f, 0xff, 0xe9, 0x78, 0xdf, 0xff, 0x87, 0xff,
    0x60, 0x0, 0x0, 0x4e, 0xfb, 0x7f, 0x40, 0x0,
    0x0, 0x0, 0x2e, 0xb7, 0x90, 0x0, 0x36, 0x40,
    0x0, 0x6b, 0x73, 0x0, 0x44, 0x53, 0x50, 0x1,
    0xb7, 0x0, 0x6, 0x9f, 0xb6, 0x8f, 0xff, 0x70,
    0x0, 0x68, 0xfa, 0x67, 0xff, 0xf7, 0x30, 0x3,
    0x53, 0x54, 0x0, 0xa, 0x79, 0x0, 0x1, 0x52,
    0x0, 0x6, 0xb7, 0xf4, 0x0, 0x0, 0x0, 0x2,
    0xeb, 0x7f, 0xf6, 0x0, 0x0, 0x4, 0xef, 0xb4,
    0xff, 0xfe, 0x97, 0x8c, 0xff, 0xf8,

    /* U+1F4BE "💾" */
    0x7f, 0xb7, 0x77, 0x77, 0x79, 0xf5, 0xb, 0xf8,
    0x0, 0x6, 0xe1, 0x3f, 0xf4, 0xbf, 0x80, 0x0,
    0x7f, 0x13, 0xff, 0xbb, 0xf8, 0x0, 0x5, 0xb0,
    0x3f, 0xfb, 0xbf, 0xb7, 0x77, 0x77, 0x79, 0xff,
    0xbb, 0xff, 0xff, 0xff, 0xff, 0xff, 0xfb, 0xbf,
    0x50, 0x0, 0x0, 0x0, 0x5f, 0xbb, 0xf3, 0x47,
    0x77, 0x77, 0x3, 0xfb, 0xbf, 0x30, 0x0, 0x0,
    0x0, 0x3f, 0xbb, 0xf3, 0x47, 0x77, 0x77, 0x3,
    0xfb, 0xbf, 0x30, 0x0, 0x0, 0x0, 0x3f, 0xb7,
    0xf9, 0x77, 0x77, 0x77, 0x79, 0xf7,

    /* U+1F4BF "💿" */
    0x0, 0x2, 0x77, 0x77, 0x74, 0x0, 0x0, 0x5,
    0x72, 0x0, 0x0, 0x47, 0x0, 0x4, 0x7e, 0xb0,
    0x0, 0x0, 0x27, 0x0, 0x73, 0xef, 0x22, 0x0,
    0x0, 0x52, 0x43, 0x0, 0x7d, 0xde, 0x30, 0x0,
    0x76, 0x0, 0xa, 0x60, 0x4d, 0x0, 0x7, 0x60,
    0x0, 0xa7, 0x4, 0xd0, 0x0, 0x74, 0x30, 0x2,
    0xde, 0xe8, 0x20, 0x7, 0x7, 0x0, 0x0, 0x10,
    0xff, 0x65, 0x20, 0x44, 0x0, 0x0, 0x8, 0xf6,
    0x70, 0x0, 0x56, 0x0, 0x0, 0x16, 0x70, 0x0,
    0x0, 0x27, 0x77, 0x77, 0x40, 0x0,

    /* U+1F4C0 "📀" */
    0x0, 0x0, 0x2, 0x32, 0x0, 0x0, 0x0, 0x0,
    0x6d, 0xff, 0xfe, 0x60, 0x0, 0x0, 0x94, 0xaf,
    0xff, 0xff, 0xb0, 0x0, 0x84, 0x2, 0xff, 0xff,
    0xff, 0x90, 0x1f, 0xe4, 0xb, 0x9c, 0xff, 0xff,
    0x26, 0xff, 0xfa, 0x16, 0x1b, 0xff, 0xf7, 0x8f,
    0xff, 0x4a, 0xfb, 0x3f, 0xff, 0x98, 0xff, 0xf5,
    0x8f, 0x94, 0xff, 0xf8, 0x5f, 0xff, 0xd1, 0x11,
    0x8e, 0xff, 0x60, 0xef, 0xff, 0xfd, 0xe0, 0x1a,
    0xe1, 0x5, 0xff, 0xff, 0xff, 0x50, 0x56, 0x0,
    0x6, 0xff, 0xff, 0xfc, 0x77, 0x0, 0x0, 0x2,
    0xae, 0xfe, 0xa3, 0x0, 0x0,

    /* U+1F4C1 "📁" */
    0x0, 0x0, 0x10, 0x0, 0x0, 0x0, 0x0, 0x7,
    0x77, 0xa0, 0x36, 0x77, 0x79, 0x0, 0x27, 0x0,
    0x36, 0x41, 0x14, 0x7c, 0xa0, 0x91, 0x0, 0x7,
    0x77, 0x53, 0x0, 0x70, 0x70, 0x0, 0x34, 0x0,
    0x0, 0x0, 0x70, 0x74, 0x77, 0x70, 0x0, 0x0,
    0x0, 0x70, 0x77, 0x0, 0x0, 0x0, 0x0, 0x1,
    0x50, 0x77, 0x0, 0x0, 0x0, 0x0, 0x4, 0x30,
    0x77, 0x0, 0x0, 0x0, 0x0, 0x6, 0x0, 0x95,
    0x0, 0x0, 0x0, 0x0, 0x8, 0x0, 0xc2, 0x0,
    0x0, 0x3, 0x77, 0x73, 0x0, 0xe0, 0x4, 0x77,
    0x74, 0x0, 0x0, 0x0, 0xd7, 0x73, 0x0, 0x0,
    0x0, 0x0, 0x0,

    /* U+1F4C2 "📂" */
    0x0, 0x0, 0x10, 0x0, 0x0, 0x0, 0x0, 0x0,
    0x67, 0x79, 0x2, 0x57, 0x7a, 0x0, 0x0, 0x17,
    0x0, 0x37, 0x42, 0x0, 0x70, 0x0, 0x7, 0x10,
    0x0, 0x0, 0x0, 0x7, 0x3, 0x60, 0x70, 0x0,
    0x0, 0x5, 0x77, 0x86, 0x49, 0x7, 0x0, 0x0,
    0x3, 0x20, 0x0, 0x2, 0x50, 0x70, 0x2, 0x67,
    0x70, 0x0, 0x0, 0x80, 0x7, 0x0, 0x50, 0x0,
    0x0, 0x0, 0x17, 0x0, 0x70, 0x31, 0x0, 0x0,
    0x0, 0x6, 0x10, 0x7, 0x5, 0x0, 0x0, 0x0,
    0x0, 0x80, 0x0, 0x73, 0x10, 0x0, 0x3, 0x67,
    0x72, 0x0, 0x6, 0x50, 0x37, 0x87, 0x40, 0x0,
    0x0, 0x0, 0x6a, 0x84, 0x0, 0x0, 0x0, 0x0,
    0x0, 0x0,

    /* U+1F4C3 "📃" */
    0xb7, 0x77, 0x77, 0x77, 0x77, 0x70, 0x70, 0x0,
    0x0, 0x0, 0x0, 0x70, 0x70, 0x47, 0x77, 0x76,
    0x0, 0x70, 0x70, 0x47, 0x77, 0x76, 0x0, 0x70,
    0x70, 0x0, 0x0, 0x0, 0x0, 0x70, 0x70, 0x47,
    0x77, 0x76, 0x0, 0x70, 0x70, 0x47, 0x77, 0x76,
    0x0, 0x70, 0x70, 0x0, 0x0, 0x0, 0x0, 0x70,
    0x70, 0x47, 0x70, 0x0, 0x0, 0x70, 0x70, 0x2,
    0x22, 0x22, 0x22, 0x91, 0x70, 0x46, 0x44, 0x44,
    0x44, 0x48, 0x6c, 0xf7, 0x77, 0x77, 0x77, 0x85,

    /* U+1F4C4 "📄" */
    0x33, 0x33, 0x33, 0x30, 0x0, 0x94, 0x44, 0x44,
    0xb9, 0x0, 0x70, 0x0, 0x0, 0x71, 0x81, 0x70,
    0x0, 0x0, 0x47, 0x8a, 0x70, 0x77, 0x77, 0x74,
    0x7, 0x70, 0x0, 0x0, 0x0, 0x7, 0x70, 0x77,
    0x77, 0x74, 0x7, 0x70, 0x77, 0x77, 0x74, 0x7,
    0x70, 0x22, 0x22, 0x21, 0x7, 0x70, 0x55, 0x55,
    0x53, 0x7, 0x70, 0x77, 0x40, 0x0, 0x7, 0x70,
    0x0, 0x0, 0x0, 0x7, 0xb7, 0x77, 0x77, 0x77,
    0x78,

    /* U+1F4C5 "📅" */
    0x10, 0x11, 0x11, 0x11, 0x10, 0x10, 0xf8, 0xef,
    0xff, 0xff, 0xf7, 0xe9, 0xf9, 0xda, 0xee, 0xae,
    0xe8, 0xd9, 0xff, 0xfa, 0xa9, 0xa9, 0xcf, 0xf9,
    0xff, 0xed, 0xdd, 0xd9, 0xff, 0xf9, 0xec, 0xcc,
    0xcc, 0xcc, 0xcc, 0xc9, 0x70, 0x0, 0x0, 0x0,
    0x0, 0x7, 0x70, 0x1b, 0x50, 0x89, 0xc0, 0x7,
    0x70, 0x6, 0x50, 0x7, 0x30, 0x7, 0x70, 0x6,
    0x50, 0xa, 0x0, 0x7, 0x70, 0x2b, 0xb1, 0xb,
    0x0, 0x7, 0x70, 0x0, 0x0, 0x0, 0x0, 0x7,
    0xb7, 0x77, 0x77, 0x77, 0x77, 0x78,

    /* U+1F4C6 "📆" */
    0x9e, 0xcf, 0xff, 0xff, 0xfe, 0xdb, 0x9, 0xa8,
    0xe9, 0xd9, 0xdd, 0xb8, 0xe9, 0x9f, 0xfc, 0x89,
    0x9b, 0xaf, 0xfb, 0x79, 0xff, 0xdf, 0xce, 0xcd,
    0xff, 0xb7, 0x96, 0x66, 0x66, 0x66, 0x66, 0x6a,
    0x77, 0x0, 0x37, 0x6, 0x98, 0x0, 0x77, 0x70,
    0x0, 0x90, 0x2, 0x70, 0xc, 0x77, 0x0, 0x9,
    0x0, 0x80, 0x0, 0x77, 0x70, 0x0, 0x90, 0x9,
    0xa, 0xa9, 0x77, 0x0, 0x68, 0x40, 0x51, 0xfe,
    0x37, 0x87, 0x66, 0x66, 0x76, 0x6e, 0x20, 0x70,
    0x89, 0x88, 0x88, 0x88, 0x77, 0x79,

    /* U+1F4C7 "📇" */
    0x0, 0x3, 0x33, 0x33, 0x33, 0x20, 0x0, 0x0,
    0x37, 0x44, 0x44, 0x44, 0x90, 0x0, 0x0, 0x34,
    0xac, 0x17, 0x72, 0x70, 0x0, 0x0, 0x34, 0xcf,
    0x7, 0x50, 0x70, 0x0, 0x2, 0x96, 0x45, 0x17,
    0x10, 0xb6, 0x0, 0x8, 0x96, 0x0, 0x0, 0x10,
    0xd3, 0x60, 0x7, 0xb9, 0xbb, 0x77, 0xf7, 0xe4,
    0x70, 0xa, 0xb0, 0x0, 0x0, 0x10, 0x2e, 0x40,
    0xf, 0x20, 0x0, 0x0, 0x0, 0xb, 0xb0, 0x8b,
    0xdb, 0xbb, 0xbb, 0xbb, 0xbc, 0xe2, 0xc0, 0xa9,
    0x88, 0x88, 0x88, 0xc5, 0x38, 0xc0, 0xae, 0x66,
    0x66, 0x66, 0xf6, 0x29, 0x9c, 0x32, 0x22, 0x22,
    0x22, 0x17, 0xd4,

    /* U+1F4C8 "📈" */
    0x2, 0x22, 0x22, 0x22, 0x22, 0x22, 0x15, 0x38,
    0x37, 0x37, 0x37, 0x37, 0x5c, 0x65, 0xa5, 0xa5,
    0xa5, 0x95, 0xae, 0x84, 0x5, 0x5, 0x5, 0x4,
    0xc, 0x25, 0x65, 0xa5, 0xa5, 0xa5, 0x99, 0xf5,
    0x74, 0x5, 0x5, 0x5, 0x6, 0x85, 0x5, 0x64,
    0x94, 0x94, 0x94, 0xf5, 0x94, 0x74, 0x5, 0x55,
    0x5, 0x77, 0x5, 0x5, 0x65, 0xfd, 0xf5, 0xdb,
    0x95, 0xa5, 0x74, 0xd, 0xa, 0x7d, 0x4, 0x5,
    0x5, 0x6b, 0xc5, 0xa9, 0xb5, 0x95, 0xa5, 0x75,
    0x85, 0x5, 0x5, 0x4, 0x5, 0x5, 0x96, 0x95,
    0x95, 0x95, 0x95, 0x95, 0x60,

    /* U+1F4C9 "📉" */
    0x2, 0x22, 0x22, 0x22, 0x22, 0x22, 0x19, 0x58,
    0x37, 0x37, 0x37, 0x37, 0x36, 0x6d, 0xa5, 0xa5,
    0xa5, 0x95, 0xa5, 0x74, 0x58, 0x5, 0x87, 0x4,
    0x5, 0x5, 0x65, 0xf5, 0xf8, 0xf5, 0x95, 0xa5,
    0x74, 0x9, 0xb8, 0x6, 0x84, 0x5, 0x5, 0x64,
    0x96, 0x94, 0x99, 0xf4, 0x94, 0x74, 0x5, 0x5,
    0x5, 0xc, 0x25, 0x5, 0x65, 0xa5, 0xa5, 0xa5,
    0xae, 0xa5, 0x74, 0x5, 0x5, 0x5, 0x4, 0x2c,
    0x5, 0x65, 0xa5, 0xa5, 0xa5, 0x95, 0xf9, 0x74,
    0x5, 0x5, 0x5, 0x4, 0x5, 0x86, 0x55, 0x95,
    0x95, 0x95, 0x95, 0x95, 0xb0,

    /* U+1F4CA "📊" */
    0x25, 0x55, 0x55, 0x55, 0x55, 0x55, 0x34, 0x0,
    0x0, 0x0, 0x0, 0x0, 0x5, 0x65, 0x55, 0x55,
    0x55, 0x57, 0x85, 0x74, 0x0, 0x0, 0x0, 0x0,
    0xce, 0x5, 0x65, 0x55, 0x55, 0x55, 0x5f, 0xf5,
    0x74, 0x0, 0x10, 0x0, 0x0, 0xce, 0x5, 0x64,
    0xff, 0x54, 0x44, 0x4f, 0xf4, 0x74, 0xa, 0xf1,
    0x2, 0x10, 0xce, 0x5, 0x65, 0xff, 0x66, 0xff,
    0x5f, 0xf5, 0x74, 0xa, 0xf1, 0x1f, 0xa0, 0xce,
    0x5, 0x65, 0xff, 0x66, 0xff, 0x5f, 0xf5, 0x74,
    0xa, 0xf1, 0x1f, 0xa0, 0xce, 0x5, 0x55, 0xdf,
    0x56, 0xfd, 0x5f, 0xf5, 0x60,

    /* U+1F4CB "📋" */
    0x0, 0x2, 0x95, 0x0, 0x6, 0x7f, 0xff, 0xff,
    0x77, 0x70, 0x57, 0x77, 0x70, 0x77, 0x0, 0x0,
    0x0, 0x7, 0x70, 0x77, 0x77, 0x72, 0x77, 0x6,
    0x66, 0x66, 0x27, 0x70, 0x77, 0x77, 0x72, 0x77,
    0x0, 0x0, 0x0, 0x7, 0x70, 0x88, 0x88, 0x82,
    0x77, 0x7, 0x74, 0x0, 0x7, 0x70, 0x0, 0x0,
    0x0, 0x7a, 0x77, 0x77, 0x77, 0x7b,

    /* U+1F4CC "📌" */
    0x0, 0x0, 0x0, 0x2, 0x89, 0x30, 0x0, 0x0,
    0x0, 0x0, 0x76, 0x7, 0x50, 0x0, 0x0, 0x0,
    0x9, 0x35, 0x7, 0x20, 0x0, 0x57, 0x77, 0x75,
    0x46, 0x7, 0x0, 0x8, 0x0, 0x20, 0x46, 0x1b,
    0x50, 0x0, 0x80, 0x0, 0x4, 0x77, 0x50, 0x0,
    0x2, 0x70, 0x0, 0x70, 0x0, 0x0, 0x0, 0x2b,
    0x70, 0x7, 0x0, 0x0, 0x0, 0x28, 0x68, 0x71,
    0x80, 0x0, 0x0, 0x18, 0x64, 0x1, 0x64, 0x0,
    0x0, 0x9, 0x84, 0x0, 0x0, 0x0, 0x0, 0x3,
    0xa1, 0x0, 0x0, 0x0, 0x0, 0x0,

    /* U+1F4CD "📍" */
    0x0, 0x1, 0x0, 0x0, 0x3d, 0xff, 0x80, 0x1d,
    0xae, 0xff, 0x55, 0x8e, 0xff, 0xfb, 0x4f, 0xff,
    0xff, 0xa0, 0xdf, 0xff, 0xf4, 0x1, 0xcf, 0xf5,
    0x0, 0x1, 0x67, 0x0, 0x0, 0x16, 0x70, 0x0,
    0x1, 0x67, 0x0, 0x0, 0x16, 0x70, 0x0, 0x0,
    0x95, 0x0, 0x0, 0xc, 0x30, 0x0,

    /* U+1F4CE "📎" */
    0x0, 0x11, 0x0, 0x0, 0x0, 0x0, 0x0, 0x18,
    0x56, 0x80, 0x0, 0x0, 0x0, 0x0, 0x82, 0x87,
    0x28, 0x49, 0x10, 0x0, 0x0, 0x77, 0x0, 0x82,
    0xf2, 0x80, 0x0, 0x0, 0x75, 0x40, 0x28, 0x2f,
    0x28, 0x0, 0x0, 0x45, 0x68, 0x95, 0x82, 0xf2,
    0x80, 0x0, 0x5, 0x5b, 0xa5, 0x58, 0x2f, 0x28,
    0x0, 0x0, 0x55, 0xba, 0x57, 0x57, 0x82, 0x80,
    0x0, 0x5, 0x5b, 0xa2, 0x26, 0x7, 0x71, 0x0,
    0x0, 0x55, 0xab, 0x50, 0x7, 0x52, 0x0, 0x0,
    0x6, 0x46, 0x40, 0x26, 0x70, 0x0, 0x0, 0x0,
    0x65, 0x47, 0x53, 0x70, 0x0, 0x0, 0x0, 0x4,
    0x87, 0x85, 0x0,

    /* U+1F4CF "📏" */
    0x0, 0x0, 0x0, 0x0, 0x0, 0x0, 0x0, 0x7,
    0x91, 0x0, 0x0, 0x0, 0x0, 0x7, 0x33, 0xa1,
    0x0, 0x0, 0x0, 0x3, 0x60, 0x7, 0xa1, 0x0,
    0x0, 0x0, 0x6, 0x40, 0x15, 0x91, 0x0, 0x0,
    0x0, 0x6, 0x40, 0x8, 0xa1, 0x0, 0x0, 0x0,
    0x6, 0x40, 0x4, 0xb1, 0x0, 0x0, 0x0, 0x6,
    0x40, 0x33, 0xc1, 0x0, 0x0, 0x0, 0x6, 0x40,
    0x13, 0xb1, 0x0, 0x0, 0x0, 0x6, 0x40, 0x34,
    0xa1, 0x0, 0x0, 0x0, 0x6, 0x40, 0x3, 0x70,
    0x0, 0x0, 0x0, 0x6, 0x42, 0x70, 0x0, 0x0,
    0x0, 0x0, 0x6, 0x70, 0x0,

    /* U+1F4D0 "📐" */
    0x0, 0x0, 0x0, 0x0, 0x0, 0x0, 0x7, 0x20,
    0x0, 0x0, 0x0, 0x0, 0x0, 0x77, 0x20, 0x0,
    0x0, 0x0, 0x0, 0x7, 0xa, 0x20, 0x0, 0x0,
    0x0, 0x0, 0x70, 0x2b, 0x30, 0x0, 0x0, 0x0,
    0x7, 0x2, 0x3b, 0x30, 0x0, 0x0, 0x0, 0x70,
    0x0, 0x2b, 0x30, 0x0, 0x0, 0x7, 0x0, 0x52,
    0x29, 0x30, 0x0, 0x0, 0x70, 0xb, 0x50, 0x68,
    0x40, 0x0, 0x7, 0x0, 0x74, 0x50, 0x48, 0x40,
    0x0, 0x70, 0x6, 0x77, 0x0, 0x69, 0x40, 0x7,
    0x0, 0x0, 0x0, 0x0, 0x26, 0x40, 0x87, 0x77,
    0x77, 0x77, 0x77, 0x7c, 0x40,

    /* U+1F4D1 "📑" */
    0x97, 0x77, 0x77, 0x77, 0xb1, 0x7, 0x0, 0x0,
    0x0, 0x8, 0x65, 0x70, 0x77, 0x77, 0x73, 0xff,
    0xf7, 0x8, 0x88, 0x88, 0xa, 0x68, 0x70, 0x0,
    0x0, 0x0, 0xcf, 0xf7, 0x7, 0x77, 0x77, 0x8,
    0x7a, 0x70, 0x77, 0x77, 0x73, 0xff, 0xf7, 0x1,
    0x10, 0x0, 0xb, 0x7a, 0x70, 0x55, 0x30, 0x0,
    0xcf, 0xf7, 0x0, 0x0, 0x0, 0x8, 0x47, 0x6b,
    0x77, 0x77, 0x77, 0x82, 0x50, 0x77, 0x77, 0x77,
    0x77, 0x85,

    /* U+1F4D2 "📒" */
    0x6, 0x77, 0x77, 0x77, 0x7b, 0x62, 0xeb, 0x0,
    0x0, 0x0, 0x77, 0x68, 0x0, 0x0, 0x0, 0x7,
    0x75, 0xfa, 0x0, 0x0, 0x0, 0x77, 0x68, 0x10,
    0x0, 0x0, 0x7, 0x75, 0xfa, 0x0, 0x0, 0x0,
    0x77, 0x5e, 0x70, 0x0, 0x0, 0x7, 0x76, 0xa3,
    0x0, 0x0, 0x0, 0x77, 0x5f, 0xb0, 0x0, 0x0,
    0x7, 0x77, 0x70, 0x0, 0x0, 0x0, 0xa7, 0x1b,
    0xa7, 0x77, 0x77, 0x7a, 0x90, 0xb, 0x77, 0x77,
    0x77, 0x8a,

    /* U+1F4D3 "📓" */
    0x2, 0x33, 0x33, 0x33, 0x20, 0x7, 0xfb, 0x79,
    0x9a, 0x99, 0xa3, 0x9f, 0x65, 0x62, 0x33, 0x47,
    0x79, 0xf5, 0x76, 0x66, 0x86, 0x77, 0x9f, 0x77,
    0x0, 0x8, 0x67, 0x79, 0xf6, 0x48, 0x89, 0x64,
    0x87, 0x9f, 0x35, 0x35, 0x44, 0x57, 0x79, 0xf5,
    0x44, 0x64, 0x26, 0x77, 0x9f, 0x46, 0x34, 0x44,
    0x47, 0x79, 0xf6, 0x36, 0x53, 0x34, 0x87, 0x9f,
    0x53, 0x34, 0x44, 0x5a, 0x7b, 0xf8, 0x77, 0x8a,
    0x97, 0xa8, 0x48, 0x77, 0x77, 0x77, 0x79, 0x70,

    /* U+1F4D4 "📔" */
    0x2, 0x33, 0x33, 0x33, 0x20, 0x7, 0xf5, 0x44,
    0x44, 0x45, 0xb4, 0x9f, 0x20, 0x1, 0x0, 0x7,
    0x79, 0xf2, 0x79, 0x89, 0x70, 0x77, 0x9f, 0x29,
    0x0, 0x9, 0x7, 0x79, 0xf2, 0x58, 0x98, 0x50,
    0x77, 0x9f, 0x20, 0x0, 0x0, 0x7, 0x79, 0xf2,
    0x0, 0x0, 0x0, 0x77, 0x9f, 0x20, 0x0, 0x0,
    0x7, 0x79, 0xf2, 0x0, 0x0, 0x0, 0x77, 0x9f,
    0x20, 0x0, 0x0, 0x19, 0x7b, 0xf8, 0x77, 0x77,
    0x77, 0xa8, 0x48, 0x77, 0x77, 0x77, 0x79, 0x70,

    /* U+1F4D5 "📕" */
    0x2, 0x33, 0x33, 0x33, 0x20, 0x7, 0xf5, 0xc4,
    0xc4, 0xc5, 0xb4, 0x9f, 0x28, 0x8, 0x8, 0x7,
    0x79, 0xf2, 0x80, 0x80, 0x80, 0x77, 0x9f, 0x28,
    0x8, 0x8, 0x7, 0x79, 0xf2, 0x80, 0x80, 0x80,
    0x77, 0x9f, 0x28, 0x8, 0x8, 0x7, 0x79, 0xf2,
    0x80, 0x80, 0x80, 0x77, 0x9f, 0x28, 0x8, 0x8,
    0x7, 0x79, 0xf2, 0x80, 0x80, 0x80, 0x77, 0x9f,
    0x28, 0x8, 0x8, 0x19, 0x7b, 0xf8, 0xa7, 0xa7,
    0xa7, 0xa8, 0x48, 0x77, 0x77, 0x77, 0x79, 0x70,

    /* U+1F4D6 "📖" */
    0x0, 0x0, 0x13, 0x30, 0x34, 0x10, 0x0, 0x1,
    0x78, 0x75, 0x22, 0xa2, 0x25, 0x78, 0x81, 0x7d,
    0x46, 0x64, 0x36, 0x24, 0x66, 0x3e, 0x77, 0xa4,
    0x54, 0x33, 0x62, 0x34, 0x53, 0xb7, 0x7a, 0x46,
    0x63, 0x36, 0x23, 0x66, 0x3b, 0x77, 0xa4, 0x43,
    0x43, 0x62, 0x43, 0x43, 0xb7, 0x7a, 0x43, 0x33,
    0x36, 0x23, 0x33, 0x3b, 0x77, 0xa4, 0x42, 0x0,
    0x60, 0x2, 0x43, 0xb7, 0x7a, 0x96, 0x66, 0x6b,
    0x76, 0x66, 0x8b, 0x77, 0x94, 0x56, 0x66, 0x47,
    0x66, 0x65, 0x97, 0x67, 0x87, 0x77, 0x8b, 0x87,
    0x77, 0x87, 0x70,

    /* U+1F4D7 "📗" */
    0x2, 0x33, 0x33, 0x33, 0x20, 0x7, 0xf5, 0xa6,
    0x5c, 0x45, 0xb4, 0x9f, 0x60, 0x82, 0x18, 0x7,
    0x79, 0xf7, 0x40, 0x82, 0x18, 0x87, 0x9f, 0x15,
    0x40, 0x82, 0x19, 0x79, 0xf9, 0x5, 0x40, 0x82,
    0x77, 0x9f, 0x47, 0x5, 0x50, 0x89, 0x79, 0xf2,
    0x27, 0x5, 0x50, 0x87, 0x9f, 0xa0, 0x27, 0x5,
    0x57, 0x79, 0xf2, 0x80, 0x27, 0x5, 0x97, 0x9f,
    0x10, 0x80, 0x27, 0x19, 0x7b, 0xf8, 0x78, 0xa7,
    0x99, 0xa8, 0x48, 0x77, 0x77, 0x77, 0x79, 0x70,

    /* U+1F4D8 "📘" */
    0x2, 0x33, 0x33, 0x33, 0x20, 0x7, 0xf5, 0x44,
    0x44, 0x45, 0xa4, 0x9f, 0xa8, 0x88, 0x88, 0x89,
    0x79, 0xf1, 0x0, 0x0, 0x0, 0x77, 0x9f, 0xa8,
    0x88, 0x88, 0x89, 0x79, 0xf3, 0x22, 0x22, 0x22,
    0x87, 0x9f, 0x76, 0x66, 0x66, 0x69, 0x79, 0xfa,
    0x88, 0x88, 0x88, 0x97, 0x9f, 0x10, 0x0, 0x0,
    0x7, 0x79, 0xfa, 0x88, 0x88, 0x88, 0x97, 0x9f,
    0x10, 0x0, 0x0, 0x19, 0x7b, 0xf8, 0x77, 0x77,
    0x77, 0xa8, 0x48, 0x77, 0x77, 0x77, 0x79, 0x70,

    /* U+1F4D9 "📙" */
    0x2, 0x33, 0x33, 0x33, 0x20, 0x7, 0xf5, 0xf6,
    0xcc, 0xb5, 0xb4, 0x9f, 0x67, 0x89, 0x1f, 0x7,
    0x79, 0xf7, 0xc0, 0xf2, 0x88, 0x87, 0x9f, 0x1d,
    0x47, 0x89, 0x19, 0x79, 0xf9, 0x75, 0xc0, 0xf2,
    0x77, 0x9f, 0x4f, 0xd, 0x57, 0x89, 0x79, 0xf2,
    0xa7, 0x75, 0xc0, 0x87, 0x9f, 0xa8, 0x2f, 0xc,
    0x57, 0x79, 0xf2, 0xf0, 0xa7, 0x75, 0x97, 0x9f,
    0x18, 0x88, 0x2f, 0x19, 0x7b, 0xf8, 0xa8, 0xd7,
    0xc9, 0xa8, 0x48, 0x77, 0x77, 0x77, 0x79, 0x70,

    /* U+1F4DA "📚" */
    0x0, 0x0, 0x2, 0x0, 0x0, 0x0, 0x0, 0x0,
    0x56, 0xdb, 0x30, 0x0, 0x0, 0x15, 0x50, 0x0,
    0x6e, 0xa2, 0x0, 0x5, 0x81, 0x0, 0x0, 0x7,
    0xe9, 0x10, 0x44, 0x55, 0x0, 0x0, 0x0, 0xad,
    0x41, 0x96, 0x6, 0x50, 0x3, 0x85, 0x6, 0x4,
    0xff, 0x31, 0x68, 0x40, 0x5b, 0x4, 0x97, 0xf7,
    0x73, 0x66, 0x97, 0xc2, 0x9, 0x7f, 0xd5, 0xbd,
    0x62, 0x1f, 0x43, 0x81, 0x6a, 0x2, 0x56, 0x9c,
    0x67, 0x0, 0x56, 0x48, 0xa5, 0x73, 0x6, 0x40,
    0x0, 0x6, 0x60, 0x71, 0x66, 0x0, 0x0, 0x0,
    0x1, 0x7a, 0x50, 0x0, 0x0,

    /* U+1F4DB "📛" */
    0x0, 0x0, 0x0, 0x0, 0x0, 0x0, 0x0, 0x8,
    0x70, 0xb, 0x0, 0x78, 0x0, 0x3, 0xff, 0x28,
    0xf8, 0x2f, 0xf3, 0x0, 0xbf, 0xfc, 0xff, 0xfc,
    0xff, 0xb0, 0x1f, 0xff, 0xff, 0xff, 0xff, 0xff,
    0x15, 0xff, 0xff, 0xff, 0xff, 0xff, 0xf5, 0x7f,
    0x54, 0x44, 0x44, 0x44, 0x5f, 0x78, 0xf1, 0x0,
    0x0, 0x0, 0x1, 0xf8, 0x7f, 0x10, 0x0, 0x0,
    0x0, 0x1f, 0x73, 0xfd, 0xdd, 0xdd, 0xdd, 0xdd,
    0xf3, 0xb, 0xff, 0xff, 0xff, 0xff, 0xfb, 0x0,
    0x1c, 0xff, 0xff, 0xff, 0xfc, 0x10, 0x0, 0x6,
    0xbe, 0xfe, 0xb5, 0x0, 0x0,

    /* U+1F4DC "📜" */
    0x0, 0x33, 0x33, 0x33, 0x33, 0x10, 0x2, 0xcf,
    0xa4, 0x44, 0x44, 0x48, 0x20, 0x7b, 0x8b, 0x15,
    0x5, 0x53, 0x6, 0x0, 0x9f, 0xf0, 0x65, 0x6,
    0x50, 0x70, 0x0, 0x7, 0x6, 0x56, 0x61, 0x7,
    0x0, 0x0, 0x70, 0x65, 0x41, 0x50, 0x70, 0x0,
    0x7, 0x6, 0x66, 0x61, 0x7, 0x0, 0x0, 0x70,
    0x55, 0x55, 0x30, 0x70, 0x0, 0x7, 0x0, 0x56,
    0x40, 0x7, 0x0, 0x0, 0x86, 0x44, 0x44, 0x44,
    0xb0, 0x0, 0x7f, 0xe4, 0x33, 0x33, 0x34, 0x80,
    0xb, 0x6a, 0x40, 0x0, 0x0, 0x7, 0x0, 0xd,
    0xf8, 0x77, 0x77, 0x77, 0x60,

    /* U+1F4DD "📝" */
    0x97, 0x77, 0x77, 0x77, 0x79, 0x0, 0x7, 0x1,
    0x10, 0x21, 0x0, 0xbb, 0x92, 0x70, 0x32, 0x31,
    0x10, 0x2b, 0x34, 0xb7, 0x1, 0x11, 0x0, 0x9,
    0x54, 0x89, 0x70, 0x23, 0x30, 0x5, 0x66, 0x88,
    0x7, 0x4, 0x40, 0x27, 0x86, 0x77, 0x0, 0x70,
    0x44, 0x45, 0x87, 0x56, 0x30, 0x7, 0x0, 0x0,
    0x6b, 0x36, 0xc0, 0x0, 0x70, 0x44, 0x17, 0x19,
    0xa7, 0x0, 0x7, 0x0, 0x0, 0xfd, 0x50, 0x70,
    0x0, 0x70, 0x44, 0x46, 0x0, 0x7, 0x0, 0x9,
    0x77, 0x77, 0x77, 0x77, 0x90, 0x0,

    /* U+1F4DE "📞" */
    0x0, 0x20, 0x0, 0x0, 0x0, 0x0, 0x0, 0x89,
    0x71, 0x0, 0x0, 0x0, 0x0, 0x34, 0x36, 0x70,
    0x0, 0x0, 0x0, 0x7, 0x0, 0x59, 0x0, 0x0,
    0x0, 0x0, 0x61, 0x3, 0x70, 0x0, 0x0, 0x0,
    0x2, 0x50, 0x60, 0x0, 0x0, 0x0, 0x0, 0x8,
    0x2, 0x60, 0x0, 0x0, 0x0, 0x0, 0x35, 0x5,
    0x40, 0x0, 0x0, 0x0, 0x0, 0x62, 0x6, 0x50,
    0x6, 0x61, 0x0, 0x0, 0x82, 0x3, 0x78, 0x77,
    0x71, 0x0, 0x0, 0x73, 0x0, 0x0, 0x27, 0x70,
    0x0, 0x0, 0x57, 0x10, 0x0, 0x76, 0x0, 0x0,
    0x0, 0x17, 0x77, 0x76, 0x0,

    /* U+1F4DF "📟" */
    0x5, 0x77, 0x77, 0x77, 0x77, 0x75, 0x4, 0x30,
    0x0, 0x0, 0x0, 0x0, 0x26, 0x70, 0xdf, 0xfc,
    0xfb, 0xfc, 0xd0, 0x77, 0xf, 0xfb, 0xaa, 0xa9,
    0x9f, 0x7, 0x70, 0xff, 0xeb, 0xdb, 0x99, 0xf0,
    0x77, 0x7, 0x99, 0x89, 0x89, 0x87, 0x7, 0x70,
    0x65, 0x56, 0x17, 0x44, 0x60, 0x76, 0x7, 0x67,
    0x82, 0x86, 0x57, 0x7, 0x28, 0x77, 0x77, 0x77,
    0x77, 0x78, 0x30, 0x0, 0x0, 0x0, 0x0, 0x0,
    0x0,

    /* U+1F4E0 "📠" */
    0x0, 0x3, 0xa7, 0x77, 0x79, 0x20, 0x0, 0x0,
    0x7, 0x45, 0x55, 0x5, 0x0, 0x0, 0x3a, 0x83,
    0x55, 0x51, 0x60, 0x2, 0xa8, 0x6f, 0x77, 0x77,
    0x79, 0x82, 0x66, 0x26, 0x84, 0x66, 0x14, 0x41,
    0x57, 0x70, 0x77, 0x46, 0x51, 0x34, 0x7, 0x77,
    0x7, 0x73, 0x53, 0x23, 0x30, 0x77, 0xb0, 0x76,
    0x35, 0x23, 0x56, 0x7, 0x7f, 0x7f, 0x23, 0x51,
    0x32, 0x40, 0x7d, 0x1a, 0x40, 0x23, 0x2, 0x2,
    0xd, 0xa7, 0x77, 0x66, 0x66, 0x66, 0x77, 0xb7,
    0x77, 0x75, 0x55, 0x55, 0x56, 0x77,

    /* U+1F4E1 "📡" */
    0x77, 0x77, 0x20, 0x0, 0x38, 0x0, 0xc0, 0x0,
    0x57, 0x37, 0xf3, 0x0, 0xe0, 0x0, 0x38, 0xdd,
    0x90, 0x0, 0x88, 0x68, 0x40, 0x68, 0xf0, 0x0,
    0x28, 0x90, 0x0, 0x30, 0xa8, 0x0, 0x7, 0x38,
    0x0, 0x0, 0x72, 0x60, 0x1, 0x77, 0xa3, 0x1,
    0x60, 0x62, 0x0, 0x68, 0x85, 0x86, 0x40, 0x6,
    0x0, 0x52, 0xa9, 0xdc, 0xcb, 0xd2, 0x0, 0x71,
    0x7b, 0xfa, 0x32, 0x0, 0x7, 0x67, 0x9c, 0x97,
    0x70, 0x0, 0x5, 0x87, 0x77, 0x77, 0x50, 0x0,

    /* U+1F4E2 "📢" */
    0x0, 0x0, 0x0, 0x0, 0x0, 0x0, 0x0, 0x0,
    0x0, 0x0, 0x0, 0x6f, 0xd0, 0x0, 0x0, 0x0,
    0x26, 0x78, 0xff, 0x50, 0x67, 0xb8, 0x75, 0x0,
    0xbf, 0xf9, 0x52, 0x7, 0x0, 0x0, 0xc, 0xff,
    0xd7, 0x0, 0x70, 0x0, 0x0, 0x70, 0x7e, 0x70,
    0x7, 0x0, 0x0, 0x7, 0x6, 0xe6, 0x10, 0x70,
    0x0, 0x0, 0xce, 0xfd, 0x8, 0x7c, 0x74, 0x10,
    0xc, 0xff, 0xb0, 0x9, 0x2a, 0x4e, 0x75, 0x8f,
    0xf7, 0x0, 0x60, 0x3b, 0x50, 0x2a, 0xff, 0x20,
    0x1, 0x50, 0x16, 0x0, 0x6, 0x50, 0x0, 0x6,
    0x77, 0x30, 0x0, 0x0, 0x0,

    /* U+1F4E3 "📣" */
    0x0, 0x0, 0x0, 0x0, 0x0, 0x0, 0x0, 0x0,
    0x0, 0x0, 0x0, 0x1, 0xff, 0x50, 0x0, 0x0,
    0x0, 0x0, 0x3, 0x8f, 0xff, 0x30, 0x0, 0x0,
    0x0, 0x5, 0x61, 0xff, 0xfd, 0x0, 0x0, 0x0,
    0x6, 0x40, 0xf, 0xff, 0xf6, 0x0, 0x0, 0x8,
    0x37, 0x10, 0xbf, 0xff, 0xc0, 0x0, 0x18, 0x28,
    0x20, 0x6, 0xff, 0xff, 0x12, 0xac, 0x48, 0x0,
    0x0, 0xe, 0xff, 0xf4, 0x66, 0x12, 0x0, 0x0,
    0x0, 0x5f, 0xff, 0x65, 0x54, 0x0, 0x0, 0x0,
    0x0, 0x9f, 0xf4, 0x7, 0x87, 0x69, 0x98, 0xa9,
    0xa7, 0xd8, 0x0, 0x37, 0x91, 0x44, 0x88, 0x37,
    0x0, 0x0, 0x0, 0x0, 0x0, 0x77, 0x77, 0x40,
    0x0, 0x0,

    /* U+1F4E4 "📤" */
    0x0, 0x0, 0x0, 0x0, 0x0, 0x0, 0x0, 0x0,
    0x0, 0xd, 0x40, 0x0, 0x0, 0x0, 0x0, 0xb,
    0xff, 0x20, 0x0, 0x0, 0x0, 0x5, 0xff, 0xf9,
    0x0, 0x0, 0x0, 0x0, 0x8, 0xfe, 0x0, 0x0,
    0x0, 0x19, 0x76, 0x8f, 0xe3, 0x77, 0x40, 0x6,
    0x0, 0x5, 0xa9, 0x0, 0x7, 0x0, 0x82, 0x0,
    0x0, 0x0, 0x2, 0x63, 0x28, 0x58, 0x20, 0x0,
    0x8, 0x55, 0x73, 0x40, 0x5, 0x77, 0x76, 0x10,
    0x7, 0x34, 0x0, 0x0, 0x0, 0x0, 0x0, 0x73,
    0x40, 0x0, 0x0, 0x0, 0x0, 0x7, 0x29, 0x77,
    0x77, 0x77, 0x77, 0x77, 0x60,

    /* U+1F4E5 "📥" */
    0x0, 0x0, 0x1, 0x32, 0x0, 0x0, 0x0, 0x0,
    0x0, 0x8f, 0xe0, 0x0, 0x0, 0x0, 0x0, 0x8,
    0xfe, 0x0, 0x0, 0x0, 0x0, 0x2, 0xcf, 0xf3,
    0x0, 0x0, 0x0, 0x0, 0x3f, 0xff, 0x80, 0x0,
    0x0, 0x19, 0x75, 0x5f, 0xa2, 0x77, 0x40, 0x6,
    0x0, 0x0, 0x50, 0x0, 0x7, 0x0, 0x81, 0x0,
    0x0, 0x0, 0x1, 0x53, 0x28, 0x58, 0x20, 0x0,
    0x8, 0x55, 0x73, 0x40, 0x5, 0x77, 0x76, 0x10,
    0x7, 0x34, 0x0, 0x0, 0x0, 0x0, 0x0, 0x73,
    0x40, 0x0, 0x0, 0x0, 0x0, 0x7, 0x29, 0x77,
    0x77, 0x77, 0x77, 0x77, 0x60,

    /* U+1F4E6 "📦" */
    0x0, 0x0, 0x5, 0x0, 0x0, 0x0, 0x0, 0x5d,
    0x37, 0x60, 0x0, 0x3, 0xc3, 0x38, 0x32, 0x84,
    0x9, 0x53, 0x82, 0x5, 0x81, 0x49, 0x98, 0x40,
    0x67, 0x0, 0x7b, 0xa7, 0x3, 0x83, 0x19, 0x40,
    0x77, 0x70, 0x0, 0x59, 0x78, 0x27, 0x77, 0x0,
    0x0, 0x70, 0xc8, 0x27, 0x76, 0x10, 0x7, 0x2,
    0x0, 0x79, 0x55, 0x60, 0x70, 0x0, 0x9, 0x38,
    0x72, 0x7, 0x0, 0x38, 0x30, 0x4, 0x82, 0x71,
    0x75, 0x0, 0x0, 0x0, 0x6b, 0x60, 0x0, 0x0,

    /* U+1F4E7 "📧" */
    0xa8, 0x77, 0x77, 0x77, 0x77, 0x77, 0xb8, 0x81,
    0x0, 0x0, 0x0, 0x0, 0x89, 0x70, 0x81, 0x5,
    0x88, 0x1, 0x91, 0x77, 0x0, 0xa2, 0xa0, 0x2,
    0xa0, 0x7, 0x70, 0x8, 0x4a, 0x86, 0x38, 0x0,
    0x77, 0x6, 0x10, 0xa0, 0x0, 0x17, 0x7, 0x72,
    0x60, 0xa, 0x0, 0x0, 0x53, 0x77, 0x80, 0x0,
    0x58, 0x81, 0x0, 0x77, 0xc2, 0x0, 0x0, 0x0,
    0x0, 0x1, 0xd7, 0x77, 0x77, 0x77, 0x77, 0x77,
    0x78,

    /* U+1F4E8 "📨" */
    0x7, 0x54, 0xc7, 0x77, 0x77, 0x77, 0x8e, 0x20,
    0x73, 0x74, 0x60, 0x0, 0x0, 0x48, 0x80, 0x0,
    0x7, 0x5, 0x50, 0x0, 0x85, 0x7, 0x0, 0x71,
    0x60, 0x78, 0x43, 0x99, 0x1, 0x60, 0x0, 0x52,
    0x63, 0x7, 0x60, 0x34, 0x52, 0x0, 0x7, 0x64,
    0x0, 0x0, 0x0, 0x77, 0x0, 0x0, 0xc4, 0x0,
    0x0, 0x0, 0x6, 0x80, 0x0, 0x9, 0x77, 0x77,
    0x77, 0x77, 0x84, 0x0,

    /* U+1F4E9 "📩" */
    0x0, 0x0, 0x4, 0x30, 0x0, 0x0, 0x0, 0x1,
    0xfb, 0x0, 0x0, 0x0, 0x0, 0x2f, 0xb0, 0x0,
    0x0, 0x0, 0x6, 0xfd, 0x10, 0x0, 0x0, 0x0,
    0x6, 0x10, 0x0, 0x4, 0x77, 0x77, 0x77, 0x77,
    0x76, 0x88, 0x10, 0x0, 0x0, 0x7, 0xa7, 0x7,
    0x30, 0x0, 0x19, 0x27, 0x70, 0xa, 0x40, 0x2b,
    0x40, 0x77, 0x6, 0x33, 0x89, 0x8, 0x7, 0x72,
    0x70, 0x1, 0x0, 0x16, 0x77, 0x90, 0x0, 0x0,
    0x0, 0x69, 0xa9, 0x77, 0x77, 0x77, 0x77, 0xd0,

    /* U+1F4EA "📪" */
    0x6, 0x79, 0xb7, 0x77, 0x77, 0x74, 0x5, 0x33,
    0x36, 0x20, 0x0, 0x0, 0x62, 0x70, 0xba, 0x7,
    0x48, 0xc7, 0x77, 0xb7, 0x2, 0x20, 0x74, 0x8b,
    0x66, 0x67, 0x70, 0x0, 0x7, 0x0, 0x0, 0x7,
    0x77, 0x0, 0x0, 0x70, 0x0, 0x0, 0x7c, 0x70,
    0x0, 0x7, 0x0, 0x0, 0x0, 0x75, 0x77, 0x77,
    0x7b, 0x7b, 0x77, 0x73, 0x0, 0x0, 0x0, 0x80,
    0x70, 0x0, 0x0, 0x0, 0x0, 0xb, 0x77, 0x0,
    0x0,

    /* U+1F4EB "📫" */
    0x0, 0x0, 0x0, 0x1a, 0x7b, 0x0, 0x0, 0x0,
    0x0, 0x1, 0x78, 0x80, 0x0, 0x4, 0x78, 0xc7,
    0x87, 0xd7, 0x76, 0x2, 0x63, 0x33, 0x51, 0x76,
    0x0, 0x34, 0x61, 0xab, 0x7, 0x3c, 0x90, 0x0,
    0x77, 0x2, 0x20, 0x72, 0x96, 0x0, 0x7, 0x70,
    0x0, 0x7, 0x0, 0x0, 0x0, 0x77, 0x0, 0x0,
    0x70, 0x0, 0x0, 0x7, 0x70, 0x0, 0x7, 0x0,
    0x0, 0x0, 0x73, 0x77, 0x77, 0x7b, 0x7b, 0x77,
    0x75, 0x0, 0x0, 0x0, 0x70, 0x70, 0x0, 0x0,
    0x0, 0x0, 0x9, 0x77, 0x0, 0x0,

    /* U+1F4EC "📬" */
    0x0, 0x0, 0x0, 0x2b, 0x7b, 0x0, 0x0, 0x0,
    0x0, 0x2, 0x78, 0x80, 0x0, 0x4, 0xcd, 0xd7,
    0xa7, 0xd7, 0x76, 0x2, 0xff, 0xff, 0x52, 0x77,
    0x0, 0x35, 0x6f, 0xff, 0xfb, 0x5b, 0x90, 0x0,
    0x76, 0x93, 0x11, 0xe4, 0x86, 0x0, 0x7, 0x72,
    0xb6, 0x7f, 0x0, 0x0, 0x0, 0x77, 0x86, 0x34,
    0x90, 0x0, 0x0, 0x7, 0x7f, 0x32, 0x2a, 0x0,
    0x0, 0x0, 0x73, 0x77, 0x77, 0x9a, 0x7b, 0x77,
    0x75, 0x0, 0x0, 0x0, 0x60, 0x70, 0x0, 0x0,
    0x0, 0x0, 0x9, 0x78, 0x0, 0x0,

    /* U+1F4ED "📭" */
    0x8, 0xcd, 0xa7, 0x77, 0x77, 0x73, 0x8, 0xff,
    0xfe, 0x0, 0x0, 0x0, 0x71, 0xdf, 0xff, 0xf3,
    0x77, 0x76, 0x68, 0xae, 0xff, 0xff, 0x47, 0x77,
    0x66, 0x57, 0xef, 0xff, 0xf4, 0x0, 0x0, 0x7,
    0x7e, 0xff, 0xff, 0x40, 0x0, 0x0, 0x8b, 0xef,
    0xff, 0xf4, 0x0, 0x0, 0x1, 0x67, 0x77, 0x77,
    0x8a, 0xb7, 0x77, 0x73, 0x0, 0x0, 0x2, 0x57,
    0x0, 0x0, 0x0, 0x0, 0x0, 0x2a, 0xb0, 0x0,
    0x0,

    /* U+1F4EE "📮" */
    0x7, 0x77, 0x77, 0x77, 0x79, 0x1, 0xc6, 0x66,
    0x66, 0x66, 0x87, 0x24, 0xb, 0xff, 0xfe, 0x30,
    0x72, 0x40, 0xe9, 0x88, 0xd2, 0x7, 0x24, 0x8,
    0x9, 0x26, 0x10, 0x72, 0x44, 0x36, 0xe2, 0x7,
    0x7, 0x24, 0xb8, 0x21, 0x68, 0xc0, 0x72, 0x4a,
    0x77, 0x77, 0x7a, 0x17, 0x24, 0x0, 0x0, 0x0,
    0x0, 0x72, 0x40, 0x0, 0x0, 0x0, 0x7, 0x17,
    0x77, 0xff, 0xf7, 0x77, 0x30, 0x0, 0x9, 0x7b,
    0x0, 0x0,

    /* U+1F4EF "📯" */
    0x0, 0x3, 0x76, 0x74, 0x0, 0x0, 0x0, 0x0,
    0x28, 0x67, 0x43, 0x41, 0x70, 0x0, 0x34, 0x62,
    0x60, 0x34, 0x66, 0xf8, 0x0, 0x86, 0x86, 0x0,
    0x6, 0x67, 0x9f, 0x30, 0x17, 0xa2, 0x51, 0x35,
    0xa3, 0x1e, 0xa0, 0x0, 0x96, 0xaf, 0xf6, 0x21,
    0x48, 0xf0, 0x0, 0x5, 0xdf, 0xf6, 0x64, 0x12,
    0x60, 0x0, 0x0, 0xa9, 0xa3, 0x0, 0x0, 0x0,
    0x0, 0x19, 0x20, 0xa, 0x50, 0x0, 0x0, 0x0,
    0x77, 0x0, 0x2, 0x90, 0x0, 0x0, 0x0, 0x0,
    0x0, 0x0, 0x0, 0x0, 0x0,

    /* U+1F4F0 "📰" */
    0x35, 0x55, 0x55, 0x55, 0x55, 0x54, 0x8, 0x22,
    0x22, 0x22, 0x22, 0x22, 0x98, 0x72, 0xcc, 0x6c,
    0xe5, 0xcc, 0x77, 0x77, 0x3d, 0xd6, 0xbd, 0x5d,
    0xd8, 0x77, 0x70, 0x0, 0x0, 0x0, 0x0, 0x7,
    0x77, 0x3f, 0xc1, 0x77, 0x24, 0x74, 0x77, 0x71,
    0x65, 0x16, 0x61, 0x36, 0x47, 0x77, 0x17, 0x77,
    0x77, 0x13, 0x64, 0x77, 0x73, 0xff, 0xff, 0xf3,
    0x46, 0x47, 0x77, 0x3f, 0xff, 0xff, 0x33, 0x63,
    0x77, 0x59, 0xff, 0xff, 0xf9, 0x77, 0x7a, 0x70,

    /* U+1F4F1 "📱" */
    0x36, 0x66, 0x66, 0x40, 0xef, 0xb8, 0x9f, 0xf3,
    0xa0, 0x0, 0x0, 0x64, 0x76, 0x59, 0x8a, 0x34,
    0x76, 0x48, 0x79, 0x34, 0x74, 0x36, 0x57, 0x34,
    0x74, 0x36, 0x57, 0x34, 0x76, 0x58, 0x0, 0x34,
    0x70, 0x0, 0x0, 0x34, 0x70, 0x0, 0x0, 0x34,
    0x75, 0x47, 0x68, 0x34, 0x71, 0x12, 0x12, 0x34,
    0x97, 0x77, 0x77, 0xa1,

    /* U+1F4F2 "📲" */
    0x0, 0x0, 0x6, 0xfe, 0x99, 0xef, 0x50, 0x0,
    0x0, 0xa5, 0x44, 0x44, 0x69, 0x0, 0x0, 0x7,
    0xa, 0xaa, 0x81, 0x70, 0x0, 0x0, 0x70, 0x87,
    0x86, 0x17, 0x0, 0x82, 0x7, 0x8, 0x77, 0x61,
    0x75, 0xff, 0xe2, 0x70, 0x88, 0x65, 0x7, 0x5e,
    0xfd, 0x17, 0x8, 0x80, 0x0, 0x70, 0x6, 0x10,
    0x70, 0x0, 0x0, 0x7, 0x0, 0x0, 0x7, 0x0,
    0x0, 0x0, 0x70, 0x0, 0x0, 0x70, 0x88, 0x87,
    0x17, 0x0, 0x0, 0x7, 0x2, 0x22, 0x20, 0x70,
    0x0, 0x0, 0x68, 0x77, 0x77, 0x85,

    /* U+1F4F3 "📳" */
    0x0, 0x0, 0x33, 0x33, 0x30, 0x0, 0x0, 0x0,
    0x74, 0x44, 0x44, 0x90, 0x0, 0x3, 0x17, 0x3,
    0x52, 0x7, 0x4, 0x0, 0x80, 0x76, 0xa9, 0xa7,
    0x70, 0x62, 0x8, 0x7, 0x7e, 0xee, 0x97, 0x7,
    0x10, 0x71, 0x77, 0xc9, 0xb8, 0x70, 0x80, 0x8,
    0x7, 0x7c, 0xaf, 0xa7, 0x5, 0x30, 0x80, 0x78,
    0xff, 0xfa, 0x70, 0x71, 0x7, 0x17, 0x8f, 0xff,
    0xa7, 0x8, 0x0, 0x70, 0x78, 0xff, 0xfa, 0x70,
    0x53, 0x7, 0x7, 0x7d, 0xbc, 0x97, 0x8, 0x0,
    0x10, 0x75, 0x99, 0x96, 0x70, 0x10, 0x0, 0x6,
    0x77, 0x77, 0x78, 0x0, 0x0,

    /* U+1F4F4 "📴" */
    0x1, 0x22, 0x22, 0x22, 0x22, 0x22, 0x2, 0xff,
    0xff, 0xff, 0xff, 0xff, 0xfc, 0x4f, 0xf6, 0x33,
    0x4c, 0xff, 0xff, 0xe4, 0xfe, 0x2, 0x44, 0x6f,
    0xff, 0xfe, 0x4f, 0xe8, 0xff, 0xfe, 0xff, 0xff,
    0xe4, 0xfe, 0x8f, 0xbe, 0xdd, 0xbc, 0xfe, 0x4f,
    0xe8, 0x6c, 0x5c, 0xd2, 0xbf, 0xe4, 0xfe, 0x86,
    0xa5, 0xde, 0x2e, 0xfe, 0x4f, 0xe8, 0xfc, 0xef,
    0xfd, 0xff, 0xe4, 0xfe, 0x7f, 0xff, 0xdf, 0xff,
    0xfe, 0x4f, 0xe0, 0x14, 0x16, 0xff, 0xff, 0xe4,
    0xff, 0x96, 0x67, 0xdf, 0xff, 0xfe, 0x2e, 0xff,
    0xff, 0xff, 0xff, 0xff, 0xa0,

    /* U+1F4F5 "📵" */
    0x0, 0x2, 0x77, 0x77, 0x73, 0x0, 0x0, 0x7,
    0x61, 0x56, 0x52, 0x57, 0x0, 0x4, 0x85, 0xaf,
    0xdd, 0xc0, 0x36, 0x0, 0x80, 0x3e, 0x0, 0x8,
    0x0, 0x71, 0x43, 0x0, 0xb5, 0x0, 0x80, 0x1,
    0x66, 0x0, 0x8, 0x35, 0x8, 0x0, 0x7, 0x60,
    0x0, 0x80, 0x35, 0x80, 0x0, 0x74, 0x30, 0x8,
    0x0, 0x3e, 0x0, 0x16, 0x8, 0x0, 0x98, 0x77,
    0xe5, 0x7, 0x10, 0x44, 0x7, 0xeb, 0xe9, 0x39,
    0x60, 0x0, 0x56, 0x0, 0x0, 0x5, 0x70, 0x0,
    0x0, 0x27, 0x77, 0x77, 0x30, 0x0,

    /* U+1F4F6 "📶" */
    0x2, 0x33, 0x33, 0x33, 0x33, 0x33, 0x10, 0x2f,
    0xff, 0xff, 0xff, 0xff, 0xff, 0xf1, 0x4f, 0xff,
    0xff, 0xff, 0xff, 0xff, 0xf2, 0x4f, 0xff, 0xff,
    0xff, 0xfe, 0x1e, 0xf2, 0x4f, 0xff, 0xff, 0xfb,
    0xbe, 0xe, 0xf2, 0x4f, 0xff, 0xff, 0xf3, 0x3e,
    0xe, 0xf2, 0x4f, 0xff, 0xf3, 0xe3, 0x3e, 0xe,
    0xf2, 0x4f, 0xfc, 0xf0, 0xe3, 0x3e, 0xe, 0xf2,
    0x4f, 0xc1, 0xf0, 0xe3, 0x3e, 0xe, 0xf2, 0x4f,
    0xc1, 0xf0, 0xe3, 0x3e, 0xe, 0xf2, 0x4f, 0xd6,
    0xf5, 0xf7, 0x7f, 0x5f, 0xf2, 0x4f, 0xff, 0xff,
    0xff, 0xff, 0xff, 0xf2, 0x1e, 0xff, 0xff, 0xff,
    0xff, 0xff, 0xd0,

    /* U+1F4F7 "📷" */
    0x5, 0x99, 0x0, 0x0, 0x0, 0x0, 0x0, 0x7c,
    0xff, 0x77, 0x77, 0x77, 0x77, 0x81, 0x70, 0x0,
    0x0, 0x1f, 0x70, 0xee, 0x15, 0x70, 0x0, 0x0,
    0x18, 0x40, 0x66, 0x15, 0xb7, 0x77, 0x7d, 0xe6,
    0xaf, 0x87, 0x75, 0x70, 0x0, 0x48, 0x3b, 0x82,
    0xa0, 0x15, 0x70, 0x0, 0xa2, 0xff, 0xf7, 0x83,
    0x15, 0x70, 0x0, 0xb2, 0xff, 0xfa, 0x64, 0x15,
    0x70, 0x0, 0x92, 0xbf, 0xf3, 0xa2, 0x15, 0xc9,
    0x99, 0xaf, 0x13, 0x17, 0xf9, 0x95, 0x81, 0x11,
    0x14, 0xcd, 0xd9, 0x11, 0x45, 0x35, 0x55, 0x55,
    0x55, 0x55, 0x55, 0x50,

    /* U+1F4F8 "📸" */
    0x0, 0x0, 0x0, 0x0, 0x0, 0x0, 0x0, 0x0,
    0x0, 0x27, 0x0, 0x80, 0x0, 0x0, 0xb, 0xff,
    0x2c, 0x84, 0xc2, 0x47, 0x60, 0x95, 0x66, 0x5a,
    0x16, 0x6d, 0xfc, 0x65, 0x70, 0x0, 0x18, 0x20,
    0x6, 0xff, 0x7, 0x82, 0x4b, 0xfa, 0x70, 0x38,
    0x65, 0x27, 0xa5, 0x55, 0x5e, 0xf6, 0xaf, 0xc5,
    0x57, 0x70, 0x0, 0x66, 0xbf, 0xa2, 0xb0, 0x7,
    0x70, 0x0, 0xb2, 0xff, 0xf9, 0x74, 0x7, 0x70,
    0x0, 0xb2, 0xff, 0xfa, 0x65, 0x7, 0x70, 0x0,
    0x74, 0x8f, 0xe2, 0xb1, 0x7, 0xb7, 0x77, 0x7e,
    0x62, 0x3b, 0xc7, 0x77, 0x97, 0x77, 0x77, 0xdf,
    0xfa, 0x77, 0x84,

    /* U+1F4F9 "📹" */
    0x0, 0x0, 0x0, 0x0, 0x1, 0x0, 0x0, 0x0,
    0x0, 0x0, 0x0, 0x3a, 0x70, 0x0, 0x0, 0x0,
    0x0, 0x4, 0x78, 0x81, 0x0, 0x0, 0x0, 0x0,
    0x74, 0x9, 0x72, 0x0, 0x24, 0x77, 0x7a, 0x97,
    0xb8, 0x9a, 0x80, 0x93, 0x74, 0x0, 0x0, 0x0,
    0x0, 0x33, 0x72, 0x40, 0x38, 0x77, 0x77, 0x83,
    0x16, 0x73, 0x33, 0x91, 0x0, 0x0, 0x17, 0x7,
    0x73, 0x30, 0x0, 0x0, 0x0, 0x17, 0x7, 0x98,
    0x33, 0x81, 0x0, 0x0, 0x17, 0x7, 0x15, 0x40,
    0x52, 0x0, 0x0, 0x26, 0x16, 0x0, 0x60, 0x7,
    0x77, 0x77, 0x70, 0x34, 0x0, 0x77, 0x77, 0x77,
    0x77, 0x77, 0x80,

    /* U+1F4FA "📺" */
    0x0, 0x0, 0x0, 0x0, 0x0, 0x0, 0x0, 0x0,
    0x0, 0x71, 0x0, 0x71, 0x0, 0x0, 0x0, 0x0,
    0x8, 0x26, 0x30, 0x0, 0x0, 0x25, 0x55, 0x8f,
    0xff, 0xd5, 0x55, 0x40, 0x82, 0x22, 0x33, 0x32,
    0x22, 0x22, 0x62, 0x71, 0xbc, 0xbf, 0xff, 0xe6,
    0x27, 0x43, 0x77, 0xea, 0xef, 0xff, 0xff, 0x15,
    0x43, 0x79, 0x9f, 0xff, 0xff, 0xff, 0x38, 0x43,
    0x79, 0xff, 0xff, 0xff, 0xff, 0x24, 0x43, 0x79,
    0xff, 0xff, 0xff, 0xff, 0x3c, 0x43, 0x77, 0xff,
    0xff, 0xff, 0xfe, 0x4f, 0x53, 0x70, 0x7b, 0xcc,
    0xcb, 0xa3, 0x3c, 0x43, 0x97, 0x77, 0x77, 0x77,
    0x77, 0x77, 0x91,

    /* U+1F4FB "📻" */
    0x0, 0x0, 0x0, 0x0, 0x0, 0x0, 0x0, 0x0,
    0x0, 0x0, 0x0, 0x48, 0x98, 0x20, 0x0, 0x0,
    0x5, 0x9c, 0xb8, 0x32, 0x22, 0x0, 0x0, 0x57,
    0x55, 0x55, 0x55, 0x55, 0x57, 0x70, 0x8c, 0x77,
    0x77, 0x77, 0x77, 0x77, 0x79, 0xdf, 0x0, 0x0,
    0x0, 0x22, 0x22, 0x22, 0x1f, 0xf0, 0x99, 0x95,
    0x5b, 0xbf, 0xbc, 0xbc, 0xff, 0x6, 0x66, 0x36,
    0xa7, 0xaa, 0xaa, 0xaf, 0xf0, 0x77, 0x74, 0x4f,
    0xbd, 0xff, 0xeb, 0xff, 0x6, 0x66, 0x30, 0x17,
    0x30, 0x26, 0xf, 0xa0, 0x77, 0x74, 0x6, 0x57,
    0x9, 0x36, 0xa7, 0x7, 0x77, 0x40, 0x46, 0x70,
    0x67, 0x37, 0x48, 0x77, 0x77, 0x77, 0x77, 0x77,
    0x77, 0x60,

    /* U+1F4FC "📼" */
    0x2, 0x22, 0x22, 0x22, 0x22, 0x22, 0x0, 0xbf,
    0xff, 0xff, 0xff, 0xff, 0xff, 0xe0, 0xe6, 0x22,
    0x22, 0x22, 0x22, 0x23, 0xf2, 0xff, 0x8a, 0xb5,
    0x55, 0xa9, 0xee, 0xf3, 0xfa, 0x68, 0xbc, 0xcc,
    0xd9, 0xb7, 0xf3, 0xfc, 0x68, 0x80, 0x0, 0x69,
    0x68, 0xf3, 0xff, 0xbd, 0xda, 0xaa, 0xdc, 0xcf,
    0xf3, 0xe8, 0x44, 0x44, 0x44, 0x44, 0x45, 0xf2,
    0x8d, 0xdd, 0xdd, 0xdd, 0xdd, 0xdd, 0xb0,

    /* U+1F4FD "📽" */
    0x0, 0x0, 0x0, 0x0, 0x15, 0x40, 0x0, 0x0,
    0x0, 0x0, 0x4, 0x55, 0x56, 0x10, 0x2, 0x65,
    0x50, 0x15, 0x6a, 0x53, 0x60, 0x27, 0x46, 0x6,
    0x53, 0x84, 0x4b, 0x60, 0x6a, 0x89, 0x86, 0x74,
    0x88, 0x9a, 0x70, 0x65, 0x77, 0xb6, 0x6b, 0xe7,
    0x76, 0x60, 0x68, 0x5f, 0xc9, 0x77, 0x8c, 0xb6,
    0x0, 0x27, 0x4c, 0x8, 0x77, 0x78, 0x71, 0x0,
    0x1, 0xa7, 0x7, 0x0, 0x8, 0xaa, 0x30, 0x0,
    0x36, 0x7, 0x0, 0x7, 0x0, 0x70, 0x0, 0x36,
    0x7, 0x0, 0x8, 0x9a, 0x30, 0x0, 0x36, 0x8,
    0x77, 0x78, 0x34, 0x0, 0x0, 0x1a, 0x77, 0x77,
    0x77, 0x91, 0x0,

    /* U+1F4FF "📿" */
    0x0, 0x0, 0x0, 0x11, 0x22, 0x0, 0x0, 0x0,
    0x0, 0x0, 0x66, 0xac, 0xb4, 0xc8, 0x60, 0x0,
    0x0, 0x2a, 0x77, 0x75, 0x55, 0x7b, 0x88, 0x20,
    0x3, 0xb7, 0x50, 0x0, 0x0, 0x0, 0x49, 0x80,
    0x2c, 0x71, 0x0, 0x0, 0x0, 0x0, 0x6, 0xb0,
    0x78, 0x10, 0x0, 0x0, 0x0, 0x0, 0x5, 0x61,
    0x68, 0x0, 0x0, 0x0, 0x0, 0x0, 0x8, 0xa0,
    0x7a, 0x0, 0x0, 0x0, 0x0, 0x0, 0x5b, 0x40,
    0x4c, 0x10, 0x0, 0x0, 0x0, 0x58, 0xa5, 0x0,
    0x27, 0xb1, 0x0, 0x15, 0x68, 0x9a, 0x40, 0x0,
    0x3, 0x6b, 0x23, 0xa7, 0x88, 0x80, 0x40, 0x0,
    0x0, 0x36, 0xbd, 0x83, 0x3, 0xff, 0x80, 0x0,
    0x0, 0x0, 0x43, 0x10, 0x0, 0x5b, 0xc0, 0x0,

    /* U+1F500 "🔀" */
    0x2, 0x33, 0x33, 0x33, 0x33, 0x33, 0x5, 0xff,
    0xff, 0xff, 0xff, 0xff, 0xf9, 0x7f, 0xff, 0xff,
    0xff, 0xfd, 0xff, 0xb7, 0xf3, 0x7e, 0xff, 0xfa,
    0x19, 0xfb, 0x7f, 0x71, 0x1d, 0xd2, 0x0, 0x3f,
    0xb7, 0xff, 0xe3, 0xc1, 0x4e, 0x7f, 0xfb, 0x7f,
    0xff, 0xf5, 0x1f, 0xff, 0xff, 0xb7, 0xff, 0xfc,
    0xa, 0xef, 0xff, 0xfb, 0x7f, 0xfd, 0x14, 0xa2,
    0xb4, 0xef, 0xb7, 0xf4, 0x3, 0xee, 0x40, 0x1,
    0xfb, 0x7f, 0x6a, 0xff, 0xff, 0xe2, 0xcf, 0xb7,
    0xff, 0xff, 0xff, 0xff, 0xff, 0xfb, 0x4f, 0xff,
    0xff, 0xff, 0xff, 0xff, 0x70,

    /* U+1F501 "🔁" */
    0x3, 0x33, 0x33, 0x33, 0x33, 0x33, 0x9, 0xff,
    0xff, 0xff, 0xff, 0xff, 0xf9, 0xbf, 0xff, 0xff,
    0xff, 0xdf, 0xff, 0xbb, 0xff, 0xff, 0xff, 0xf2,
    0x7f, 0xfb, 0xbf, 0xc3, 0x11, 0x11, 0x0, 0x4f,
    0xbb, 0xf3, 0x9e, 0xee, 0xe1, 0x4e, 0xfb, 0xbf,
    0x3f, 0xff, 0xff, 0xae, 0x6f, 0xbb, 0xff, 0x6c,
    0xff, 0xff, 0x62, 0xfb, 0xbf, 0x60, 0x34, 0x44,
    0x30, 0x7f, 0xbb, 0xf7, 0x3, 0x44, 0x45, 0x8f,
    0xfb, 0xbf, 0xf7, 0xcf, 0xff, 0xff, 0xff, 0xbb,
    0xff, 0xff, 0xff, 0xff, 0xff, 0xfb, 0x7f, 0xff,
    0xff, 0xff, 0xff, 0xff, 0x70,

    /* U+1F502 "🔂" */
    0x3, 0x33, 0x33, 0x33, 0x33, 0x33, 0x8, 0xff,
    0xff, 0xff, 0xff, 0xff, 0xf9, 0x9f, 0xff, 0xff,
    0xff, 0xdf, 0xff, 0xb9, 0xff, 0xff, 0xff, 0xf3,
    0x7f, 0xfb, 0x9f, 0xe4, 0x11, 0x11, 0x0, 0x5f,
    0xb9, 0xf6, 0x4a, 0xbb, 0xb2, 0x2d, 0xfb, 0x9f,
    0x3c, 0xff, 0xff, 0x8e, 0x9f, 0xb9, 0xf5, 0x13,
    0x9f, 0xff, 0x81, 0xfb, 0x9f, 0x39, 0x70, 0x77,
    0x71, 0x6f, 0xb9, 0xf2, 0x37, 0x4, 0x44, 0x8f,
    0xfb, 0x9f, 0xa2, 0x55, 0xff, 0xff, 0xff, 0xb9,
    0xff, 0xdc, 0xff, 0xff, 0xff, 0xfb, 0x6f, 0xff,
    0xff, 0xff, 0xff, 0xff, 0x80,

    /* U+1F503 "🔃" */
    0x0, 0x0, 0x0, 0x0, 0x0, 0x0, 0x2, 0xff,
    0xff, 0xff, 0xff, 0xff, 0xf9, 0x5f, 0xff, 0xdf,
    0xdd, 0xff, 0xff, 0xc5, 0xff, 0xa0, 0xa9, 0x3,
    0xff, 0xfc, 0x5f, 0xc1, 0x1, 0xcf, 0x1a, 0xff,
    0xc5, 0xff, 0xe0, 0xef, 0xf3, 0x8f, 0xfc, 0x5f,
    0xfe, 0xe, 0xff, 0x48, 0xff, 0xc5, 0xff, 0xe0,
    0xef, 0xf4, 0x8f, 0xfc, 0x5f, 0xfe, 0xe, 0xfd,
    0x36, 0xdf, 0xc5, 0xff, 0xf0, 0xaf, 0x40, 0x8,
    0xfc, 0x5f, 0xff, 0x90, 0x3e, 0x26, 0xff, 0xc5,
    0xff, 0xff, 0xfd, 0xfe, 0xff, 0xfc, 0x2e, 0xff,
    0xff, 0xff, 0xff, 0xff, 0x80,

    /* U+1F504 "🔄" */
    0x3, 0x33, 0x33, 0x33, 0x33, 0x33, 0x9, 0xff,
    0xff, 0xff, 0xff, 0xff, 0xf9, 0xbf, 0xff, 0xef,
    0xff, 0xff, 0xff, 0xbb, 0xfe, 0x3c, 0xff, 0xff,
    0xff, 0xfb, 0xbf, 0x30, 0x1, 0x11, 0x14, 0xdf,
    0xbb, 0xfd, 0x1b, 0xee, 0xed, 0x33, 0xfb, 0xbf,
    0x8d, 0xdf, 0xff, 0xeb, 0x2f, 0xbb, 0xf2, 0xcf,
    0xff, 0xf3, 0xbe, 0xfb, 0xbf, 0x61, 0x44, 0x44,
    0x0, 0x8f, 0xbb, 0xff, 0x84, 0x44, 0x40, 0x9,
    0xfb, 0xbf, 0xff, 0xff, 0xff, 0x3c, 0xff, 0xbb,
    0xff, 0xff, 0xff, 0xff, 0xff, 0xfb, 0x7f, 0xff,
    0xff, 0xff, 0xff, 0xff, 0x70,

    /* U+1F505 "🔅" */
    0x0, 0x0, 0x0, 0x0, 0x0, 0x0, 0x0, 0x0,
    0x0, 0x1f, 0x0, 0x0, 0x0, 0x0, 0x50, 0x0,
    0x90, 0x0, 0x50, 0x0, 0xc, 0x70, 0x1, 0x0,
    0x7c, 0x0, 0x0, 0x0, 0x7e, 0xee, 0x70, 0x0,
    0x0, 0x0, 0x5d, 0x20, 0x2d, 0x50, 0x0, 0x6d,
    0x1b, 0x50, 0x0, 0x5b, 0x1d, 0x61, 0x40, 0xa6,
    0x0, 0x6, 0xa0, 0x41, 0x0, 0x4, 0xe3, 0x3,
    0xe4, 0x0, 0x0, 0x1, 0x15, 0xdf, 0xd5, 0x11,
    0x0, 0x0, 0xc7, 0x0, 0x0, 0x7, 0xc0, 0x0,
    0x3, 0x0, 0xb, 0x0, 0x3, 0x0, 0x0, 0x0,
    0x0, 0xe0, 0x0, 0x0, 0x0,

    /* U+1F506 "🔆" */
    0x0, 0x0, 0x0, 0x0, 0x0, 0x0, 0x0, 0x0,
    0x0, 0xe, 0x20, 0x0, 0x0, 0x0, 0x74, 0x0,
    0xf3, 0x2, 0x90, 0x0, 0x7, 0xf2, 0x4, 0x0,
    0xda, 0x0, 0x0, 0x6, 0x18, 0xca, 0x16, 0x0,
    0x0, 0x0, 0xa, 0x92, 0x7d, 0x0, 0x0, 0x5e,
    0xc0, 0xf0, 0x0, 0xd3, 0xae, 0x80, 0x43, 0xf,
    0x30, 0xf, 0x22, 0x41, 0x0, 0x0, 0x6e, 0x9d,
    0x90, 0x0, 0x0, 0x1, 0xc2, 0x37, 0x50, 0xc3,
    0x0, 0x0, 0xba, 0x0, 0x60, 0x7, 0xe0, 0x0,
    0x0, 0x0, 0xf, 0x30, 0x0, 0x0, 0x0, 0x0,
    0x0, 0xd2, 0x0, 0x0, 0x0,

    /* U+1F507 "🔇" */
    0x0, 0x2, 0x77, 0x77, 0x73, 0x0, 0x0, 0x6,
    0x60, 0x0, 0x0, 0x57, 0x0, 0x4, 0xa3, 0x0,
    0x4a, 0x20, 0x36, 0x0, 0x80, 0x54, 0x55, 0x43,
    0x0, 0x71, 0x43, 0x7, 0xc7, 0x4, 0x30, 0x1,
    0x66, 0x0, 0x70, 0x44, 0x4a, 0x0, 0x7, 0x60,
    0x7, 0x0, 0x48, 0x90, 0x0, 0x74, 0x30, 0x67,
    0x50, 0x87, 0x0, 0x16, 0x8, 0x0, 0x4, 0x74,
    0x84, 0x7, 0x10, 0x44, 0x0, 0x2, 0x91, 0x47,
    0x60, 0x0, 0x56, 0x0, 0x0, 0x5, 0x70, 0x0,
    0x0, 0x27, 0x77, 0x77, 0x30, 0x0,

    /* U+1F508 "🔈" */
    0x0, 0x0, 0x21, 0x0, 0x0, 0x0, 0x0, 0x0,
    0x9f, 0xfb, 0x20, 0x0, 0x0, 0x0, 0xd, 0xff,
    0xff, 0x60, 0x0, 0x0, 0x0, 0xcf, 0xff, 0xff,
    0x80, 0x0, 0x0, 0xa, 0xff, 0xfe, 0xff, 0x70,
    0x0, 0x0, 0x88, 0xd2, 0xb, 0xff, 0x40, 0x0,
    0x63, 0x8, 0x10, 0x9f, 0xfd, 0x0, 0x3b, 0x0,
    0x8, 0x6f, 0xff, 0xf5, 0x18, 0x71, 0x0, 0x8,
    0xff, 0xff, 0x96, 0x10, 0x81, 0x0, 0x1b, 0xff,
    0xf6, 0x44, 0x0, 0x76, 0x76, 0x0, 0x12, 0x0,
    0x73, 0x0, 0x84, 0x0, 0x0, 0x0, 0x0, 0x58,
    0x83, 0x0, 0x0, 0x0, 0x0,

    /* U+1F509 "🔉" */
    0x0, 0x0, 0x20, 0x0, 0x0, 0x0, 0x0, 0x0,
    0xaf, 0xfa, 0x24, 0x78, 0x10, 0x0, 0xd, 0xff,
    0xff, 0x50, 0x8, 0x10, 0x0, 0xcf, 0xff, 0xff,
    0x70, 0x7, 0x0, 0xa, 0xff, 0xff, 0xff, 0x50,
    0x70, 0x0, 0x88, 0xd2, 0xc, 0xff, 0x34, 0x0,
    0x62, 0x7, 0x0, 0xaf, 0xfc, 0x0, 0x3a, 0x0,
    0x7, 0x6f, 0xff, 0xf3, 0x27, 0x70, 0x0, 0x9,
    0xff, 0xff, 0x77, 0x0, 0x81, 0x0, 0x2c, 0xff,
    0xf4, 0x52, 0x0, 0x76, 0x76, 0x0, 0x22, 0x0,
    0x82, 0x0, 0x93, 0x0, 0x0, 0x0, 0x0, 0x68,
    0x82, 0x0, 0x0, 0x0, 0x0,

    /* U+1F50A "🔊" */
    0x0, 0x0, 0x0, 0x4, 0x76, 0x10, 0x0, 0x0,
    0x7b, 0x71, 0x20, 0x6, 0x60, 0x0, 0x1f, 0xff,
    0xe6, 0x47, 0x34, 0x50, 0x0, 0xff, 0xff, 0xf9,
    0x7, 0x17, 0x0, 0xf, 0xff, 0xff, 0xf9, 0x6,
    0x70, 0x0, 0x8e, 0xd4, 0x8f, 0xf7, 0x17, 0x0,
    0x71, 0x45, 0x0, 0xff, 0xf1, 0x50, 0x47, 0x0,
    0x44, 0x9f, 0xff, 0x80, 0x28, 0x80, 0x0, 0x4e,
    0xff, 0xfd, 0x7, 0x3, 0x60, 0x0, 0x5f, 0xff,
    0xc0, 0x60, 0x3, 0x84, 0x84, 0x1, 0x41, 0x0,
    0x80, 0x1, 0xb0, 0x0, 0x0, 0x0, 0x0, 0x77,
    0x80, 0x0, 0x0, 0x0, 0x0,

    /* U+1F50B "🔋" */
    0x0, 0x12, 0x10, 0x0, 0x8d, 0xae, 0x82, 0x70,
    0x49, 0x70, 0x88, 0x72, 0x1, 0x6a, 0x71, 0x56,
    0x52, 0x77, 0x0, 0x30, 0x7, 0x70, 0x4b, 0x60,
    0x77, 0x0, 0x60, 0x7, 0x70, 0x0, 0x0, 0x77,
    0x0, 0x0, 0x7, 0x70, 0x10, 0x20, 0x77, 0x13,
    0x74, 0x8, 0x7, 0x77, 0x77, 0x20,

    /* U+1F50C "🔌" */
    0x0, 0x0, 0x0, 0x0, 0x0, 0x0, 0x0, 0x0,
    0x79, 0x0, 0x0, 0x0, 0x0, 0x0, 0x7, 0x48,
    0x3, 0x20, 0x0, 0x0, 0x71, 0x7, 0x4c, 0x78,
    0x20, 0x0, 0x47, 0x81, 0xa, 0xc0, 0xb4, 0x0,
    0x0, 0x64, 0x84, 0x70, 0x82, 0x80, 0x0, 0x0,
    0x69, 0xc0, 0x82, 0x2, 0x50, 0x0, 0x3, 0x90,
    0x82, 0x0, 0x7, 0x0, 0x0, 0x82, 0x92, 0x0,
    0x0, 0x63, 0x0, 0x0, 0x89, 0x40, 0x0, 0x3,
    0x90, 0x0, 0x0, 0x3, 0x77, 0x12, 0x76, 0x20,
    0x0, 0x0, 0x0, 0x7, 0xd1, 0x8, 0x0, 0x0,
    0x0, 0x0, 0x0, 0x78, 0x20,

    /* U+1F50D "🔍" */
    0x0, 0x57, 0x77, 0x60, 0x0, 0x0, 0x0, 0x74,
    0x40, 0x2, 0x80, 0x0, 0x0, 0x34, 0x60, 0x0,
    0x5, 0x30, 0x0, 0x7, 0x32, 0x0, 0x0, 0x7,
    0x0, 0x0, 0x72, 0x30, 0x0, 0x0, 0x70, 0x0,
    0x3, 0x42, 0x0, 0x0, 0x53, 0x0, 0x0, 0x7,
    0x20, 0x0, 0x3f, 0x30, 0x0, 0x0, 0x6, 0x77,
    0x76, 0xb9, 0x81, 0x0, 0x0, 0x0, 0x0, 0x4,
    0x40, 0x81, 0x0, 0x0, 0x0, 0x0, 0x6, 0x40,
    0x81, 0x0, 0x0, 0x0, 0x0, 0x5, 0x40, 0x80,
    0x0, 0x0, 0x0, 0x0, 0x5, 0x85,

    /* U+1F50E "🔎" */
    0x0, 0x0, 0x0, 0x57, 0x77, 0x60, 0x0, 0x0,
    0x0, 0x63, 0x0, 0x43, 0x90, 0x0, 0x0, 0x26,
    0x0, 0x0, 0x63, 0x60, 0x0, 0x6, 0x0, 0x0,
    0x0, 0x67, 0x0, 0x0, 0x60, 0x0, 0x0, 0x15,
    0x70, 0x0, 0x2, 0x60, 0x0, 0x2, 0x26, 0x0,
    0x0, 0x3f, 0x40, 0x0, 0x18, 0x0, 0x0, 0x88,
    0xc5, 0x77, 0x77, 0x0, 0x0, 0x81, 0x35, 0x0,
    0x0, 0x0, 0x0, 0x81, 0x37, 0x0, 0x0, 0x0,
    0x0, 0x71, 0x37, 0x0, 0x0, 0x0, 0x0, 0x3,
    0x87, 0x0, 0x0, 0x0, 0x0, 0x0,

    /* U+1F50F "🔏" */
    0x0, 0x0, 0x0, 0x1, 0x20, 0x77, 0x10, 0x0,
    0x0, 0xa, 0xef, 0xf4, 0x25, 0x0, 0x0, 0x5,
    0xc3, 0x66, 0xd7, 0x0, 0x0, 0x0, 0x8b, 0x50,
    0x2f, 0x0, 0x0, 0x0, 0x2f, 0xf9, 0x8, 0xf5,
    0x0, 0x0, 0xf, 0x70, 0x8c, 0x17, 0x78, 0x0,
    0x2, 0xa0, 0x3b, 0x77, 0x74, 0x60, 0x1, 0xa0,
    0x46, 0x37, 0x0, 0x16, 0x3, 0x65, 0x84, 0x6,
    0xc0, 0x1, 0x60, 0x66, 0x5a, 0x0, 0x7d, 0x0,
    0x16, 0xd, 0x96, 0x80, 0x1, 0x20, 0x2, 0x52,
    0x70, 0x3, 0x87, 0x77, 0x77, 0x60,

    /* U+1F510 "🔐" */
    0x0, 0x0, 0x21, 0x0, 0x0, 0x0, 0x0, 0x2,
    0xed, 0xe8, 0x4, 0x75, 0x0, 0x0, 0xc6, 0x1,
    0xdc, 0x30, 0x19, 0x0, 0xf, 0x10, 0xc, 0x52,
    0x85, 0x16, 0x0, 0xf0, 0x0, 0xc1, 0x17, 0x30,
    0x70, 0x5f, 0x87, 0x7f, 0xa0, 0x0, 0x25, 0x95,
    0x70, 0x0, 0x4b, 0x51, 0x28, 0x7, 0x37, 0x76,
    0x77, 0x68, 0x57, 0x0, 0x70, 0x0, 0x72, 0x0,
    0x75, 0x90, 0x7, 0x0, 0xd, 0x50, 0x7, 0x59,
    0x0, 0x70, 0x0, 0xe6, 0x0, 0x95, 0x70, 0x6,
    0x10, 0x2, 0x10, 0xb, 0xd6, 0x0, 0x7, 0x77,
    0x77, 0x78, 0x21, 0x0, 0x0,

    /* U+1F511 "🔑" */
    0x0, 0x0, 0x0, 0x27, 0x77, 0x70, 0x0, 0x0,
    0x0, 0x27, 0x0, 0x0, 0x80, 0x0, 0x0, 0x8,
    0x0, 0x68, 0x41, 0x70, 0x0, 0x0, 0x70, 0x8,
    0x17, 0x7, 0x0, 0x0, 0x7, 0x0, 0x16, 0x0,
    0x70, 0x0, 0x4, 0x61, 0x0, 0x0, 0x35, 0x0,
    0x4, 0x54, 0x20, 0x0, 0x37, 0x0, 0x5, 0x55,
    0x22, 0x87, 0x74, 0x0, 0x5, 0x45, 0x29, 0x60,
    0x0, 0x0, 0x5, 0x45, 0x77, 0x50, 0x0, 0x0,
    0x0, 0x75, 0x17, 0x0, 0x0, 0x0, 0x0, 0x8,
    0x97, 0x60, 0x0, 0x0, 0x0, 0x0,

    /* U+1F512 "🔒" */
    0x0, 0x0, 0x10, 0x0, 0x0, 0x3, 0xee, 0xe4,
    0x0, 0x0, 0xe5, 0x4, 0xe0, 0x0, 0x1f, 0x0,
    0xe, 0x20, 0x2, 0xe0, 0x0, 0xe2, 0x0, 0x8f,
    0x77, 0x7f, 0x91, 0xb5, 0x70, 0x0, 0x63, 0xd7,
    0x47, 0x76, 0x77, 0x58, 0x70, 0x0, 0x80, 0x0,
    0x77, 0x0, 0x1e, 0x10, 0x7, 0x70, 0x1, 0xf2,
    0x0, 0x77, 0x0, 0x2, 0x0, 0x8, 0x17, 0x77,
    0x77, 0x77, 0x20,

    /* U+1F513 "🔓" */
    0x0, 0x0, 0x10, 0x0, 0x0, 0x3, 0xee, 0xe6,
    0x0, 0x0, 0xd5, 0x2, 0xf2, 0x0, 0x1f, 0x0,
    0xb, 0x50, 0x2, 0xe0, 0x0, 0x53, 0x0, 0x8f,
    0x77, 0x77, 0x61, 0xb4, 0x80, 0x0, 0x63, 0xd7,
    0x56, 0x66, 0x66, 0x68, 0x70, 0x0, 0x81, 0x0,
    0x77, 0x0, 0xe, 0x30, 0x7, 0x70, 0x0, 0xf4,
    0x0, 0x77, 0x0, 0x2, 0x0, 0x8, 0x17, 0x77,
    0x77, 0x77, 0x20,

    /* U+1F514 "🔔" */
    0x0, 0x0, 0x3, 0x88, 0x0, 0x0, 0x0, 0x0,
    0x0, 0x65, 0x90, 0x0, 0x0, 0x0, 0x0, 0x24,
    0x77, 0x71, 0x0, 0x0, 0x0, 0x33, 0x40, 0x0,
    0x80, 0x0, 0x0, 0x6, 0x61, 0x0, 0x1, 0x50,
    0x0, 0x2, 0x42, 0x0, 0x0, 0x6, 0x0, 0x0,
    0x41, 0x0, 0x0, 0x0, 0x60, 0x0, 0x6, 0x0,
    0x0, 0x0, 0x6, 0x0, 0x1, 0xb6, 0x66, 0x55,
    0x20, 0x16, 0x0, 0x73, 0x68, 0x99, 0x99, 0x75,
    0x54, 0x2f, 0xff, 0xf9, 0x2, 0xff, 0xff, 0x90,
    0x38, 0xce, 0xf9, 0xce, 0xda, 0x60,

    /* U+1F515 "🔕" */
    0x0, 0x0, 0x1, 0x21, 0x0, 0x0, 0x0, 0x0,
    0x48, 0x64, 0x58, 0x60, 0x0, 0x0, 0x94, 0x2,
    0x63, 0x2, 0x80, 0x0, 0x56, 0x50, 0x49, 0x60,
    0x1, 0x70, 0x7, 0x3, 0x95, 0x4, 0x50, 0x6,
    0x14, 0x30, 0x9, 0x50, 0x6, 0x0, 0x16, 0x60,
    0x0, 0x53, 0x60, 0x32, 0x0, 0x76, 0x0, 0x42,
    0x2, 0x60, 0x50, 0x7, 0x34, 0x18, 0x68, 0x7b,
    0xd8, 0x21, 0x50, 0x82, 0xef, 0xe1, 0xcf, 0xf4,
    0x70, 0x4, 0x50, 0x24, 0x54, 0x33, 0x95, 0x0,
    0x5, 0x60, 0x0, 0x0, 0x57, 0x0, 0x0, 0x2,
    0x77, 0x77, 0x83, 0x0, 0x0,

    /* U+1F516 "🔖" */
    0x0, 0x0, 0x0, 0x0, 0x0, 0x0, 0x1, 0xa1,
    0x1, 0x0, 0x0, 0x0, 0x0, 0x11, 0x94, 0x95,
    0x0, 0x0, 0x0, 0x4, 0x9f, 0xb0, 0x63, 0x0,
    0x0, 0x0, 0xa, 0x5f, 0x50, 0x72, 0x0, 0x0,
    0x5, 0x30, 0x64, 0x0, 0x74, 0x0, 0x0, 0x9,
    0x0, 0x0, 0x0, 0x57, 0x0, 0x0, 0x26, 0x0,
    0xc, 0x30, 0x28, 0x30, 0x0, 0x55, 0x0, 0x61,
    0x0, 0x4b, 0x30, 0x0, 0x55, 0x0, 0x6, 0x72,
    0x0, 0x0, 0x0, 0x47, 0x0, 0x70, 0x0, 0x0,
    0x0, 0x0, 0x18, 0x47, 0x0, 0x0, 0x0, 0x0,
    0x0, 0x4, 0xa0, 0x0, 0x0,

    /* U+1F517 "🔗" */
    0x0, 0x0, 0x0, 0x4, 0x77, 0x74, 0x0, 0x0,
    0x0, 0x6, 0x45, 0x76, 0x44, 0x0, 0x0, 0x7,
    0x37, 0x30, 0x34, 0x80, 0x0, 0x9, 0x3b, 0x80,
    0x1, 0x58, 0x0, 0x8, 0x87, 0x73, 0x71, 0x81,
    0x70, 0x8, 0x1a, 0x65, 0x67, 0xa0, 0x81, 0x8,
    0x18, 0x81, 0x8a, 0x45, 0x81, 0x3, 0x38, 0x11,
    0x85, 0x67, 0x90, 0x0, 0x60, 0x70, 0x2, 0xa1,
    0x80, 0x0, 0x4, 0x28, 0x2, 0x81, 0x90, 0x0,
    0x0, 0x8, 0x16, 0x51, 0x90, 0x0, 0x0, 0x0,
    0x17, 0x78, 0x70, 0x0, 0x0, 0x0,

    /* U+1F518 "🔘" */
    0x0, 0x2, 0x77, 0x77, 0x73, 0x0, 0x0, 0x5,
    0x60, 0x0, 0x0, 0x47, 0x0, 0x4, 0x50, 0x1,
    0x42, 0x0, 0x26, 0x0, 0x80, 0x7, 0xff, 0xfa,
    0x0, 0x62, 0x43, 0x3, 0xff, 0xff, 0xf7, 0x0,
    0x76, 0x0, 0x8f, 0xff, 0xff, 0xc0, 0x7, 0x60,
    0x7, 0xff, 0xff, 0xfb, 0x0, 0x74, 0x30, 0x2f,
    0xff, 0xff, 0x50, 0x7, 0x8, 0x0, 0x4d, 0xfe,
    0x70, 0x6, 0x20, 0x45, 0x0, 0x1, 0x0, 0x2,
    0x70, 0x0, 0x56, 0x0, 0x0, 0x4, 0x70, 0x0,
    0x0, 0x27, 0x77, 0x77, 0x30, 0x0,

    /* U+1F519 "🔙" */
    0x2, 0x33, 0x33, 0x33, 0x33, 0x33, 0x2, 0xff,
    0xff, 0xff, 0xff, 0xff, 0xfd, 0x4f, 0xff, 0xfc,
    0xff, 0xff, 0xff, 0xe4, 0xff, 0xe3, 0x9f, 0xff,
    0xff, 0xfe, 0x4f, 0xe2, 0x1, 0x22, 0x22, 0x2f,
    0xe4, 0xff, 0x60, 0x48, 0x88, 0x88, 0xfe, 0x4f,
    0xff, 0x79, 0xff, 0xff, 0xff, 0xe4, 0xff, 0xff,
    0xef, 0xff, 0xff, 0xfe, 0x4f, 0xff, 0xff, 0xff,
    0xff, 0xff, 0xe4, 0xe4, 0x6f, 0x2e, 0x68, 0x89,
    0xbe, 0x4e, 0x45, 0xa5, 0x95, 0xf8, 0x3f, 0xe4,
    0xe5, 0x77, 0xc7, 0x78, 0x9c, 0x9e, 0x1e, 0xff,
    0xff, 0xff, 0xff, 0xff, 0xb0,

    /* U+1F51A "🔚" */
    0x2, 0x33, 0x33, 0x33, 0x33, 0x33, 0x4, 0xff,
    0xff, 0xff, 0xff, 0xff, 0xfc, 0x6f, 0xff, 0xed,
    0xff, 0xff, 0xff, 0xd6, 0xff, 0xe2, 0xaf, 0xff,
    0xff, 0xfd, 0x6f, 0xe2, 0x1, 0x22, 0x22, 0x3f,
    0xd6, 0xff, 0x50, 0x47, 0x77, 0x77, 0xfd, 0x6f,
    0xff, 0x6a, 0xff, 0xff, 0xff, 0xd6, 0xff, 0xff,
    0xef, 0xff, 0xff, 0xfd, 0x6f, 0xff, 0xff, 0xff,
    0xff, 0xff, 0xd6, 0xfe, 0x5c, 0x1c, 0xa3, 0x6c,
    0xfd, 0x6f, 0xe5, 0xd5, 0x6a, 0x5d, 0x7f, 0xd6,
    0xfe, 0x6c, 0x79, 0xb5, 0x7d, 0xfd, 0x3f, 0xff,
    0xff, 0xff, 0xff, 0xff, 0x90,

    /* U+1F51B "🔛" */
    0x2, 0x33, 0x33, 0x33, 0x33, 0x33, 0x7, 0xff,
    0xff, 0xff, 0xff, 0xff, 0xf8, 0x9f, 0xff, 0xdf,
    0xff, 0xdf, 0xff, 0xa9, 0xff, 0x93, 0xff, 0xf4,
    0x9f, 0xfa, 0x9f, 0x80, 0x4, 0x44, 0x10, 0x8f,
    0xa9, 0xf9, 0x1, 0x55, 0x51, 0x9, 0xfa, 0x9f,
    0xfa, 0x4f, 0xff, 0x4a, 0xff, 0xa9, 0xff, 0xfd,
    0xff, 0xfd, 0xff, 0xfa, 0x9f, 0xff, 0xff, 0xff,
    0xff, 0xff, 0xa9, 0xff, 0x76, 0xa5, 0xb8, 0x6f,
    0xfa, 0x9f, 0xf5, 0xf5, 0x76, 0x78, 0xff, 0xa9,
    0xff, 0x86, 0xb9, 0xd6, 0xbf, 0xfa, 0x5f, 0xff,
    0xff, 0xff, 0xff, 0xff, 0x60,

    /* U+1F51C "🔜" */
    0x3, 0x33, 0x33, 0x33, 0x33, 0x32, 0x9, 0xff,
    0xff, 0xff, 0xff, 0xff, 0xf6, 0xbf, 0xff, 0xff,
    0xfe, 0xdf, 0xff, 0x8b, 0xff, 0xff, 0xff, 0xd1,
    0xdf, 0xf8, 0xbf, 0x52, 0x22, 0x22, 0x1, 0xdf,
    0x8b, 0xf9, 0x77, 0x77, 0x50, 0x3f, 0xf8, 0xbf,
    0xff, 0xff, 0xfd, 0x4f, 0xff, 0x8b, 0xff, 0xff,
    0xff, 0xff, 0xff, 0xf8, 0xbf, 0xff, 0xff, 0xff,
    0xff, 0xff, 0x8b, 0x78, 0x96, 0xa6, 0x69, 0x4c,
    0x88, 0xba, 0x66, 0xf6, 0x3f, 0x57, 0x67, 0x8b,
    0x86, 0xa6, 0xb7, 0x6a, 0x9b, 0x78, 0x7f, 0xff,
    0xff, 0xff, 0xff, 0xff, 0x40,

    /* U+1F51D "🔝" */
    0x2, 0x33, 0x33, 0x33, 0x33, 0x33, 0x15, 0xff,
    0xff, 0xff, 0xff, 0xff, 0xfd, 0x7f, 0xff, 0xff,
    0x5d, 0xff, 0xff, 0xe7, 0xff, 0xff, 0x60, 0x2e,
    0xff, 0xfe, 0x7f, 0xff, 0x90, 0x0, 0x4f, 0xff,
    0xe7, 0xff, 0xfc, 0xb0, 0x5c, 0xff, 0xfe, 0x7f,
    0xff, 0xff, 0x7, 0xff, 0xff, 0xe7, 0xff, 0xff,
    0xf5, 0xaf, 0xff, 0xfe, 0x7f, 0xff, 0xff, 0xff,
    0xff, 0xff, 0xe7, 0xff, 0x57, 0x67, 0x79, 0x5a,
    0xfe, 0x7f, 0xfb, 0xe3, 0xf6, 0x95, 0xbf, 0xe7,
    0xff, 0xbe, 0x96, 0x8a, 0xdf, 0xfe, 0x3f, 0xff,
    0xff, 0xff, 0xff, 0xff, 0xa0,

    /* U+1F51E "🔞" */
    0x0, 0x2, 0x77, 0x77, 0x73, 0x0, 0x0, 0x7,
    0x60, 0x0, 0x0, 0x57, 0x0, 0x4, 0x88, 0x58,
    0x68, 0x83, 0x36, 0x0, 0x80, 0x3b, 0x11, 0x77,
    0x10, 0x71, 0x43, 0x9, 0xf7, 0xa3, 0x39, 0x1,
    0x66, 0x0, 0x1a, 0x5f, 0x34, 0x90, 0x7, 0x60,
    0x0, 0xa2, 0x5f, 0xd1, 0x0, 0x74, 0x30, 0xa,
    0x2b, 0x58, 0xb0, 0x16, 0x8, 0x0, 0xa2, 0xb0,
    0x3f, 0x7, 0x10, 0x44, 0x7, 0x14, 0x99, 0x78,
    0x60, 0x0, 0x56, 0x0, 0x0, 0x5, 0x70, 0x0,
    0x0, 0x27, 0x77, 0x77, 0x30, 0x0,

    /* U+1F51F "🔟" */
    0x48, 0x77, 0x77, 0x77, 0x77, 0x77, 0x77, 0x0,
    0x0, 0x0, 0x0, 0x0, 0x5f, 0x70, 0x6, 0x70,
    0x28, 0x81, 0xf, 0xf7, 0x9, 0x9b, 0xb, 0x1,
    0xb1, 0xff, 0x70, 0x5, 0xb1, 0xa0, 0xb, 0xf,
    0xf7, 0x0, 0x5b, 0x29, 0x0, 0xb0, 0xff, 0x70,
    0x5, 0xb1, 0xa0, 0xc, 0xf, 0xf7, 0x0, 0x5b,
    0xc, 0x1, 0xc0, 0xff, 0x70, 0x4, 0x90, 0x4b,
    0xb4, 0x1f, 0xf7, 0x0, 0x0, 0x0, 0x0, 0x1,
    0xff, 0x70, 0x9d, 0xdd, 0xdd, 0xdd, 0xef, 0xf4,
    0xcf, 0xff, 0xff, 0xff, 0xff, 0xfa,

    /* U+1F520 "🔠" */
    0x2, 0x33, 0x33, 0x33, 0x33, 0x33, 0x6, 0xff,
    0xff, 0xff, 0xff, 0xff, 0xf9, 0x8f, 0xff, 0xef,
    0xfc, 0xcf, 0xff, 0xb8, 0xff, 0xc8, 0xff, 0x8d,
    0x8f, 0xfb, 0x8f, 0xf9, 0x6e, 0xf7, 0x9b, 0xff,
    0xb8, 0xff, 0xcf, 0x9f, 0x7a, 0x9f, 0xfb, 0x8f,
    0xff, 0xff, 0xff, 0xff, 0xff, 0xb8, 0xff, 0xda,
    0xef, 0x9a, 0xdf, 0xfb, 0x8f, 0xfb, 0xff, 0xf8,
    0xf8, 0xff, 0xb8, 0xff, 0xcf, 0xff, 0x8f, 0x8f,
    0xfb, 0x8f, 0xfc, 0xaf, 0xf9, 0x9d, 0xff, 0xb8,
    0xff, 0xff, 0xff, 0xff, 0xff, 0xfb, 0x4f, 0xff,
    0xff, 0xff, 0xff, 0xff, 0x70,

    /* U+1F521 "🔡" */
    0x3f, 0xff, 0xff, 0xff, 0xff, 0xff, 0x86, 0xff,
    0xff, 0xff, 0xbd, 0xff, 0xfc, 0x6f, 0xfd, 0xae,
    0xfb, 0xaa, 0xef, 0xc6, 0xff, 0x77, 0xcf, 0xbc,
    0xbc, 0xfc, 0x6f, 0xf7, 0x7d, 0xfb, 0x87, 0xff,
    0xc6, 0xff, 0xff, 0xff, 0xff, 0xff, 0xfc, 0x6f,
    0xff, 0xff, 0xff, 0xfd, 0xcf, 0xc6, 0xff, 0x89,
    0xff, 0xf7, 0x7b, 0xfc, 0x6f, 0xf8, 0xff, 0xfb,
    0xcc, 0xbf, 0xc6, 0xff, 0x6a, 0xff, 0xe7, 0x8b,
    0xfc, 0x6f, 0xff, 0xef, 0xff, 0xff, 0xff, 0xc3,
    0xff, 0xff, 0xff, 0xff, 0xff, 0xf8,

    /* U+1F522 "🔢" */
    0x4, 0x44, 0x44, 0x44, 0x44, 0x43, 0x8, 0xff,
    0xff, 0xff, 0xff, 0xff, 0xf4, 0x9f, 0xff, 0xef,
    0xfd, 0xcf, 0xff, 0x59, 0xff, 0xbb, 0xff, 0xd8,
    0xff, 0xf5, 0x9f, 0xff, 0xcf, 0xff, 0x8f, 0xff,
    0x59, 0xff, 0xfc, 0xff, 0x69, 0xef, 0xf5, 0x9f,
    0xff, 0xff, 0xff, 0xff, 0xff, 0x59, 0xff, 0xba,
    0xff, 0xfb, 0xff, 0xf5, 0x9f, 0xfe, 0x8f, 0xfd,
    0x5f, 0xff, 0x59, 0xff, 0xd8, 0xef, 0x55, 0xdf,
    0xf5, 0x9f, 0xfa, 0x8f, 0xff, 0xaf, 0xff, 0x59,
    0xff, 0xff, 0xff, 0xff, 0xff, 0xf5, 0x6f, 0xff,
    0xff, 0xff, 0xff, 0xff, 0x30,

    /* U+1F523 "🔣" */
    0x0, 0x11, 0x11, 0x11, 0x11, 0x11, 0x2, 0xff,
    0xff, 0xff, 0xff, 0xff, 0xfc, 0x4f, 0xff, 0xff,
    0xff, 0xfb, 0xff, 0xf4, 0xff, 0x74, 0x7f, 0xfc,
    0x5f, 0xff, 0x4f, 0xfc, 0x3c, 0xff, 0xcb, 0xff,
    0xf4, 0xff, 0xf5, 0xff, 0xf3, 0xbf, 0xff, 0x4f,
    0xff, 0xff, 0xff, 0xef, 0xff, 0xf4, 0xff, 0xdb,
    0xff, 0xce, 0xfd, 0xff, 0x4f, 0xf5, 0x5f, 0xf5,
    0x88, 0xff, 0xf4, 0xff, 0x45, 0x5f, 0xea, 0x55,
    0xdf, 0x4f, 0xf7, 0x67, 0xff, 0xab, 0x6e, 0xf4,
    0xff, 0xff, 0xff, 0xff, 0xff, 0xff, 0x1e, 0xff,
    0xff, 0xff, 0xff, 0xff, 0xb0,

    /* U+1F524 "🔤" */
    0x0, 0x0, 0x0, 0x0, 0x0, 0x0, 0x4, 0xff,
    0xff, 0xff, 0xff, 0xff, 0xf8, 0x7f, 0xff, 0xff,
    0xff, 0xff, 0xff, 0xb7, 0xff, 0xff, 0xff, 0xff,
    0xff, 0xfb, 0x7f, 0xff, 0xfb, 0xff, 0xff, 0xff,
    0xb7, 0xfd, 0xbf, 0x7b, 0xdf, 0xea, 0xfb, 0x7f,
    0xe9, 0xc6, 0xe7, 0xf7, 0xef, 0xb7, 0xf7, 0x9c,
    0x6f, 0x7f, 0x7f, 0xfb, 0x7f, 0xba, 0xec, 0xab,
    0xfc, 0x9f, 0xb7, 0xff, 0xff, 0xff, 0xff, 0xff,
    0xfb, 0x7f, 0xff, 0xff, 0xff, 0xff, 0xff, 0xb7,
    0xff, 0xff, 0xff, 0xff, 0xff, 0xfb, 0x4f, 0xff,
    0xff, 0xff, 0xff, 0xff, 0x70,

    /* U+1F525 "🔥" */
    0x0, 0x0, 0x12, 0x0, 0x0, 0x0, 0x0, 0x3,
    0xfa, 0x0, 0x0, 0x0, 0x0, 0xf, 0xf7, 0x0,
    0x0, 0x0, 0x2, 0xff, 0xd0, 0x0, 0x0, 0x30,
    0xbf, 0xff, 0x0, 0x0, 0x59, 0x6f, 0x98, 0xd0,
    0x0, 0xc, 0xdc, 0xb0, 0xad, 0x2, 0x0, 0xff,
    0xf5, 0x8, 0xfe, 0xf0, 0xf, 0xfe, 0x60, 0xd,
    0xff, 0x40, 0xef, 0x53, 0x0, 0x2f, 0xf3, 0x8,
    0xf3, 0x0, 0x0, 0xee, 0x0, 0xc, 0xb0, 0x0,
    0x6f, 0x30, 0x0, 0x7, 0xba, 0xb9, 0x10, 0x0,

    /* U+1F526 "🔦" */
    0x0, 0x0, 0x10, 0x0, 0x0, 0x0, 0x0, 0x3,
    0xcf, 0xf0, 0x0, 0x0, 0x0, 0x4, 0x9b, 0xbe,
    0x70, 0x0, 0x0, 0x1, 0xb8, 0x30, 0x76, 0x10,
    0x0, 0x0, 0x6f, 0x60, 0x81, 0x19, 0x0, 0x0,
    0x4, 0xf8, 0x81, 0x3, 0x85, 0x0, 0x0, 0x9,
    0x80, 0x3, 0x74, 0x64, 0x0, 0x0, 0x2, 0x7c,
    0x50, 0x7b, 0x64, 0x0, 0x0, 0x0, 0x18, 0x0,
    0x91, 0x63, 0x0, 0x0, 0x0, 0x18, 0x10, 0x0,
    0x72, 0x0, 0x0, 0x0, 0x8, 0x10, 0x0, 0x70,
    0x0, 0x0, 0x0, 0x8, 0x10, 0x16, 0x0, 0x0,
    0x0, 0x0, 0x8, 0x77, 0x0,

    /* U+1F527 "🔧" */
    0x2, 0x97, 0x83, 0x0, 0x0, 0x0, 0x0, 0x5,
    0x70, 0x71, 0x0, 0x0, 0x0, 0x55, 0x8, 0x0,
    0x60, 0x0, 0x0, 0x5, 0x48, 0x20, 0x25, 0x0,
    0x0, 0x0, 0x9, 0x10, 0x11, 0x80, 0x0, 0x0,
    0x0, 0x6, 0x78, 0x21, 0x80, 0x0, 0x0, 0x0,
    0x0, 0x8, 0x10, 0x81, 0x0, 0x0, 0x0, 0x0,
    0x8, 0x0, 0x81, 0x0, 0x0, 0x0, 0x0, 0x18,
    0x0, 0x82, 0x0, 0x0, 0x0, 0x0, 0x17, 0x0,
    0x71, 0x0, 0x0, 0x0, 0x0, 0x36, 0x71, 0x60,
    0x0, 0x0, 0x0, 0x0, 0x47, 0x81,

    /* U+1F528 "🔨" */
    0x0, 0x0, 0x47, 0x8b, 0x0, 0x0, 0x0, 0x0,
    0x74, 0x56, 0x10, 0x0, 0x0, 0x0, 0x62, 0x3,
    0x50, 0x0, 0x0, 0x1, 0x89, 0x1, 0xf8, 0x0,
    0x0, 0x0, 0x80, 0x9, 0xa7, 0x36, 0x0, 0x0,
    0x3, 0x52, 0x60, 0x54, 0x36, 0x0, 0x0, 0x4,
    0x60, 0x0, 0x72, 0x45, 0x0, 0x0, 0x0, 0x0,
    0x0, 0x81, 0x55, 0x0, 0x0, 0x0, 0x0, 0x0,
    0x80, 0x54, 0x0, 0x0, 0x0, 0x0, 0x1, 0x80,
    0x64, 0x0, 0x0, 0x0, 0x0, 0x3, 0x60, 0x80,
    0x0, 0x0, 0x0, 0x0, 0x5, 0x85,

    /* U+1F529 "🔩" */
    0x0, 0x0, 0x1, 0x0, 0x0, 0x0, 0x0, 0x0,
    0x77, 0xab, 0x0, 0x0, 0x0, 0x0, 0x82, 0x7,
    0x17, 0x0, 0x0, 0x0, 0x82, 0x1, 0xb5, 0x70,
    0x0, 0x0, 0x34, 0x1, 0x80, 0xb6, 0x0, 0x0,
    0x5, 0x23, 0x90, 0x3d, 0x95, 0x77, 0x0, 0x6b,
    0x59, 0x47, 0x78, 0xa1, 0xa6, 0x0, 0x58, 0x9d,
    0x41, 0x57, 0x56, 0x70, 0x0, 0x0, 0xa, 0x78,
    0x47, 0x79, 0x0, 0x0, 0x0, 0x70, 0x37, 0xc,
    0xb0, 0x0, 0x0, 0xd, 0x7c, 0x17, 0x99, 0x60,
    0x0, 0x0, 0x18, 0x7f, 0x90, 0x57, 0x0, 0x0,
    0x0, 0x0, 0x2, 0x88, 0x0,

    /* U+1F52A "🔪" */
    0x0, 0x10, 0x0, 0x0, 0x0, 0x0, 0x0, 0x1c,
    0xe2, 0x0, 0x0, 0x0, 0x0, 0x0, 0x9d, 0xed,
    0x10, 0x0, 0x0, 0x0, 0x0, 0x1d, 0xff, 0xd1,
    0x0, 0x0, 0x0, 0x0, 0x1, 0xcf, 0xbd, 0x0,
    0x0, 0x0, 0x0, 0x0, 0xc, 0xf4, 0x80, 0x0,
    0x0, 0x0, 0x0, 0x0, 0x46, 0x28, 0x0, 0x0,
    0x0, 0x0, 0x0, 0x62, 0x1, 0x80, 0x0, 0x0,
    0x0, 0x0, 0x81, 0x0, 0x28, 0x0, 0x0, 0x0,
    0x0, 0x8, 0x10, 0x2, 0x60, 0x0, 0x0, 0x0,
    0x0, 0x75, 0x0, 0x35, 0x0, 0x0, 0x0, 0x0,
    0x3, 0x83, 0x6, 0x20, 0x0, 0x0, 0x0, 0x0,
    0x3, 0x77, 0xb0,

    /* U+1F52B "🔫" */
    0x0, 0x5, 0x66, 0x66, 0x65, 0x5, 0x50, 0x0,
    0x5, 0x14, 0x77, 0x74, 0x2a, 0x10, 0x60, 0x0,
    0x60, 0x0, 0x0, 0x0, 0xa0, 0x6, 0x0, 0x17,
    0xc8, 0x66, 0x66, 0x78, 0x1, 0x50, 0x3b, 0x6,
    0x60, 0x0, 0x0, 0x0, 0xc, 0x95, 0xe0, 0x66,
    0x0, 0x0, 0x0, 0x0, 0xd9, 0x3, 0x6c, 0xc4,
    0x69, 0x99, 0x92, 0x72, 0x0, 0x0, 0x0, 0x54,
    0x76, 0x7, 0x82, 0x0, 0x0, 0x0, 0x0, 0x66,
    0x51, 0x6b, 0x0, 0x0, 0x0, 0x0, 0x0, 0x56,
    0x64, 0x95, 0x0, 0x0, 0x0, 0x0, 0x0, 0x6,
    0x0, 0x60, 0x0, 0x0, 0x0, 0x0, 0x0, 0x16,
    0x63, 0x0,

    /* U+1F52C "🔬" */
    0x0, 0x0, 0x0, 0x89, 0x20, 0x0, 0x0, 0x0,
    0x69, 0x64, 0x0, 0x0, 0x0, 0x61, 0x39, 0x0,
    0x0, 0x0, 0x15, 0x5, 0xc0, 0x0, 0x0, 0xa,
    0x60, 0x79, 0x80, 0x0, 0x3, 0xf1, 0x9c, 0x81,
    0x50, 0x0, 0x8, 0xdf, 0x26, 0x7, 0x0, 0x2a,
    0x51, 0x60, 0x60, 0x70, 0x2, 0x4a, 0x73, 0x73,
    0x7, 0x0, 0x3f, 0x67, 0x66, 0x20, 0x70, 0x67,
    0xd7, 0x60, 0x84, 0x7, 0x89, 0x77, 0x77, 0x77,
    0x77, 0x7a,

    /* U+1F52D "🔭" */
    0x2, 0x0, 0x0, 0x0, 0x0, 0x0, 0x0, 0x5f,
    0xd7, 0x10, 0x0, 0x0, 0x0, 0x0, 0xb2, 0x61,
    0xb5, 0x0, 0x0, 0x0, 0x0, 0xc7, 0x10, 0x72,
    0x77, 0x20, 0x0, 0x0, 0x9c, 0x42, 0x60, 0x0,
    0x68, 0x60, 0x10, 0x0, 0x38, 0x87, 0x3a, 0x20,
    0xe6, 0xd0, 0x0, 0x0, 0x3, 0xfa, 0x65, 0x65,
    0xc2, 0x0, 0x0, 0x0, 0xff, 0x2a, 0x57, 0x60,
    0x0, 0x0, 0x6, 0x77, 0x50, 0x0, 0x0, 0x0,
    0x0, 0x8, 0x43, 0x80, 0x0, 0x0, 0x0, 0x0,
    0x62, 0x43, 0x26, 0x0, 0x0, 0x0, 0x0, 0x80,
    0x43, 0x8, 0x0, 0x0, 0x0, 0x0, 0x0, 0x43,
    0x0, 0x0, 0x0, 0x0, 0x0, 0x0, 0x0, 0x0,
    0x0, 0x0,

    /* U+1F52E "🔮" */
    0x0, 0x0, 0x1, 0x0, 0x0, 0x0, 0x1, 0xaf,
    0xff, 0xb3, 0x0, 0x1, 0xef, 0x9e, 0xfe, 0xf4,
    0x0, 0xbd, 0xcf, 0xff, 0x6f, 0xe0, 0x1f, 0x7f,
    0xfd, 0x40, 0x7f, 0x54, 0xfa, 0xff, 0xfc, 0x2f,
    0xf8, 0x3f, 0xff, 0xfe, 0xfb, 0xff, 0x70, 0xff,
    0xfe, 0x4d, 0xff, 0xf3, 0x7, 0xff, 0xe4, 0xdf,
    0xfb, 0x0, 0xa, 0xff, 0xef, 0xff, 0x0, 0x0,
    0x55, 0x8a, 0x95, 0x70, 0x0, 0x7, 0x10, 0x0,
    0x9, 0x0, 0x0, 0x6, 0x77, 0x77, 0x20, 0x0,

    /* U+1F52F "🔯" */
    0x0, 0x0, 0x0, 0x0, 0x0, 0x0, 0x4, 0xff,
    0xff, 0xff, 0xff, 0xff, 0xf7, 0x7f, 0xff, 0xff,
    0xdf, 0xff, 0xff, 0xa7, 0xff, 0xff, 0xe4, 0xdf,
    0xff, 0xfa, 0x7f, 0xec, 0xc6, 0xb5, 0xcc, 0xdf,
    0xa7, 0xfe, 0x69, 0x9c, 0xb7, 0x8c, 0xfa, 0x7f,
    0xf9, 0x7f, 0x9f, 0x88, 0xff, 0xa7, 0xff, 0x87,
    0xfa, 0xf8, 0x7f, 0xfa, 0x7f, 0xd6, 0x88, 0xba,
    0x67, 0xbf, 0xa7, 0xfe, 0xdd, 0x6b, 0x6d, 0xde,
    0xfa, 0x7f, 0xff, 0xfe, 0x4d, 0xff, 0xff, 0xa7,
    0xff, 0xff, 0xfe, 0xff, 0xff, 0xfa, 0x4f, 0xff,
    0xff, 0xff, 0xff, 0xff, 0x60,

    /* U+1F530 "🔰" */
    0x0, 0x0, 0x0, 0x0, 0x0, 0x8, 0x60, 0x0,
    0x0, 0x0, 0x3c, 0x72, 0x82, 0x0, 0x0, 0x8f,
    0xe7, 0x0, 0x66, 0x3, 0xdf, 0xfe, 0x70, 0x0,
    0x2a, 0xff, 0xff, 0xe7, 0x0, 0x0, 0xaf, 0xff,
    0xfe, 0x70, 0x0, 0xa, 0xff, 0xff, 0xe7, 0x0,
    0x0, 0xaf, 0xff, 0xfe, 0x70, 0x0, 0xa, 0xff,
    0xff, 0xe7, 0x20, 0x0, 0xaf, 0xff, 0xfd, 0x6,
    0x70, 0xa, 0xff, 0xf9, 0x10, 0x1, 0x84, 0xaf,
    0xd3, 0x0, 0x0, 0x0, 0x4c, 0x70, 0x0, 0x0,

    /* U+1F531 "🔱" */
    0x0, 0x0, 0x0, 0x0, 0x0, 0x0, 0x2, 0x30,
    0x7, 0x10, 0x6, 0x0, 0x7, 0x60, 0x7, 0x70,
    0x19, 0x30, 0x6, 0x60, 0x62, 0x70, 0x51, 0x70,
    0x61, 0x42, 0xa3, 0x86, 0x70, 0x60, 0x6b, 0x60,
    0x24, 0x70, 0x62, 0xc2, 0x71, 0x70, 0x43, 0x70,
    0x15, 0x71, 0x70, 0x70, 0x61, 0x70, 0x7, 0x16,
    0x70, 0x82, 0x70, 0x52, 0x55, 0x7, 0x80, 0x5,
    0x70, 0x27, 0x20, 0x53, 0x17, 0x51, 0x0, 0x0,
    0x27, 0x50, 0x0, 0x26, 0x80, 0xa, 0x40, 0x0,
    0x0, 0x0, 0x87, 0x75, 0x0, 0x0,

    /* U+1F532 "🔲" */
    0x2, 0x33, 0x33, 0x33, 0x33, 0x33, 0x2, 0xff,
    0xff, 0xff, 0xff, 0xff, 0xfd, 0x4f, 0xff, 0xff,
    0xff, 0xff, 0xff, 0xe4, 0xff, 0x10, 0x0, 0x0,
    0x6, 0xfe, 0x4f, 0xe0, 0x0, 0x0, 0x0, 0x4f,
    0xe4, 0xfe, 0x0, 0x0, 0x0, 0x4, 0xfe, 0x4f,
    0xe0, 0x0, 0x0, 0x0, 0x4f, 0xe4, 0xfe, 0x0,
    0x0, 0x0, 0x4, 0xfe, 0x4f, 0xe0, 0x0, 0x0,
    0x0, 0x4f, 0xe4, 0xfe, 0x0, 0x0, 0x0, 0x4,
    0xfe, 0x4f, 0xf4, 0x44, 0x44, 0x44, 0x8f, 0xe4,
    0xff, 0xff, 0xff, 0xff, 0xff, 0xfe, 0x1e, 0xff,
    0xff, 0xff, 0xff, 0xff, 0xa0,

    /* U+1F533 "🔳" */
    0x48, 0x77, 0x77, 0x77, 0x77, 0x77, 0x67, 0x0,
    0x0, 0x0, 0x0, 0x0, 0x7, 0x70, 0xc, 0xdd,
    0xdd, 0xdd, 0x20, 0x77, 0x0, 0xff, 0xff, 0xff,
    0xf3, 0x7, 0x70, 0xf, 0xff, 0xff, 0xff, 0x30,
    0x77, 0x0, 0xff, 0xff, 0xff, 0xf3, 0x7, 0x70,
    0xf, 0xff, 0xff, 0xff, 0x30, 0x77, 0x0, 0xff,
    0xff, 0xff, 0xf3, 0x7, 0x70, 0xf, 0xff, 0xff,
    0xff, 0x30, 0x77, 0x0, 0x33, 0x33, 0x33, 0x30,
    0x7, 0x70, 0x0, 0x0, 0x0, 0x0, 0x0, 0x74,
    0x87, 0x77, 0x77, 0x77, 0x77, 0x76,

    /* U+1F534 "🔴" */
    0x0, 0x0, 0x1, 0x21, 0x0, 0x0, 0x0, 0x0,
    0x4d, 0x6b, 0x5c, 0x60, 0x0, 0x0, 0xc4, 0x70,
    0x70, 0x72, 0xd0, 0x0, 0x5a, 0x7, 0x7, 0x7,
    0x8, 0x70, 0x7, 0x70, 0x70, 0x70, 0x70, 0x75,
    0x34, 0x37, 0x7, 0x7, 0x7, 0x7, 0x7, 0x60,
    0x70, 0x70, 0x70, 0x70, 0x70, 0x76, 0x7, 0x7,
    0x7, 0x7, 0x7, 0x7, 0x34, 0x70, 0x70, 0x70,
    0x70, 0x70, 0x70, 0x87, 0x7, 0x7, 0x7, 0x7,
    0x61, 0x4, 0xd0, 0x70, 0x70, 0x70, 0xa6, 0x0,
    0x5, 0x77, 0x7, 0x7, 0x57, 0x0, 0x0, 0x1,
    0xa7, 0xc7, 0xa3, 0x0, 0x0,

    /* U+1F535 "🔵" */
    0x0, 0x2, 0x77, 0x77, 0x73, 0x0, 0x0, 0x9,
    0xe7, 0x77, 0x77, 0xcc, 0x0, 0x4, 0x50, 0x0,
    0x0, 0x0, 0x26, 0x0, 0xd7, 0x77, 0x77, 0x77,
    0x77, 0xd2, 0x43, 0x0, 0x0, 0x0, 0x0, 0x0,
    0x77, 0x87, 0x77, 0x77, 0x77, 0x77, 0x7a, 0x78,
    0x77, 0x77, 0x77, 0x77, 0x77, 0xa4, 0x30, 0x0,
    0x0, 0x0, 0x0, 0x7, 0xd, 0x77, 0x77, 0x77,
    0x77, 0x7d, 0x20, 0x45, 0x0, 0x0, 0x0, 0x2,
    0x70, 0x0, 0x9e, 0x77, 0x77, 0x7c, 0xc0, 0x0,
    0x0, 0x27, 0x77, 0x77, 0x30, 0x0,

    /* U+1F536 "🔶" */
    0x0, 0x0, 0x0, 0x20, 0x0, 0x0, 0x0, 0x0,
    0x0, 0x7c, 0x80, 0x0, 0x0, 0x0, 0x0, 0x7a,
    0x71, 0x80, 0x0, 0x0, 0x0, 0x8a, 0x2f, 0x9,
    0x80, 0x0, 0x0, 0x77, 0xe0, 0xa7, 0x72, 0x80,
    0x0, 0x7f, 0xb, 0x67, 0x2f, 0x9, 0x80, 0x53,
    0xb6, 0x73, 0xe0, 0xa7, 0x72, 0x63, 0x57, 0x4d,
    0xb, 0x67, 0x2f, 0x45, 0x4, 0xb0, 0xb6, 0x73,
    0xe0, 0xc7, 0x0, 0x4, 0x57, 0x4d, 0xb, 0x96,
    0x0, 0x0, 0x4, 0xb0, 0xb6, 0x96, 0x0, 0x0,
    0x0, 0x4, 0x57, 0x77, 0x0, 0x0, 0x0, 0x0,
    0x5, 0xd6, 0x0, 0x0, 0x0,

    /* U+1F537 "🔷" */
    0x0, 0x0, 0x5, 0x86, 0x0, 0x0, 0x0, 0x0,
    0x8, 0xc7, 0xba, 0x0, 0x0, 0x0, 0x5, 0x50,
    0x0, 0x36, 0x0, 0x0, 0x5, 0xc7, 0x77, 0x77,
    0xa8, 0x0, 0x5, 0x40, 0x0, 0x0, 0x0, 0x37,
    0x4, 0xa7, 0x77, 0x77, 0x77, 0x77, 0x96, 0x4a,
    0x77, 0x77, 0x77, 0x77, 0x79, 0x50, 0x54, 0x0,
    0x0, 0x0, 0x3, 0x70, 0x0, 0x5c, 0x77, 0x77,
    0x7b, 0x80, 0x0, 0x0, 0x55, 0x0, 0x3, 0x60,
    0x0, 0x0, 0x0, 0x8c, 0x7b, 0xa0, 0x0, 0x0,
    0x0, 0x0, 0x58, 0x60, 0x0, 0x0,

    /* U+1F538 "🔸" */
    0x0, 0x0, 0x0, 0x5a, 0x60, 0x2d, 0x9b, 0x31,
    0xb9, 0xd3, 0x3, 0x85, 0x0,

    /* U+1F539 "🔹" */
    0x0, 0x0, 0x0, 0x47, 0x60, 0x39, 0x78, 0x61,
    0x74, 0x63, 0x3, 0x64, 0x0,

    /* U+1F53A "🔺" */
    0x0, 0x2, 0x0, 0x0, 0x0, 0x1f, 0x40, 0x0,
    0x0, 0x9f, 0xd0, 0x0, 0x3, 0xff, 0xf6, 0x0,
    0xc, 0xff, 0xfe, 0x10, 0x5f, 0xff, 0xff, 0x80,
    0xcf, 0xff, 0xff, 0xf0, 0x1, 0x11, 0x11, 0x0,

    /* U+1F53B "🔻" */
    0x24, 0x44, 0x44, 0x30, 0xbf, 0xff, 0xff, 0xe0,
    0x3f, 0xff, 0xff, 0x70, 0xa, 0xff, 0xfd, 0x0,
    0x1, 0xff, 0xf4, 0x0, 0x0, 0x7f, 0xb0, 0x0,
    0x0, 0xd, 0x20, 0x0, 0x0, 0x0, 0x0, 0x0,

    /* U+1F53C "🔼" */
    0x2, 0x33, 0x33, 0x33, 0x33, 0x33, 0x12, 0xff,
    0xff, 0xff, 0xff, 0xff, 0xfd, 0x4f, 0xff, 0xff,
    0xff, 0xff, 0xff, 0xe4, 0xff, 0xff, 0xff, 0xff,
    0xff, 0xfe, 0x4f, 0xff, 0xff, 0x8d, 0xff, 0xff,
    0xe4, 0xff, 0xff, 0xe0, 0x4f, 0xff, 0xfe, 0x4f,
    0xff, 0xf5, 0x0, 0xbf, 0xff, 0xe4, 0xff, 0xfc,
    0x0, 0x2, 0xff, 0xfe, 0x4f, 0xff, 0x20, 0x0,
    0x8, 0xff, 0xe4, 0xff, 0xfd, 0xdd, 0xdd, 0xdf,
    0xfe, 0x4f, 0xff, 0xff, 0xff, 0xff, 0xff, 0xe4,
    0xff, 0xff, 0xff, 0xff, 0xff, 0xfe, 0x1e, 0xff,
    0xff, 0xff, 0xff, 0xff, 0xa0,

    /* U+1F53D "🔽" */
    0x0, 0x0, 0x0, 0x0, 0x0, 0x0, 0x2, 0xff,
    0xff, 0xff, 0xff, 0xff, 0xfb, 0x4f, 0xff, 0xff,
    0xff, 0xff, 0xff, 0xe4, 0xff, 0xff, 0xff, 0xff,
    0xff, 0xfe, 0x4f, 0xff, 0xcc, 0xcc, 0xcd, 0xff,
    0xe4, 0xff, 0xf3, 0x0, 0x0, 0x8f, 0xfe, 0x4f,
    0xff, 0xc0, 0x0, 0x2f, 0xff, 0xe4, 0xff, 0xff,
    0x60, 0xb, 0xff, 0xfe, 0x4f, 0xff, 0xfe, 0x5,
    0xff, 0xff, 0xe4, 0xff, 0xff, 0xf9, 0xdf, 0xff,
    0xfe, 0x4f, 0xff, 0xff, 0xff, 0xff, 0xff, 0xe4,
    0xff, 0xff, 0xff, 0xff, 0xff, 0xfe, 0x2f, 0xff,
    0xff, 0xff, 0xff, 0xff, 0xc0, 0x12, 0x22, 0x22,
    0x22, 0x22, 0x20,

    /* U+1F549 "🕉" */
    0x2, 0x33, 0x33, 0x33, 0x33, 0x33, 0x3, 0xff,
    0xff, 0xff, 0xff, 0xff, 0xfb, 0x5f, 0xff, 0xff,
    0xfd, 0x2f, 0xff, 0xd5, 0xff, 0xff, 0xf9, 0xa8,
    0x77, 0xfd, 0x5f, 0xe4, 0x0, 0x99, 0x68, 0xef,
    0xd5, 0xff, 0x9f, 0xc7, 0xf7, 0x38, 0xfd, 0x5f,
    0xff, 0xb4, 0xea, 0x4f, 0x8d, 0xd5, 0xff, 0xf4,
    0x37, 0x7f, 0xfb, 0xad, 0x5f, 0xff, 0xfe, 0x6f,
    0xff, 0xab, 0xd5, 0xf7, 0xff, 0xe3, 0xd7, 0x92,
    0xfd, 0x5f, 0x72, 0x51, 0x7f, 0xa6, 0xcf, 0xd5,
    0xff, 0xa6, 0x9f, 0xff, 0xff, 0xfd, 0x2e, 0xff,
    0xff, 0xff, 0xff, 0xff, 0x90,

    /* U+1F54A "🕊" */
    0x0, 0x0, 0x0, 0x0, 0x0, 0x0, 0x0, 0x0,
    0x5, 0x4, 0x20, 0x3e, 0x60, 0x27, 0x85, 0x25,
    0x77, 0x90, 0x1e, 0xf6, 0x65, 0x58, 0x60, 0xa6,
    0xbb, 0x58, 0xff, 0xd2, 0x1, 0xa1, 0x4, 0xa7,
    0x50, 0xcf, 0xf2, 0x5, 0x8a, 0x0, 0x69, 0x73,
    0x9f, 0xf4, 0x0, 0x28, 0x10, 0xc, 0xf3, 0x10,
    0xa7, 0x0, 0x3b, 0x20, 0x0, 0x24, 0x70, 0x0,
    0x0, 0x6, 0x90, 0x0, 0x0, 0x7, 0x0, 0x0,
    0x1, 0x98, 0x20, 0x0, 0x0, 0x70, 0x0, 0x0,
    0x51, 0x18, 0x0, 0x0, 0x1, 0x82, 0x0, 0x0,
    0x3, 0x40, 0x0, 0x0, 0x0, 0x67, 0x78, 0x1,
    0x80, 0x0, 0x0, 0x0, 0x0, 0x0, 0x19, 0x60,
    0x0, 0x0,

    /* U+1F54B "🕋" */
    0x0, 0x0, 0x38, 0xca, 0x50, 0x0, 0x0, 0x49,
    0xef, 0xff, 0xff, 0xfa, 0x50, 0x9f, 0xff, 0xda,
    0x89, 0xbf, 0xff, 0xd7, 0xa9, 0x75, 0xa9, 0xa6,
    0x88, 0x9a, 0x79, 0xaa, 0xab, 0x8b, 0xb9, 0x99,
    0x97, 0x88, 0xaa, 0xee, 0xec, 0xb9, 0x79, 0x9f,
    0xff, 0xff, 0xff, 0xff, 0xff, 0xd9, 0xff, 0xff,
    0xff, 0xff, 0xff, 0xfd, 0x9f, 0xff, 0xff, 0xff,
    0xff, 0xff, 0xd9, 0xff, 0xff, 0xff, 0xff, 0xff,
    0xfd, 0x8f, 0xff, 0xff, 0xff, 0xff, 0xff, 0xb0,
    0x1, 0x46, 0x8a, 0x97, 0x42, 0x0,

    /* U+1F54C "🕌" */
    0x0, 0x0, 0x0, 0x0, 0x0, 0x0, 0x0, 0x1a,
    0x30, 0x12, 0x0, 0xa, 0x40, 0x7, 0x8, 0x9,
    0x72, 0x5, 0x17, 0x0, 0x9f, 0xc0, 0x4d, 0x30,
    0x6f, 0xd0, 0xb, 0xff, 0x7, 0xa7, 0x8, 0xff,
    0x0, 0x70, 0x77, 0x0, 0x7, 0x52, 0x70, 0x7,
    0x7, 0x60, 0x0, 0x29, 0x27, 0x2, 0xb7, 0xbd,
    0x77, 0x7d, 0xaa, 0xc3, 0x8a, 0x2a, 0xfe, 0xb9,
    0xfa, 0x49, 0x97, 0x76, 0x76, 0x18, 0x6, 0x68,
    0x77, 0x77, 0x67, 0xc7, 0xf4, 0xd6, 0x87, 0x77,
    0x76, 0x7f, 0x8f, 0x4f, 0x68, 0x77, 0x9e, 0xef,
    0xfe, 0xfb, 0xfd, 0xff, 0xa0,

    /* U+1F54D "🕍" */
    0x0, 0x0, 0x0, 0x0, 0x1, 0x0, 0xc, 0xb0,
    0x0, 0x0, 0x7e, 0x10, 0xe, 0xe0, 0x7, 0x0,
    0xaf, 0x20, 0x4b, 0xb3, 0xe, 0x30, 0xca, 0x70,
    0x47, 0x74, 0x82, 0x90, 0x78, 0x70, 0x45, 0x59,
    0x9a, 0x98, 0x73, 0x70, 0xd8, 0x8d, 0xc5, 0xa9,
    0xe4, 0xf0, 0xf9, 0x85, 0xbb, 0x84, 0xb4, 0xf1,
    0xf9, 0x74, 0x68, 0x80, 0x78, 0xf1, 0xf5, 0x27,
    0x77, 0x77, 0x40, 0xf1, 0xf4, 0xa, 0x2a, 0x2a,
    0x10, 0xf1, 0xf4, 0xf, 0x5f, 0x5f, 0x40, 0xf1,
    0xfa, 0x8f, 0xbf, 0xbf, 0xa7, 0xf1,

    /* U+1F54E "🕎" */
    0x2, 0x33, 0x33, 0x33, 0x33, 0x32, 0x5, 0xff,
    0xff, 0xff, 0xff, 0xff, 0xf7, 0x7f, 0xff, 0xff,
    0xcf, 0xff, 0xff, 0x97, 0xf9, 0x99, 0xfc, 0xf8,
    0xca, 0xf9, 0x7f, 0xbb, 0xcf, 0xbf, 0x9d, 0xbf,
    0x97, 0xf8, 0x9c, 0x79, 0x9b, 0xb8, 0xf9, 0x7f,
    0x9c, 0x6d, 0x7d, 0x9c, 0x8f, 0x97, 0xff, 0x7c,
    0x85, 0x8c, 0x7f, 0xf9, 0x7f, 0xff, 0x97, 0x58,
    0x8f, 0xff, 0x97, 0xff, 0xff, 0xe8, 0xef, 0xff,
    0xf9, 0x7f, 0xfe, 0x9b, 0xdc, 0xbe, 0xff, 0x97,
    0xff, 0xd9, 0xaa, 0xaa, 0xdf, 0xf9, 0x4f, 0xff,
    0xff, 0xff, 0xff, 0xff, 0x50,

    /* U+1F550 "🕐" */
    0x0, 0x0, 0x3, 0x43, 0x0, 0x0, 0x0, 0x0,
    0x8b, 0x86, 0x8b, 0x80, 0x0, 0x0, 0xb4, 0x0,
    0x40, 0x4, 0xb0, 0x0, 0xa3, 0x4, 0x0, 0x4,
    0x3, 0xa0, 0x39, 0x31, 0x0, 0x50, 0x2, 0x29,
    0x38, 0x30, 0x0, 0x7, 0x50, 0x0, 0x38, 0xa0,
    0x40, 0x1, 0xf0, 0x0, 0x40, 0xaa, 0x10, 0x0,
    0x6, 0x0, 0x0, 0x1a, 0x74, 0x20, 0x0, 0x0,
    0x1, 0x14, 0x71, 0xb1, 0x0, 0x0, 0x0, 0x1,
    0xb1, 0x7, 0x70, 0x40, 0x20, 0x50, 0x76, 0x0,
    0x8, 0x91, 0x2, 0x1, 0xa7, 0x0, 0x0, 0x3,
    0xab, 0xbb, 0xa3, 0x0, 0x0,

    /* U+1F551 "🕑" */
    0x0, 0x0, 0x3, 0x43, 0x0, 0x0, 0x0, 0x0,
    0x8b, 0x86, 0x8b, 0x80, 0x0, 0x0, 0xb4, 0x0,
    0x40, 0x4, 0xb0, 0x0, 0xa3, 0x4, 0x0, 0x4,
    0x3, 0xa0, 0x39, 0x31, 0x0, 0x50, 0x2, 0x29,
    0x38, 0x30, 0x0, 0x5, 0x12, 0x0, 0x38, 0xa0,
    0x40, 0x1, 0xf5, 0x0, 0x40, 0xaa, 0x10, 0x0,
    0x6, 0x0, 0x0, 0x1a, 0x74, 0x20, 0x0, 0x0,
    0x1, 0x14, 0x71, 0xb1, 0x0, 0x0, 0x0, 0x1,
    0xb1, 0x7, 0x70, 0x40, 0x20, 0x50, 0x76, 0x0,
    0x8, 0x91, 0x2, 0x1, 0xa7, 0x0, 0x0, 0x3,
    0xab, 0xbb, 0xa3, 0x0, 0x0,

    /* U+1F552 "🕒" */
    0x0, 0x0, 0x3, 0x43, 0x0, 0x0, 0x0, 0x0,
    0x8b, 0x86, 0x8b, 0x80, 0x0, 0x0, 0xb4, 0x0,
    0x40, 0x4, 0xb0, 0x0, 0xa3, 0x4, 0x0, 0x4,
    0x3, 0xa0, 0x39, 0x31, 0x0, 0x50, 0x1, 0x29,
    0x38, 0x30, 0x0, 0x5, 0x0, 0x0, 0x38, 0xa0,
    0x40, 0x0, 0xf7, 0x50, 0x40, 0xaa, 0x10, 0x0,
    0x5, 0x0, 0x0, 0x1a, 0x74, 0x11, 0x0, 0x0,
    0x1, 0x14, 0x71, 0xb1, 0x0, 0x0, 0x0, 0x1,
    0xb1, 0x7, 0x70, 0x50, 0x20, 0x50, 0x76, 0x0,
    0x8, 0x91, 0x2, 0x1, 0xa7, 0x0, 0x0, 0x3,
    0xab, 0xbb, 0xa3, 0x0, 0x0,

    /* U+1F553 "🕓" */
    0x0, 0x0, 0x3, 0x43, 0x0, 0x0, 0x0, 0x0,
    0x8b, 0x86, 0x8b, 0x80, 0x0, 0x0, 0xb4, 0x0,
    0x40, 0x4, 0xb0, 0x0, 0xa3, 0x4, 0x0, 0x4,
    0x3, 0xa0, 0x39, 0x31, 0x0, 0x50, 0x2, 0x29,
    0x38, 0x30, 0x0, 0x5, 0x0, 0x0, 0x38, 0xa0,
    0x40, 0x1, 0xf0, 0x0, 0x40, 0xaa, 0x10, 0x0,
    0x8, 0x81, 0x0, 0x1a, 0x74, 0x20, 0x0, 0x0,
    0x1, 0x14, 0x71, 0xb1, 0x0, 0x0, 0x0, 0x1,
    0xb1, 0x7, 0x70, 0x40, 0x20, 0x50, 0x76, 0x0,
    0x8, 0x91, 0x2, 0x1, 0xa7, 0x0, 0x0, 0x3,
    0xab, 0xbb, 0xa3, 0x0, 0x0,

    /* U+1F554 "🕔" */
    0x0, 0x0, 0x3, 0x43, 0x0, 0x0, 0x0, 0x0,
    0x8b, 0x86, 0x8b, 0x80, 0x0, 0x0, 0xb4, 0x0,
    0x40, 0x4, 0xb0, 0x0, 0xa3, 0x4, 0x0, 0x4,
    0x3, 0xa0, 0x39, 0x31, 0x0, 0x50, 0x2, 0x29,
    0x38, 0x30, 0x0, 0x5, 0x0, 0x0, 0x38, 0xa0,
    0x40, 0x1, 0xe0, 0x0, 0x40, 0xaa, 0x10, 0x0,
    0xc, 0x10, 0x0, 0x1a, 0x74, 0x20, 0x0, 0x5,
    0x1, 0x14, 0x71, 0xb1, 0x0, 0x0, 0x0, 0x1,
    0xb1, 0x7, 0x70, 0x40, 0x20, 0x50, 0x76, 0x0,
    0x8, 0x91, 0x2, 0x1, 0xa7, 0x0, 0x0, 0x3,
    0xab, 0xbb, 0xa3, 0x0, 0x0,

    /* U+1F555 "🕕" */
    0x0, 0x0, 0x3, 0x43, 0x0, 0x0, 0x0, 0x0,
    0x8b, 0x86, 0x8b, 0x80, 0x0, 0x0, 0xb4, 0x0,
    0x40, 0x4, 0xb0, 0x0, 0xa3, 0x4, 0x0, 0x4,
    0x3, 0xa0, 0x39, 0x31, 0x0, 0x50, 0x2, 0x29,
    0x38, 0x30, 0x0, 0x5, 0x0, 0x0, 0x38, 0xa0,
    0x30, 0x0, 0xc0, 0x0, 0x30, 0xaa, 0x11, 0x0,
    0xc, 0x0, 0x1, 0x1a, 0x74, 0x11, 0x0, 0x70,
    0x1, 0x14, 0x71, 0xb1, 0x0, 0x0, 0x0, 0x1,
    0xb1, 0x7, 0x70, 0x50, 0x20, 0x50, 0x76, 0x0,
    0x8, 0x91, 0x2, 0x1, 0xa7, 0x0, 0x0, 0x3,
    0xab, 0xbb, 0xa3, 0x0, 0x0,

    /* U+1F556 "🕖" */
    0x0, 0x0, 0x3, 0x43, 0x0, 0x0, 0x0, 0x0,
    0x8b, 0x86, 0x8b, 0x80, 0x0, 0x0, 0xb4, 0x0,
    0x40, 0x4, 0xb0, 0x0, 0xa3, 0x4, 0x0, 0x4,
    0x3, 0xa0, 0x39, 0x31, 0x0, 0x50, 0x2, 0x29,
    0x38, 0x30, 0x0, 0x5, 0x0, 0x0, 0x38, 0xa0,
    0x40, 0x1, 0xe0, 0x0, 0x40, 0xaa, 0x10, 0x0,
    0x49, 0x0, 0x0, 0x1a, 0x74, 0x20, 0x6, 0x0,
    0x1, 0x14, 0x71, 0xb1, 0x0, 0x0, 0x0, 0x1,
    0xb1, 0x7, 0x70, 0x40, 0x20, 0x50, 0x76, 0x0,
    0x8, 0x91, 0x2, 0x1, 0xa7, 0x0, 0x0, 0x3,
    0xab, 0xbb, 0xa3, 0x0, 0x0,

    /* U+1F557 "🕗" */
    0x0, 0x0, 0x3, 0x43, 0x0, 0x0, 0x0, 0x0,
    0x8b, 0x86, 0x8b, 0x80, 0x0, 0x0, 0xb4, 0x0,
    0x40, 0x4, 0xb0, 0x0, 0xa3, 0x4, 0x0, 0x4,
    0x3, 0xa0, 0x39, 0x31, 0x0, 0x50, 0x2, 0x29,
    0x38, 0x30, 0x0, 0x5, 0x0, 0x0, 0x38, 0xa0,
    0x40, 0x2, 0xe0, 0x0, 0x40, 0xaa, 0x10, 0x3,
    0x87, 0x0, 0x0, 0x1a, 0x74, 0x20, 0x0, 0x0,
    0x1, 0x14, 0x71, 0xb1, 0x0, 0x0, 0x0, 0x1,
    0xb1, 0x7, 0x70, 0x40, 0x20, 0x50, 0x76, 0x0,
    0x8, 0x91, 0x2, 0x1, 0xa7, 0x0, 0x0, 0x3,
    0xab, 0xbb, 0xa3, 0x0, 0x0,

    /* U+1F558 "🕘" */
    0x0, 0x0, 0x3, 0x43, 0x0, 0x0, 0x0, 0x0,
    0x8b, 0x86, 0x8b, 0x80, 0x0, 0x0, 0xb4, 0x0,
    0x0, 0x4, 0xb0, 0x0, 0xa3, 0x3, 0x0, 0x5,
    0x3, 0xa0, 0x39, 0x30, 0x0, 0x50, 0x2, 0x29,
    0x38, 0x30, 0x0, 0x5, 0x0, 0x0, 0x38, 0xa0,
    0x40, 0x6a, 0xb0, 0x0, 0x40, 0xaa, 0x10, 0x0,
    0x15, 0x0, 0x0, 0x1a, 0x74, 0x20, 0x0, 0x0,
    0x2, 0x14, 0x71, 0xb1, 0x0, 0x0, 0x0, 0x1,
    0xb1, 0x7, 0x70, 0x40, 0x0, 0x50, 0x76, 0x0,
    0x8, 0x91, 0x0, 0x1, 0xa7, 0x0, 0x0, 0x3,
    0xab, 0xbb, 0xa3, 0x0, 0x0,

    /* U+1F559 "🕙" */
    0x0, 0x0, 0x3, 0x43, 0x0, 0x0, 0x0, 0x0,
    0x8b, 0x86, 0x8b, 0x80, 0x0, 0x0, 0xb4, 0x0,
    0x40, 0x4, 0xb0, 0x0, 0xa3, 0x4, 0x0, 0x4,
    0x3, 0xa0, 0x39, 0x31, 0x0, 0x50, 0x2, 0x29,
    0x38, 0x30, 0x3, 0x5, 0x0, 0x0, 0x38, 0xa0,
    0x40, 0x8, 0xf0, 0x0, 0x40, 0xaa, 0x10, 0x0,
    0x6, 0x0, 0x0, 0x1a, 0x74, 0x20, 0x0, 0x0,
    0x1, 0x14, 0x71, 0xb1, 0x0, 0x0, 0x0, 0x1,
    0xb1, 0x7, 0x70, 0x40, 0x20, 0x50, 0x76, 0x0,
    0x8, 0x91, 0x2, 0x1, 0xa7, 0x0, 0x0, 0x3,
    0xab, 0xbb, 0xa3, 0x0, 0x0,

    /* U+1F55A "🕚" */
    0x0, 0x0, 0x3, 0x43, 0x0, 0x0, 0x0, 0x0,
    0x8b, 0x86, 0x8b, 0x80, 0x0, 0x0, 0xb4, 0x0,
    0x40, 0x4, 0xb0, 0x0, 0xa3, 0x4, 0x0, 0x4,
    0x3, 0xa0, 0x39, 0x31, 0x0, 0x50, 0x2, 0x29,
    0x38, 0x30, 0x0, 0x75, 0x0, 0x0, 0x38, 0xa0,
    0x40, 0x2, 0xf0, 0x0, 0x40, 0xaa, 0x10, 0x0,
    0x6, 0x0, 0x0, 0x1a, 0x74, 0x20, 0x0, 0x0,
    0x1, 0x14, 0x71, 0xb1, 0x0, 0x0, 0x0, 0x1,
    0xb1, 0x7, 0x70, 0x40, 0x20, 0x50, 0x76, 0x0,
    0x8, 0x91, 0x2, 0x1, 0xa7, 0x0, 0x0, 0x3,
    0xab, 0xbb, 0xa3, 0x0, 0x0,

    /* U+1F55B "🕛" */
    0x0, 0x0, 0x3, 0x43, 0x0, 0x0, 0x0, 0x0,
    0x8b, 0x86, 0x8b, 0x80, 0x0, 0x0, 0xb4, 0x0,
    0x40, 0x4, 0xb0, 0x0, 0xa3, 0x4, 0x0, 0x4,
    0x3, 0xa0, 0x39, 0x31, 0x0, 0x80, 0x2, 0x29,
    0x38, 0x30, 0x0, 0xe, 0x0, 0x0, 0x38, 0xa0,
    0x40, 0x1, 0xf0, 0x0, 0x40, 0xaa, 0x10, 0x0,
    0x6, 0x0, 0x0, 0x1a, 0x74, 0x20, 0x0, 0x0,
    0x1, 0x14, 0x71, 0xb1, 0x0, 0x0, 0x0, 0x1,
    0xb1, 0x7, 0x70, 0x40, 0x20, 0x50, 0x76, 0x0,
    0x8, 0x91, 0x2, 0x1, 0xa7, 0x0, 0x0, 0x3,
    0xab, 0xbb, 0xa3, 0x0, 0x0,

    /* U+1F55C "🕜" */
    0x0, 0x0, 0x3, 0x43, 0x0, 0x0, 0x0, 0x0,
    0x8b, 0x86, 0x8b, 0x80, 0x0, 0x0, 0xb4, 0x0,
    0x40, 0x4, 0xb0, 0x0, 0xa3, 0x4, 0x0, 0x4,
    0x3, 0xa0, 0x39, 0x31, 0x0, 0x0, 0x2, 0x29,
    0x38, 0x30, 0x0, 0x0, 0x50, 0x0, 0x38, 0xa0,
    0x30, 0x1, 0xd4, 0x0, 0x30, 0xaa, 0x11, 0x0,
    0xa, 0x0, 0x1, 0x1a, 0x74, 0x21, 0x0, 0x50,
    0x1, 0x14, 0x71, 0xb1, 0x0, 0x4, 0x0, 0x1,
    0xb1, 0x7, 0x70, 0x40, 0x20, 0x40, 0x76, 0x0,
    0x8, 0x91, 0x2, 0x1, 0xa7, 0x0, 0x0, 0x3,
    0xab, 0xbb, 0xa3, 0x0, 0x0,

    /* U+1F55D "🕝" */
    0x0, 0x0, 0x3, 0x43, 0x0, 0x0, 0x0, 0x0,
    0x8b, 0x86, 0x8b, 0x80, 0x0, 0x0, 0xb4, 0x0,
    0x40, 0x4, 0xb0, 0x0, 0xa3, 0x4, 0x0, 0x4,
    0x3, 0xa0, 0x39, 0x31, 0x0, 0x0, 0x2, 0x29,
    0x38, 0x30, 0x0, 0x0, 0x0, 0x0, 0x38, 0xa0,
    0x30, 0x1, 0xc7, 0x30, 0x30, 0xaa, 0x11, 0x0,
    0xa, 0x0, 0x1, 0x1a, 0x74, 0x21, 0x0, 0x50,
    0x1, 0x14, 0x71, 0xb1, 0x0, 0x4, 0x0, 0x1,
    0xb1, 0x7, 0x70, 0x40, 0x20, 0x40, 0x76, 0x0,
    0x8, 0x91, 0x2, 0x1, 0xa7, 0x0, 0x0, 0x3,
    0xab, 0xbb, 0xa3, 0x0, 0x0,

    /* U+1F55E "🕞" */
    0x0, 0x0, 0x3, 0x43, 0x0, 0x0, 0x0, 0x0,
    0x8b, 0x86, 0x8b, 0x80, 0x0, 0x0, 0xb4, 0x0,
    0x40, 0x4, 0xb0, 0x0, 0xa3, 0x4, 0x0, 0x4,
    0x3, 0xa0, 0x39, 0x31, 0x0, 0x0, 0x2, 0x29,
    0x38, 0x30, 0x0, 0x0, 0x0, 0x0, 0x38, 0xa0,
    0x30, 0x1, 0xa0, 0x0, 0x30, 0xaa, 0x11, 0x0,
    0xc, 0x73, 0x1, 0x1a, 0x74, 0x21, 0x0, 0x50,
    0x1, 0x14, 0x71, 0xb1, 0x0, 0x4, 0x0, 0x1,
    0xb1, 0x7, 0x70, 0x40, 0x20, 0x40, 0x76, 0x0,
    0x8, 0x91, 0x2, 0x1, 0xa7, 0x0, 0x0, 0x3,
    0xab, 0xbb, 0xa3, 0x0, 0x0,

    /* U+1F55F "🕟" */
    0x0, 0x0, 0x3, 0x43, 0x0, 0x0, 0x0, 0x0,
    0x8b, 0x86, 0x8b, 0x80, 0x0, 0x0, 0xb4, 0x0,
    0x40, 0x4, 0xb0, 0x0, 0xa3, 0x4, 0x0, 0x4,
    0x3, 0xa0, 0x39, 0x31, 0x0, 0x0, 0x2, 0x29,
    0x38, 0x30, 0x0, 0x0, 0x0, 0x0, 0x38, 0xa0,
    0x30, 0x1, 0x90, 0x0, 0x30, 0xaa, 0x11, 0x0,
    0xe, 0x60, 0x1, 0x1a, 0x74, 0x21, 0x0, 0x52,
    0x1, 0x14, 0x71, 0xb1, 0x0, 0x4, 0x0, 0x1,
    0xb1, 0x7, 0x70, 0x40, 0x20, 0x40, 0x76, 0x0,
    0x8, 0x91, 0x2, 0x1, 0xa7, 0x0, 0x0, 0x3,
    0xab, 0xbb, 0xa3, 0x0, 0x0,

    /* U+1F560 "🕠" */
    0x0, 0x0, 0x3, 0x43, 0x0, 0x0, 0x0, 0x0,
    0x8b, 0x86, 0x8b, 0x80, 0x0, 0x0, 0xb4, 0x0,
    0x40, 0x4, 0xb0, 0x0, 0xa3, 0x4, 0x0, 0x4,
    0x3, 0xa0, 0x39, 0x31, 0x0, 0x0, 0x2, 0x29,
    0x38, 0x30, 0x0, 0x0, 0x0, 0x0, 0x38, 0xa0,
    0x30, 0x1, 0x90, 0x0, 0x30, 0xaa, 0x11, 0x0,
    0xf, 0x0, 0x1, 0x1a, 0x74, 0x21, 0x0, 0x93,
    0x1, 0x14, 0x71, 0xb1, 0x0, 0x4, 0x0, 0x1,
    0xb1, 0x7, 0x70, 0x40, 0x20, 0x40, 0x76, 0x0,
    0x8, 0x91, 0x2, 0x1, 0xa7, 0x0, 0x0, 0x3,
    0xab, 0xbb, 0xa3, 0x0, 0x0,

    /* U+1F561 "🕡" */
    0x0, 0x0, 0x3, 0x43, 0x0, 0x0, 0x0, 0x0,
    0x8b, 0x86, 0x8b, 0x80, 0x0, 0x0, 0xb4, 0x0,
    0x40, 0x4, 0xb0, 0x0, 0xa3, 0x4, 0x0, 0x4,
    0x3, 0xa0, 0x39, 0x31, 0x0, 0x0, 0x2, 0x29,
    0x38, 0x30, 0x0, 0x0, 0x0, 0x0, 0x38, 0xa0,
    0x30, 0x1, 0x90, 0x0, 0x30, 0xaa, 0x11, 0x0,
    0x2f, 0x0, 0x1, 0x1a, 0x74, 0x21, 0x6, 0x60,
    0x1, 0x14, 0x71, 0xb1, 0x0, 0x4, 0x0, 0x1,
    0xb1, 0x7, 0x70, 0x40, 0x20, 0x40, 0x76, 0x0,
    0x8, 0x91, 0x2, 0x1, 0xa7, 0x0, 0x0, 0x3,
    0xab, 0xbb, 0xa3, 0x0, 0x0,

    /* U+1F562 "🕢" */
    0x0, 0x0, 0x3, 0x43, 0x0, 0x0, 0x0, 0x0,
    0x8b, 0x86, 0x8b, 0x80, 0x0, 0x0, 0xb4, 0x0,
    0x40, 0x4, 0xb0, 0x0, 0xa3, 0x4, 0x0, 0x4,
    0x3, 0xa0, 0x39, 0x31, 0x0, 0x0, 0x2, 0x29,
    0x38, 0x30, 0x0, 0x0, 0x0, 0x0, 0x38, 0xa0,
    0x30, 0x1, 0x90, 0x0, 0x30, 0xaa, 0x11, 0x0,
    0x6d, 0x0, 0x1, 0x1a, 0x74, 0x21, 0x4, 0x50,
    0x1, 0x14, 0x71, 0xb1, 0x0, 0x4, 0x0, 0x1,
    0xb1, 0x7, 0x70, 0x40, 0x20, 0x40, 0x76, 0x0,
    0x8, 0x91, 0x2, 0x1, 0xa7, 0x0, 0x0, 0x3,
    0xab, 0xbb, 0xa3, 0x0, 0x0,

    /* U+1F563 "🕣" */
    0x0, 0x0, 0x3, 0x43, 0x0, 0x0, 0x0, 0x0,
    0x8b, 0x86, 0x8b, 0x80, 0x0, 0x0, 0xb4, 0x0,
    0x40, 0x4, 0xb0, 0x0, 0xa3, 0x4, 0x0, 0x4,
    0x3, 0xa0, 0x39, 0x31, 0x0, 0x0, 0x2, 0x29,
    0x38, 0x30, 0x0, 0x0, 0x0, 0x0, 0x38, 0xa0,
    0x30, 0x4, 0xa0, 0x0, 0x30, 0xaa, 0x11, 0x5,
    0x5b, 0x0, 0x1, 0x1a, 0x74, 0x21, 0x0, 0x50,
    0x1, 0x14, 0x71, 0xb1, 0x0, 0x4, 0x0, 0x1,
    0xb1, 0x7, 0x70, 0x40, 0x20, 0x40, 0x76, 0x0,
    0x8, 0x91, 0x2, 0x1, 0xa7, 0x0, 0x0, 0x3,
    0xab, 0xbb, 0xa3, 0x0, 0x0,

    /* U+1F564 "🕤" */
    0x0, 0x0, 0x3, 0x43, 0x0, 0x0, 0x0, 0x0,
    0x8b, 0x86, 0x8b, 0x80, 0x0, 0x0, 0xb4, 0x0,
    0x40, 0x4, 0xb0, 0x0, 0xa3, 0x4, 0x0, 0x4,
    0x3, 0xa0, 0x39, 0x31, 0x0, 0x0, 0x2, 0x29,
    0x38, 0x30, 0x0, 0x0, 0x0, 0x0, 0x38, 0xa0,
    0x30, 0x58, 0xa0, 0x0, 0x30, 0xaa, 0x11, 0x0,
    0xa, 0x0, 0x1, 0x1a, 0x74, 0x21, 0x0, 0x50,
    0x1, 0x14, 0x71, 0xb1, 0x0, 0x4, 0x0, 0x1,
    0xb1, 0x7, 0x70, 0x40, 0x20, 0x40, 0x76, 0x0,
    0x8, 0x91, 0x2, 0x1, 0xa7, 0x0, 0x0, 0x3,
    0xab, 0xbb, 0xa3, 0x0, 0x0,

    /* U+1F565 "🕥" */
    0x0, 0x0, 0x3, 0x43, 0x0, 0x0, 0x0, 0x0,
    0x8b, 0x86, 0x8b, 0x80, 0x0, 0x0, 0xb4, 0x0,
    0x40, 0x4, 0xb0, 0x0, 0xa3, 0x4, 0x0, 0x4,
    0x3, 0xa0, 0x39, 0x31, 0x0, 0x0, 0x2, 0x29,
    0x38, 0x30, 0x2, 0x30, 0x0, 0x0, 0x38, 0xa0,
    0x30, 0x7, 0xb0, 0x0, 0x30, 0xaa, 0x11, 0x0,
    0xa, 0x0, 0x1, 0x1a, 0x74, 0x21, 0x0, 0x50,
    0x1, 0x14, 0x71, 0xb1, 0x0, 0x4, 0x0, 0x1,
    0xb1, 0x7, 0x70, 0x40, 0x20, 0x40, 0x76, 0x0,
    0x8, 0x91, 0x2, 0x1, 0xa7, 0x0, 0x0, 0x3,
    0xab, 0xbb, 0xa3, 0x0, 0x0,

    /* U+1F566 "🕦" */
    0x0, 0x0, 0x3, 0x43, 0x0, 0x0, 0x0, 0x0,
    0x8b, 0x86, 0x8b, 0x80, 0x0, 0x0, 0xb4, 0x0,
    0x40, 0x4, 0xb0, 0x0, 0xa3, 0x4, 0x0, 0x4,
    0x3, 0xa0, 0x39, 0x31, 0x0, 0x10, 0x2, 0x29,
    0x38, 0x30, 0x0, 0x16, 0x0, 0x0, 0x38, 0xa0,
    0x30, 0x1, 0xe0, 0x0, 0x30, 0xaa, 0x11, 0x0,
    0xa, 0x0, 0x1, 0x1a, 0x74, 0x21, 0x0, 0x50,
    0x1, 0x14, 0x71, 0xb1, 0x0, 0x4, 0x0, 0x1,
    0xb1, 0x7, 0x70, 0x40, 0x20, 0x40, 0x76, 0x0,
    0x8, 0x91, 0x2, 0x1, 0xa7, 0x0, 0x0, 0x3,
    0xab, 0xbb, 0xa3, 0x0, 0x0,

    /* U+1F567 "🕧" */
    0x0, 0x0, 0x3, 0x43, 0x0, 0x0, 0x0, 0x0,
    0x8b, 0x86, 0x8b, 0x80, 0x0, 0x0, 0xb4, 0x0,
    0x40, 0x4, 0xb0, 0x0, 0xa3, 0x4, 0x0, 0x4,
    0x3, 0xa0, 0x39, 0x31, 0x0, 0x20, 0x2, 0x29,
    0x38, 0x30, 0x0, 0x8, 0x0, 0x0, 0x38, 0xa0,
    0x30, 0x1, 0xf0, 0x0, 0x30, 0xaa, 0x11, 0x0,
    0xa, 0x0, 0x1, 0x1a, 0x74, 0x21, 0x0, 0x50,
    0x1, 0x14, 0x71, 0xb1, 0x0, 0x4, 0x0, 0x1,
    0xb1, 0x7, 0x70, 0x40, 0x20, 0x40, 0x76, 0x0,
    0x8, 0x91, 0x2, 0x1, 0xa7, 0x0, 0x0, 0x3,
    0xab, 0xbb, 0xa3, 0x0, 0x0,

    /* U+1F56F "🕯" */
    0x0, 0x0, 0x0, 0x0, 0xa0, 0x0, 0x6, 0x14,
    0x0, 0x6, 0x5, 0x0, 0x5, 0xc4, 0x0, 0x96,
    0xb6, 0x40, 0x66, 0x40, 0x50, 0x6a, 0x72, 0x60,
    0x76, 0x18, 0xe0, 0x95, 0x18, 0x80, 0x60, 0x19,
    0x60, 0x60, 0x0, 0x60, 0x46, 0x66, 0x40,

    /* U+1F570 "🕰" */
    0x0, 0x0, 0x67, 0x77, 0x82, 0x0, 0x0, 0x0,
    0x8, 0x47, 0x88, 0x57, 0x40, 0x0, 0x0, 0x53,
    0x94, 0x31, 0x56, 0x70, 0x0, 0x0, 0x77, 0x40,
    0x0, 0x36, 0x45, 0x0, 0x0, 0x78, 0x31, 0xb4,
    0x4, 0x67, 0x0, 0x0, 0x88, 0x10, 0x0, 0x12,
    0x69, 0x0, 0x4, 0xa5, 0x41, 0x0, 0x18, 0x3b,
    0x0, 0x26, 0x36, 0x76, 0x41, 0x85, 0x82, 0x70,
    0x70, 0x3, 0x3, 0x76, 0x12, 0x10, 0x52, 0xd7,
    0x77, 0x77, 0x77, 0x77, 0x77, 0x87, 0x93, 0x33,
    0x33, 0x33, 0x33, 0x33, 0x37, 0x5f, 0xf9, 0x44,
    0x44, 0x44, 0xef, 0xc1,

    /* U+1F573 "🕳" */
    0x0, 0x1, 0x57, 0x77, 0x52, 0x0, 0x0, 0x18,
    0x72, 0x0, 0x1, 0x68, 0x30, 0x18, 0x0, 0x47,
    0x87, 0x50, 0x6, 0x36, 0x3, 0xdf, 0xff, 0xff,
    0xf6, 0x7, 0x62, 0xff, 0xff, 0xff, 0xff, 0xf4,
    0x70, 0x87, 0xdf, 0xff, 0xff, 0xe8, 0x82, 0x0,
    0x78, 0x66, 0x66, 0x67, 0x82, 0x0, 0x0, 0x4,
    0x67, 0x64, 0x10, 0x0,

    /* U+1F574 "🕴" */
    0x1, 0x53, 0x0, 0x70, 0x61, 0x2a, 0x9a, 0x40,
    0x8f, 0xc0, 0x1b, 0xca, 0x34, 0xf8, 0xd7, 0x4f,
    0xff, 0x72, 0xcf, 0xe4, 0x8, 0xfc, 0x0, 0x6f,
    0xa0, 0x5, 0xf9, 0x0, 0x15, 0x30, 0x6, 0xb8,
    0x0,

    /* U+1F575 "🕵" */
    0x0, 0x0, 0x10, 0x10, 0x0, 0x0, 0x0, 0x5,
    0x76, 0x66, 0x60, 0x0, 0x0, 0x1, 0x60, 0x0,
    0x3, 0x20, 0x0, 0x3, 0x77, 0x77, 0x77, 0x77,
    0x40, 0x0, 0x68, 0x20, 0x0, 0x2, 0x67, 0x0,
    0x0, 0x84, 0x77, 0x77, 0x56, 0x55, 0x20, 0x7,
    0xc, 0x0, 0xb2, 0x76, 0x37, 0x40, 0x70, 0x10,
    0x1, 0x8, 0x0, 0x58, 0x7, 0x3, 0x66, 0x40,
    0x70, 0x5, 0x70, 0x70, 0x0, 0x0, 0xd, 0x30,
    0x46, 0x7, 0x0, 0x0, 0x27, 0xbb, 0x75, 0x0,
    0x62, 0x0, 0x25, 0x55, 0x50, 0x0, 0x0, 0x67,
    0x7c, 0x99, 0x50, 0x0, 0x0,

    /* U+1F576 "🕶" */
    0x3, 0x67, 0x77, 0x30, 0x4, 0x77, 0x75, 0x10,
    0x81, 0x89, 0x85, 0x77, 0x69, 0x96, 0x18, 0x8,
    0x6a, 0xff, 0x67, 0x58, 0xdf, 0xf5, 0x40, 0x38,
    0xff, 0xf8, 0x47, 0xaf, 0xff, 0x70, 0x0, 0x97,
    0x87, 0x80, 0x37, 0x88, 0x77, 0x0, 0x0, 0x57,
    0x50, 0x0, 0x26, 0x74, 0x0,

    /* U+1F577 "🕷" */
    0x0, 0x0, 0x0, 0x1, 0x20, 0x0, 0x0, 0x0,
    0x0, 0x0, 0x9, 0xff, 0xa0, 0x0, 0x0, 0x0,
    0x0, 0x5, 0xfd, 0xef, 0x70, 0x0, 0x0, 0x1,
    0x88, 0xaf, 0xfe, 0xfc, 0x0, 0x0, 0x0, 0x10,
    0x3f, 0xcd, 0xfd, 0xd3, 0x0, 0x0, 0x5, 0x83,
    0xef, 0xff, 0xff, 0x68, 0x10, 0x6, 0x40, 0x5c,
    0xff, 0xff, 0x98, 0x17, 0x53, 0x32, 0x98, 0xe8,
    0xba, 0xd4, 0x8, 0x10, 0x0, 0x80, 0x4f, 0xee,
    0xfd, 0x72, 0x8, 0x30, 0x72, 0x7, 0x5f, 0xff,
    0x90, 0x80, 0x0, 0x2, 0x0, 0x70, 0x1, 0x7,
    0x3, 0x40, 0x0, 0x0, 0x34, 0x0, 0x0, 0x61,
    0x7, 0x10, 0x0, 0x1, 0x0, 0x0, 0x1, 0x50,
    0x0, 0x0,

    /* U+1F578 "🕸" */
    0x0, 0x0, 0x2, 0x0, 0x0, 0x0, 0x0, 0x0,
    0x3e, 0x70, 0x0, 0x0, 0x0, 0x5, 0x67, 0x28,
    0x10, 0x0, 0x58, 0x83, 0xa, 0x0, 0x77, 0x81,
    0x79, 0x62, 0x7d, 0x82, 0x28, 0xb0, 0x25, 0x2f,
    0x47, 0x1f, 0x70, 0x70, 0x7, 0x7, 0x4f, 0x98,
    0x0, 0x70, 0x16, 0xb, 0x8a, 0x6e, 0x10, 0x70,
    0x45, 0x8b, 0x77, 0x68, 0x85, 0x70, 0x8d, 0x50,
    0x1f, 0x20, 0x2a, 0xd1, 0x0, 0x28, 0x27, 0x7,
    0x60, 0x0, 0x0, 0x0, 0x7b, 0x82, 0x0, 0x0,
    0x0, 0x0, 0x8, 0x20, 0x0, 0x0,

    /* U+1F579 "🕹" */
    0x0, 0x0, 0x88, 0x81, 0x0, 0x0, 0x0, 0x8,
    0x24, 0x8, 0x0, 0x0, 0x0, 0x8, 0x20, 0x7,
    0x0, 0x0, 0x0, 0x5, 0x40, 0x27, 0x0, 0x0,
    0x0, 0x0, 0x8a, 0xc0, 0x0, 0x0, 0x0, 0x6,
    0xd3, 0xd7, 0x10, 0x0, 0x7, 0x82, 0xcb, 0xf1,
    0x68, 0x30, 0xc7, 0x63, 0x9c, 0xb1, 0x4, 0xe0,
    0xdf, 0xf9, 0x30, 0x5, 0xdf, 0xf1, 0x9f, 0xff,
    0xfd, 0xef, 0xff, 0xb0, 0x1, 0x8e, 0xff, 0xff,
    0xb3, 0x0, 0x0, 0x0, 0x6d, 0xb3, 0x0, 0x0,

    /* U+1F57A "🕺" */
    0x0, 0x0, 0x0, 0x0, 0x0, 0x0, 0x0, 0x8,
    0x76, 0x0, 0x0, 0x67, 0x7b, 0x34, 0x40, 0x7,
    0x20, 0x0, 0x50, 0x60, 0x7, 0x0, 0x0, 0x2,
    0x50, 0x7, 0x52, 0x48, 0x78, 0x10, 0x15, 0x6,
    0x75, 0x73, 0x40, 0x60, 0x58, 0x13, 0x20, 0x70,
    0x91, 0x44, 0x0, 0x0, 0x70, 0x3c, 0x84, 0x0,
    0x2, 0x50, 0x7, 0x40, 0x0, 0x6, 0x10, 0x0,
    0x7a, 0xa, 0x51, 0x80, 0x0, 0x6, 0x75, 0x58,
    0x80,

    /* U+1F680 "🚀" */
    0x0, 0x0, 0x0, 0x0, 0x6, 0x78, 0x20, 0x0,
    0x0, 0x0, 0x3c, 0x10, 0x16, 0x0, 0x0, 0x0,
    0x55, 0x35, 0x5, 0x30, 0x0, 0x0, 0x63, 0x11,
    0x66, 0x90, 0x0, 0x0, 0x43, 0xf, 0xd0, 0x83,
    0x0, 0x19, 0x9c, 0x20, 0x87, 0x45, 0x0, 0x18,
    0x8, 0x18, 0x0, 0x36, 0x0, 0x2, 0x77, 0xe3,
    0x7, 0x96, 0x0, 0x0, 0x0, 0x7f, 0xf8, 0x79,
    0x0, 0x0, 0x0, 0x71, 0x2c, 0x90, 0x70, 0x0,
    0x0, 0xa, 0x98, 0x7, 0x53, 0x0, 0x0, 0x0,
    0x2, 0x0, 0x96, 0x0, 0x0, 0x0,

    /* U+1F681 "🚁" */
    0x0, 0x0, 0x3, 0x80, 0x0, 0x0, 0x0, 0x3,
    0x77, 0xae, 0xff, 0xed, 0x97, 0x70, 0x0, 0x0,
    0x24, 0x5, 0xc5, 0x65, 0x0, 0x7, 0x40, 0x0,
    0x0, 0xdd, 0x25, 0x30, 0x4, 0x37, 0x0, 0x3,
    0x79, 0x87, 0x99, 0x77, 0x85, 0x20, 0x7, 0xf4,
    0xa7, 0x90, 0x2, 0x21, 0x70, 0x5, 0xb9, 0x47,
    0x78, 0x4, 0x64, 0x87, 0x0, 0x70, 0x60, 0x0,
    0x1, 0x70, 0x4, 0x82, 0x6, 0x62, 0x0, 0x16,
    0x80, 0x0, 0x0, 0x0, 0x1, 0x5d, 0x65, 0xa0,
    0x0, 0x0, 0x0, 0x2, 0x11, 0x60, 0x7, 0x0,
    0x0, 0x0, 0x0, 0x6, 0x77, 0x77, 0x87, 0x40,
    0x0, 0x0,

    /* U+1F682 "🚂" */
    0x0, 0x0, 0x0, 0x0, 0x0, 0x0, 0x0, 0x0,
    0x38, 0x77, 0x87, 0x60, 0x0, 0x0, 0x0, 0xa8,
    0x70, 0x10, 0x70, 0x0, 0x0, 0x0, 0x9d, 0xe7,
    0x77, 0x31, 0x11, 0x10, 0x0, 0x2f, 0x30, 0x0,
    0xef, 0xff, 0xf0, 0x0, 0xf, 0x0, 0x0, 0x73,
    0x64, 0x70, 0x0, 0xf, 0x22, 0x24, 0xd6, 0x6,
    0x70, 0x0, 0xad, 0xac, 0x5f, 0xf5, 0x56, 0x70,
    0x0, 0xce, 0x87, 0xa, 0xf6, 0x66, 0xe0, 0x0,
    0x6f, 0x9c, 0xbf, 0xfb, 0xbb, 0xf0, 0x2, 0xfb,
    0x5, 0x9f, 0xff, 0xff, 0xf0, 0x7, 0x9d, 0xff,
    0xbd, 0xce, 0xdd, 0xd0, 0x87, 0x68, 0xbc, 0x3b,
    0x95, 0x98, 0x70,

    /* U+1F683 "🚃" */
    0x2, 0x45, 0x55, 0x55, 0x55, 0x55, 0x53, 0x0,
    0xef, 0xff, 0xff, 0xff, 0xff, 0xff, 0xf2, 0x7,
    0x0, 0x0, 0x0, 0x0, 0x0, 0x2, 0x30, 0x70,
    0x0, 0x0, 0x0, 0x0, 0x0, 0x23, 0x7, 0x77,
    0x68, 0xa0, 0xaa, 0x29, 0xa2, 0x30, 0x77, 0x76,
    0x8a, 0xa, 0xa2, 0x9a, 0x23, 0x7, 0x0, 0x0,
    0x0, 0x0, 0x0, 0x2, 0x30, 0xd7, 0x77, 0x77,
    0x77, 0x77, 0x77, 0xa3, 0x7, 0x0, 0x0, 0x0,
    0x0, 0x0, 0x3, 0x32, 0xef, 0xff, 0xff, 0xef,
    0xff, 0xff, 0xf6, 0x0, 0x98, 0x29, 0x50, 0x49,
    0x56, 0x84, 0x0,

    /* U+1F684 "🚄" */
    0x0, 0x0, 0x0, 0x0, 0x0, 0x0, 0x10, 0x0,
    0x0, 0x0, 0x0, 0x4c, 0x89, 0x0, 0x0, 0x0,
    0x4, 0x86, 0x70, 0x70, 0x0, 0x0, 0x28, 0x33,
    0x80, 0x7, 0x0, 0x0, 0x56, 0x28, 0x50, 0x0,
    0x70, 0x0, 0xb9, 0x85, 0x0, 0x0, 0x7, 0x0,
    0x85, 0x10, 0x0, 0x0, 0x0, 0x70, 0x73, 0xa0,
    0x37, 0xab, 0xbc, 0xcd, 0x34, 0x28, 0xc9, 0x42,
    0x0, 0x0, 0x7a, 0xfc, 0x50, 0x0, 0x0, 0x0,
    0x7, 0xa, 0x87, 0x77, 0x77, 0x77, 0x77, 0xb0,
    0x80, 0x0, 0x0, 0x39, 0x99, 0xca, 0x7, 0x77,
    0x77, 0x77, 0x86, 0x77, 0x50,

    /* U+1F685 "🚅" */
    0x0, 0x0, 0x0, 0x0, 0x6, 0x77, 0xa0, 0x0,
    0x0, 0x0, 0x19, 0x87, 0x37, 0x0, 0x0, 0x1,
    0x4b, 0x6a, 0x75, 0x70, 0x0, 0x56, 0x40, 0x0,
    0x0, 0x8, 0x4, 0x71, 0x0, 0x0, 0x0, 0x2c,
    0xf1, 0xa2, 0x0, 0x0, 0x0, 0x1e, 0xff, 0x64,
    0x5b, 0x0, 0x0, 0x0, 0x89, 0xc4, 0x82, 0x0,
    0x0, 0x0, 0x0, 0x7, 0x7, 0xfe, 0xee, 0xee,
    0xee, 0xff, 0xf0, 0x62, 0x11, 0x11, 0x33, 0x33,
    0x37, 0x9, 0x22, 0x22, 0x7f, 0xdf, 0xff, 0xd0,
    0x44, 0x44, 0x42, 0x77, 0x50, 0x0,

    /* U+1F686 "🚆" */
    0x7, 0x77, 0x77, 0x77, 0x30, 0x7, 0x3b, 0x49,
    0x91, 0x60, 0x7, 0x4b, 0x49, 0xa0, 0x60, 0x16,
    0x15, 0x0, 0x60, 0x70, 0x1c, 0x51, 0x0, 0x37,
    0x90, 0x25, 0x45, 0x66, 0x51, 0x70, 0x34, 0xb0,
    0x0, 0x55, 0x70, 0x3c, 0xaa, 0xaa, 0xaa, 0x90,
    0x8, 0x33, 0x33, 0x33, 0x60, 0xb, 0x7b, 0xcc,
    0x99, 0x40, 0x6, 0x19, 0x99, 0x53, 0x20, 0x95,
    0x8f, 0xff, 0xe1, 0xc1,

    /* U+1F687 "🚇" */
    0x0, 0x0, 0x1, 0x21, 0x0, 0x0, 0x0, 0x0,
    0x4c, 0xff, 0xfd, 0x70, 0x0, 0x0, 0x8b, 0x61,
    0x42, 0x58, 0xb0, 0x0, 0x6f, 0x68, 0x14, 0x17,
    0x6c, 0xa0, 0xe, 0xe6, 0x66, 0x56, 0x66, 0xaf,
    0x34, 0xfe, 0x66, 0x60, 0x56, 0x6a, 0xf8, 0x6f,
    0xe7, 0xa6, 0x77, 0x98, 0xaf, 0xa6, 0xfe, 0x21,
    0x6f, 0x90, 0x3a, 0xfa, 0x3f, 0xe2, 0x12, 0x63,
    0x3, 0xaf, 0x70, 0xcf, 0x55, 0x9d, 0xb5, 0x5d,
    0xf1, 0x3, 0xfa, 0x79, 0x99, 0x88, 0xf7, 0x0,
    0x5, 0x52, 0xff, 0xf4, 0x38, 0x0, 0x0, 0x0,
    0x7d, 0xfe, 0x90, 0x0, 0x0,

    /* U+1F688 "🚈" */
    0x0, 0x0, 0x0, 0x21, 0x0, 0x0, 0x2, 0x77,
    0x77, 0x7f, 0xf7, 0x77, 0x75, 0x0, 0x0, 0x5,
    0x39, 0x0, 0x0, 0x0, 0x0, 0x1, 0x5f, 0xf1,
    0x11, 0x10, 0x0, 0x8a, 0x86, 0x66, 0x66, 0x66,
    0x90, 0x5c, 0xbd, 0x6, 0x77, 0x77, 0x79, 0x8,
    0x7, 0x58, 0x35, 0x0, 0x70, 0x70, 0x70, 0xb4,
    0x31, 0x50, 0x7, 0x7, 0x35, 0x94, 0x58, 0x9a,
    0x88, 0xb8, 0x94, 0xda, 0x0, 0x0, 0x0, 0x0,
    0x7, 0x2d, 0x21, 0x11, 0x11, 0x11, 0x11, 0x70,
    0xa6, 0x55, 0x55, 0x55, 0x55, 0x58, 0x4b, 0x77,
    0x77, 0x77, 0x77, 0x77, 0x90,

    /* U+1F689 "🚉" */
    0x0, 0x3, 0xee, 0x40, 0x0, 0x0, 0x0, 0x2,
    0xbf, 0xa9, 0xfb, 0x30, 0x0, 0x0, 0xc, 0x96,
    0x65, 0x69, 0xd5, 0x57, 0x60, 0x7, 0x47, 0x88,
    0x75, 0x79, 0x6b, 0xa1, 0x7, 0x60, 0x12, 0x7,
    0x75, 0x58, 0xa1, 0x7, 0x8c, 0x88, 0xaa, 0x70,
    0x0, 0x51, 0x7, 0x3b, 0xcc, 0xc4, 0x70, 0x0,
    0x51, 0x7, 0x5, 0x0, 0x51, 0x70, 0x0, 0x51,
    0x9e, 0x4, 0x0, 0x30, 0xec, 0x77, 0xb1, 0xaf,
    0xdd, 0xdd, 0xde, 0xf4, 0x76, 0x61, 0xae, 0xc9,
    0xff, 0x9c, 0xdf, 0x72, 0xb1, 0x99, 0x9, 0xff,
    0xb0, 0x5f, 0xfd, 0x91,

    /* U+1F68A "🚊" */
    0x0, 0x0, 0x2, 0x33, 0x0, 0x0, 0x0, 0x0,
    0x0, 0xa8, 0xc0, 0x0, 0x0, 0x0, 0x7, 0xdf,
    0x5d, 0xea, 0x10, 0x0, 0x4, 0xc7, 0x65, 0x57,
    0x9a, 0x0, 0x0, 0x24, 0x87, 0x97, 0x81, 0x70,
    0x0, 0x2, 0x47, 0x4, 0x5, 0x27, 0x0, 0x0,
    0x24, 0xc6, 0x56, 0xb2, 0x70, 0x0, 0x2, 0x4b,
    0xd9, 0xcd, 0x17, 0x0, 0x0, 0x24, 0x42, 0x0,
    0x60, 0x70, 0x0, 0x4, 0x33, 0x10, 0x4, 0x7,
    0x0, 0x0, 0x7f, 0xef, 0xff, 0xdf, 0xc0, 0x0,
    0xd, 0xeb, 0xdf, 0xf8, 0xef, 0x30, 0xb, 0xf2,
    0xf, 0xff, 0x30, 0xde, 0x20,

    /* U+1F68B "🚋" */
    0x0, 0x0, 0x22, 0x0, 0x0, 0x0, 0x3, 0x77,
    0x7f, 0xf7, 0x77, 0x77, 0x74, 0x0, 0x1, 0x66,
    0x20, 0x0, 0x0, 0x0, 0x2, 0x4f, 0xf5, 0x33,
    0x32, 0x0, 0x9, 0xff, 0xff, 0xff, 0xff, 0xff,
    0x30, 0xed, 0xdd, 0xdd, 0xdd, 0xdd, 0xd9, 0x7,
    0x0, 0x36, 0x76, 0x50, 0x0, 0x70, 0x76, 0x66,
    0x25, 0x27, 0x37, 0x27, 0x7, 0x55, 0x7c, 0x5c,
    0x72, 0x71, 0x70, 0x70, 0x7, 0x25, 0x27, 0x0,
    0x7, 0x7, 0x0, 0x70, 0x50, 0x70, 0x0, 0x75,
    0xac, 0xbd, 0xad, 0xae, 0xab, 0xa8, 0x0, 0x87,
    0x39, 0x99, 0x54, 0x94, 0x0,

    /* U+1F68C "🚌" */
    0x0, 0x3, 0x30, 0x9b, 0xb9, 0x0, 0x0, 0x0,
    0x2f, 0xff, 0xff, 0xff, 0xff, 0xff, 0xe0, 0xa,
    0x70, 0x85, 0x70, 0x7, 0x0, 0xd, 0x40, 0xd2,
    0x7, 0x7, 0x0, 0x70, 0x0, 0xc5, 0xf, 0x10,
    0x70, 0x94, 0x49, 0x44, 0x4d, 0x60, 0xf8, 0x7a,
    0x9, 0x33, 0x33, 0x35, 0x56, 0x1c, 0x20, 0x70,
    0x70, 0x0, 0x0, 0x38, 0x83, 0xb7, 0xac, 0xc7,
    0x0, 0x5, 0xa5, 0x37, 0x7, 0xf3, 0xfc, 0xa8,
    0x88, 0xf2, 0xf8, 0x10, 0x3, 0x91, 0x0, 0x0,
    0x2, 0x92, 0x0,

    /* U+1F68D "🚍" */
    0x0, 0x2, 0x44, 0x44, 0x44, 0x10, 0x0, 0x0,
    0x4f, 0xff, 0xff, 0xff, 0xf0, 0x0, 0x7, 0x43,
    0x43, 0x33, 0x34, 0x47, 0x0, 0x3b, 0x6, 0x88,
    0x88, 0x88, 0x15, 0x0, 0xc7, 0x9, 0x7b, 0x7a,
    0x77, 0x55, 0x0, 0xc7, 0x5, 0x7, 0x6, 0x10,
    0x75, 0x10, 0x7, 0x14, 0x7, 0x6, 0x8a, 0x85,
    0xd1, 0x7, 0x19, 0x7a, 0x79, 0xee, 0x76, 0xa0,
    0x9, 0x66, 0x66, 0x66, 0x66, 0x69, 0x10, 0x7,
    0x76, 0x40, 0x0, 0x17, 0x96, 0x0, 0x9, 0x88,
    0x87, 0x77, 0x78, 0x89, 0x0, 0x7, 0x34, 0x44,
    0x44, 0x44, 0x36, 0x0, 0x1, 0xff, 0x44, 0x44,
    0x4b, 0xf4, 0x0,

    /* U+1F68E "🚎" */
    0x28, 0x88, 0x88, 0x88, 0x89, 0xfd, 0x60, 0x0,
    0x0, 0x0, 0x3, 0x80, 0x0, 0x0, 0x0, 0x0,
    0x6a, 0xf0, 0x0, 0x0, 0x7, 0x76, 0x5c, 0xcc,
    0x54, 0x33, 0x3a, 0xfc, 0x98, 0x89, 0x89, 0x89,
    0xb6, 0x9b, 0x6, 0x10, 0x70, 0x70, 0x7d, 0x4c,
    0x80, 0x61, 0x7, 0x7, 0x7, 0xe0, 0xed, 0x89,
    0x77, 0x87, 0x87, 0x8c, 0xc, 0x77, 0x66, 0x66,
    0x66, 0x66, 0xc0, 0x70, 0x0, 0x0, 0x0, 0x0,
    0x7, 0x8, 0xaa, 0x33, 0x33, 0x38, 0x97, 0x80,
    0x1a, 0xa3, 0x22, 0x22, 0x79, 0x60,

    /* U+1F68F "🚏" */
    0x0, 0x0, 0x2, 0x0, 0x20, 0x0, 0x77, 0x78,
    0x1d, 0x8, 0x57, 0x40, 0x95, 0x58, 0x3d, 0x63,
    0x44, 0x70, 0x95, 0x59, 0xbf, 0xa4, 0xb8, 0x60,
    0x95, 0x58, 0x3d, 0x45, 0x3, 0x70, 0x12, 0x22,
    0xd, 0x4, 0x77, 0x0, 0x0, 0x9, 0x7b, 0x76,
    0x0, 0x0, 0x0, 0x7, 0x85, 0x47, 0x0, 0x0,
    0x0, 0x7, 0x85, 0x47, 0x0, 0x0, 0x0, 0x7,
    0x75, 0x47, 0x0, 0x0, 0x0, 0xa, 0x7b, 0x77,
    0x0, 0x0, 0x0, 0x0, 0xd, 0x0, 0x0, 0x0,
    0x0, 0x0, 0xc, 0x0, 0x0, 0x0,

    /* U+1F690 "🚐" */
    0x0, 0x0, 0x77, 0x77, 0x77, 0x77, 0x72, 0x0,
    0x0, 0x61, 0x0, 0x0, 0x0, 0x0, 0x70, 0x0,
    0x6, 0x20, 0x0, 0x0, 0x0, 0x7, 0x0, 0x0,
    0x83, 0x8a, 0x77, 0x77, 0x76, 0x70, 0x0, 0x53,
    0x90, 0x77, 0x0, 0x0, 0x73, 0x30, 0x76, 0x28,
    0x77, 0x47, 0x77, 0x76, 0x16, 0x39, 0x40, 0x0,
    0x0, 0x0, 0x0, 0x3, 0x87, 0x5f, 0xcc, 0xcc,
    0xcc, 0xcc, 0xcc, 0xa7, 0xab, 0x98, 0x0, 0x0,
    0x0, 0x1a, 0xac, 0xb8, 0xfd, 0xcf, 0xee, 0xee,
    0xef, 0x8b, 0xfc, 0x2, 0x77, 0x30, 0x0, 0x0,
    0x73, 0x64, 0x0, 0x5, 0x60, 0x0, 0x0, 0x0,
    0x75, 0x0,

    /* U+1F691 "🚑" */
    0x0, 0x0, 0x0, 0x45, 0x30, 0x0, 0x0, 0x0,
    0x0, 0x0, 0x5f, 0xff, 0x66, 0x66, 0x50, 0x0,
    0x0, 0x79, 0x32, 0x22, 0x22, 0x27, 0x10, 0x0,
    0xa, 0x77, 0x77, 0x77, 0x77, 0x92, 0x0, 0x6,
    0x28, 0x7a, 0x1, 0x3b, 0x32, 0x50, 0x0, 0x76,
    0x20, 0x70, 0x1f, 0xf5, 0x7, 0x0, 0x81, 0xa7,
    0x79, 0x2, 0x7f, 0x70, 0x70, 0xa8, 0x50, 0x0,
    0x0, 0x0, 0x30, 0x7, 0x7, 0xf, 0xee, 0xee,
    0xee, 0xee, 0xee, 0xe1, 0xdb, 0x96, 0x66, 0x66,
    0x66, 0x67, 0x8b, 0x6f, 0xff, 0xf5, 0x0, 0x0,
    0xe, 0xff, 0xc1, 0x8d, 0x3e, 0x97, 0x77, 0x78,
    0xf2, 0xd4, 0x0, 0x3a, 0x80, 0x0, 0x0, 0x5,
    0xa6, 0x0,

    /* U+1F692 "🚒" */
    0x0, 0x0, 0x9, 0x99, 0x99, 0x98, 0x75, 0x0,
    0x0, 0x43, 0x78, 0xa6, 0x87, 0x60, 0x70, 0x0,
    0x3a, 0xb6, 0x86, 0x67, 0x63, 0x7, 0x0, 0x1a,
    0x87, 0x98, 0x97, 0x77, 0xa4, 0x90, 0x3, 0x92,
    0x77, 0x24, 0x0, 0x1, 0x27, 0x0, 0x44, 0x56,
    0x62, 0x40, 0x0, 0x0, 0x70, 0x9, 0x82, 0x78,
    0x24, 0x0, 0x0, 0x7, 0x0, 0xd3, 0x0, 0x2,
    0x40, 0x77, 0x77, 0xa0, 0x29, 0x90, 0x0, 0x24,
    0x81, 0x0, 0x7, 0x28, 0x5a, 0x6c, 0xc9, 0xb2,
    0x9, 0x93, 0x28, 0x57, 0xac, 0xc, 0x89, 0x7b,
    0x60, 0xe7, 0x70, 0x0, 0x7a, 0x60, 0x0, 0xa,
    0xa3, 0x0,

    /* U+1F693 "🚓" */
    0x0, 0x0, 0x3, 0x24, 0x44, 0x22, 0x0, 0x0,
    0x0, 0x0, 0x6, 0x57, 0x82, 0x0, 0x0, 0x0,
    0x0, 0x3, 0x6d, 0x7c, 0x42, 0x0, 0x0, 0x0,
    0x5, 0x75, 0x67, 0x65, 0x80, 0x0, 0x0, 0x3,
    0x67, 0x30, 0x71, 0x74, 0x80, 0x0, 0x77, 0x58,
    0x75, 0x5a, 0x55, 0x92, 0x84, 0x67, 0x30, 0x11,
    0x11, 0x11, 0x10, 0x6, 0xa7, 0xf, 0xff, 0xff,
    0x88, 0xff, 0xff, 0xa7, 0xbf, 0xff, 0xff, 0xf2,
    0x1f, 0xff, 0xff, 0xd6, 0xff, 0x2, 0xff, 0xff,
    0xff, 0x21, 0xfa, 0x0, 0x81, 0x45, 0x0, 0x0,
    0x54, 0x27, 0x0, 0x0, 0x65, 0x0, 0x0, 0x0,
    0x56, 0x0,

    /* U+1F694 "🚔" */
    0x0, 0x20, 0x0, 0x0, 0x0, 0x20, 0x0, 0x1,
    0x41, 0xb9, 0xc9, 0x95, 0x42, 0x0, 0x0, 0x33,
    0x6d, 0x8c, 0x93, 0x50, 0x0, 0x0, 0x27, 0x10,
    0x0, 0x15, 0x50, 0x0, 0x0, 0x80, 0xa3, 0x0,
    0xa3, 0x71, 0x0, 0x9c, 0xfc, 0xfd, 0xcc, 0xfe,
    0xdf, 0xb0, 0x3f, 0xa6, 0x43, 0x33, 0x46, 0x9f,
    0x40, 0xf, 0xff, 0xfd, 0xdd, 0xef, 0xff, 0x10,
    0xe, 0x18, 0x30, 0x0, 0xa, 0x1c, 0x20, 0xf,
    0xdf, 0xdb, 0xbb, 0xcf, 0xdf, 0x20, 0x9, 0x2,
    0x44, 0x44, 0x43, 0x19, 0x0, 0xc, 0xf7, 0x77,
    0x77, 0x77, 0xef, 0x0, 0x8, 0xe0, 0x0, 0x0,
    0x0, 0x9c, 0x0,

    /* U+1F695 "🚕" */
    0x0, 0x0, 0x0, 0x0, 0x0, 0x0, 0x0, 0x0,
    0x0, 0x0, 0x0, 0x9f, 0xf3, 0x0, 0x0, 0x0,
    0x0, 0x4, 0x8b, 0xcc, 0xa5, 0x0, 0x0, 0x0,
    0x5, 0x57, 0x7a, 0x77, 0x56, 0x0, 0x0, 0x3,
    0x68, 0x10, 0x60, 0x8, 0x56, 0x2, 0x87, 0x50,
    0x96, 0x68, 0x66, 0x70, 0x27, 0x87, 0x50, 0x0,
    0x52, 0x25, 0x0, 0x4, 0xf8, 0x82, 0x0, 0x56,
    0x88, 0x74, 0x0, 0x3d, 0x70, 0x28, 0x93, 0x1,
    0x10, 0x29, 0x83, 0x75, 0x6d, 0x1, 0xc6, 0x66,
    0x6b, 0x20, 0xc6, 0x0, 0x18, 0x81, 0x0, 0x0,
    0x8, 0x82, 0x0,

    /* U+1F696 "🚖" */
    0x0, 0x0, 0x7, 0x89, 0x20, 0x0, 0x0, 0x0,
    0x0, 0x96, 0x46, 0x0, 0x0, 0x0, 0x6, 0x79,
    0x77, 0x98, 0x0, 0x0, 0x2, 0x57, 0x20, 0x6,
    0x46, 0x0, 0x26, 0xdc, 0xfe, 0xcc, 0xfe, 0xf5,
    0x42, 0xb8, 0x11, 0x11, 0x11, 0x15, 0xd4, 0x7,
    0x0, 0x1, 0x21, 0x0, 0x9, 0x0, 0x96, 0x9a,
    0xff, 0xfe, 0x66, 0xb0, 0xa, 0x76, 0x36, 0x66,
    0x45, 0x7d, 0x0, 0xa6, 0x67, 0x77, 0x77, 0x66,
    0xd0, 0x6, 0xf8, 0x77, 0x77, 0x77, 0xf9, 0x0,
    0x5f, 0x10, 0x0, 0x0, 0xe, 0x70, 0x0, 0x0,
    0x0, 0x0, 0x0, 0x0, 0x0,

    /* U+1F697 "🚗" */
    0x0, 0x0, 0x4, 0x77, 0x75, 0x0, 0x0, 0x0,
    0x0, 0x85, 0x67, 0x65, 0x81, 0x0, 0x0, 0x8,
    0x57, 0x17, 0x5, 0x68, 0x20, 0x17, 0x81, 0x97,
    0x7a, 0x77, 0x60, 0xc2, 0xb9, 0x0, 0x0, 0x0,
    0x0, 0x3, 0x74, 0x98, 0x0, 0x0, 0x0, 0x0,
    0x0, 0x95, 0xb0, 0x89, 0x30, 0x0, 0x2, 0x98,
    0x35, 0x59, 0x60, 0xd6, 0x66, 0x6d, 0x5, 0xa2,
    0x0, 0xa9, 0x50, 0x0, 0x4, 0xaa, 0x0, 0x0,
    0x0, 0x0, 0x0, 0x0, 0x0, 0x0,

    /* U+1F698 "🚘" */
    0x0, 0x2, 0x77, 0x77, 0x77, 0x82, 0x0, 0x0,
    0x0, 0x70, 0x0, 0x0, 0x0, 0x80, 0x0, 0x0,
    0x7, 0x9d, 0x0, 0xd, 0x87, 0x10, 0x1, 0x97,
    0xef, 0xfd, 0xcd, 0xff, 0xe8, 0x93, 0x28, 0xd4,
    0x66, 0x77, 0x76, 0x64, 0xd8, 0x30, 0x27, 0x78,
    0x0, 0x0, 0x8, 0x87, 0x30, 0x5, 0x28, 0xa0,
    0x1, 0x0, 0xa9, 0x16, 0x0, 0x70, 0x0, 0x5f,
    0xff, 0x90, 0x0, 0x70, 0x7, 0x52, 0x1, 0xab,
    0xa3, 0x2, 0x58, 0x0, 0x2b, 0x66, 0x55, 0x55,
    0x56, 0x6b, 0x30, 0x0, 0xfa, 0x67, 0x77, 0x77,
    0x6b, 0xf1, 0x0, 0xa, 0x30, 0x0, 0x0, 0x0,
    0x4a, 0x0,

    /* U+1F699 "🚙" */
    0x0, 0x0, 0x0, 0x87, 0x77, 0x77, 0x73, 0x0,
    0x0, 0x0, 0x84, 0x77, 0x57, 0x73, 0x60, 0x0,
    0x0, 0x84, 0x70, 0x7, 0x70, 0x77, 0x0, 0x57,
    0x95, 0xd6, 0x66, 0x7a, 0x68, 0xd3, 0x1b, 0x30,
    0x0, 0x0, 0x0, 0x0, 0x2f, 0x81, 0xa5, 0x0,
    0x0, 0x0, 0x0, 0x2, 0xf9, 0x15, 0x7f, 0xb0,
    0x0, 0x4, 0xff, 0x59, 0x14, 0xef, 0x1f, 0x97,
    0x77, 0xf8, 0x3f, 0xf1, 0x26, 0xa1, 0xa5, 0x55,
    0x58, 0x52, 0xa6, 0x10, 0x1, 0x72, 0x0, 0x0,
    0x5, 0x60, 0x0,

    /* U+1F69A "🚚" */
    0x0, 0x0, 0x0, 0xa, 0x99, 0xa7, 0xa7, 0x70,
    0x0, 0x0, 0x0, 0x73, 0x37, 0x7, 0x7, 0x0,
    0x0, 0x0, 0x7, 0x33, 0x70, 0x70, 0x70, 0x1,
    0x97, 0x77, 0x83, 0x37, 0x7, 0x7, 0x0, 0x86,
    0x8a, 0x17, 0x33, 0x70, 0x70, 0x70, 0x65, 0xa0,
    0x52, 0x73, 0x37, 0x7, 0x7, 0x39, 0x47, 0x77,
    0x7, 0x33, 0x70, 0x70, 0x74, 0xd2, 0x77, 0x77,
    0xe7, 0x78, 0x68, 0x6b, 0x45, 0xbf, 0xff, 0xf9,
    0x1, 0x11, 0x11, 0x74, 0xff, 0xfe, 0xff, 0xcb,
    0x6f, 0xcf, 0xf2, 0x0, 0x72, 0x27, 0x0, 0x0,
    0xf2, 0x5d, 0x0, 0x0, 0x88, 0x0, 0x0, 0x1,
    0x97, 0x0,

    /* U+1F69B "🚛" */
    0x0, 0x0, 0x5, 0x17, 0x77, 0x77, 0x77, 0x30,
    0x0, 0x8, 0x84, 0x40, 0x0, 0x0, 0x37, 0x0,
    0x98, 0x27, 0x4d, 0xaa, 0xaa, 0xad, 0x80, 0x54,
    0x83, 0x74, 0x40, 0x0, 0x0, 0x37, 0x8, 0x71,
    0x67, 0x44, 0x0, 0x0, 0x3, 0x72, 0x6b, 0x85,
    0x74, 0x40, 0x0, 0x0, 0x37, 0x33, 0x0, 0x7,
    0x4d, 0x99, 0x99, 0x9c, 0x83, 0xc4, 0x22, 0x84,
    0x40, 0x0, 0x0, 0x37, 0x3f, 0xff, 0xff, 0x2e,
    0xf7, 0xff, 0xff, 0x33, 0xff, 0xff, 0xfe, 0xff,
    0x7e, 0xff, 0xf0, 0x0, 0x6a, 0x50, 0xa, 0xa0,
    0xaa, 0xaa, 0x0,

    /* U+1F69C "🚜" */
    0x0, 0x0, 0x5, 0x8, 0xbd, 0xcc, 0xa2, 0x0,
    0x0, 0x0, 0x80, 0x80, 0x92, 0x64, 0x30, 0x0,
    0x0, 0xa, 0x16, 0xf, 0x17, 0x25, 0x0, 0x0,
    0x0, 0xa7, 0x4, 0x60, 0x70, 0x70, 0x0, 0x37,
    0x7a, 0x87, 0xc0, 0x7, 0x7, 0x0, 0x17, 0x0,
    0x0, 0x7, 0x77, 0xa8, 0x95, 0x4, 0x35, 0x77,
    0x0, 0xc2, 0x9a, 0xaa, 0x81, 0xce, 0x9c, 0x38,
    0x26, 0xa7, 0x32, 0xa6, 0x8f, 0x3a, 0x3b, 0x71,
    0xd, 0x1f, 0xf1, 0xa3, 0xf3, 0xf4, 0xfb, 0x87,
    0xf1, 0xca, 0x27, 0x7, 0x71, 0x79, 0x0, 0x6,
    0xa1, 0x2a, 0x30, 0x7, 0xb7, 0x0, 0x0, 0x5,
    0x98, 0x40,

    /* U+1F69D "🚝" */
    0x0, 0x0, 0x2, 0x33, 0x33, 0x33, 0x20, 0x0,
    0x9a, 0x54, 0x44, 0x44, 0x48, 0x0, 0x63, 0x85,
    0xa6, 0xa6, 0x6a, 0x90, 0x6, 0x64, 0x36, 0x6,
    0x0, 0x67, 0x6, 0x92, 0x8e, 0x76, 0x66, 0x66,
    0x80, 0xcd, 0xcf, 0xfd, 0xcc, 0xcc, 0xca, 0x13,
    0xa8, 0x0, 0x0, 0x0, 0x0, 0x77, 0x55, 0xa2,
    0x0, 0x0, 0x0, 0x9, 0x76, 0x66, 0xca, 0x77,
    0x77, 0x77, 0xc7, 0x0, 0x0, 0x0, 0x0, 0x0,
    0x7, 0x78, 0x78, 0xc7, 0x77, 0xa9, 0x77, 0xa0,
    0x70, 0x71, 0x0, 0x0, 0x90, 0x33, 0x9, 0x79,
    0x0, 0x0, 0x8, 0x7a, 0x0,

    /* U+1F69E "🚞" */
    0x48, 0x99, 0x77, 0x77, 0x77, 0x77, 0x67, 0x76,
    0x58, 0x60, 0x0, 0x77, 0x7, 0x92, 0x0, 0x2,
    0x9a, 0x81, 0x19, 0x97, 0x3d, 0xee, 0xef, 0xfe,
    0xee, 0x88, 0x75, 0x0, 0x0, 0x0, 0x0, 0x7,
    0x77, 0x55, 0x65, 0x55, 0x75, 0x75, 0x77, 0x75,
    0x67, 0x75, 0x68, 0x68, 0x67, 0x77, 0x78, 0x88,
    0x88, 0x88, 0x88, 0xb7, 0x75, 0x0, 0x0, 0x0,
    0x0, 0x7, 0x77, 0x6f, 0xff, 0xfc, 0xff, 0xff,
    0x97, 0x98, 0xdb, 0xcc, 0x8a, 0xea, 0xd7, 0xb5,
    0xdf, 0x9f, 0x9f, 0xaf, 0xaf, 0xa9,

    /* U+1F69F "🚟" */
    0x13, 0x33, 0x33, 0x33, 0x33, 0x33, 0x29, 0xc4,
    0x44, 0x8b, 0xb4, 0x44, 0xac, 0x75, 0xc8, 0xaa,
    0x6, 0xa8, 0xaa, 0x77, 0x78, 0xf9, 0x80, 0x58,
    0xfc, 0x97, 0x97, 0xbf, 0xb7, 0x77, 0xbf, 0xc8,
    0xa7, 0x77, 0xf7, 0x77, 0x77, 0xf8, 0x78, 0x3,
    0x9f, 0x99, 0x99, 0x9f, 0xa5, 0x5, 0xff, 0xff,
    0xff, 0xff, 0xff, 0xf8, 0x70, 0x20, 0x21, 0x4,
    0x20, 0x21, 0x77, 0x35, 0x57, 0x66, 0x57, 0x25,
    0x57, 0x72, 0x64, 0x76, 0x69, 0x81, 0x74, 0x79,
    0x77, 0x77, 0x7c, 0x8, 0x77, 0x7b, 0x77, 0x77,
    0x77, 0xb7, 0xb7, 0x77, 0x90,

    /* U+1F6A0 "🚠" */
    0x0, 0x1, 0x0, 0x0, 0x0, 0x0, 0x1, 0x66,
    0xef, 0xfa, 0x63, 0x0, 0x0, 0x0, 0x0, 0x3b,
    0xff, 0xff, 0x0, 0x0, 0x0, 0x0, 0xf, 0x10,
    0x46, 0x63, 0x0, 0x0, 0x3, 0xf3, 0x0, 0x0,
    0x0, 0x0, 0x0, 0x7f, 0x80, 0x0, 0x0, 0x0,
    0x14, 0xcf, 0xff, 0xd5, 0x10, 0x0, 0x79, 0x99,
    0x99, 0x99, 0x99, 0x70, 0xc, 0x63, 0x76, 0xa6,
    0x83, 0x6b, 0x0, 0x70, 0x67, 0x6, 0x7, 0x50,
    0x70, 0x7, 0x6, 0x70, 0x60, 0x75, 0x7, 0x0,
    0xc6, 0x37, 0x6, 0x7, 0x36, 0xc0, 0x3, 0x87,
    0xc7, 0xd7, 0xc7, 0x83, 0x0,

    /* U+1F6A1 "🚡" */
    0x11, 0x1, 0x10, 0x0, 0x0, 0x0, 0x0, 0x56,
    0xcf, 0xfb, 0x74, 0x10, 0x0, 0x0, 0x0, 0x17,
    0xff, 0xff, 0x10, 0x0, 0x0, 0x0, 0x7, 0x0,
    0x24, 0x65, 0x0, 0x0, 0x3, 0x50, 0x0, 0x0,
    0x0, 0x0, 0x0, 0x9, 0x0, 0x0, 0x0, 0x0,
    0x0, 0x5, 0xef, 0x40, 0x0, 0x0, 0x0, 0x29,
    0xbc, 0xcb, 0x83, 0x0, 0x0, 0x5, 0x92, 0x99,
    0x36, 0x90, 0x0, 0x0, 0x44, 0x47, 0x76, 0x17,
    0x0, 0x0, 0x4, 0x44, 0x77, 0x61, 0x70, 0x0,
    0x0, 0x2b, 0x17, 0x72, 0x86, 0x0, 0x0, 0x0,
    0x67, 0xcc, 0x77, 0x0, 0x0,

    /* U+1F6A2 "🚢" */
    0x0, 0x0, 0x3, 0x30, 0x0, 0x0, 0x0, 0x0,
    0x0, 0xc, 0xc0, 0x36, 0x0, 0x0, 0x0, 0x0,
    0xe, 0xf0, 0x8a, 0x30, 0x0, 0x0, 0x47, 0x7f,
    0xf7, 0xdf, 0x30, 0x0, 0x0, 0x85, 0x57, 0x72,
    0x49, 0x88, 0x0, 0x0, 0x82, 0x25, 0x52, 0x33,
    0x37, 0x0, 0x0, 0xc7, 0x7d, 0x33, 0x33, 0x28,
    0x0, 0x6, 0x86, 0x6c, 0x43, 0x32, 0x15, 0x80,
    0xaf, 0xcb, 0xbe, 0x98, 0x65, 0x44, 0x70, 0xc9,
    0x9a, 0xab, 0xbc, 0xef, 0xff, 0xe0, 0xaf, 0xfe,
    0xed, 0xdb, 0xa8, 0x88, 0xe0, 0x3f, 0xff, 0xff,
    0xff, 0xff, 0xff, 0xd0, 0x6, 0xef, 0xff, 0xff,
    0xff, 0xfe, 0x60,

    /* U+1F6A3 "🚣" */
    0x0, 0x1, 0x84, 0x0, 0x0, 0x0, 0x0, 0x0,
    0x0, 0xaf, 0xf0, 0x0, 0x0, 0x0, 0x0, 0x0,
    0x7, 0xfd, 0x1, 0x40, 0x0, 0x0, 0x0, 0x0,
    0x1f, 0xe9, 0xf6, 0x0, 0x0, 0x0, 0x0, 0x2,
    0xff, 0x47, 0x0, 0x0, 0x0, 0x1, 0xa7, 0x8c,
    0xca, 0xa7, 0x77, 0x77, 0xa0, 0x8, 0x0, 0x0,
    0x80, 0x0, 0x0, 0x7, 0x0, 0x45, 0x1, 0x9f,
    0x0, 0x3, 0x22, 0x50, 0x5, 0xb9, 0x68, 0xd7,
    0x77, 0x34, 0xb7, 0x20, 0x0, 0x0, 0x0, 0x0,
    0x0, 0x0, 0x0, 0x0, 0x1, 0x67, 0x72, 0x16,
    0x77, 0x41, 0x0, 0x2, 0x61, 0x0, 0x56, 0x10,
    0x2, 0x0,

    /* U+1F6A4 "🚤" */
    0x0, 0x0, 0x0, 0x63, 0x0, 0x0, 0x0, 0x0,
    0x15, 0x66, 0xc3, 0x4b, 0x76, 0x41, 0x93, 0x6d,
    0x50, 0x0, 0x67, 0xab, 0x64, 0xdf, 0x70, 0xa7,
    0x76, 0x66, 0x54, 0x65, 0x31, 0xe4, 0x2, 0x96,
    0x66, 0x65, 0x56, 0x66, 0x66, 0xa0, 0x1, 0x77,
    0x10, 0x29, 0xc7, 0x66, 0x6a, 0x0, 0x0, 0x16,
    0x87, 0x64, 0x33, 0x34, 0x70, 0x0, 0x0, 0x0,
    0x1, 0x35, 0x67, 0x71,

    /* U+1F6A5 "🚥" */
    0x27, 0x77, 0x77, 0x77, 0x77, 0x77, 0x77, 0x47,
    0x3, 0x40, 0x1, 0x43, 0x0, 0x34, 0x7, 0x73,
    0x78, 0x60, 0x78, 0x73, 0x37, 0x85, 0x77, 0x44,
    0x17, 0x8, 0x5, 0x44, 0x41, 0x77, 0x76, 0x10,
    0x70, 0x70, 0x25, 0x51, 0x7, 0x77, 0x7, 0x72,
    0x4, 0x77, 0x0, 0x77, 0x17, 0x70, 0x0, 0x0,
    0x0, 0x0, 0x0, 0x0, 0x81, 0x77, 0x77, 0x77,
    0x77, 0x77, 0x77, 0x73,

    /* U+1F6A6 "🚦" */
    0x48, 0x9b, 0x88, 0x47, 0x8, 0x86, 0x7, 0x70,
    0x70, 0x60, 0x77, 0x6, 0x64, 0x7, 0x70, 0x66,
    0x50, 0x77, 0x7, 0x65, 0x7, 0x70, 0x70, 0x60,
    0x77, 0x3, 0x71, 0x7, 0x70, 0x8b, 0x60, 0x77,
    0x7, 0x16, 0x7, 0x70, 0x83, 0x60, 0x74, 0x88,
    0xb7, 0x84,

    /* U+1F6A7 "🚧" */
    0x8, 0x83, 0x0, 0x0, 0x2, 0x88, 0x24, 0x67,
    0x70, 0x0, 0x0, 0x76, 0x67, 0xd, 0xf3, 0x0,
    0x0, 0x1, 0xff, 0x26, 0xff, 0xab, 0x77, 0xab,
    0x7f, 0xf9, 0x70, 0x3f, 0x70, 0x4f, 0x60, 0x5f,
    0xb7, 0x3f, 0x70, 0x4f, 0x60, 0x5f, 0x57, 0x8e,
    0x70, 0x4f, 0x50, 0x5f, 0x50, 0x74, 0xff, 0x78,
    0x87, 0x78, 0x8f, 0xf6, 0x7, 0x70, 0x0, 0x0,
    0x0, 0x77, 0x0, 0x77, 0x0, 0x0, 0x0, 0x7,
    0x70, 0x7, 0x70, 0x0, 0x0, 0x0, 0x77, 0x0,
    0x7a, 0x0, 0x0, 0x0, 0x9, 0x90,

    /* U+1F6A8 "🚨" */
    0x0, 0x5, 0xcf, 0xef, 0xd8, 0x0, 0x0, 0x2,
    0xdd, 0xf9, 0xff, 0xb5, 0x0, 0x0, 0x6f, 0x7d,
    0x6f, 0x6f, 0xa0, 0x0, 0xa, 0xfe, 0x21, 0x2b,
    0xfd, 0x0, 0x0, 0xca, 0x40, 0x0, 0x28, 0xe0,
    0x0, 0xf, 0xf7, 0x0, 0x4, 0xef, 0x20, 0x0,
    0xd8, 0xc5, 0x72, 0xd8, 0xc4, 0x0, 0x2f, 0xff,
    0x6f, 0x8d, 0xff, 0x50, 0x8, 0xff, 0xcd, 0xff,
    0xaf, 0xfc, 0x0, 0x72, 0x68, 0x99, 0x98, 0x73,
    0x52, 0x8, 0x0, 0x0, 0x0, 0x0, 0x4, 0x30,
    0x37, 0x87, 0x77, 0x77, 0x77, 0x50,

    /* U+1F6A9 "🚩" */
    0x0, 0x0, 0x0, 0x0, 0x0, 0x0, 0x5, 0x97,
    0x77, 0x70, 0x0, 0x26, 0x61, 0x35, 0x0, 0x1,
    0x87, 0x75, 0x56, 0x1, 0x70, 0x0, 0x0, 0x0,
    0x36, 0x0, 0x9, 0x0, 0x0, 0x0, 0x26, 0x0,
    0x0, 0x90, 0x0, 0x0, 0x66, 0x0, 0x0, 0x9,
    0x0, 0x37, 0x72, 0x0, 0x0, 0x0, 0x86, 0x83,
    0x0, 0x0, 0x0, 0x0, 0x8, 0x40, 0x0, 0x0,
    0x0, 0x0, 0x0, 0x54, 0x0, 0x0, 0x0, 0x0,
    0x0, 0x3, 0x60, 0x0, 0x0, 0x0, 0x0, 0x0,
    0x18, 0x0, 0x0, 0x0, 0x0, 0x0, 0x0, 0x80,
    0x0, 0x0, 0x0, 0x0, 0x0,

    /* U+1F6AA "🚪" */
    0x23, 0x33, 0x33, 0x30, 0x94, 0x44, 0x44, 0x91,
    0x76, 0x66, 0x67, 0x61, 0x76, 0x0, 0x6, 0x61,
    0x76, 0x0, 0x6, 0x61, 0x76, 0x66, 0x68, 0x61,
    0x77, 0x0, 0x0, 0x61, 0x75, 0x66, 0x64, 0x61,
    0x76, 0x0, 0x6, 0x61, 0x76, 0x0, 0x6, 0x61,
    0x76, 0x0, 0x6, 0x61, 0x74, 0x66, 0x66, 0x61,
    0xa7, 0x77, 0x77, 0xa1,

    /* U+1F6AB "🚫" */
    0x0, 0x2, 0x88, 0x88, 0x83, 0x0, 0x0, 0x7,
    0x70, 0x0, 0x0, 0x57, 0x0, 0x4, 0xa7, 0x0,
    0x0, 0x0, 0x27, 0x0, 0x80, 0x57, 0x0, 0x0,
    0x0, 0x62, 0x43, 0x0, 0x56, 0x0, 0x0, 0x0,
    0x76, 0x0, 0x0, 0x56, 0x0, 0x0, 0x8, 0x70,
    0x0, 0x0, 0x56, 0x0, 0x0, 0x84, 0x30, 0x0,
    0x0, 0x66, 0x0, 0x7, 0x8, 0x0, 0x0, 0x0,
    0x66, 0x6, 0x20, 0x45, 0x0, 0x0, 0x0, 0x68,
    0x70, 0x0, 0x56, 0x0, 0x0, 0x5, 0xa0, 0x0,
    0x0, 0x28, 0x88, 0x88, 0x30, 0x0,

    /* U+1F6AC "🚬" */
    0x0, 0x0, 0x0, 0x0, 0x0, 0x0, 0x1, 0xc0,
    0x0, 0x0, 0x0, 0x0, 0x0, 0x69, 0x61, 0x0,
    0x0, 0x0, 0x0, 0x6, 0x27, 0x56, 0x66, 0x66,
    0x0, 0x0, 0x33, 0x15, 0x66, 0x61, 0x7, 0x0,
    0x0, 0x46, 0x41, 0x0, 0x45, 0x60, 0x0, 0x0,
    0x2, 0x4a, 0x50, 0x67, 0x0, 0x0, 0x0, 0x56,
    0x37, 0x2b, 0x20, 0x0, 0x2, 0x64, 0x9b, 0x85,
    0x0, 0x0, 0x0, 0x55, 0x30, 0x0, 0x0, 0x0,
    0x0, 0x9, 0xf7, 0x77, 0x77, 0x79, 0xff, 0x74,
    0xbf, 0x50, 0x0, 0x0, 0xe, 0xff, 0x1c, 0xf8,
    0x77, 0x77, 0x79, 0xff, 0xa0,

    /* U+1F6AD "🚭" */
    0x0, 0x2, 0x77, 0x77, 0x72, 0x27, 0x0, 0x7,
    0x60, 0x0, 0x0, 0x6f, 0x60, 0x4, 0x85, 0x0,
    0x0, 0x0, 0xfa, 0x0, 0x70, 0x35, 0x0, 0x0,
    0xc, 0x90, 0x43, 0x0, 0x35, 0x0, 0x2, 0x23,
    0x46, 0x6, 0xff, 0xff, 0xfe, 0x79, 0x7, 0x60,
    0x25, 0x55, 0x9a, 0x52, 0x30, 0x74, 0x30, 0x0,
    0x0, 0x35, 0x0, 0x34, 0x7, 0x0, 0x0, 0x0,
    0x35, 0x7, 0x0, 0x44, 0x0, 0x0, 0x0, 0x39,
    0x50, 0x0, 0x56, 0x0, 0x0, 0x6, 0x70, 0x0,
    0x0, 0x27, 0x77, 0x77, 0x20, 0x0,

    /* U+1F6AE "🚮" */
    0x0, 0x0, 0x0, 0x0, 0x0, 0x0, 0x8, 0xff,
    0xff, 0xff, 0xff, 0xff, 0xf2, 0xbf, 0xff, 0xff,
    0xfc, 0xaf, 0xff, 0x4b, 0xff, 0xff, 0xff, 0x62,
    0xff, 0xf4, 0xbf, 0xff, 0xff, 0xfa, 0x6d, 0xff,
    0x4b, 0xff, 0xff, 0xf8, 0x0, 0x4f, 0xf4, 0xbf,
    0xff, 0xa5, 0xa1, 0x6, 0xef, 0x4b, 0xff, 0xfd,
    0xef, 0x10, 0xb9, 0xf4, 0xbe, 0xad, 0xf9, 0xf1,
    0x6e, 0xff, 0x4b, 0xf9, 0xfd, 0x9f, 0x16, 0xef,
    0xf4, 0xbf, 0x9f, 0xeb, 0xf1, 0x6e, 0xff, 0x4b,
    0xfd, 0xa9, 0xff, 0xac, 0xff, 0xf4, 0x7f, 0xff,
    0xff, 0xff, 0xff, 0xfe, 0x20,

    /* U+1F6AF "🚯" */
    0x0, 0x2, 0x77, 0x77, 0x73, 0x0, 0x0, 0x6,
    0x60, 0x0, 0x41, 0x57, 0x0, 0x4, 0x94, 0x0,
    0xd, 0x60, 0x36, 0x0, 0x80, 0x44, 0x1, 0x97,
    0x0, 0x71, 0x43, 0x0, 0x9a, 0xaf, 0xe4, 0x1,
    0x66, 0x0, 0x2, 0x76, 0xfa, 0x80, 0x7, 0x60,
    0x4, 0x0, 0x5f, 0xa4, 0x0, 0x74, 0x33, 0x0,
    0x1, 0xdf, 0x0, 0x16, 0x8, 0x4, 0x0, 0x19,
    0xe4, 0x7, 0x10, 0x44, 0x0, 0x0, 0x99, 0x48,
    0x60, 0x0, 0x56, 0x0, 0x0, 0x5, 0x80, 0x0,
    0x0, 0x27, 0x77, 0x77, 0x30, 0x0,

    /* U+1F6B0 "🚰" */
    0x1e, 0xff, 0xff, 0xff, 0xff, 0xff, 0xb4, 0xff,
    0xff, 0xa8, 0x27, 0x7f, 0xff, 0x4f, 0xff, 0xfc,
    0xc4, 0xba, 0xff, 0xf4, 0xff, 0xff, 0xe9, 0x4,
    0xd5, 0xff, 0x4f, 0xff, 0x44, 0x20, 0x5, 0x1f,
    0xf4, 0xff, 0xc9, 0xfe, 0x9c, 0xfd, 0xff, 0x4f,
    0xff, 0xff, 0xff, 0xff, 0xff, 0xf4, 0xf7, 0xaa,
    0x8d, 0xff, 0xff, 0xff, 0x4f, 0xaf, 0xfa, 0xff,
    0xff, 0xff, 0xf4, 0xf8, 0x0, 0x5f, 0xff, 0xff,
    0xff, 0x4f, 0xd7, 0x7b, 0xff, 0xff, 0xff, 0xf1,
    0xef, 0xff, 0xff, 0xff, 0xff, 0xfb,

    /* U+1F6B1 "🚱" */
    0x0, 0x2, 0x77, 0x77, 0x73, 0x0, 0x0, 0x7,
    0x60, 0x10, 0x50, 0x67, 0x0, 0x4, 0x85, 0x9,
    0x8e, 0x87, 0x36, 0x0, 0x80, 0x35, 0x3, 0xd1,
    0x13, 0x71, 0x43, 0x0, 0xbf, 0xff, 0xec, 0x71,
    0x66, 0x0, 0x57, 0x3f, 0xf6, 0x15, 0x7, 0x60,
    0x1, 0x10, 0x26, 0x0, 0x0, 0x74, 0x37, 0x56,
    0x60, 0x26, 0x0, 0x16, 0x8, 0x3d, 0xe1, 0x0,
    0x26, 0x7, 0x10, 0x45, 0xa9, 0x0, 0x0, 0x29,
    0x60, 0x0, 0x56, 0x0, 0x0, 0x5, 0x70, 0x0,
    0x0, 0x27, 0x77, 0x77, 0x30, 0x0,

    /* U+1F6B2 "🚲" */
    0x0, 0x47, 0x79, 0x60, 0x12, 0x20, 0x0, 0x0,
    0x8, 0x1, 0x74, 0x2, 0xfe, 0x10, 0x0, 0x0,
    0x11, 0x63, 0x66, 0x64, 0x50, 0x0, 0x0, 0x0,
    0x6, 0x88, 0x6a, 0x47, 0x0, 0x0, 0x2, 0xbf,
    0xaa, 0x71, 0x6a, 0x7e, 0xc6, 0x0, 0xd6, 0xa8,
    0xd7, 0x98, 0xda, 0x76, 0x94, 0x3c, 0x8c, 0xcd,
    0x4c, 0xba, 0x7a, 0xa6, 0xc2, 0x94, 0xa4, 0x92,
    0xab, 0xe6, 0xe7, 0x79, 0xc, 0x85, 0x8c, 0x5a,
    0x5, 0xd2, 0x6c, 0x20, 0x7, 0xc7, 0x0, 0x0,
    0x5, 0xab, 0x20,

    /* U+1F6B3 "🚳" */
    0x0, 0x2, 0x77, 0x77, 0x73, 0x0, 0x0, 0x6,
    0x60, 0x0, 0x0, 0x57, 0x0, 0x4, 0x94, 0x1,
    0x0, 0x0, 0x36, 0x0, 0x80, 0x49, 0x40, 0x92,
    0x0, 0x71, 0x43, 0x0, 0x9b, 0x5c, 0x40, 0x1,
    0x66, 0x3, 0x6c, 0x68, 0x6c, 0x63, 0x7, 0x60,
    0x51, 0x35, 0x5f, 0x90, 0x60, 0x74, 0x36, 0x0,
    0x60, 0xa5, 0x6, 0x16, 0x8, 0x15, 0x50, 0x1,
    0x9b, 0x17, 0x10, 0x44, 0x0, 0x0, 0x0, 0x38,
    0x60, 0x0, 0x56, 0x0, 0x0, 0x5, 0x80, 0x0,
    0x0, 0x27, 0x77, 0x77, 0x30, 0x0,

    /* U+1F6B4 "🚴" */
    0x0, 0x0, 0x51, 0x0, 0x0, 0x0, 0x0, 0x7,
    0x16, 0x10, 0x0, 0x0, 0x0, 0x19, 0x9c, 0x50,
    0x0, 0x0, 0x0, 0xa, 0xfb, 0xa0, 0x0, 0x0,
    0x0, 0x0, 0xaf, 0xfc, 0x0, 0x0, 0x0, 0x59,
    0xdb, 0xff, 0x30, 0x0, 0x0, 0xee, 0x78, 0xff,
    0x90, 0x0, 0x0, 0x60, 0x7f, 0xec, 0x40, 0x0,
    0x5, 0x7b, 0x5f, 0xa6, 0x96, 0x10, 0x74, 0x7c,
    0x8f, 0xaa, 0x63, 0x81, 0x84, 0x71, 0xcf, 0xc7,
    0x47, 0x16, 0x90, 0x34, 0x88, 0x9a, 0x30, 0x44,
    0x29, 0x87, 0x0, 0x3, 0x88, 0x60,

    /* U+1F6B5 "🚵" */
    0x0, 0x0, 0x4, 0x10, 0x0, 0x0, 0x0, 0x0,
    0x0, 0x71, 0x41, 0x0, 0x0, 0x0, 0x0, 0x0,
    0x75, 0x85, 0x48, 0x73, 0x0, 0x0, 0x0, 0xcf,
    0x8f, 0x80, 0x5, 0x40, 0x2, 0x63, 0x9, 0xff,
    0xe2, 0x0, 0x72, 0x27, 0x7, 0xff, 0x9f, 0xfa,
    0x0, 0x7, 0x70, 0xc, 0xf9, 0x3f, 0xfa, 0x50,
    0x6, 0x60, 0x6, 0x17, 0xdf, 0xd7, 0x10, 0x6,
    0x60, 0x48, 0xa6, 0xda, 0x7a, 0x72, 0x6, 0x66,
    0x47, 0xc9, 0xea, 0x97, 0x67, 0x26, 0x68, 0x38,
    0x29, 0xfb, 0x76, 0x91, 0x76, 0x68, 0x4, 0x46,
    0xaa, 0xb3, 0x14, 0x46, 0x78, 0xff, 0xd6, 0x66,
    0x8f, 0xfd, 0x65,

    /* U+1F6B6 "🚶" */
    0x0, 0x2, 0x10, 0x0, 0x0, 0x8f, 0xf5, 0x0,
    0x0, 0xff, 0xfd, 0x0, 0x0, 0xef, 0xfa, 0x0,
    0x0, 0x2f, 0xf1, 0x0, 0x0, 0x5f, 0xf9, 0x0,
    0x2, 0xef, 0xff, 0x70, 0x1e, 0x9f, 0xf9, 0xf0,
    0x5, 0x5f, 0xf8, 0xe1, 0x0, 0xaf, 0xfa, 0x0,
    0x2, 0xf3, 0x6f, 0x50, 0x5d, 0x90, 0x9, 0xf0,
    0x7e, 0x10, 0x5, 0xc0,

    /* U+1F6B7 "🚷" */
    0x0, 0x2, 0x77, 0x77, 0x73, 0x0, 0x0, 0x6,
    0x60, 0x2, 0x0, 0x57, 0x0, 0x4, 0x85, 0x1,
    0xf4, 0x0, 0x36, 0x0, 0x80, 0x35, 0x8, 0x40,
    0x0, 0x71, 0x43, 0x0, 0x3f, 0xfb, 0xa0, 0x1,
    0x66, 0x0, 0x29, 0xcf, 0x89, 0x0, 0x7, 0x60,
    0x0, 0x3, 0xfd, 0x0, 0x0, 0x74, 0x30, 0x0,
    0xb4, 0xc5, 0x0, 0x16, 0x8, 0x0, 0xb, 0xb,
    0x45, 0x7, 0x10, 0x44, 0x0, 0xa0, 0x39, 0x38,
    0x60, 0x0, 0x56, 0x1, 0x0, 0x25, 0x80, 0x0,
    0x0, 0x27, 0x77, 0x77, 0x30, 0x0,

    /* U+1F6B8 "🚸" */
    0x0, 0x0, 0x5, 0x87, 0x0, 0x0, 0x0, 0x0,
    0x5, 0x50, 0x27, 0x0, 0x0, 0x0, 0x5, 0x50,
    0xa, 0x47, 0x0, 0x0, 0x5, 0x52, 0x50, 0xa2,
    0x27, 0x0, 0x5, 0x50, 0x37, 0x6f, 0xb0, 0x27,
    0x4, 0x50, 0x1b, 0xe9, 0xf6, 0x50, 0x27, 0x45,
    0x2, 0x6b, 0xa, 0x80, 0x2, 0x70, 0x55, 0x6,
    0x64, 0x58, 0x2, 0x80, 0x0, 0x55, 0x40, 0x80,
    0x24, 0x70, 0x0, 0x0, 0x55, 0x0, 0x2, 0x70,
    0x0, 0x0, 0x0, 0x55, 0x2, 0x70, 0x0, 0x0,
    0x0, 0x0, 0x58, 0x70, 0x0, 0x0,

    /* U+1F6B9 "🚹" */
    0x2, 0x33, 0x33, 0x33, 0x33, 0x33, 0x12, 0xff,
    0xff, 0xff, 0xff, 0xff, 0xfd, 0x4f, 0xff, 0xff,
    0x6a, 0xff, 0xff, 0xf4, 0xff, 0xff, 0xf1, 0x6f,
    0xff, 0xff, 0x4f, 0xff, 0xfd, 0x57, 0xff, 0xff,
    0xf4, 0xff, 0xff, 0x60, 0xb, 0xff, 0xff, 0x4f,
    0xff, 0xf4, 0x3, 0x6f, 0xff, 0xf4, 0xff, 0xfd,
    0xa2, 0x39, 0xff, 0xff, 0x4f, 0xff, 0xfe, 0x43,
    0xff, 0xff, 0xf4, 0xff, 0xff, 0xe4, 0x3f, 0xff,
    0xff, 0x4f, 0xff, 0xfe, 0x65, 0xff, 0xff, 0xf4,
    0xff, 0xff, 0xff, 0xff, 0xff, 0xff, 0x1e, 0xff,
    0xff, 0xff, 0xff, 0xff, 0xb0,

    /* U+1F6BA "🚺" */
    0x2, 0x33, 0x33, 0x33, 0x33, 0x33, 0x12, 0xff,
    0xff, 0xff, 0xff, 0xff, 0xfd, 0x4f, 0xff, 0xff,
    0x6a, 0xff, 0xff, 0xf4, 0xff, 0xff, 0xf1, 0x6f,
    0xff, 0xff, 0x4f, 0xff, 0xfe, 0x57, 0xff, 0xff,
    0xf4, 0xff, 0xff, 0x70, 0xc, 0xff, 0xff, 0x4f,
    0xff, 0xf5, 0x3, 0x7f, 0xff, 0xf4, 0xff, 0xfe,
    0x60, 0x9, 0xff, 0xff, 0x4f, 0xff, 0xf7, 0x0,
    0xcf, 0xff, 0xf4, 0xff, 0xff, 0xe4, 0x3f, 0xff,
    0xff, 0x4f, 0xff, 0xfe, 0x65, 0xff, 0xff, 0xf4,
    0xff, 0xff, 0xff, 0xff, 0xff, 0xff, 0x1e, 0xff,
    0xff, 0xff, 0xff, 0xff, 0xb0,

    /* U+1F6BB "🚻" */
    0x2, 0x33, 0x33, 0x33, 0x33, 0x33, 0x5, 0xff,
    0xff, 0xff, 0xff, 0xff, 0xf9, 0x7f, 0xf8, 0x8f,
    0xff, 0xa6, 0xff, 0xb7, 0xff, 0x44, 0xff, 0xf6,
    0x1f, 0xfb, 0x7f, 0xf6, 0x6e, 0xff, 0x75, 0xef,
    0xb7, 0xf9, 0x0, 0x8f, 0xc0, 0x7, 0xfb, 0x7f,
    0x61, 0x16, 0xf7, 0x30, 0x5f, 0xb7, 0xf9, 0x22,
    0x9f, 0x90, 0x6, 0xeb, 0x7f, 0xf3, 0x3f, 0xfc,
    0x0, 0x7f, 0xb7, 0xff, 0x33, 0xff, 0xf3, 0x4e,
    0xfb, 0x7f, 0xf5, 0x5f, 0xff, 0x56, 0xff, 0xb7,
    0xff, 0xff, 0xff, 0xff, 0xff, 0xfb, 0x4f, 0xff,
    0xff, 0xff, 0xff, 0xff, 0x70,

    /* U+1F6BC "🚼" */
    0x2, 0x33, 0x33, 0x33, 0x33, 0x33, 0x12, 0xff,
    0xff, 0xff, 0xff, 0xff, 0xfd, 0x4f, 0xff, 0xfd,
    0x25, 0xff, 0xff, 0xf4, 0xff, 0xff, 0x80, 0xd,
    0xff, 0xff, 0x4f, 0xff, 0xfe, 0x68, 0xff, 0xff,
    0xf4, 0xfe, 0x6c, 0x50, 0x18, 0xb7, 0xff, 0x4f,
    0xf9, 0x32, 0x0, 0x43, 0xcf, 0xf4, 0xff, 0xff,
    0x86, 0x6b, 0xff, 0xff, 0x4f, 0xff, 0xd7, 0x0,
    0x9f, 0xff, 0xf4, 0xff, 0xf4, 0x8a, 0xc3, 0x9f,
    0xff, 0x4f, 0xff, 0xd2, 0xe9, 0x4f, 0xff, 0xf4,
    0xff, 0xff, 0xff, 0xff, 0xff, 0xff, 0x1e, 0xff,
    0xff, 0xff, 0xff, 0xff, 0xb0,

    /* U+1F6BD "🚽" */
    0x0, 0x0, 0x0, 0x97, 0x90, 0x0, 0x0, 0x0,
    0xe7, 0xd1, 0x0, 0x0, 0x0, 0x90, 0x60, 0x0,
    0x0, 0x0, 0x90, 0x70, 0x0, 0x0, 0x0, 0x90,
    0x70, 0x46, 0x66, 0x62, 0x93, 0x80, 0xb9, 0x99,
    0x98, 0x9b, 0xb0, 0x70, 0x0, 0x0, 0x10, 0x70,
    0x18, 0x10, 0x38, 0x15, 0x30, 0x5, 0x21, 0x30,
    0x7, 0x0, 0x8, 0x0, 0x0, 0x7, 0x0, 0xb,
    0x77, 0x77, 0x79, 0x0,

    /* U+1F6BE "🚾" */
    0x0, 0x0, 0x0, 0x0, 0x0, 0x0, 0x4, 0xff,
    0xff, 0xff, 0xff, 0xff, 0xf9, 0x6f, 0xff, 0xff,
    0xff, 0xff, 0xff, 0xc6, 0xff, 0xff, 0xff, 0xff,
    0xff, 0xfc, 0x6f, 0xff, 0xff, 0xff, 0xff, 0xff,
    0xc6, 0xf2, 0xf4, 0x9a, 0x87, 0x44, 0xfc, 0x6f,
    0x6b, 0x35, 0x6c, 0x1f, 0xff, 0xc6, 0xfa, 0x48,
    0x43, 0xf1, 0xff, 0xfc, 0x6f, 0xe0, 0xc7, 0x5f,
    0x83, 0x4f, 0xc6, 0xff, 0xff, 0xff, 0xff, 0xff,
    0xfc, 0x6f, 0xff, 0xff, 0xff, 0xff, 0xff, 0xc6,
    0xff, 0xff, 0xff, 0xff, 0xff, 0xfc, 0x3f, 0xff,
    0xff, 0xff, 0xff, 0xff, 0x80,

    /* U+1F6BF "🚿" */
    0x0, 0x0, 0x0, 0x0, 0x0, 0x0, 0x0, 0x0,
    0x0, 0x0, 0x0, 0x4, 0x7b, 0x0, 0x0, 0x45,
    0x88, 0x67, 0x85, 0xa0, 0x0, 0x3b, 0x97, 0x2,
    0x99, 0x40, 0x0, 0x0, 0x85, 0x78, 0x11, 0xa0,
    0x0, 0x0, 0x33, 0x73, 0x78, 0x18, 0x0, 0x0,
    0x4d, 0x2, 0x82, 0x88, 0x80, 0x0, 0x0, 0x11,
    0x62, 0x83, 0x8a, 0x0, 0x0, 0x50, 0x78, 0x1,
    0x88, 0x90, 0x0, 0x6b, 0x0, 0x6, 0x60, 0x42,
    0x0, 0x0, 0x3, 0x60, 0x72, 0x0, 0x0, 0x1,
    0x50, 0x84, 0x0, 0x0, 0x0, 0x0, 0x87, 0x0,
    0x0, 0x0, 0x0, 0x0, 0x0,

    /* U+1F6C0 "🛀" */
    0x0, 0x0, 0x0, 0x52, 0x0, 0x0, 0x0, 0x0,
    0x0, 0x7, 0x40, 0x0, 0x0, 0x0, 0x0, 0x0,
    0x0, 0x63, 0x0, 0x0, 0x4d, 0xc1, 0x15, 0x6,
    0x32, 0x0, 0xd, 0xff, 0x84, 0x70, 0x3, 0x45,
    0x0, 0xaf, 0xf7, 0x0, 0x3, 0x50, 0x50, 0x47,
    0xdf, 0xb8, 0x66, 0xde, 0x78, 0x53, 0xa6, 0x66,
    0x66, 0x66, 0x66, 0x77, 0x8, 0x0, 0x0, 0x0,
    0x0, 0x5, 0x20, 0x63, 0x0, 0x0, 0x0, 0x1,
    0x70, 0x0, 0x89, 0x77, 0x77, 0x77, 0xc0, 0x0,
    0x4, 0x10, 0x0, 0x0, 0x5, 0x0,

    /* U+1F6C1 "🛁" */
    0x0, 0x0, 0x0, 0x0, 0x2, 0x0, 0x0, 0x0,
    0x0, 0x2, 0x69, 0x66, 0x0, 0x0, 0x0, 0x2,
    0xb3, 0x78, 0x61, 0x0, 0x0, 0x6, 0x37, 0x6a,
    0x56, 0x20, 0x0, 0x0, 0x75, 0x44, 0x69, 0x72,
    0x0, 0x3, 0x64, 0x89, 0x64, 0x89, 0x20, 0x46,
    0x9b, 0x86, 0x6, 0x8b, 0x79, 0x33, 0xa6, 0x67,
    0x9a, 0x8b, 0xfc, 0xf7, 0x6, 0x0, 0x26, 0x67,
    0x88, 0x76, 0x90, 0x50, 0x0, 0x0, 0x0, 0x0,
    0x15, 0x1, 0x41, 0x0, 0x0, 0x0, 0x24, 0x20,
    0x7, 0xf9, 0x66, 0x66, 0xaf, 0x80, 0x0, 0x7a,
    0x0, 0x0, 0x0, 0xa8, 0x0,

    /* U+1F6C2 "🛂" */
    0x2, 0x33, 0x33, 0x33, 0x33, 0x33, 0x3, 0xff,
    0xff, 0xff, 0xff, 0xff, 0xf9, 0x5f, 0xff, 0xff,
    0xf4, 0x44, 0xef, 0xb5, 0xff, 0xff, 0xfe, 0x87,
    0x7e, 0xfb, 0x5f, 0x78, 0x9f, 0xf9, 0x0, 0xff,
    0xb5, 0xe0, 0x79, 0xff, 0xfa, 0xcf, 0xfb, 0x5e,
    0x7, 0xbf, 0xe3, 0x6, 0x9f, 0xb5, 0xfe, 0xdf,
    0xe3, 0x4, 0x53, 0xfb, 0x5f, 0xe2, 0x21, 0x87,
    0x80, 0x7f, 0xb5, 0xff, 0xff, 0xff, 0xc0, 0x7,
    0xfb, 0x5f, 0xff, 0xff, 0xfa, 0x77, 0x7f, 0xb5,
    0xff, 0xff, 0xff, 0xa8, 0x8c, 0xfb, 0x2f, 0xff,
    0xff, 0xff, 0xff, 0xff, 0x80,

    /* U+1F6C3 "🛃" */
    0x2, 0x33, 0x33, 0x33, 0x33, 0x33, 0x3, 0xff,
    0xff, 0xff, 0xff, 0xff, 0xf9, 0x4f, 0xff, 0xff,
    0xf5, 0x44, 0xef, 0xb4, 0xff, 0xff, 0xff, 0x87,
    0x7e, 0xfb, 0x4f, 0xff, 0xff, 0xfa, 0x0, 0xff,
    0xb4, 0xff, 0xff, 0xff, 0xfa, 0xcf, 0xfb, 0x4f,
    0xff, 0xff, 0xe3, 0x6, 0x9f, 0xb4, 0xf3, 0xff,
    0xe3, 0x5, 0x43, 0xfb, 0x4e, 0x3c, 0x21, 0xa6,
    0x70, 0x7f, 0xb4, 0xe3, 0xff, 0xff, 0xa0, 0x7,
    0xfb, 0x4f, 0x79, 0x99, 0xe8, 0x77, 0x7f, 0xb4,
    0xff, 0x88, 0x8f, 0x98, 0x8d, 0xfb, 0x2e, 0xff,
    0xff, 0xff, 0xff, 0xff, 0x70,

    /* U+1F6C4 "🛄" */
    0x7f, 0xff, 0xff, 0xff, 0xff, 0xff, 0x7a, 0xff,
    0xff, 0x99, 0x9f, 0xff, 0xfa, 0xaf, 0xcd, 0xb7,
    0xb5, 0xbc, 0xdf, 0xaa, 0xf1, 0x83, 0x0, 0x5,
    0x51, 0xfa, 0xaf, 0x18, 0x30, 0x0, 0x55, 0x1f,
    0xaa, 0xf1, 0x83, 0x0, 0x5, 0x51, 0xfa, 0xaf,
    0x18, 0x30, 0x0, 0x55, 0x1f, 0xaa, 0xf1, 0x83,
    0x0, 0x5, 0x51, 0xfa, 0xaf, 0xee, 0xdd, 0xdd,
    0xde, 0xef, 0xaa, 0xf5, 0xf5, 0xf5, 0xf5, 0xf4,
    0xfa, 0xaf, 0xff, 0xff, 0xff, 0xff, 0xff, 0xa7,
    0xff, 0xff, 0xff, 0xff, 0xff, 0xf7,

    /* U+1F6C5 "🛅" */
    0x1, 0x22, 0x22, 0x22, 0x22, 0x22, 0x3, 0xff,
    0xff, 0xff, 0xff, 0xff, 0xf9, 0x5f, 0xff, 0xb9,
    0xbc, 0xff, 0xff, 0xb5, 0xff, 0xfb, 0x8b, 0x8d,
    0xff, 0xfb, 0x5f, 0xca, 0xaa, 0xaa, 0xaa, 0xbf,
    0xb5, 0xfa, 0xff, 0xd9, 0xcf, 0xfe, 0xab, 0x5e,
    0xbc, 0xd6, 0x97, 0xd9, 0xfa, 0xb5, 0xeb, 0x39,
    0x0, 0x9, 0xe, 0xab, 0x5e, 0xb3, 0x90, 0x0,
    0x90, 0xea, 0xb5, 0xeb, 0x39, 0x0, 0x9, 0xe,
    0xab, 0x5f, 0xbb, 0xd8, 0x88, 0xd9, 0xfa, 0xb5,
    0xfb, 0xaa, 0xaa, 0xaa, 0xaa, 0xeb, 0x3f, 0xff,
    0xff, 0xff, 0xff, 0xff, 0x80,

    /* U+1F6CB "🛋" */
    0x0, 0x0, 0x0, 0x7, 0x78, 0x20, 0x0, 0x0,
    0x0, 0x0, 0xb6, 0x58, 0x0, 0x0, 0x0, 0x0,
    0x19, 0xd6, 0x60, 0x0, 0x0, 0x0, 0x0, 0x7,
    0x0, 0x0, 0x0, 0x17, 0x77, 0x87, 0xb7, 0x30,
    0x0, 0x6, 0x0, 0x7, 0x0, 0x7, 0x0, 0x49,
    0xb0, 0x0, 0x70, 0x0, 0xa9, 0x67, 0x78, 0x77,
    0x7b, 0x77, 0x79, 0x77, 0x77, 0x97, 0x77, 0xb7,
    0x77, 0x9a, 0x77, 0x77, 0x77, 0x7b, 0x77, 0x77,
    0x97, 0x77, 0x77, 0x77, 0x77, 0x77, 0x77, 0x80,
    0xd, 0x50, 0x0, 0x0, 0x2e, 0x20,

    /* U+1F6CC "🛌" */
    0x99, 0x60, 0x0, 0x0, 0x0, 0x0, 0x0, 0x77,
    0x18, 0x0, 0x0, 0x0, 0x0, 0x0, 0x77, 0x1b,
    0xf6, 0x0, 0x0, 0x0, 0x0, 0x78, 0x62, 0xff,
    0x8a, 0x77, 0x64, 0x0, 0x78, 0xa7, 0x90, 0x70,
    0x0, 0x2, 0x81, 0x77, 0x0, 0x61, 0x60, 0x0,
    0x0, 0x26, 0x74, 0x77, 0x77, 0x77, 0x77, 0x77,
    0x77, 0x74, 0x77, 0x77, 0x77, 0x77, 0x78, 0x7,
    0x78, 0x20, 0x0, 0x0, 0x0, 0xa, 0x7, 0x76,
    0x0, 0x0, 0x0, 0x0, 0x3, 0x73,

    /* U+1F6CD "🛍" */
    0x0, 0x0, 0x20, 0x0, 0x0, 0x0, 0x0, 0x0,
    0x89, 0xd3, 0x0, 0x0, 0x0, 0x0, 0x8, 0xab,
    0xd5, 0x10, 0x0, 0x0, 0xae, 0xff, 0xee, 0xaf,
    0x10, 0x0, 0x7, 0x67, 0x0, 0x6, 0xf6, 0x0,
    0x0, 0x76, 0x60, 0x0, 0x8d, 0xfa, 0x50, 0x7,
    0x66, 0x0, 0xbf, 0xfa, 0x8c, 0x0, 0x76, 0x60,
    0x8, 0x70, 0x0, 0x70, 0x7, 0x66, 0x0, 0x87,
    0x0, 0x7, 0x0, 0x7c, 0x51, 0x8, 0x70, 0x0,
    0x60, 0x1c, 0x19, 0x20, 0xb8, 0x0, 0x4, 0x20,
    0x77, 0xe8, 0xb9, 0xa1, 0x0, 0x25, 0x0, 0x3,
    0x21, 0x6e, 0x97, 0x76, 0x20,

    /* U+1F6CE "🛎" */
    0x0, 0x0, 0x5, 0x77, 0x0, 0x0, 0x0, 0x0,
    0x0, 0x8d, 0x81, 0x0, 0x0, 0x0, 0x0, 0x27,
    0xf7, 0x30, 0x0, 0x0, 0x0, 0x86, 0x0, 0x4,
    0x91, 0x0, 0x0, 0x72, 0x70, 0x0, 0x0, 0x80,
    0x0, 0x7, 0x50, 0x0, 0x0, 0x3, 0x40, 0x3,
    0x80, 0x0, 0x0, 0x0, 0x7, 0x0, 0x85, 0x77,
    0x74, 0x0, 0x0, 0xa0, 0x2d, 0xff, 0xfe, 0xde,
    0xff, 0xff, 0x47, 0x1, 0x45, 0x67, 0x66, 0x42,
    0x7, 0x75, 0x20, 0x0, 0x0, 0x0, 0x14, 0x90,
    0x15, 0x77, 0x77, 0x77, 0x75, 0x20,

    /* U+1F6CF "🛏" */
    0x99, 0x50, 0x0, 0x0, 0x0, 0x0, 0x0, 0x77,
    0x28, 0x0, 0x0, 0x0, 0x0, 0x0, 0x77, 0x2a,
    0x20, 0x0, 0x0, 0x0, 0x0, 0x79, 0x61, 0x69,
    0x88, 0x77, 0x77, 0x20, 0x79, 0xb7, 0x91, 0x80,
    0x0, 0x0, 0x81, 0x77, 0x0, 0x73, 0x40, 0x0,
    0x0, 0x25, 0x74, 0x77, 0x77, 0x77, 0x77, 0x77,
    0x77, 0x75, 0x88, 0x88, 0x88, 0x88, 0x89, 0x7,
    0x79, 0x20, 0x0, 0x0, 0x0, 0xb, 0x7, 0x77,
    0x0, 0x0, 0x0, 0x0, 0x3, 0x73,

    /* U+1F6D0 "🛐" */
    0x2, 0x33, 0x33, 0x33, 0x33, 0x33, 0x4, 0xff,
    0xff, 0xff, 0xff, 0xff, 0xfd, 0x6f, 0xff, 0xfc,
    0x9a, 0xef, 0xff, 0xe6, 0xfa, 0x99, 0xcf, 0xea,
    0x99, 0xde, 0x6f, 0xff, 0xfd, 0x8, 0xff, 0xff,
    0xe6, 0xff, 0xff, 0xe5, 0xbf, 0xff, 0xfe, 0x6f,
    0xff, 0x3e, 0x70, 0xdf, 0xff, 0xe6, 0xff, 0xfc,
    0x15, 0x8, 0xff, 0xfe, 0x6f, 0xff, 0xff, 0xf1,
    0x3f, 0xff, 0xe6, 0xff, 0xff, 0xff, 0x21, 0xff,
    0xfe, 0x6f, 0xff, 0xfb, 0x11, 0x8d, 0xff, 0xe6,
    0xff, 0xff, 0xa7, 0x77, 0xcf, 0xfe, 0x3f, 0xff,
    0xff, 0xff, 0xff, 0xff, 0xa0,

    /* U+1F6D1 "🛑" */
    0x0, 0x8, 0xcc, 0xcc, 0xc8, 0x0, 0x0, 0xa,
    0x9d, 0xff, 0xfd, 0x99, 0x0, 0xb, 0x7d, 0xff,
    0xff, 0xfd, 0x7a, 0xa, 0x5d, 0xff, 0xff, 0xff,
    0xfd, 0x5a, 0xb5, 0xff, 0xff, 0xff, 0xff, 0xf5,
    0xbb, 0x5f, 0xff, 0xff, 0xff, 0xff, 0x5b, 0xb5,
    0xff, 0xff, 0xff, 0xff, 0xf5, 0xbb, 0x5f, 0xff,
    0xff, 0xff, 0xff, 0x5b, 0xa6, 0xdf, 0xff, 0xff,
    0xff, 0xd6, 0xa0, 0xa7, 0xdf, 0xff, 0xff, 0xd7,
    0xa0, 0x0, 0x99, 0xdf, 0xff, 0xd9, 0x90, 0x0,
    0x0, 0x8c, 0xcc, 0xcc, 0x80, 0x0,

    /* U+1F6D2 "🛒" */
    0x0, 0x0, 0x0, 0x0, 0x0, 0x1, 0x0, 0x0,
    0x0, 0x0, 0x0, 0x2, 0xe2, 0x0, 0x0, 0x0,
    0x0, 0x1, 0x80, 0x0, 0x69, 0x7a, 0xb7, 0xbb,
    0x85, 0x0, 0x9, 0x94, 0x9b, 0x69, 0xaa, 0x0,
    0x0, 0x97, 0x33, 0x65, 0x13, 0x70, 0x0, 0xb,
    0xaa, 0x6b, 0xba, 0x93, 0x0, 0x0, 0x7a, 0xb9,
    0x9e, 0xaa, 0x0, 0x0, 0x0, 0x0, 0x0, 0x54,
    0x81, 0x0, 0x0, 0x0, 0x0, 0x0, 0x71, 0x60,
    0x0, 0x7, 0xc8, 0x77, 0x8c, 0xa1, 0x0, 0x0,
    0x1f, 0x70, 0x0, 0xea, 0x0, 0x0, 0x1, 0x96,
    0x0, 0x9, 0x70, 0x0, 0x0,

    /* U+1F6D5 "🛕" */
    0x0, 0x0, 0x0, 0x0, 0x0, 0x0, 0x0, 0x92,
    0x0, 0x0, 0x0, 0x3, 0xc9, 0x10, 0x0, 0x0,
    0xe, 0xee, 0x80, 0x0, 0x0, 0x63, 0x0, 0x71,
    0x0, 0x7, 0x70, 0x20, 0xc, 0x0, 0xf, 0x70,
    0xf6, 0xe, 0x50, 0x4f, 0x55, 0xff, 0xb, 0xa0,
    0x79, 0x5b, 0x8b, 0x49, 0xa0, 0xa8, 0x79, 0x86,
    0x8a, 0xd0, 0x41, 0x67, 0xfa, 0x77, 0x60, 0x97,
    0xba, 0xfb, 0xbb, 0xa3, 0xb8, 0x8b, 0x88, 0xb8,
    0x88,

    /* U+1F6D6 "🛖" */
    0x0, 0x0, 0x28, 0x78, 0x30, 0x0, 0x0, 0x0,
    0x5, 0x60, 0x0, 0x56, 0x0, 0x0, 0x0, 0x64,
    0x10, 0x0, 0x62, 0x70, 0x0, 0x4, 0x50, 0x40,
    0x0, 0x1, 0x46, 0x0, 0x17, 0x30, 0x0, 0x0,
    0x50, 0x46, 0x20, 0x70, 0x0, 0x0, 0x0, 0x4,
    0x0, 0x70, 0x70, 0x0, 0x0, 0x0, 0x0, 0x0,
    0x70, 0x8c, 0x99, 0x9a, 0xa9, 0x9a, 0xac, 0x90,
    0x7, 0x0, 0x1, 0x44, 0x0, 0x7, 0x0, 0x7,
    0x0, 0x6, 0xfe, 0x0, 0x7, 0x0, 0x3a, 0x77,
    0x7d, 0xff, 0x77, 0x79, 0x50, 0x58, 0x77, 0x7c,
    0xff, 0x77, 0x77, 0x70,

    /* U+1F6D7 "🛗" */
    0x3, 0x33, 0x33, 0x33, 0x33, 0x33, 0x9, 0xff,
    0xff, 0xff, 0xff, 0xff, 0xf9, 0xbf, 0xff, 0x8a,
    0xfb, 0x7f, 0xff, 0xbb, 0xff, 0xfa, 0xef, 0x94,
    0xff, 0xfb, 0xbf, 0xff, 0xef, 0xff, 0xdf, 0xff,
    0xbb, 0xf5, 0x77, 0x77, 0x77, 0x75, 0xfb, 0xbf,
    0x7f, 0xcf, 0xbf, 0xaf, 0x8f, 0xbb, 0xf7, 0xd5,
    0xe3, 0xe3, 0xb8, 0xfb, 0xbf, 0x7d, 0x3e, 0xe,
    0xa, 0x8f, 0xbb, 0xf7, 0xf9, 0xf6, 0xf6, 0xd8,
    0xfb, 0xbf, 0x7f, 0xdf, 0xcf, 0xcf, 0x8f, 0xbb,
    0xf9, 0x88, 0x88, 0x88, 0x88, 0xfb, 0x7f, 0xff,
    0xff, 0xff, 0xff, 0xff, 0x70,

    /* U+1F6DC "🛜" */
    0x0, 0x11, 0x11, 0x11, 0x11, 0x10, 0x5, 0xff,
    0xff, 0xff, 0xff, 0xff, 0xf6, 0x7f, 0xff, 0xff,
    0xff, 0xff, 0xff, 0x87, 0xff, 0xfc, 0x88, 0x8b,
    0xff, 0xf8, 0x7f, 0xd7, 0xbf, 0xff, 0xc7, 0xcf,
    0x87, 0xfa, 0xff, 0xa8, 0xaf, 0xfa, 0xf8, 0x7f,
    0xfc, 0x8d, 0xfd, 0x8b, 0xff, 0x87, 0xff, 0xff,
    0xb8, 0xbf, 0xef, 0xf8, 0x7f, 0xff, 0xdc, 0xfc,
    0xdf, 0xff, 0x87, 0xff, 0xff, 0xf7, 0xff, 0xff,
    0xf8, 0x7f, 0xff, 0xff, 0x9f, 0xff, 0xff, 0x87,
    0xff, 0xff, 0xff, 0xff, 0xff, 0xf8, 0x4f, 0xff,
    0xff, 0xff, 0xff, 0xff, 0x50,

    /* U+1F6DD "🛝" */
    0x0, 0x0, 0x3, 0x20, 0x0, 0x0, 0x0, 0x23,
    0x9, 0x70, 0x0, 0x0, 0x0, 0x97, 0x3c, 0xa5,
    0x0, 0x0, 0x0, 0xbf, 0xe8, 0x85, 0x20, 0x0,
    0x2, 0xac, 0x45, 0x6, 0x70, 0x0, 0x7, 0x87,
    0x97, 0x7, 0x60, 0x0, 0x9, 0x66, 0xf5, 0x14,
    0x55, 0x0, 0x9, 0x67, 0x95, 0x60, 0x67, 0x0,
    0x9, 0x2, 0x17, 0x70, 0x65, 0x50, 0x3, 0x0,
    0x6, 0x45, 0x7, 0x68, 0x0, 0x0, 0x1, 0xe3,
    0x80, 0x5f, 0x0, 0x0, 0x0, 0x66, 0xf7, 0x58,
    0x0, 0x0, 0x0, 0x0, 0x70, 0x1,

    /* U+1F6DE "🛞" */
    0x0, 0x0, 0x0, 0x21, 0x0, 0x0, 0x0, 0x0,
    0x47, 0x65, 0x67, 0x60, 0x0, 0x0, 0x75, 0x77,
    0xb7, 0x74, 0x80, 0x0, 0x54, 0x98, 0x7, 0x8,
    0x84, 0x80, 0x7, 0x93, 0x16, 0x73, 0x41, 0xb5,
    0x34, 0x46, 0x56, 0x79, 0x85, 0x63, 0x57, 0x64,
    0x97, 0x7c, 0x9d, 0x87, 0x77, 0x76, 0x43, 0x4,
    0xbb, 0xc6, 0x0, 0x77, 0x34, 0x99, 0x67, 0x88,
    0x4a, 0x84, 0x70, 0x88, 0x22, 0x67, 0x26, 0xa,
    0x62, 0x4, 0x58, 0x90, 0x70, 0x88, 0x47, 0x0,
    0x5, 0x65, 0x7a, 0x76, 0x57, 0x0, 0x0, 0x2,
    0x77, 0x77, 0x73, 0x0, 0x0,

    /* U+1F6DF "🛟" */
    0x0, 0x2, 0x7c, 0x7c, 0x74, 0x0, 0x0, 0x5,
    0x60, 0x60, 0x60, 0x47, 0x0, 0x4, 0x40, 0x7,
    0x7, 0x0, 0x27, 0x0, 0x70, 0x2, 0xa7, 0xb3,
    0x0, 0x52, 0x5a, 0x66, 0x80, 0x0, 0x86, 0x67,
    0x96, 0x0, 0x81, 0x0, 0x0, 0x80, 0x7, 0x87,
    0x7c, 0x10, 0x0, 0x1c, 0x77, 0xa4, 0x30, 0x9,
    0x0, 0x9, 0x0, 0x7, 0x7, 0x0, 0x1b, 0x8c,
    0x10, 0x5, 0x20, 0x44, 0x0, 0x70, 0x70, 0x2,
    0x70, 0x0, 0x56, 0x7, 0x6, 0x4, 0x70, 0x0,
    0x0, 0x27, 0xc7, 0xc7, 0x40, 0x0,

    /* U+1F6E0 "🛠" */
    0x0, 0x0, 0x67, 0x98, 0x8, 0x7a, 0x0, 0x0,
    0x8, 0x27, 0x40, 0x80, 0x83, 0x0, 0x0, 0x70,
    0x7, 0x10, 0x70, 0x75, 0xa2, 0x38, 0x80, 0x4f,
    0x40, 0x80, 0x2, 0x80, 0x80, 0x38, 0xc3, 0x6a,
    0x16, 0x78, 0x20, 0x63, 0x63, 0x9, 0x91, 0x63,
    0x0, 0x0, 0x5, 0x40, 0x28, 0x4, 0xb3, 0x0,
    0x0, 0x0, 0x3, 0x70, 0x3c, 0x7, 0x20, 0x0,
    0x0, 0x46, 0x1, 0x82, 0x70, 0x82, 0x0, 0x3,
    0x50, 0x8, 0x0, 0x45, 0x8, 0x10, 0x7, 0x44,
    0x80, 0x0, 0x6, 0x30, 0x80, 0x4, 0x78, 0x10,
    0x0, 0x0, 0x78, 0x20,

    /* U+1F6E1 "🛡" */
    0x0, 0x0, 0x0, 0x0, 0x0, 0x0, 0x0, 0x17,
    0x87, 0x20, 0x0, 0x47, 0x65, 0x15, 0x15, 0x67,
    0x67, 0x5, 0x66, 0x9e, 0x96, 0x7, 0x61, 0x60,
    0x8, 0xff, 0xf0, 0x74, 0x35, 0x0, 0x8f, 0xfe,
    0x7, 0x15, 0x60, 0x8, 0xff, 0xc2, 0x40, 0x75,
    0x0, 0x8f, 0xf7, 0x61, 0x7, 0x15, 0x8, 0xff,
    0x28, 0x0, 0x16, 0x61, 0x8f, 0x94, 0x40, 0x0,
    0x72, 0x7a, 0xb1, 0x80, 0x0, 0x0, 0x82, 0x31,
    0x91, 0x0, 0x0, 0x0, 0x68, 0x70, 0x0, 0x0,

    /* U+1F6E2 "🛢" */
    0x0, 0x0, 0x10, 0x0, 0x0, 0x77, 0x75, 0x67,
    0x71, 0x61, 0x37, 0x3, 0x50, 0x87, 0x92, 0x0,
    0x14, 0x9c, 0x62, 0x47, 0x7b, 0xff, 0xa7, 0x0,
    0x0, 0x4f, 0xa8, 0x61, 0x0, 0x0, 0x4a, 0xa6,
    0x10, 0x37, 0xbf, 0xfa, 0x70, 0x0, 0x4, 0xe7,
    0x76, 0x10, 0x0, 0x15, 0xba, 0x61, 0x3, 0x7a,
    0xff, 0xa5, 0x30, 0x0, 0x4f, 0xfa, 0x5, 0x77,
    0x78, 0xc7, 0x0,

    /* U+1F6E3 "🛣" */
    0x1, 0x11, 0x11, 0x11, 0x11, 0x11, 0x4, 0x75,
    0x55, 0x55, 0x55, 0x55, 0x67, 0x71, 0xaa, 0x94,
    0x76, 0x6c, 0xa3, 0x77, 0xc, 0xb4, 0x90, 0x41,
    0xce, 0x7, 0x71, 0xfc, 0x58, 0x3, 0x1f, 0xf2,
    0x78, 0x6a, 0x17, 0x77, 0x77, 0x39, 0x6a, 0x77,
    0xb9, 0x60, 0x0, 0x37, 0xf5, 0x98, 0x7e, 0x7a,
    0xcc, 0xcc, 0x6f, 0x8a, 0x70, 0x40, 0x59, 0xda,
    0x91, 0x40, 0x77, 0x0, 0x56, 0x8f, 0xca, 0x70,
    0x7, 0x70, 0x8, 0xb8, 0xfd, 0xe7, 0x20, 0x77,
    0x8, 0x4c, 0x5f, 0xe8, 0x7a, 0x7, 0x49, 0xfd,
    0xff, 0xff, 0xef, 0xea, 0x60,

    /* U+1F6E4 "🛤" */
    0x48, 0x77, 0x77, 0x77, 0x77, 0x77, 0x77, 0x0,
    0x0, 0x0, 0x0, 0x0, 0x7, 0x84, 0x0, 0x0,
    0x0, 0x0, 0x0, 0x77, 0x28, 0x20, 0x0, 0x0,
    0x0, 0x6a, 0x70, 0x7, 0x30, 0x0, 0x1, 0x72,
    0x7c, 0x98, 0xfc, 0xf8, 0x8e, 0xf9, 0x7a, 0xba,
    0x57, 0x64, 0xab, 0x54, 0x5, 0x7b, 0xf8, 0x26,
    0xda, 0xf5, 0x69, 0xc7, 0x83, 0x27, 0x3f, 0x79,
    0xd2, 0x42, 0x77, 0x4, 0x4f, 0xfc, 0xcf, 0x66,
    0x7, 0x71, 0x7b, 0xfc, 0xcc, 0xff, 0x65, 0x74,
    0xa9, 0x9d, 0x88, 0x89, 0xd8, 0xa7,

    /* U+1F6E5 "🛥" */
    0x0, 0x0, 0x0, 0x16, 0x54, 0x0, 0x0, 0x0,
    0x0, 0x0, 0x0, 0x66, 0x69, 0x0, 0x0, 0x0,
    0x0, 0x0, 0x0, 0x85, 0xd7, 0x97, 0x0, 0x0,
    0x1a, 0xaa, 0x27, 0x16, 0x4d, 0x46, 0x0, 0x0,
    0x1c, 0x89, 0x79, 0x6b, 0x66, 0x6c, 0x20, 0x0,
    0x9, 0x76, 0x66, 0x66, 0x66, 0x56, 0x6b, 0x90,
    0x0, 0x81, 0x0, 0x0, 0x0, 0x13, 0x5a, 0xf1,
    0x0, 0x7, 0x75, 0x44, 0x44, 0x44, 0x49, 0xc0,
    0x0, 0x0, 0x1, 0x22, 0x22, 0x22, 0x21, 0x90,
    0x0, 0x0, 0x0, 0x0, 0x0, 0x0, 0x0, 0x0,

    /* U+1F6E9 "🛩" */
    0x0, 0x0, 0x0, 0x0, 0x0, 0x0, 0x10, 0x0,
    0x2b, 0x35, 0x61, 0x0, 0x0, 0x46, 0x82, 0x0,
    0x6c, 0x33, 0x70, 0x0, 0x54, 0x8, 0x10, 0xb,
    0x38, 0xe4, 0x10, 0x63, 0x5, 0x30, 0x7, 0x29,
    0x0, 0x26, 0xa5, 0x2, 0x60, 0x5, 0x54, 0x88,
    0x64, 0x30, 0x89, 0x80, 0x0, 0x4, 0x40, 0x18,
    0x26, 0xaa, 0xf8, 0x3, 0x0, 0x0, 0x0, 0x2b,
    0x74, 0x35, 0x19, 0xa0, 0x0, 0x0, 0x7, 0x0,
    0x9c, 0x30, 0xf3, 0x0, 0x0, 0x7, 0x0, 0x56,
    0xc4, 0xaa, 0x0, 0x0, 0x6, 0x10, 0x74, 0x3,
    0x6, 0x0, 0x0, 0x5, 0x30, 0x82, 0x0, 0x0,
    0x0, 0x0, 0x0, 0x67, 0x80, 0x0, 0x0, 0x0,
    0x0, 0x0, 0x0, 0x0, 0x0, 0x0, 0x0, 0x0,
    0x0,

    /* U+1F6EB "🛫" */
    0x0, 0x0, 0x0, 0x0, 0x0, 0x57, 0xa7, 0x10,
    0x0, 0x0, 0x0, 0x5, 0x83, 0x1, 0x63, 0x0,
    0xa, 0x10, 0x48, 0x32, 0x2, 0xb7, 0x64, 0x9a,
    0xff, 0xff, 0xea, 0x48, 0xfb, 0x50, 0x0, 0x3a,
    0xf2, 0x4f, 0xc7, 0x14, 0x40, 0x0, 0x15, 0xb7,
    0x77, 0x40, 0x0, 0x0, 0x0, 0x0, 0x0, 0x0,
    0x0, 0x0, 0x0, 0x0, 0x0, 0x0, 0x0, 0x0,
    0x0, 0x0, 0x0, 0x0, 0x0, 0x0, 0x0, 0x20,
    0x0, 0x0, 0x0, 0x0, 0x1, 0x5a, 0xac, 0xcc,
    0x95, 0x10, 0x0, 0x0, 0x15, 0xae, 0xfe, 0x9a,
    0x55, 0x70, 0x0, 0x0, 0x0, 0x3, 0x76, 0x64,
    0x10, 0x0,

    /* U+1F6EC "🛬" */
    0x0, 0x20, 0x0, 0x0, 0x0, 0x0, 0x0, 0x0,
    0x92, 0x0, 0x0, 0x0, 0x0, 0x0, 0x0, 0x9f,
    0x92, 0x0, 0x5, 0x0, 0x0, 0x37, 0xe8, 0x85,
    0x77, 0xcd, 0x10, 0x0, 0x0, 0x7, 0x72, 0x10,
    0x11, 0x68, 0x10, 0x10, 0x14, 0xbf, 0xff, 0x30,
    0x2, 0xb0, 0x39, 0x99, 0xfe, 0x25, 0x8c, 0x7a,
    0x71, 0x0, 0x0, 0x27, 0x1, 0x10, 0x6, 0x0,
    0x0, 0x0, 0x0, 0x0, 0x0, 0x0, 0x0, 0x0,
    0x0, 0x1, 0x0, 0x0, 0x0, 0x0, 0x1, 0x48,
    0x96, 0x6b, 0x95, 0x20, 0x0, 0x1, 0x45, 0x6b,
    0xdc, 0xcb, 0xfa, 0x10, 0x0, 0x0, 0x3, 0x8c,
    0xd7, 0x10, 0x0,

    /* U+1F6F0 "🛰" */
    0x30, 0x0, 0x0, 0x0, 0x0, 0x0, 0x8, 0x67,
    0x30, 0x5, 0xd2, 0x40, 0x0, 0x80, 0x8, 0xd9,
    0x59, 0x5f, 0x30, 0x8, 0x7, 0x95, 0xd3, 0x1,
    0x91, 0x0, 0x39, 0xf4, 0x6, 0xc2, 0xab, 0x50,
    0x0, 0x2, 0x77, 0xf, 0x35, 0x3, 0x87, 0x2,
    0x8f, 0x0, 0xfb, 0x50, 0x9, 0xd0, 0x32, 0x37,
    0x1d, 0x8, 0x6b, 0xfd, 0x0, 0x0, 0x26, 0x10,
    0x1, 0x7d, 0xd0, 0x0, 0x0, 0x0, 0x0, 0x0,
    0x2,

    /* U+1F6F3 "🛳" */
    0x0, 0x0, 0x0, 0x0, 0x0, 0x0, 0x0, 0x0,
    0x0, 0x4, 0x50, 0x0, 0x0, 0x0, 0x0, 0x0,
    0xd3, 0x0, 0x0, 0x0, 0x7, 0x77, 0xbf, 0xe1,
    0x7, 0x30, 0x0, 0x78, 0x68, 0xdc, 0x72, 0xf0,
    0x0, 0x6, 0x5d, 0x36, 0x49, 0xca, 0x80, 0x0,
    0x72, 0x45, 0xba, 0x99, 0x5e, 0x30, 0x7, 0x57,
    0x72, 0x45, 0x9b, 0x57, 0x58, 0xa7, 0xcf, 0x87,
    0x77, 0x55, 0x73, 0x47, 0x55, 0x46, 0x20, 0x19,
    0x9b, 0x1f, 0x87, 0x65, 0x77, 0x76, 0x23, 0x70,
    0xff, 0xff, 0xff, 0xff, 0xfe, 0xcc, 0x7, 0xff,
    0xff, 0xff, 0xff, 0xff, 0x60,

    /* U+1F6F4 "🛴" */
    0x0, 0x0, 0x1, 0x0, 0x0, 0x0, 0x0, 0x47,
    0x6f, 0xf8, 0x0, 0x0, 0x0, 0xa, 0xb6, 0x83,
    0x10, 0x0, 0x0, 0x0, 0x0, 0x92, 0x0, 0x0,
    0x0, 0x0, 0x0, 0x5d, 0x0, 0x0, 0x0, 0x0,
    0x0, 0x6, 0x60, 0x0, 0x0, 0x0, 0x0, 0x0,
    0x66, 0x0, 0x0, 0x0, 0x0, 0x0, 0x6, 0x60,
    0x0, 0x0, 0x0, 0x0, 0x2, 0x47, 0x20, 0x0,
    0x0, 0x44, 0x0, 0x63, 0x87, 0x0, 0x0, 0x62,
    0x57, 0xf, 0x4c, 0x59, 0x55, 0x78, 0xd9, 0x12,
    0xb9, 0x9b, 0x56, 0x66, 0x7a, 0xa4, 0xb, 0xb3,
    0x3, 0x34, 0x44, 0xea, 0x10,

    /* U+1F6F5 "🛵" */
    0x0, 0x0, 0x0, 0x0, 0x0, 0x0, 0x0, 0x0,
    0x0, 0x9, 0x30, 0x0, 0x0, 0x0, 0x0, 0x5,
    0x8c, 0x0, 0x0, 0x0, 0x0, 0x0, 0x5, 0x89,
    0xa4, 0x0, 0x0, 0x0, 0x0, 0x4, 0x9c, 0x0,
    0x0, 0x0, 0x0, 0x0, 0x17, 0x44, 0x0, 0x1,
    0x31, 0x0, 0x0, 0x60, 0x60, 0x3a, 0xaf, 0xf9,
    0x0, 0x0, 0x70, 0x70, 0x2f, 0xee, 0xee, 0x30,
    0x7, 0x50, 0x80, 0x7, 0x0, 0x3, 0x70, 0x5f,
    0xf4, 0x5b, 0x8b, 0x0, 0x0, 0x70, 0x82, 0xae,
    0x46, 0x73, 0x7a, 0xb9, 0xb0, 0x83, 0x48, 0x47,
    0x77, 0x75, 0x73, 0x50, 0x39, 0x93, 0x0, 0x0,
    0x7, 0x88, 0x0,

    /* U+1F6F6 "🛶" */
    0x0, 0x0, 0x0, 0x36, 0x0, 0x0, 0x0, 0x0,
    0x0, 0x0, 0x9, 0x70, 0x0, 0x0, 0x0, 0x0,
    0x0, 0x0, 0x36, 0x60, 0x0, 0x0, 0x0, 0x0,
    0x0, 0x0, 0x77, 0x10, 0x0, 0x0, 0x1e, 0x79,
    0x75, 0x45, 0x89, 0x6a, 0x9d, 0x55, 0x4b, 0xff,
    0x6a, 0xff, 0x66, 0xdf, 0x57, 0x61, 0x5, 0x89,
    0xfe, 0xea, 0x99, 0x10, 0x70, 0x82, 0x0, 0x0,
    0x0, 0x80, 0x63, 0x72, 0x0, 0x57, 0x77, 0x77,
    0x7d, 0x10, 0xb1, 0x0, 0x0, 0x0, 0x0, 0x0,
    0x17, 0x2, 0x50, 0x0, 0x0, 0x0, 0x0, 0x0,
    0x62, 0x63, 0x0, 0x0, 0x0, 0x0, 0x0, 0x0,
    0x51, 0x0,

    /* U+1F6F7 "🛷" */
    0x0, 0x0, 0x0, 0x0, 0x12, 0x0, 0x0, 0x0,
    0x0, 0x0, 0x0, 0x37, 0xa9, 0xa6, 0x10, 0x0,
    0x0, 0x0, 0x56, 0x54, 0x72, 0x65, 0x0, 0x0,
    0x0, 0x74, 0x63, 0x72, 0x5b, 0x10, 0x0, 0x0,
    0x9a, 0x72, 0x72, 0x44, 0x19, 0x60, 0x1, 0x92,
    0xdd, 0xc8, 0xb3, 0x1, 0xc0, 0x36, 0xb0, 0x2d,
    0x50, 0x8c, 0x1, 0x90, 0x4, 0x56, 0x9, 0x41,
    0x83, 0x63, 0x91, 0x0, 0x6, 0x99, 0x28, 0xa4,
    0x3, 0xe1, 0x0, 0x0, 0x0, 0x0, 0x8b, 0x0,
    0x91, 0x0, 0x0, 0x0, 0x0, 0x0, 0x68, 0x91,
    0x0, 0x0, 0x0,

    /* U+1F6F8 "🛸" */
    0x0, 0x0, 0x0, 0x26, 0x50, 0x0, 0x0, 0x0,
    0x0, 0x36, 0x13, 0x90, 0x0, 0x0, 0x1, 0x39,
    0x14, 0x82, 0x50, 0x2, 0xf8, 0x64, 0x7f, 0xf8,
    0x7, 0x0, 0xa, 0x74, 0x0, 0x28, 0xcd, 0x80,
    0x0, 0x53, 0x37, 0x60, 0x0, 0x7, 0x50, 0x0,
    0x75, 0x51, 0x67, 0x61, 0xa, 0x30, 0x0, 0x47,
    0x45, 0x5, 0x56, 0x8b, 0x0, 0x0, 0x4, 0x77,
    0x87, 0x63, 0x0, 0x0, 0x0, 0x0, 0x0, 0x0,
    0x0,

    /* U+1F6F9 "🛹" */
    0x0, 0x0, 0x0, 0x0, 0x0, 0x68, 0x77, 0x0,
    0x0, 0x0, 0x0, 0x2, 0x83, 0x0, 0x17, 0x0,
    0x0, 0x0, 0x28, 0x52, 0x21, 0x0, 0x70, 0x0,
    0x3, 0x85, 0x0, 0x2, 0x10, 0x53, 0x2, 0x58,
    0x40, 0x0, 0x0, 0x6, 0xf9, 0x5, 0x52, 0x22,
    0x20, 0x0, 0x48, 0xbc, 0x90, 0x44, 0x0, 0x20,
    0x5, 0x83, 0x1, 0x93, 0x0, 0x5a, 0x63, 0xaf,
    0x30, 0x0, 0x0, 0x0, 0x0, 0x3a, 0x5f, 0xa5,
    0x0, 0x0, 0x0, 0x0, 0x0, 0x0, 0x7a, 0x10,
    0x0, 0x0, 0x0,

    /* U+1F6FA "🛺" */
    0x0, 0x13, 0x32, 0x0, 0x0, 0x0, 0x0, 0x0,
    0x9, 0xe5, 0x67, 0x77, 0x77, 0x77, 0x40, 0x0,
    0xb, 0xb0, 0x0, 0x0, 0x0, 0x6, 0x10, 0x0,
    0x67, 0x3a, 0x77, 0xb7, 0x90, 0x14, 0x0, 0x7,
    0x63, 0x60, 0x7, 0x7, 0x0, 0x50, 0x0, 0xd9,
    0x36, 0x0, 0x70, 0x70, 0x5, 0x0, 0x18, 0x47,
    0x80, 0xa, 0xb, 0x44, 0x60, 0x86, 0xff, 0xf7,
    0xae, 0x96, 0xd6, 0xd8, 0xb, 0xab, 0xff, 0x67,
    0xf7, 0x8f, 0xff, 0x83, 0xff, 0xff, 0xf6, 0x7f,
    0x78, 0xff, 0xf8, 0x7, 0x3c, 0x97, 0x77, 0x77,
    0xf9, 0x5f, 0x80, 0x80, 0x25, 0x0, 0x0, 0x7,
    0x0, 0x90, 0x4, 0x88, 0x0, 0x0, 0x0, 0x18,
    0x84, 0x0,

    /* U+1F6FB "🛻" */
    0x0, 0x0, 0x0, 0x0, 0x0, 0x0, 0x0, 0x0,
    0x0, 0x5, 0x77, 0x77, 0x0, 0x0, 0x0, 0x0,
    0x1, 0x69, 0x76, 0x70, 0x0, 0x0, 0x0, 0x0,
    0x77, 0x40, 0x77, 0x0, 0x0, 0x0, 0x37, 0x75,
    0xc7, 0x76, 0xb7, 0x77, 0x77, 0x27, 0x70, 0x0,
    0x0, 0x7, 0x0, 0x0, 0x48, 0x76, 0x10, 0x0,
    0x0, 0x70, 0x0, 0x8, 0xa6, 0x77, 0xd8, 0x0,
    0x7, 0x5, 0xdc, 0x98, 0xbf, 0xf4, 0xf8, 0x33,
    0x93, 0xf5, 0xaf, 0xf2, 0x49, 0x9, 0x44, 0x44,
    0x4a, 0x1, 0x93, 0x0, 0x58, 0x50, 0x0, 0x0,
    0x28, 0x80, 0x0,

    /* U+1F6FC "🛼" */
    0x44, 0x58, 0x77, 0x40, 0x0, 0x0, 0x8, 0x55,
    0x79, 0xef, 0x50, 0x0, 0x0, 0x86, 0x64, 0x1e,
    0xf7, 0x30, 0x0, 0x6, 0x96, 0x51, 0x2f, 0x40,
    0x0, 0x0, 0x6c, 0xa8, 0x20, 0x8f, 0xd2, 0x0,
    0x7, 0x0, 0x17, 0x60, 0x57, 0xf7, 0x0, 0xad,
    0xca, 0x76, 0x10, 0x1, 0x19, 0x4, 0xb5, 0x57,
    0xba, 0x55, 0x55, 0xc0, 0xd, 0xff, 0xb9, 0x9f,
    0xff, 0xee, 0x10, 0xbe, 0xf0, 0x0, 0xdf, 0xf4,
    0xfc, 0x7, 0x8, 0x0, 0x8, 0x2, 0x46, 0x20,
    0x58, 0x70, 0x0, 0x48, 0x80, 0x0,

    /* U+1F7E0 "🟠" */
    0x0, 0x0, 0x1, 0x31, 0x0, 0x0, 0x0, 0x0,
    0x4f, 0x5f, 0x7c, 0x60, 0x0, 0x0, 0xf3, 0xb6,
    0x78, 0x91, 0xd0, 0x0, 0x5b, 0x88, 0x4d, 0xf,
    0x28, 0x70, 0xd, 0x91, 0xf0, 0xb6, 0x78, 0x94,
    0x24, 0x3f, 0x28, 0x88, 0x4d, 0xf, 0x27, 0x95,
    0x78, 0x91, 0xf0, 0xb6, 0x78, 0x96, 0x6c, 0xf,
    0x28, 0x88, 0x4d, 0xa, 0x34, 0xd4, 0x78, 0x91,
    0xf0, 0xb7, 0x70, 0x87, 0x5c, 0xf, 0x28, 0x88,
    0x91, 0x4, 0xd0, 0xd4, 0x78, 0x91, 0xf6, 0x0,
    0x5, 0x77, 0x5c, 0xf, 0x68, 0x0, 0x0, 0x1,
    0xa7, 0xf8, 0xa3, 0x0, 0x0,

    /* U+1F7E1 "🟡" */
    0x0, 0x2, 0x77, 0x77, 0x73, 0x0, 0x0, 0x5,
    0x71, 0x11, 0x10, 0x57, 0x0, 0x5, 0x62, 0x22,
    0x11, 0x22, 0x47, 0x0, 0xb3, 0x12, 0x43, 0x31,
    0x33, 0x92, 0x45, 0x23, 0x33, 0x13, 0x34, 0x21,
    0x96, 0x12, 0x11, 0x22, 0x21, 0x22, 0x27, 0x60,
    0x11, 0x11, 0x11, 0x12, 0x10, 0x84, 0x51, 0x22,
    0x21, 0x22, 0x21, 0x18, 0xa, 0x21, 0x12, 0x21,
    0x11, 0x28, 0x20, 0x57, 0x43, 0x31, 0x33, 0x45,
    0x70, 0x0, 0x58, 0x35, 0x43, 0x8, 0x70, 0x0,
    0x0, 0x27, 0x77, 0x77, 0x30, 0x0,

    /* U+1F7E2 "🟢" */
    0x0, 0x2, 0x8c, 0xad, 0x73, 0x0, 0x0, 0x5,
    0xa5, 0x46, 0x46, 0x47, 0x0, 0x4, 0xb3, 0x46,
    0x36, 0x37, 0x26, 0x0, 0xd1, 0x64, 0x36, 0x37,
    0x27, 0x62, 0x45, 0x82, 0x55, 0x37, 0x28, 0x29,
    0x76, 0x82, 0x72, 0x55, 0x28, 0x28, 0x2c, 0x83,
    0x73, 0x73, 0x46, 0x18, 0x18, 0x84, 0xa3, 0x64,
    0x64, 0x37, 0x18, 0x29, 0x8, 0x64, 0x64, 0x54,
    0x27, 0x1d, 0x20, 0x45, 0x55, 0x55, 0x55, 0x2a,
    0x70, 0x0, 0x56, 0x46, 0x46, 0x4a, 0x80, 0x0,
    0x0, 0x27, 0xbc, 0xba, 0x40, 0x0,

    /* U+1F7E3 "🟣" */
    0x0, 0x2, 0x78, 0xe7, 0xb3, 0x0, 0x0, 0x5,
    0x61, 0x80, 0x64, 0x6a, 0x0, 0x4, 0x52, 0x80,
    0x73, 0x28, 0x39, 0x0, 0x82, 0x80, 0x73, 0x37,
    0x8, 0x72, 0x47, 0x70, 0x82, 0x46, 0x18, 0x16,
    0x88, 0x70, 0x81, 0x55, 0x18, 0x6, 0x47, 0x61,
    0x81, 0x55, 0x18, 0x7, 0x33, 0xb4, 0xc0, 0x64,
    0x28, 0x8, 0x24, 0x67, 0x8, 0x73, 0x37, 0x8,
    0x25, 0x56, 0x20, 0x58, 0x47, 0x8, 0x16, 0x42,
    0x70, 0x0, 0x6c, 0x18, 0x17, 0x34, 0x70, 0x0,
    0x0, 0x2b, 0x8c, 0xa7, 0x30, 0x0,

    /* U+1F7E4 "🟤" */
    0x0, 0x2, 0x97, 0xe7, 0x73, 0x0, 0x0, 0xe,
    0xef, 0x99, 0xf7, 0xce, 0x0, 0x4, 0x87, 0x8,
    0x31, 0x91, 0x26, 0x0, 0xf8, 0xaf, 0x7e, 0xb7,
    0xf9, 0xd2, 0x45, 0x80, 0x28, 0x6, 0x40, 0x74,
    0x79, 0xa8, 0xf9, 0x8f, 0x8c, 0xd7, 0xdd, 0x69,
    0x20, 0x82, 0x8, 0x14, 0x60, 0x74, 0xaf, 0xa7,
    0xfa, 0x8f, 0x9b, 0xf7, 0x8, 0x7, 0x30, 0x73,
    0x8, 0x28, 0x20, 0x4a, 0x7e, 0xb7, 0xdc, 0x7e,
    0x70, 0x0, 0x56, 0x6, 0x40, 0x58, 0x70, 0x0,
    0x0, 0x27, 0x7c, 0x97, 0x30, 0x0,

    /* U+1F7E5 "🟥" */
    0x2, 0x33, 0x33, 0x33, 0x33, 0x33, 0x5, 0x5b,
    0x4b, 0x4b, 0x4b, 0x4b, 0x47, 0x70, 0x70, 0x70,
    0x70, 0x70, 0x70, 0x77, 0x7, 0x7, 0x7, 0x7,
    0x7, 0x7, 0x70, 0x70, 0x70, 0x70, 0x70, 0x70,
    0x77, 0x7, 0x7, 0x7, 0x7, 0x7, 0x7, 0x70,
    0x70, 0x70, 0x70, 0x70, 0x70, 0x77, 0x7, 0x7,
    0x7, 0x7, 0x7, 0x7, 0x70, 0x70, 0x70, 0x70,
    0x70, 0x70, 0x77, 0x7, 0x7, 0x7, 0x7, 0x7,
    0x7, 0x70, 0x70, 0x70, 0x70, 0x70, 0x70, 0x77,
    0x7, 0x7, 0x7, 0x7, 0x7, 0x7, 0x48, 0xc7,
    0xc7, 0xc7, 0xc7, 0xc7, 0x60,

    /* U+1F7E6 "🟦" */
    0x48, 0x77, 0x77, 0x77, 0x77, 0x77, 0x6a, 0x77,
    0x77, 0x77, 0x77, 0x77, 0x7b, 0x70, 0x0, 0x0,
    0x0, 0x0, 0x0, 0x7a, 0x77, 0x77, 0x77, 0x77,
    0x77, 0x7b, 0x70, 0x0, 0x0, 0x0, 0x0, 0x0,
    0x7a, 0x77, 0x77, 0x77, 0x77, 0x77, 0x7b, 0xa7,
    0x77, 0x77, 0x77, 0x77, 0x77, 0xb7, 0x0, 0x0,
    0x0, 0x0, 0x0, 0x7, 0xa7, 0x77, 0x77, 0x77,
    0x77, 0x77, 0xb7, 0x0, 0x0, 0x0, 0x0, 0x0,
    0x7, 0xa7, 0x77, 0x77, 0x77, 0x77, 0x77, 0xb4,
    0x87, 0x77, 0x77, 0x77, 0x77, 0x76,

    /* U+1F7E7 "🟧" */
    0x2, 0x33, 0x33, 0x33, 0x33, 0x33, 0x6, 0xcb,
    0x8f, 0x4f, 0x7b, 0xcc, 0x47, 0x72, 0xf0, 0xc5,
    0x77, 0xa0, 0xf0, 0x78, 0xa, 0x77, 0x5c, 0xf,
    0x28, 0x88, 0x88, 0x72, 0xf0, 0xc5, 0x77, 0xa0,
    0xb7, 0x1f, 0xa, 0x77, 0x5c, 0xf, 0x27, 0x92,
    0x88, 0x72, 0xf0, 0xc5, 0x77, 0x97, 0x89, 0x1f,
    0xa, 0x77, 0x5c, 0x9, 0x70, 0xf2, 0x88, 0x72,
    0xf0, 0xc5, 0x79, 0x47, 0x89, 0x1f, 0xa, 0x77,
    0x5b, 0x75, 0xc0, 0xf2, 0x88, 0x72, 0xf0, 0x77,
    0xd, 0x47, 0x89, 0x1f, 0xa, 0x77, 0x48, 0xdd,
    0xf7, 0xf7, 0xee, 0xda, 0xa0,

    /* U+1F7E8 "🟨" */
    0x48, 0x77, 0x77, 0x77, 0x77, 0x77, 0x67, 0x10,
    0x1, 0x11, 0x0, 0x11, 0x17, 0x81, 0x22, 0x11,
    0x22, 0x22, 0x10, 0x97, 0x31, 0x23, 0x32, 0x21,
    0x33, 0x37, 0x82, 0x34, 0x21, 0x33, 0x33, 0x20,
    0xa7, 0x21, 0x12, 0x21, 0x11, 0x22, 0x27, 0x70,
    0x11, 0x11, 0x11, 0x12, 0x11, 0x87, 0x12, 0x22,
    0x12, 0x22, 0x22, 0x9, 0x72, 0x11, 0x22, 0x11,
    0x11, 0x22, 0x78, 0x23, 0x42, 0x13, 0x33, 0x42,
    0xb, 0x74, 0x23, 0x44, 0x33, 0x23, 0x44, 0x74,
    0x87, 0x77, 0x77, 0x77, 0x77, 0x76,

    /* U+1F7E9 "🟩" */
    0x6a, 0xac, 0xac, 0x9d, 0x9e, 0x8e, 0x67, 0x72,
    0x55, 0x46, 0x36, 0x37, 0x2b, 0x81, 0x73, 0x46,
    0x37, 0x37, 0x28, 0x77, 0x81, 0x64, 0x37, 0x27,
    0x28, 0x2b, 0x82, 0x82, 0x64, 0x28, 0x28, 0x28,
    0x87, 0x82, 0x72, 0x55, 0x18, 0x18, 0x1a, 0x82,
    0x73, 0x73, 0x46, 0x18, 0x18, 0x87, 0x73, 0x73,
    0x64, 0x36, 0x8, 0x1a, 0x83, 0x64, 0x64, 0x64,
    0x37, 0x8, 0x97, 0x64, 0x55, 0x55, 0x55, 0x28,
    0x9, 0x85, 0x55, 0x55, 0x46, 0x46, 0x18, 0x74,
    0xca, 0xbb, 0xbc, 0xbc, 0xbd, 0x9a, 0x0, 0x0,
    0x0, 0x0, 0x0, 0x0, 0x0,

    /* U+1F7EA "🟪" */
    0x4d, 0xab, 0xbb, 0xba, 0xca, 0xc8, 0xa9, 0x55,
    0x54, 0x63, 0x63, 0x71, 0x88, 0x76, 0x45, 0x54,
    0x54, 0x61, 0x80, 0x99, 0x36, 0x45, 0x45, 0x51,
    0x80, 0x89, 0x77, 0x36, 0x46, 0x42, 0x80, 0x82,
    0x99, 0x27, 0x36, 0x33, 0x71, 0x81, 0x88, 0x78,
    0x27, 0x33, 0x71, 0x81, 0x81, 0xa8, 0x28, 0x24,
    0x61, 0x82, 0x82, 0x88, 0x88, 0x15, 0x52, 0x82,
    0x82, 0x82, 0xa8, 0x15, 0x43, 0x73, 0x82, 0x72,
    0x87, 0x76, 0x43, 0x73, 0x73, 0x73, 0x72, 0xb6,
    0xba, 0xda, 0xe9, 0xe9, 0xe8, 0xe6, 0x0, 0x0,
    0x0, 0x0, 0x0, 0x0, 0x0,

    /* U+1F7EB "🟫" */
    0x6a, 0x7f, 0x78, 0xf7, 0x9e, 0x77, 0x69, 0xfa,
    0x8f, 0x89, 0xf7, 0x9f, 0x7b, 0x80, 0x73, 0x18,
    0x11, 0x91, 0x18, 0x9b, 0xf8, 0xdb, 0x8f, 0x97,
    0xf9, 0x7e, 0x71, 0x80, 0x55, 0x8, 0x20, 0x73,
    0x7c, 0x98, 0xf8, 0xcd, 0x7f, 0xa7, 0xdf, 0x78,
    0x20, 0x82, 0x37, 0x6, 0x40, 0x89, 0x7f, 0xa7,
    0xfa, 0xaf, 0x7d, 0xcb, 0xa4, 0x7, 0x30, 0x73,
    0x28, 0x5, 0xc9, 0xcd, 0x7e, 0xb7, 0xdb, 0x9f,
    0x8b, 0x70, 0x46, 0x5, 0x40, 0x55, 0x18, 0x84,
    0x87, 0xbb, 0x7c, 0xa7, 0xc8, 0x8a,

    /* U+1F7F0 "🟰" */
    0xe, 0xee, 0xee, 0xee, 0xee, 0xee, 0x71, 0xff,
    0xff, 0xff, 0xff, 0xff, 0xf8, 0x1f, 0xff, 0xff,
    0xff, 0xff, 0xff, 0x80, 0x0, 0x0, 0x0, 0x0,
    0x0, 0x0, 0x1, 0x11, 0x11, 0x11, 0x11, 0x11,
    0x1, 0xff, 0xff, 0xff, 0xff, 0xff, 0xf8, 0x1f,
    0xff, 0xff, 0xff, 0xff, 0xff, 0x80, 0xdd, 0xdd,
    0xdd, 0xdd, 0xdd, 0xd6
};


/*---------------------
 *  GLYPH DESCRIPTION
 *--------------------*/

static const lv_font_fmt_txt_glyph_dsc_t glyph_dsc[] = {
    {.bitmap_index = 0, .adv_w = 0, .box_w = 0, .box_h = 0, .ofs_x = 0, .ofs_y = 0} /* id = 0 reserved */,
    {.bitmap_index = 0, .adv_w = 52, .box_w = 0, .box_h = 0, .ofs_x = 0, .ofs_y = 0},
    {.bitmap_index = 0, .adv_w = 51, .box_w = 3, .box_h = 9, .ofs_x = 0, .ofs_y = 0},
    {.bitmap_index = 14, .adv_w = 75, .box_w = 4, .box_h = 4, .ofs_x = 0, .ofs_y = 5},
    {.bitmap_index = 22, .adv_w = 135, .box_w = 9, .box_h = 9, .ofs_x = 0, .ofs_y = 0},
    {.bitmap_index = 63, .adv_w = 119, .box_w = 7, .box_h = 13, .ofs_x = 0, .ofs_y = -2},
    {.bitmap_index = 109, .adv_w = 162, .box_w = 10, .box_h = 9, .ofs_x = 0, .ofs_y = 0},
    {.bitmap_index = 154, .adv_w = 132, .box_w = 9, .box_h = 10, .ofs_x = 0, .ofs_y = -1},
    {.bitmap_index = 199, .adv_w = 40, .box_w = 2, .box_h = 4, .ofs_x = 0, .ofs_y = 5},
    {.bitmap_index = 203, .adv_w = 65, .box_w = 3, .box_h = 13, .ofs_x = 1, .ofs_y = -3},
    {.bitmap_index = 223, .adv_w = 65, .box_w = 3, .box_h = 13, .ofs_x = 0, .ofs_y = -3},
    {.bitmap_index = 243, .adv_w = 77, .box_w = 5, .box_h = 5, .ofs_x = 0, .ofs_y = 5},
    {.bitmap_index = 256, .adv_w = 112, .box_w = 7, .box_h = 6, .ofs_x = 0, .ofs_y = 2},
    {.bitmap_index = 277, .adv_w = 44, .box_w = 3, .box_h = 4, .ofs_x = 0, .ofs_y = -2},
    {.bitmap_index = 283, .adv_w = 74, .box_w = 4, .box_h = 2, .ofs_x = 0, .ofs_y = 2},
    {.bitmap_index = 287, .adv_w = 44, .box_w = 3, .box_h = 2, .ofs_x = 0, .ofs_y = 0},
    {.bitmap_index = 290, .adv_w = 68, .box_w = 6, .box_h = 13, .ofs_x = -1, .ofs_y = -1},
    {.bitmap_index = 329, .adv_w = 128, .box_w = 8, .box_h = 9, .ofs_x = 0, .ofs_y = 0},
    {.bitmap_index = 365, .adv_w = 71, .box_w = 4, .box_h = 9, .ofs_x = 0, .ofs_y = 0},
    {.bitmap_index = 383, .adv_w = 110, .box_w = 7, .box_h = 9, .ofs_x = 0, .ofs_y = 0},
    {.bitmap_index = 415, .adv_w = 110, .box_w = 7, .box_h = 9, .ofs_x = 0, .ofs_y = 0},
    {.bitmap_index = 447, .adv_w = 128, .box_w = 8, .box_h = 9, .ofs_x = 0, .ofs_y = 0},
    {.bitmap_index = 483, .adv_w = 110, .box_w = 7, .box_h = 9, .ofs_x = 0, .ofs_y = 0},
    {.bitmap_index = 515, .adv_w = 118, .box_w = 8, .box_h = 9, .ofs_x = 0, .ofs_y = 0},
    {.bitmap_index = 551, .adv_w = 115, .box_w = 7, .box_h = 9, .ofs_x = 0, .ofs_y = 0},
    {.bitmap_index = 583, .adv_w = 124, .box_w = 8, .box_h = 9, .ofs_x = 0, .ofs_y = 0},
    {.bitmap_index = 619, .adv_w = 118, .box_w = 7, .box_h = 9, .ofs_x = 0, .ofs_y = 0},
    {.bitmap_index = 651, .adv_w = 44, .box_w = 3, .box_h = 7, .ofs_x = 0, .ofs_y = 0},
    {.bitmap_index = 662, .adv_w = 44, .box_w = 3, .box_h = 9, .ofs_x = 0, .ofs_y = -2},
    {.bitmap_index = 676, .adv_w = 112, .box_w = 7, .box_h = 7, .ofs_x = 0, .ofs_y = 1},
    {.bitmap_index = 701, .adv_w = 112, .box_w = 7, .box_h = 5, .ofs_x = 0, .ofs_y = 2},
    {.bitmap_index = 719, .adv_w = 112, .box_w = 7, .box_h = 7, .ofs_x = 0, .ofs_y = 1},
    {.bitmap_index = 744, .adv_w = 110, .box_w = 7, .box_h = 9, .ofs_x = 0, .ofs_y = 0},
    {.bitmap_index = 776, .adv_w = 199, .box_w = 12, .box_h = 12, .ofs_x = 0, .ofs_y = -3},
    {.bitmap_index = 848, .adv_w = 141, .box_w = 10, .box_h = 9, .ofs_x = -1, .ofs_y = 0},
    {.bitmap_index = 893, .adv_w = 145, .box_w = 8, .box_h = 9, .ofs_x = 1, .ofs_y = 0},
    {.bitmap_index = 929, .adv_w = 137, .box_w = 9, .box_h = 9, .ofs_x = 0, .ofs_y = 0},
    {.bitmap_index = 970, .adv_w = 159, .box_w = 9, .box_h = 9, .ofs_x = 1, .ofs_y = 0},
    {.bitmap_index = 1011, .adv_w = 129, .box_w = 7, .box_h = 9, .ofs_x = 1, .ofs_y = 0},
    {.bitmap_index = 1043, .adv_w = 122, .box_w = 7, .box_h = 9, .ofs_x = 1, .ofs_y = 0},
    {.bitmap_index = 1075, .adv_w = 148, .box_w = 9, .box_h = 9, .ofs_x = 0, .ofs_y = 0},
    {.bitmap_index = 1116, .adv_w = 156, .box_w = 8, .box_h = 9, .ofs_x = 1, .ofs_y = 0},
    {.bitmap_index = 1152, .adv_w = 60, .box_w = 2, .box_h = 9, .ofs_x = 1, .ofs_y = 0},
    {.bitmap_index = 1161, .adv_w = 98, .box_w = 6, .box_h = 9, .ofs_x = -1, .ofs_y = 0},
    {.bitmap_index = 1188, .adv_w = 138, .box_w = 8, .box_h = 9, .ofs_x = 1, .ofs_y = 0},
    {.bitmap_index = 1224, .adv_w = 114, .box_w = 7, .box_h = 9, .ofs_x = 1, .ofs_y = 0},
    {.bitmap_index = 1256, .adv_w = 183, .box_w = 10, .box_h = 9, .ofs_x = 1, .ofs_y = 0},
    {.bitmap_index = 1301, .adv_w = 156, .box_w = 8, .box_h = 9, .ofs_x = 1, .ofs_y = 0},
    {.bitmap_index = 1337, .adv_w = 161, .box_w = 10, .box_h = 9, .ofs_x = 0, .ofs_y = 0},
    {.bitmap_index = 1382, .adv_w = 139, .box_w = 8, .box_h = 9, .ofs_x = 1, .ofs_y = 0},
    {.bitmap_index = 1418, .adv_w = 161, .box_w = 10, .box_h = 12, .ofs_x = 0, .ofs_y = -3},
    {.bitmap_index = 1478, .adv_w = 140, .box_w = 8, .box_h = 9, .ofs_x = 1, .ofs_y = 0},
    {.bitmap_index = 1514, .adv_w = 119, .box_w = 7, .box_h = 9, .ofs_x = 0, .ofs_y = 0},
    {.bitmap_index = 1546, .adv_w = 113, .box_w = 7, .box_h = 9, .ofs_x = 0, .ofs_y = 0},
    {.bitmap_index = 1578, .adv_w = 152, .box_w = 8, .box_h = 9, .ofs_x = 1, .ofs_y = 0},
    {.bitmap_index = 1614, .adv_w = 137, .box_w = 10, .box_h = 9, .ofs_x = -1, .ofs_y = 0},
    {.bitmap_index = 1659, .adv_w = 216, .box_w = 14, .box_h = 9, .ofs_x = 0, .ofs_y = 0},
    {.bitmap_index = 1722, .adv_w = 129, .box_w = 8, .box_h = 9, .ofs_x = 0, .ofs_y = 0},
    {.bitmap_index = 1758, .adv_w = 124, .box_w = 9, .box_h = 9, .ofs_x = -1, .ofs_y = 0},
    {.bitmap_index = 1799, .adv_w = 126, .box_w = 8, .box_h = 9, .ofs_x = 0, .ofs_y = 0},
    {.bitmap_index = 1835, .adv_w = 64, .box_w = 3, .box_h = 13, .ofs_x = 1, .ofs_y = -3},
    {.bitmap_index = 1855, .adv_w = 68, .box_w = 6, .box_h = 13, .ofs_x = -1, .ofs_y = -1},
    {.bitmap_index = 1894, .adv_w = 64, .box_w = 3, .box_h = 13, .ofs_x = 0, .ofs_y = -3},
    {.bitmap_index = 1914, .adv_w = 112, .box_w = 7, .box_h = 6, .ofs_x = 0, .ofs_y = 2},
    {.bitmap_index = 1935, .adv_w = 96, .box_w = 6, .box_h = 1, .ofs_x = 0, .ofs_y = -1},
    {.bitmap_index = 1938, .adv_w = 115, .box_w = 4, .box_h = 2, .ofs_x = 1, .ofs_y = 8},
    {.bitmap_index = 1942, .adv_w = 115, .box_w = 7, .box_h = 7, .ofs_x = 0, .ofs_y = 0},
    {.bitmap_index = 1967, .adv_w = 131, .box_w = 7, .box_h = 10, .ofs_x = 1, .ofs_y = 0},
    {.bitmap_index = 2002, .adv_w = 110, .box_w = 7, .box_h = 7, .ofs_x = 0, .ofs_y = 0},
    {.bitmap_index = 2027, .adv_w = 131, .box_w = 8, .box_h = 10, .ofs_x = 0, .ofs_y = 0},
    {.bitmap_index = 2067, .adv_w = 118, .box_w = 7, .box_h = 7, .ofs_x = 0, .ofs_y = 0},
    {.bitmap_index = 2092, .adv_w = 68, .box_w = 5, .box_h = 10, .ofs_x = 0, .ofs_y = 0},
    {.bitmap_index = 2117, .adv_w = 132, .box_w = 8, .box_h = 10, .ofs_x = 0, .ofs_y = -3},
    {.bitmap_index = 2157, .adv_w = 131, .box_w = 7, .box_h = 10, .ofs_x = 1, .ofs_y = 0},
    {.bitmap_index = 2192, .adv_w = 54, .box_w = 3, .box_h = 10, .ofs_x = 0, .ofs_y = 0},
    {.bitmap_index = 2207, .adv_w = 55, .box_w = 5, .box_h = 13, .ofs_x = -2, .ofs_y = -3},
    {.bitmap_index = 2240, .adv_w = 118, .box_w = 7, .box_h = 10, .ofs_x = 1, .ofs_y = 0},
    {.bitmap_index = 2275, .adv_w = 54, .box_w = 2, .box_h = 10, .ofs_x = 1, .ofs_y = 0},
    {.bitmap_index = 2285, .adv_w = 203, .box_w = 11, .box_h = 7, .ofs_x = 1, .ofs_y = 0},
    {.bitmap_index = 2324, .adv_w = 131, .box_w = 7, .box_h = 7, .ofs_x = 1, .ofs_y = 0},
    {.bitmap_index = 2349, .adv_w = 122, .box_w = 8, .box_h = 7, .ofs_x = 0, .ofs_y = 0},
    {.bitmap_index = 2377, .adv_w = 131, .box_w = 7, .box_h = 10, .ofs_x = 1, .ofs_y = -3},
    {.bitmap_index = 2412, .adv_w = 131, .box_w = 8, .box_h = 10, .ofs_x = 0, .ofs_y = -3},
    {.bitmap_index = 2452, .adv_w = 79, .box_w = 4, .box_h = 7, .ofs_x = 1, .ofs_y = 0},
    {.bitmap_index = 2466, .adv_w = 96, .box_w = 6, .box_h = 7, .ofs_x = 0, .ofs_y = 0},
    {.bitmap_index = 2487, .adv_w = 79, .box_w = 5, .box_h = 9, .ofs_x = 0, .ofs_y = 0},
    {.bitmap_index = 2510, .adv_w = 130, .box_w = 7, .box_h = 7, .ofs_x = 1, .ofs_y = 0},
    {.bitmap_index = 2535, .adv_w = 107, .box_w = 8, .box_h = 7, .ofs_x = -1, .ofs_y = 0},
    {.bitmap_index = 2563, .adv_w = 173, .box_w = 11, .box_h = 7, .ofs_x = 0, .ofs_y = 0},
    {.bitmap_index = 2602, .adv_w = 106, .box_w = 7, .box_h = 7, .ofs_x = 0, .ofs_y = 0},
    {.bitmap_index = 2627, .adv_w = 107, .box_w = 8, .box_h = 10, .ofs_x = -1, .ofs_y = -3},
    {.bitmap_index = 2667, .adv_w = 100, .box_w = 6, .box_h = 7, .ofs_x = 0, .ofs_y = 0},
    {.bitmap_index = 2688, .adv_w = 67, .box_w = 4, .box_h = 13, .ofs_x = 0, .ofs_y = -3},
    {.bitmap_index = 2714, .adv_w = 57, .box_w = 2, .box_h = 13, .ofs_x = 1, .ofs_y = -3},
    {.bitmap_index = 2727, .adv_w = 67, .box_w = 4, .box_h = 13, .ofs_x = 0, .ofs_y = -3},
    {.bitmap_index = 2753, .adv_w = 112, .box_w = 7, .box_h = 2, .ofs_x = 0, .ofs_y = 3},
    {.bitmap_index = 2760, .adv_w = 52, .box_w = 0, .box_h = 0, .ofs_x = 0, .ofs_y = 0},
    {.bitmap_index = 2760, .adv_w = 51, .box_w = 3, .box_h = 9, .ofs_x = 0, .ofs_y = -2},
    {.bitmap_index = 2774, .adv_w = 110, .box_w = 7, .box_h = 11, .ofs_x = 0, .ofs_y = -2},
    {.bitmap_index = 2813, .adv_w = 124, .box_w = 8, .box_h = 9, .ofs_x = 0, .ofs_y = 0},
    {.bitmap_index = 2849, .adv_w = 134, .box_w = 9, .box_h = 9, .ofs_x = 0, .ofs_y = 0},
    {.bitmap_index = 2890, .adv_w = 136, .box_w = 10, .box_h = 9, .ofs_x = -1, .ofs_y = 0},
    {.bitmap_index = 2935, .adv_w = 57, .box_w = 2, .box_h = 13, .ofs_x = 1, .ofs_y = -3},
    {.bitmap_index = 2948, .adv_w = 96, .box_w = 6, .box_h = 12, .ofs_x = 0, .ofs_y = -3},
    {.bitmap_index = 2984, .adv_w = 115, .box_w = 5, .box_h = 3, .ofs_x = 1, .ofs_y = 7},
    {.bitmap_index = 2992, .adv_w = 154, .box_w = 10, .box_h = 10, .ofs_x = 0, .ofs_y = 0},
    {.bitmap_index = 3042, .adv_w = 78, .box_w = 5, .box_h = 4, .ofs_x = 0, .ofs_y = 5},
    {.bitmap_index = 3052, .adv_w = 97, .box_w = 6, .box_h = 6, .ofs_x = 0, .ofs_y = 1},
    {.bitmap_index = 3070, .adv_w = 112, .box_w = 7, .box_h = 4, .ofs_x = 0, .ofs_y = 1},
    {.bitmap_index = 3084, .adv_w = 154, .box_w = 10, .box_h = 10, .ofs_x = 0, .ofs_y = 0},
    {.bitmap_index = 3134, .adv_w = 115, .box_w = 5, .box_h = 1, .ofs_x = 1, .ofs_y = 8},
    {.bitmap_index = 3137, .adv_w = 80, .box_w = 5, .box_h = 5, .ofs_x = 0, .ofs_y = 5},
    {.bitmap_index = 3150, .adv_w = 112, .box_w = 7, .box_h = 8, .ofs_x = 0, .ofs_y = 0},
    {.bitmap_index = 3178, .adv_w = 83, .box_w = 5, .box_h = 5, .ofs_x = 0, .ofs_y = 4},
    {.bitmap_index = 3191, .adv_w = 83, .box_w = 5, .box_h = 5, .ofs_x = 0, .ofs_y = 4},
    {.bitmap_index = 3204, .adv_w = 115, .box_w = 4, .box_h = 2, .ofs_x = 2, .ofs_y = 8},
    {.bitmap_index = 3208, .adv_w = 131, .box_w = 7, .box_h = 10, .ofs_x = 1, .ofs_y = -3},
    {.bitmap_index = 3243, .adv_w = 124, .box_w = 7, .box_h = 11, .ofs_x = 0, .ofs_y = -1},
    {.bitmap_index = 3282, .adv_w = 51, .box_w = 3, .box_h = 2, .ofs_x = 0, .ofs_y = 3},
    {.bitmap_index = 3285, .adv_w = 115, .box_w = 3, .box_h = 4, .ofs_x = 2, .ofs_y = -3},
    {.bitmap_index = 3291, .adv_w = 83, .box_w = 5, .box_h = 5, .ofs_x = 0, .ofs_y = 4},
    {.bitmap_index = 3304, .adv_w = 80, .box_w = 5, .box_h = 4, .ofs_x = 0, .ofs_y = 5},
    {.bitmap_index = 3314, .adv_w = 97, .box_w = 6, .box_h = 6, .ofs_x = 0, .ofs_y = 1},
    {.bitmap_index = 3332, .adv_w = 199, .box_w = 13, .box_h = 10, .ofs_x = 0, .ofs_y = -1},
    {.bitmap_index = 3397, .adv_w = 199, .box_w = 12, .box_h = 9, .ofs_x = 0, .ofs_y = 0},
    {.bitmap_index = 3451, .adv_w = 199, .box_w = 13, .box_h = 10, .ofs_x = 0, .ofs_y = -1},
    {.bitmap_index = 3516, .adv_w = 110, .box_w = 7, .box_h = 10, .ofs_x = 0, .ofs_y = -3},
    {.bitmap_index = 3551, .adv_w = 141, .box_w = 10, .box_h = 12, .ofs_x = -1, .ofs_y = 0},
    {.bitmap_index = 3611, .adv_w = 141, .box_w = 10, .box_h = 12, .ofs_x = -1, .ofs_y = 0},
    {.bitmap_index = 3671, .adv_w = 141, .box_w = 10, .box_h = 12, .ofs_x = -1, .ofs_y = 0},
    {.bitmap_index = 3731, .adv_w = 141, .box_w = 10, .box_h = 12, .ofs_x = -1, .ofs_y = 0},
    {.bitmap_index = 3791, .adv_w = 141, .box_w = 10, .box_h = 12, .ofs_x = -1, .ofs_y = 0},
    {.bitmap_index = 3851, .adv_w = 141, .box_w = 10, .box_h = 13, .ofs_x = -1, .ofs_y = 0},
    {.bitmap_index = 3916, .adv_w = 201, .box_w = 13, .box_h = 9, .ofs_x = -1, .ofs_y = 0},
    {.bitmap_index = 3975, .adv_w = 137, .box_w = 9, .box_h = 12, .ofs_x = 0, .ofs_y = -3},
    {.bitmap_index = 4029, .adv_w = 129, .box_w = 7, .box_h = 12, .ofs_x = 1, .ofs_y = 0},
    {.bitmap_index = 4071, .adv_w = 129, .box_w = 7, .box_h = 12, .ofs_x = 1, .ofs_y = 0},
    {.bitmap_index = 4113, .adv_w = 129, .box_w = 7, .box_h = 12, .ofs_x = 1, .ofs_y = 0},
    {.bitmap_index = 4155, .adv_w = 129, .box_w = 7, .box_h = 12, .ofs_x = 1, .ofs_y = 0},
    {.bitmap_index = 4197, .adv_w = 60, .box_w = 4, .box_h = 12, .ofs_x = -1, .ofs_y = 0},
    {.bitmap_index = 4221, .adv_w = 60, .box_w = 5, .box_h = 12, .ofs_x = 0, .ofs_y = 0},
    {.bitmap_index = 4251, .adv_w = 60, .box_w = 6, .box_h = 12, .ofs_x = -1, .ofs_y = 0},
    {.bitmap_index = 4287, .adv_w = 60, .box_w = 4, .box_h = 12, .ofs_x = 0, .ofs_y = 0},
    {.bitmap_index = 4311, .adv_w = 160, .box_w = 10, .box_h = 9, .ofs_x = 0, .ofs_y = 0},
    {.bitmap_index = 4356, .adv_w = 156, .box_w = 8, .box_h = 12, .ofs_x = 1, .ofs_y = 0},
    {.bitmap_index = 4404, .adv_w = 161, .box_w = 10, .box_h = 12, .ofs_x = 0, .ofs_y = 0},
    {.bitmap_index = 4464, .adv_w = 161, .box_w = 10, .box_h = 12, .ofs_x = 0, .ofs_y = 0},
    {.bitmap_index = 4524, .adv_w = 161, .box_w = 10, .box_h = 12, .ofs_x = 0, .ofs_y = 0},
    {.bitmap_index = 4584, .adv_w = 161, .box_w = 10, .box_h = 12, .ofs_x = 0, .ofs_y = 0},
    {.bitmap_index = 4644, .adv_w = 161, .box_w = 10, .box_h = 13, .ofs_x = 0, .ofs_y = 0},
    {.bitmap_index = 4709, .adv_w = 112, .box_w = 5, .box_h = 6, .ofs_x = 1, .ofs_y = 2},
    {.bitmap_index = 4724, .adv_w = 161, .box_w = 10, .box_h = 11, .ofs_x = 0, .ofs_y = -1},
    {.bitmap_index = 4779, .adv_w = 152, .box_w = 8, .box_h = 12, .ofs_x = 1, .ofs_y = 0},
    {.bitmap_index = 4827, .adv_w = 152, .box_w = 8, .box_h = 12, .ofs_x = 1, .ofs_y = 0},
    {.bitmap_index = 4875, .adv_w = 152, .box_w = 8, .box_h = 12, .ofs_x = 1, .ofs_y = 0},
    {.bitmap_index = 4923, .adv_w = 152, .box_w = 8, .box_h = 13, .ofs_x = 1, .ofs_y = 0},
    {.bitmap_index = 4975, .adv_w = 124, .box_w = 9, .box_h = 12, .ofs_x = -1, .ofs_y = 0},
    {.bitmap_index = 5029, .adv_w = 139, .box_w = 8, .box_h = 9, .ofs_x = 1, .ofs_y = 0},
    {.bitmap_index = 5065, .adv_w = 130, .box_w = 7, .box_h = 10, .ofs_x = 1, .ofs_y = 0},
    {.bitmap_index = 5100, .adv_w = 115, .box_w = 7, .box_h = 10, .ofs_x = 0, .ofs_y = 0},
    {.bitmap_index = 5135, .adv_w = 115, .box_w = 7, .box_h = 10, .ofs_x = 0, .ofs_y = 0},
    {.bitmap_index = 5170, .adv_w = 115, .box_w = 7, .box_h = 10, .ofs_x = 0, .ofs_y = 0},
    {.bitmap_index = 5205, .adv_w = 115, .box_w = 7, .box_h = 10, .ofs_x = 0, .ofs_y = 0},
    {.bitmap_index = 5240, .adv_w = 115, .box_w = 7, .box_h = 10, .ofs_x = 0, .ofs_y = 0},
    {.bitmap_index = 5275, .adv_w = 115, .box_w = 7, .box_h = 11, .ofs_x = 0, .ofs_y = 0},
    {.bitmap_index = 5314, .adv_w = 190, .box_w = 12, .box_h = 7, .ofs_x = 0, .ofs_y = 0},
    {.bitmap_index = 5356, .adv_w = 110, .box_w = 7, .box_h = 10, .ofs_x = 0, .ofs_y = -3},
    {.bitmap_index = 5391, .adv_w = 118, .box_w = 7, .box_h = 10, .ofs_x = 0, .ofs_y = 0},
    {.bitmap_index = 5426, .adv_w = 118, .box_w = 7, .box_h = 10, .ofs_x = 0, .ofs_y = 0},
    {.bitmap_index = 5461, .adv_w = 118, .box_w = 7, .box_h = 10, .ofs_x = 0, .ofs_y = 0},
    {.bitmap_index = 5496, .adv_w = 118, .box_w = 7, .box_h = 10, .ofs_x = 0, .ofs_y = 0},
    {.bitmap_index = 5531, .adv_w = 54, .box_w = 4, .box_h = 10, .ofs_x = -1, .ofs_y = 0},
    {.bitmap_index = 5551, .adv_w = 54, .box_w = 4, .box_h = 10, .ofs_x = 0, .ofs_y = 0},
    {.bitmap_index = 5571, .adv_w = 54, .box_w = 5, .box_h = 10, .ofs_x = -1, .ofs_y = 0},
    {.bitmap_index = 5596, .adv_w = 54, .box_w = 4, .box_h = 10, .ofs_x = 0, .ofs_y = 0},
    {.bitmap_index = 5616, .adv_w = 115, .box_w = 7, .box_h = 10, .ofs_x = 0, .ofs_y = 0},
    {.bitmap_index = 5651, .adv_w = 131, .box_w = 7, .box_h = 10, .ofs_x = 1, .ofs_y = 0},
    {.bitmap_index = 5686, .adv_w = 122, .box_w = 8, .box_h = 10, .ofs_x = 0, .ofs_y = 0},
    {.bitmap_index = 5726, .adv_w = 122, .box_w = 8, .box_h = 10, .ofs_x = 0, .ofs_y = 0},
    {.bitmap_index = 5766, .adv_w = 122, .box_w = 8, .box_h = 10, .ofs_x = 0, .ofs_y = 0},
    {.bitmap_index = 5806, .adv_w = 122, .box_w = 8, .box_h = 10, .ofs_x = 0, .ofs_y = 0},
    {.bitmap_index = 5846, .adv_w = 122, .box_w = 8, .box_h = 10, .ofs_x = 0, .ofs_y = 0},
    {.bitmap_index = 5886, .adv_w = 112, .box_w = 7, .box_h = 7, .ofs_x = 0, .ofs_y = 1},
    {.bitmap_index = 5911, .adv_w = 122, .box_w = 8, .box_h = 9, .ofs_x = 0, .ofs_y = -1},
    {.bitmap_index = 5947, .adv_w = 130, .box_w = 7, .box_h = 10, .ofs_x = 1, .ofs_y = 0},
    {.bitmap_index = 5982, .adv_w = 130, .box_w = 7, .box_h = 10, .ofs_x = 1, .ofs_y = 0},
    {.bitmap_index = 6017, .adv_w = 130, .box_w = 7, .box_h = 10, .ofs_x = 1, .ofs_y = 0},
    {.bitmap_index = 6052, .adv_w = 130, .box_w = 7, .box_h = 10, .ofs_x = 1, .ofs_y = 0},
    {.bitmap_index = 6087, .adv_w = 107, .box_w = 8, .box_h = 13, .ofs_x = -1, .ofs_y = -3},
    {.bitmap_index = 6139, .adv_w = 131, .box_w = 7, .box_h = 13, .ofs_x = 1, .ofs_y = -3},
    {.bitmap_index = 6185, .adv_w = 107, .box_w = 8, .box_h = 13, .ofs_x = -1, .ofs_y = -3},
    {.bitmap_index = 6237, .adv_w = 141, .box_w = 10, .box_h = 11, .ofs_x = -1, .ofs_y = 0},
    {.bitmap_index = 6292, .adv_w = 115, .box_w = 7, .box_h = 9, .ofs_x = 0, .ofs_y = 0},
    {.bitmap_index = 6324, .adv_w = 141, .box_w = 10, .box_h = 12, .ofs_x = -1, .ofs_y = 0},
    {.bitmap_index = 6384, .adv_w = 115, .box_w = 7, .box_h = 10, .ofs_x = 0, .ofs_y = 0},
    {.bitmap_index = 6419, .adv_w = 141, .box_w = 11, .box_h = 12, .ofs_x = -1, .ofs_y = -3},
    {.bitmap_index = 6485, .adv_w = 115, .box_w = 7, .box_h = 10, .ofs_x = 0, .ofs_y = -3},
    {.bitmap_index = 6520, .adv_w = 137, .box_w = 9, .box_h = 12, .ofs_x = 0, .ofs_y = 0},
    {.bitmap_index = 6574, .adv_w = 110, .box_w = 7, .box_h = 10, .ofs_x = 0, .ofs_y = 0},
    {.bitmap_index = 6609, .adv_w = 137, .box_w = 9, .box_h = 12, .ofs_x = 0, .ofs_y = 0},
    {.bitmap_index = 6663, .adv_w = 110, .box_w = 7, .box_h = 10, .ofs_x = 0, .ofs_y = 0},
    {.bitmap_index = 6698, .adv_w = 137, .box_w = 9, .box_h = 12, .ofs_x = 0, .ofs_y = 0},
    {.bitmap_index = 6752, .adv_w = 110, .box_w = 7, .box_h = 10, .ofs_x = 0, .ofs_y = 0},
    {.bitmap_index = 6787, .adv_w = 137, .box_w = 9, .box_h = 12, .ofs_x = 0, .ofs_y = 0},
    {.bitmap_index = 6841, .adv_w = 110, .box_w = 7, .box_h = 10, .ofs_x = 0, .ofs_y = 0},
    {.bitmap_index = 6876, .adv_w = 159, .box_w = 9, .box_h = 12, .ofs_x = 1, .ofs_y = 0},
    {.bitmap_index = 6930, .adv_w = 131, .box_w = 10, .box_h = 10, .ofs_x = 0, .ofs_y = 0},
    {.bitmap_index = 6980, .adv_w = 160, .box_w = 10, .box_h = 9, .ofs_x = 0, .ofs_y = 0},
    {.bitmap_index = 7025, .adv_w = 131, .box_w = 9, .box_h = 10, .ofs_x = 0, .ofs_y = 0},
    {.bitmap_index = 7070, .adv_w = 129, .box_w = 7, .box_h = 11, .ofs_x = 1, .ofs_y = 0},
    {.bitmap_index = 7109, .adv_w = 118, .box_w = 7, .box_h = 9, .ofs_x = 0, .ofs_y = 0},
    {.bitmap_index = 7141, .adv_w = 129, .box_w = 7, .box_h = 12, .ofs_x = 1, .ofs_y = 0},
    {.bitmap_index = 7183, .adv_w = 118, .box_w = 7, .box_h = 10, .ofs_x = 0, .ofs_y = 0},
    {.bitmap_index = 7218, .adv_w = 129, .box_w = 7, .box_h = 12, .ofs_x = 1, .ofs_y = 0},
    {.bitmap_index = 7260, .adv_w = 118, .box_w = 7, .box_h = 10, .ofs_x = 0, .ofs_y = 0},
    {.bitmap_index = 7295, .adv_w = 129, .box_w = 7, .box_h = 12, .ofs_x = 1, .ofs_y = -3},
    {.bitmap_index = 7337, .adv_w = 118, .box_w = 7, .box_h = 10, .ofs_x = 0, .ofs_y = -3},
    {.bitmap_index = 7372, .adv_w = 129, .box_w = 7, .box_h = 12, .ofs_x = 1, .ofs_y = 0},
    {.bitmap_index = 7414, .adv_w = 118, .box_w = 7, .box_h = 10, .ofs_x = 0, .ofs_y = 0},
    {.bitmap_index = 7449, .adv_w = 148, .box_w = 9, .box_h = 12, .ofs_x = 0, .ofs_y = 0},
    {.bitmap_index = 7503, .adv_w = 132, .box_w = 8, .box_h = 13, .ofs_x = 0, .ofs_y = -3},
    {.bitmap_index = 7555, .adv_w = 148, .box_w = 9, .box_h = 12, .ofs_x = 0, .ofs_y = 0},
    {.bitmap_index = 7609, .adv_w = 132, .box_w = 8, .box_h = 13, .ofs_x = 0, .ofs_y = -3},
    {.bitmap_index = 7661, .adv_w = 148, .box_w = 9, .box_h = 12, .ofs_x = 0, .ofs_y = 0},
    {.bitmap_index = 7715, .adv_w = 132, .box_w = 8, .box_h = 13, .ofs_x = 0, .ofs_y = -3},
    {.bitmap_index = 7767, .adv_w = 148, .box_w = 9, .box_h = 13, .ofs_x = 0, .ofs_y = -4},
    {.bitmap_index = 7826, .adv_w = 132, .box_w = 8, .box_h = 13, .ofs_x = 0, .ofs_y = -3},
    {.bitmap_index = 7878, .adv_w = 156, .box_w = 8, .box_h = 12, .ofs_x = 1, .ofs_y = 0},
    {.bitmap_index = 7926, .adv_w = 131, .box_w = 9, .box_h = 12, .ofs_x = -1, .ofs_y = 0},
    {.bitmap_index = 7980, .adv_w = 159, .box_w = 10, .box_h = 9, .ofs_x = 0, .ofs_y = 0},
    {.bitmap_index = 8025, .adv_w = 133, .box_w = 8, .box_h = 10, .ofs_x = 0, .ofs_y = 0},
    {.bitmap_index = 8065, .adv_w = 60, .box_w = 4, .box_h = 12, .ofs_x = 0, .ofs_y = 0},
    {.bitmap_index = 8089, .adv_w = 54, .box_w = 5, .box_h = 10, .ofs_x = -1, .ofs_y = 0},
    {.bitmap_index = 8114, .adv_w = 60, .box_w = 4, .box_h = 11, .ofs_x = 0, .ofs_y = 0},
    {.bitmap_index = 8136, .adv_w = 54, .box_w = 4, .box_h = 9, .ofs_x = 0, .ofs_y = 0},
    {.bitmap_index = 8154, .adv_w = 60, .box_w = 5, .box_h = 12, .ofs_x = -1, .ofs_y = 0},
    {.bitmap_index = 8184, .adv_w = 54, .box_w = 4, .box_h = 10, .ofs_x = 0, .ofs_y = 0},
    {.bitmap_index = 8204, .adv_w = 60, .box_w = 3, .box_h = 12, .ofs_x = 0, .ofs_y = -3},
    {.bitmap_index = 8222, .adv_w = 54, .box_w = 3, .box_h = 13, .ofs_x = 0, .ofs_y = -3},
    {.bitmap_index = 8242, .adv_w = 60, .box_w = 2, .box_h = 12, .ofs_x = 1, .ofs_y = 0},
    {.bitmap_index = 8254, .adv_w = 54, .box_w = 2, .box_h = 7, .ofs_x = 1, .ofs_y = 0},
    {.bitmap_index = 8261, .adv_w = 138, .box_w = 7, .box_h = 9, .ofs_x = 1, .ofs_y = 0},
    {.bitmap_index = 8293, .adv_w = 108, .box_w = 6, .box_h = 13, .ofs_x = 0, .ofs_y = -3},
    {.bitmap_index = 8332, .adv_w = 98, .box_w = 7, .box_h = 12, .ofs_x = -1, .ofs_y = 0},
    {.bitmap_index = 8374, .adv_w = 55, .box_w = 6, .box_h = 13, .ofs_x = -2, .ofs_y = -3},
    {.bitmap_index = 8413, .adv_w = 138, .box_w = 8, .box_h = 13, .ofs_x = 1, .ofs_y = -4},
    {.bitmap_index = 8465, .adv_w = 118, .box_w = 7, .box_h = 14, .ofs_x = 1, .ofs_y = -4},
    {.bitmap_index = 8514, .adv_w = 118, .box_w = 7, .box_h = 7, .ofs_x = 1, .ofs_y = 0},
    {.bitmap_index = 8539, .adv_w = 114, .box_w = 8, .box_h = 12, .ofs_x = 0, .ofs_y = 0},
    {.bitmap_index = 8587, .adv_w = 54, .box_w = 4, .box_h = 12, .ofs_x = 0, .ofs_y = 0},
    {.bitmap_index = 8611, .adv_w = 114, .box_w = 7, .box_h = 13, .ofs_x = 1, .ofs_y = -4},
    {.bitmap_index = 8657, .adv_w = 54, .box_w = 2, .box_h = 14, .ofs_x = 1, .ofs_y = -4},
    {.bitmap_index = 8671, .adv_w = 114, .box_w = 7, .box_h = 10, .ofs_x = 1, .ofs_y = 0},
    {.bitmap_index = 8706, .adv_w = 54, .box_w = 4, .box_h = 10, .ofs_x = 1, .ofs_y = 0},
    {.bitmap_index = 8726, .adv_w = 114, .box_w = 7, .box_h = 9, .ofs_x = 1, .ofs_y = 0},
    {.bitmap_index = 8758, .adv_w = 75, .box_w = 4, .box_h = 10, .ofs_x = 1, .ofs_y = 0},
    {.bitmap_index = 8778, .adv_w = 115, .box_w = 8, .box_h = 9, .ofs_x = 0, .ofs_y = 0},
    {.bitmap_index = 8814, .adv_w = 56, .box_w = 5, .box_h = 10, .ofs_x = -1, .ofs_y = 0},
    {.bitmap_index = 8839, .adv_w = 156, .box_w = 8, .box_h = 12, .ofs_x = 1, .ofs_y = 0},
    {.bitmap_index = 8887, .adv_w = 131, .box_w = 7, .box_h = 10, .ofs_x = 1, .ofs_y = 0},
    {.bitmap_index = 8922, .adv_w = 156, .box_w = 8, .box_h = 13, .ofs_x = 1, .ofs_y = -4},
    {.bitmap_index = 8974, .adv_w = 131, .box_w = 7, .box_h = 11, .ofs_x = 1, .ofs_y = -4},
    {.bitmap_index = 9013, .adv_w = 156, .box_w = 8, .box_h = 12, .ofs_x = 1, .ofs_y = 0},
    {.bitmap_index = 9061, .adv_w = 131, .box_w = 7, .box_h = 10, .ofs_x = 1, .ofs_y = 0},
    {.bitmap_index = 9096, .adv_w = 140, .box_w = 8, .box_h = 10, .ofs_x = 0, .ofs_y = 0},
    {.bitmap_index = 9136, .adv_w = 156, .box_w = 8, .box_h = 12, .ofs_x = 1, .ofs_y = -3},
    {.bitmap_index = 9184, .adv_w = 131, .box_w = 7, .box_h = 10, .ofs_x = 1, .ofs_y = -3},
    {.bitmap_index = 9219, .adv_w = 161, .box_w = 10, .box_h = 11, .ofs_x = 0, .ofs_y = 0},
    {.bitmap_index = 9274, .adv_w = 122, .box_w = 8, .box_h = 9, .ofs_x = 0, .ofs_y = 0},
    {.bitmap_index = 9310, .adv_w = 161, .box_w = 10, .box_h = 12, .ofs_x = 0, .ofs_y = 0},
    {.bitmap_index = 9370, .adv_w = 122, .box_w = 8, .box_h = 10, .ofs_x = 0, .ofs_y = 0},
    {.bitmap_index = 9410, .adv_w = 161, .box_w = 10, .box_h = 12, .ofs_x = 0, .ofs_y = 0},
    {.bitmap_index = 9470, .adv_w = 122, .box_w = 8, .box_h = 10, .ofs_x = 0, .ofs_y = 0},
    {.bitmap_index = 9510, .adv_w = 216, .box_w = 13, .box_h = 9, .ofs_x = 0, .ofs_y = 0},
    {.bitmap_index = 9569, .adv_w = 205, .box_w = 13, .box_h = 7, .ofs_x = 0, .ofs_y = 0},
    {.bitmap_index = 9615, .adv_w = 140, .box_w = 8, .box_h = 12, .ofs_x = 1, .ofs_y = 0},
    {.bitmap_index = 9663, .adv_w = 79, .box_w = 4, .box_h = 10, .ofs_x = 1, .ofs_y = 0},
    {.bitmap_index = 9683, .adv_w = 140, .box_w = 8, .box_h = 13, .ofs_x = 1, .ofs_y = -4},
    {.bitmap_index = 9735, .adv_w = 79, .box_w = 4, .box_h = 11, .ofs_x = 1, .ofs_y = -4},
    {.bitmap_index = 9757, .adv_w = 140, .box_w = 8, .box_h = 12, .ofs_x = 1, .ofs_y = 0},
    {.bitmap_index = 9805, .adv_w = 79, .box_w = 5, .box_h = 10, .ofs_x = 0, .ofs_y = 0},
    {.bitmap_index = 9830, .adv_w = 119, .box_w = 7, .box_h = 12, .ofs_x = 0, .ofs_y = 0},
    {.bitmap_index = 9872, .adv_w = 96, .box_w = 6, .box_h = 10, .ofs_x = 0, .ofs_y = 0},
    {.bitmap_index = 9902, .adv_w = 119, .box_w = 7, .box_h = 12, .ofs_x = 0, .ofs_y = 0},
    {.bitmap_index = 9944, .adv_w = 96, .box_w = 6, .box_h = 10, .ofs_x = 0, .ofs_y = 0},
    {.bitmap_index = 9974, .adv_w = 119, .box_w = 7, .box_h = 12, .ofs_x = 0, .ofs_y = -3},
    {.bitmap_index = 10016, .adv_w = 96, .box_w = 6, .box_h = 10, .ofs_x = 0, .ofs_y = -3},
    {.bitmap_index = 10046, .adv_w = 119, .box_w = 7, .box_h = 12, .ofs_x = 0, .ofs_y = 0},
    {.bitmap_index = 10088, .adv_w = 96, .box_w = 6, .box_h = 10, .ofs_x = 0, .ofs_y = 0},
    {.bitmap_index = 10118, .adv_w = 113, .box_w = 7, .box_h = 12, .ofs_x = 0, .ofs_y = -3},
    {.bitmap_index = 10160, .adv_w = 79, .box_w = 5, .box_h = 12, .ofs_x = 0, .ofs_y = -3},
    {.bitmap_index = 10190, .adv_w = 113, .box_w = 7, .box_h = 12, .ofs_x = 0, .ofs_y = 0},
    {.bitmap_index = 10232, .adv_w = 79, .box_w = 5, .box_h = 10, .ofs_x = 0, .ofs_y = 0},
    {.bitmap_index = 10257, .adv_w = 113, .box_w = 7, .box_h = 9, .ofs_x = 0, .ofs_y = 0},
    {.bitmap_index = 10289, .adv_w = 80, .box_w = 5, .box_h = 9, .ofs_x = 0, .ofs_y = 0},
    {.bitmap_index = 10312, .adv_w = 152, .box_w = 8, .box_h = 12, .ofs_x = 1, .ofs_y = 0},
    {.bitmap_index = 10360, .adv_w = 130, .box_w = 7, .box_h = 10, .ofs_x = 1, .ofs_y = 0},
    {.bitmap_index = 10395, .adv_w = 152, .box_w = 8, .box_h = 11, .ofs_x = 1, .ofs_y = 0},
    {.bitmap_index = 10439, .adv_w = 130, .box_w = 7, .box_h = 9, .ofs_x = 1, .ofs_y = 0},
    {.bitmap_index = 10471, .adv_w = 152, .box_w = 8, .box_h = 12, .ofs_x = 1, .ofs_y = 0},
    {.bitmap_index = 10519, .adv_w = 130, .box_w = 7, .box_h = 10, .ofs_x = 1, .ofs_y = 0},
    {.bitmap_index = 10554, .adv_w = 152, .box_w = 8, .box_h = 13, .ofs_x = 1, .ofs_y = 0},
    {.bitmap_index = 10606, .adv_w = 130, .box_w = 7, .box_h = 11, .ofs_x = 1, .ofs_y = 0},
    {.bitmap_index = 10645, .adv_w = 152, .box_w = 8, .box_h = 12, .ofs_x = 1, .ofs_y = 0},
    {.bitmap_index = 10693, .adv_w = 130, .box_w = 7, .box_h = 10, .ofs_x = 1, .ofs_y = 0},
    {.bitmap_index = 10728, .adv_w = 152, .box_w = 8, .box_h = 12, .ofs_x = 1, .ofs_y = -3},
    {.bitmap_index = 10776, .adv_w = 130, .box_w = 7, .box_h = 10, .ofs_x = 1, .ofs_y = -3},
    {.bitmap_index = 10811, .adv_w = 216, .box_w = 14, .box_h = 12, .ofs_x = 0, .ofs_y = 0},
    {.bitmap_index = 10895, .adv_w = 173, .box_w = 11, .box_h = 10, .ofs_x = 0, .ofs_y = 0},
    {.bitmap_index = 10950, .adv_w = 124, .box_w = 9, .box_h = 12, .ofs_x = -1, .ofs_y = 0},
    {.bitmap_index = 11004, .adv_w = 107, .box_w = 8, .box_h = 13, .ofs_x = -1, .ofs_y = -3},
    {.bitmap_index = 11056, .adv_w = 124, .box_w = 9, .box_h = 12, .ofs_x = -1, .ofs_y = 0},
    {.bitmap_index = 11110, .adv_w = 126, .box_w = 8, .box_h = 12, .ofs_x = 0, .ofs_y = 0},
    {.bitmap_index = 11158, .adv_w = 100, .box_w = 6, .box_h = 10, .ofs_x = 0, .ofs_y = 0},
    {.bitmap_index = 11188, .adv_w = 126, .box_w = 8, .box_h = 12, .ofs_x = 0, .ofs_y = 0},
    {.bitmap_index = 11236, .adv_w = 100, .box_w = 6, .box_h = 10, .ofs_x = 0, .ofs_y = 0},
    {.bitmap_index = 11266, .adv_w = 126, .box_w = 8, .box_h = 12, .ofs_x = 0, .ofs_y = 0},
    {.bitmap_index = 11314, .adv_w = 100, .box_w = 6, .box_h = 10, .ofs_x = 0, .ofs_y = 0},
    {.bitmap_index = 11344, .adv_w = 60, .box_w = 5, .box_h = 10, .ofs_x = 0, .ofs_y = 0},
    {.bitmap_index = 11369, .adv_w = 141, .box_w = 10, .box_h = 8, .ofs_x = -1, .ofs_y = 0},
    {.bitmap_index = 11409, .adv_w = 137, .box_w = 10, .box_h = 8, .ofs_x = -1, .ofs_y = 0},
    {.bitmap_index = 11449, .adv_w = 108, .box_w = 11, .box_h = 10, .ofs_x = -2, .ofs_y = -2},
    {.bitmap_index = 11504, .adv_w = 161, .box_w = 10, .box_h = 8, .ofs_x = 0, .ofs_y = 0},
    {.bitmap_index = 11544, .adv_w = 107, .box_w = 8, .box_h = 8, .ofs_x = -1, .ofs_y = 0},
    {.bitmap_index = 11576, .adv_w = 131, .box_w = 7, .box_h = 8, .ofs_x = 1, .ofs_y = -2},
    {.bitmap_index = 11604, .adv_w = 139, .box_w = 10, .box_h = 6, .ofs_x = -1, .ofs_y = 0},
    {.bitmap_index = 11634, .adv_w = 105, .box_w = 9, .box_h = 8, .ofs_x = -1, .ofs_y = -2},
    {.bitmap_index = 11670, .adv_w = 128, .box_w = 7, .box_h = 12, .ofs_x = 1, .ofs_y = 0},
    {.bitmap_index = 11712, .adv_w = 128, .box_w = 7, .box_h = 12, .ofs_x = 1, .ofs_y = 0},
    {.bitmap_index = 11754, .adv_w = 160, .box_w = 10, .box_h = 10, .ofs_x = 0, .ofs_y = -1},
    {.bitmap_index = 11804, .adv_w = 111, .box_w = 6, .box_h = 12, .ofs_x = 1, .ofs_y = 0},
    {.bitmap_index = 11840, .adv_w = 136, .box_w = 9, .box_h = 9, .ofs_x = 0, .ofs_y = 0},
    {.bitmap_index = 11881, .adv_w = 122, .box_w = 8, .box_h = 9, .ofs_x = 0, .ofs_y = 0},
    {.bitmap_index = 11917, .adv_w = 61, .box_w = 2, .box_h = 9, .ofs_x = 1, .ofs_y = 0},
    {.bitmap_index = 11926, .adv_w = 60, .box_w = 4, .box_h = 12, .ofs_x = 0, .ofs_y = 0},
    {.bitmap_index = 11950, .adv_w = 104, .box_w = 6, .box_h = 9, .ofs_x = 0, .ofs_y = 0},
    {.bitmap_index = 11977, .adv_w = 228, .box_w = 14, .box_h = 9, .ofs_x = 0, .ofs_y = 0},
    {.bitmap_index = 12040, .adv_w = 227, .box_w = 13, .box_h = 9, .ofs_x = 1, .ofs_y = 0},
    {.bitmap_index = 12099, .adv_w = 161, .box_w = 10, .box_h = 9, .ofs_x = 0, .ofs_y = 0},
    {.bitmap_index = 12144, .adv_w = 137, .box_w = 8, .box_h = 12, .ofs_x = 1, .ofs_y = 0},
    {.bitmap_index = 12192, .adv_w = 158, .box_w = 8, .box_h = 12, .ofs_x = 1, .ofs_y = 0},
    {.bitmap_index = 12240, .adv_w = 133, .box_w = 9, .box_h = 13, .ofs_x = 0, .ofs_y = -1},
    {.bitmap_index = 12299, .adv_w = 155, .box_w = 8, .box_h = 11, .ofs_x = 1, .ofs_y = -2},
    {.bitmap_index = 12343, .adv_w = 146, .box_w = 9, .box_h = 9, .ofs_x = 0, .ofs_y = 0},
    {.bitmap_index = 12384, .adv_w = 140, .box_w = 8, .box_h = 9, .ofs_x = 1, .ofs_y = 0},
    {.bitmap_index = 12420, .adv_w = 143, .box_w = 8, .box_h = 9, .ofs_x = 1, .ofs_y = 0},
    {.bitmap_index = 12456, .adv_w = 111, .box_w = 6, .box_h = 9, .ofs_x = 1, .ofs_y = 0},
    {.bitmap_index = 12483, .adv_w = 154, .box_w = 10, .box_h = 11, .ofs_x = 0, .ofs_y = -2},
    {.bitmap_index = 12538, .adv_w = 128, .box_w = 7, .box_h = 9, .ofs_x = 1, .ofs_y = 0},
    {.bitmap_index = 12570, .adv_w = 198, .box_w = 13, .box_h = 9, .ofs_x = 0, .ofs_y = 0},
    {.bitmap_index = 12629, .adv_w = 122, .box_w = 7, .box_h = 9, .ofs_x = 0, .ofs_y = 0},
    {.bitmap_index = 12661, .adv_w = 158, .box_w = 8, .box_h = 9, .ofs_x = 1, .ofs_y = 0},
    {.bitmap_index = 12697, .adv_w = 158, .box_w = 8, .box_h = 12, .ofs_x = 1, .ofs_y = 0},
    {.bitmap_index = 12745, .adv_w = 137, .box_w = 8, .box_h = 9, .ofs_x = 1, .ofs_y = 0},
    {.bitmap_index = 12781, .adv_w = 152, .box_w = 9, .box_h = 9, .ofs_x = 0, .ofs_y = 0},
    {.bitmap_index = 12822, .adv_w = 185, .box_w = 10, .box_h = 9, .ofs_x = 1, .ofs_y = 0},
    {.bitmap_index = 12867, .adv_w = 157, .box_w = 8, .box_h = 9, .ofs_x = 1, .ofs_y = 0},
    {.bitmap_index = 12903, .adv_w = 163, .box_w = 10, .box_h = 9, .ofs_x = 0, .ofs_y = 0},
    {.bitmap_index = 12948, .adv_w = 158, .box_w = 8, .box_h = 9, .ofs_x = 1, .ofs_y = 0},
    {.bitmap_index = 12984, .adv_w = 137, .box_w = 8, .box_h = 9, .ofs_x = 1, .ofs_y = 0},
    {.bitmap_index = 13020, .adv_w = 138, .box_w = 9, .box_h = 9, .ofs_x = 0, .ofs_y = 0},
    {.bitmap_index = 13061, .adv_w = 116, .box_w = 8, .box_h = 9, .ofs_x = 0, .ofs_y = 0},
    {.bitmap_index = 13097, .adv_w = 133, .box_w = 9, .box_h = 10, .ofs_x = 0, .ofs_y = -1},
    {.bitmap_index = 13142, .adv_w = 178, .box_w = 11, .box_h = 10, .ofs_x = 0, .ofs_y = 0},
    {.bitmap_index = 13197, .adv_w = 128, .box_w = 8, .box_h = 9, .ofs_x = 0, .ofs_y = 0},
    {.bitmap_index = 13233, .adv_w = 159, .box_w = 9, .box_h = 11, .ofs_x = 1, .ofs_y = -2},
    {.bitmap_index = 13283, .adv_w = 138, .box_w = 8, .box_h = 9, .ofs_x = 0, .ofs_y = 0},
    {.bitmap_index = 13319, .adv_w = 210, .box_w = 11, .box_h = 9, .ofs_x = 1, .ofs_y = 0},
    {.bitmap_index = 13369, .adv_w = 215, .box_w = 13, .box_h = 11, .ofs_x = 1, .ofs_y = -2},
    {.bitmap_index = 13441, .adv_w = 159, .box_w = 10, .box_h = 9, .ofs_x = 0, .ofs_y = 0},
    {.bitmap_index = 13486, .adv_w = 191, .box_w = 10, .box_h = 9, .ofs_x = 1, .ofs_y = 0},
    {.bitmap_index = 13531, .adv_w = 137, .box_w = 8, .box_h = 9, .ofs_x = 1, .ofs_y = 0},
    {.bitmap_index = 13567, .adv_w = 136, .box_w = 8, .box_h = 9, .ofs_x = 0, .ofs_y = 0},
    {.bitmap_index = 13603, .adv_w = 211, .box_w = 12, .box_h = 9, .ofs_x = 1, .ofs_y = 0},
    {.bitmap_index = 13657, .adv_w = 140, .box_w = 8, .box_h = 9, .ofs_x = 0, .ofs_y = 0},
    {.bitmap_index = 13693, .adv_w = 113, .box_w = 7, .box_h = 7, .ofs_x = 0, .ofs_y = 0},
    {.bitmap_index = 13718, .adv_w = 127, .box_w = 8, .box_h = 11, .ofs_x = 0, .ofs_y = 0},
    {.bitmap_index = 13762, .adv_w = 118, .box_w = 6, .box_h = 7, .ofs_x = 1, .ofs_y = 0},
    {.bitmap_index = 13783, .adv_w = 94, .box_w = 5, .box_h = 7, .ofs_x = 1, .ofs_y = 0},
    {.bitmap_index = 13801, .adv_w = 127, .box_w = 8, .box_h = 9, .ofs_x = 0, .ofs_y = -2},
    {.bitmap_index = 13837, .adv_w = 121, .box_w = 7, .box_h = 7, .ofs_x = 0, .ofs_y = 0},
    {.bitmap_index = 13862, .adv_w = 163, .box_w = 11, .box_h = 7, .ofs_x = 0, .ofs_y = 0},
    {.bitmap_index = 13901, .adv_w = 104, .box_w = 6, .box_h = 7, .ofs_x = 0, .ofs_y = 0},
    {.bitmap_index = 13922, .adv_w = 133, .box_w = 7, .box_h = 7, .ofs_x = 1, .ofs_y = 0},
    {.bitmap_index = 13947, .adv_w = 133, .box_w = 7, .box_h = 10, .ofs_x = 1, .ofs_y = 0},
    {.bitmap_index = 13982, .adv_w = 115, .box_w = 7, .box_h = 7, .ofs_x = 1, .ofs_y = 0},
    {.bitmap_index = 14007, .adv_w = 123, .box_w = 7, .box_h = 7, .ofs_x = 0, .ofs_y = 0},
    {.bitmap_index = 14032, .adv_w = 153, .box_w = 8, .box_h = 7, .ofs_x = 1, .ofs_y = 0},
    {.bitmap_index = 14060, .adv_w = 131, .box_w = 7, .box_h = 7, .ofs_x = 1, .ofs_y = 0},
    {.bitmap_index = 14085, .adv_w = 123, .box_w = 8, .box_h = 7, .ofs_x = 0, .ofs_y = 0},
    {.bitmap_index = 14113, .adv_w = 130, .box_w = 7, .box_h = 7, .ofs_x = 1, .ofs_y = 0},
    {.bitmap_index = 14138, .adv_w = 132, .box_w = 7, .box_h = 10, .ofs_x = 1, .ofs_y = -3},
    {.bitmap_index = 14173, .adv_w = 110, .box_w = 7, .box_h = 7, .ofs_x = 0, .ofs_y = 0},
    {.bitmap_index = 14198, .adv_w = 95, .box_w = 6, .box_h = 7, .ofs_x = 0, .ofs_y = 0},
    {.bitmap_index = 14219, .adv_w = 110, .box_w = 8, .box_h = 10, .ofs_x = -1, .ofs_y = -3},
    {.bitmap_index = 14259, .adv_w = 155, .box_w = 10, .box_h = 12, .ofs_x = 0, .ofs_y = -3},
    {.bitmap_index = 14319, .adv_w = 104, .box_w = 7, .box_h = 7, .ofs_x = 0, .ofs_y = 0},
    {.bitmap_index = 14344, .adv_w = 132, .box_w = 7, .box_h = 9, .ofs_x = 1, .ofs_y = -2},
    {.bitmap_index = 14376, .adv_w = 117, .box_w = 7, .box_h = 7, .ofs_x = 0, .ofs_y = 0},
    {.bitmap_index = 14401, .adv_w = 181, .box_w = 10, .box_h = 7, .ofs_x = 1, .ofs_y = 0},
    {.bitmap_index = 14436, .adv_w = 181, .box_w = 11, .box_h = 9, .ofs_x = 1, .ofs_y = -2},
    {.bitmap_index = 14486, .adv_w = 123, .box_w = 8, .box_h = 7, .ofs_x = 0, .ofs_y = 0},
    {.bitmap_index = 14514, .adv_w = 155, .box_w = 8, .box_h = 7, .ofs_x = 1, .ofs_y = 0},
    {.bitmap_index = 14542, .adv_w = 110, .box_w = 6, .box_h = 7, .ofs_x = 1, .ofs_y = 0},
    {.bitmap_index = 14563, .adv_w = 110, .box_w = 7, .box_h = 7, .ofs_x = 0, .ofs_y = 0},
    {.bitmap_index = 14588, .adv_w = 168, .box_w = 9, .box_h = 7, .ofs_x = 1, .ofs_y = 0},
    {.bitmap_index = 14620, .adv_w = 118, .box_w = 7, .box_h = 7, .ofs_x = 0, .ofs_y = 0},
    {.bitmap_index = 14645, .adv_w = 121, .box_w = 7, .box_h = 10, .ofs_x = 0, .ofs_y = 0},
    {.bitmap_index = 14680, .adv_w = 121, .box_w = 7, .box_h = 9, .ofs_x = 0, .ofs_y = 0},
    {.bitmap_index = 14712, .adv_w = 130, .box_w = 9, .box_h = 13, .ofs_x = -1, .ofs_y = -3},
    {.bitmap_index = 14771, .adv_w = 94, .box_w = 5, .box_h = 10, .ofs_x = 1, .ofs_y = 0},
    {.bitmap_index = 14796, .adv_w = 111, .box_w = 7, .box_h = 7, .ofs_x = 0, .ofs_y = 0},
    {.bitmap_index = 14821, .adv_w = 103, .box_w = 6, .box_h = 7, .ofs_x = 0, .ofs_y = 0},
    {.bitmap_index = 14842, .adv_w = 54, .box_w = 3, .box_h = 10, .ofs_x = 0, .ofs_y = 0},
    {.bitmap_index = 14857, .adv_w = 54, .box_w = 4, .box_h = 9, .ofs_x = 0, .ofs_y = 0},
    {.bitmap_index = 14875, .adv_w = 55, .box_w = 5, .box_h = 13, .ofs_x = -2, .ofs_y = -3},
    {.bitmap_index = 14908, .adv_w = 179, .box_w = 11, .box_h = 7, .ofs_x = 0, .ofs_y = 0},
    {.bitmap_index = 14947, .adv_w = 183, .box_w = 11, .box_h = 7, .ofs_x = 1, .ofs_y = 0},
    {.bitmap_index = 14986, .adv_w = 129, .box_w = 9, .box_h = 10, .ofs_x = -1, .ofs_y = 0},
    {.bitmap_index = 15031, .adv_w = 115, .box_w = 7, .box_h = 10, .ofs_x = 1, .ofs_y = 0},
    {.bitmap_index = 15066, .adv_w = 133, .box_w = 7, .box_h = 10, .ofs_x = 1, .ofs_y = 0},
    {.bitmap_index = 15101, .adv_w = 110, .box_w = 8, .box_h = 13, .ofs_x = -1, .ofs_y = -3},
    {.bitmap_index = 15153, .adv_w = 124, .box_w = 6, .box_h = 9, .ofs_x = 1, .ofs_y = -2},
    {.bitmap_index = 15180, .adv_w = 156, .box_w = 10, .box_h = 10, .ofs_x = 0, .ofs_y = 0},
    {.bitmap_index = 15230, .adv_w = 118, .box_w = 7, .box_h = 10, .ofs_x = 0, .ofs_y = 0},
    {.bitmap_index = 15265, .adv_w = 173, .box_w = 11, .box_h = 9, .ofs_x = 0, .ofs_y = 0},
    {.bitmap_index = 15315, .adv_w = 135, .box_w = 9, .box_h = 7, .ofs_x = 0, .ofs_y = 0},
    {.bitmap_index = 15347, .adv_w = 163, .box_w = 10, .box_h = 9, .ofs_x = 0, .ofs_y = 0},
    {.bitmap_index = 15392, .adv_w = 125, .box_w = 8, .box_h = 7, .ofs_x = 0, .ofs_y = 0},
    {.bitmap_index = 15420, .adv_w = 146, .box_w = 9, .box_h = 10, .ofs_x = 0, .ofs_y = 0},
    {.bitmap_index = 15465, .adv_w = 114, .box_w = 8, .box_h = 8, .ofs_x = 0, .ofs_y = 0},
    {.bitmap_index = 15497, .adv_w = 161, .box_w = 9, .box_h = 14, .ofs_x = 1, .ofs_y = -2},
    {.bitmap_index = 15560, .adv_w = 137, .box_w = 8, .box_h = 12, .ofs_x = 1, .ofs_y = -2},
    {.bitmap_index = 15608, .adv_w = 142, .box_w = 9, .box_h = 10, .ofs_x = 0, .ofs_y = 0},
    {.bitmap_index = 15653, .adv_w = 116, .box_w = 7, .box_h = 7, .ofs_x = 0, .ofs_y = 0},
    {.bitmap_index = 15678, .adv_w = 141, .box_w = 8, .box_h = 9, .ofs_x = 1, .ofs_y = 0},
    {.bitmap_index = 15714, .adv_w = 134, .box_w = 7, .box_h = 10, .ofs_x = 1, .ofs_y = -3},
    {.bitmap_index = 15749, .adv_w = 112, .box_w = 6, .box_h = 11, .ofs_x = 1, .ofs_y = 0},
    {.bitmap_index = 15782, .adv_w = 89, .box_w = 5, .box_h = 9, .ofs_x = 1, .ofs_y = 0},
    {.bitmap_index = 15805, .adv_w = 119, .box_w = 8, .box_h = 9, .ofs_x = 0, .ofs_y = 0},
    {.bitmap_index = 15841, .adv_w = 99, .box_w = 6, .box_h = 7, .ofs_x = 0, .ofs_y = 0},
    {.bitmap_index = 15862, .adv_w = 135, .box_w = 7, .box_h = 11, .ofs_x = 1, .ofs_y = -2},
    {.bitmap_index = 15901, .adv_w = 115, .box_w = 6, .box_h = 10, .ofs_x = 1, .ofs_y = -3},
    {.bitmap_index = 15931, .adv_w = 205, .box_w = 13, .box_h = 11, .ofs_x = 0, .ofs_y = -2},
    {.bitmap_index = 16003, .adv_w = 169, .box_w = 11, .box_h = 9, .ofs_x = 0, .ofs_y = -2},
    {.bitmap_index = 16053, .adv_w = 122, .box_w = 7, .box_h = 11, .ofs_x = 0, .ofs_y = -2},
    {.bitmap_index = 16092, .adv_w = 104, .box_w = 6, .box_h = 9, .ofs_x = 0, .ofs_y = -2},
    {.bitmap_index = 16119, .adv_w = 145, .box_w = 8, .box_h = 11, .ofs_x = 1, .ofs_y = -2},
    {.bitmap_index = 16163, .adv_w = 115, .box_w = 7, .box_h = 9, .ofs_x = 1, .ofs_y = -2},
    {.bitmap_index = 16195, .adv_w = 142, .box_w = 8, .box_h = 9, .ofs_x = 1, .ofs_y = 0},
    {.bitmap_index = 16231, .adv_w = 118, .box_w = 7, .box_h = 7, .ofs_x = 1, .ofs_y = 0},
    {.bitmap_index = 16256, .adv_w = 141, .box_w = 9, .box_h = 9, .ofs_x = 0, .ofs_y = 0},
    {.bitmap_index = 16297, .adv_w = 115, .box_w = 8, .box_h = 10, .ofs_x = 0, .ofs_y = 0},
    {.bitmap_index = 16337, .adv_w = 159, .box_w = 10, .box_h = 9, .ofs_x = 0, .ofs_y = 0},
    {.bitmap_index = 16382, .adv_w = 129, .box_w = 8, .box_h = 7, .ofs_x = 0, .ofs_y = 0},
    {.bitmap_index = 16410, .adv_w = 163, .box_w = 9, .box_h = 11, .ofs_x = 1, .ofs_y = -2},
    {.bitmap_index = 16460, .adv_w = 135, .box_w = 8, .box_h = 9, .ofs_x = 1, .ofs_y = -2},
    {.bitmap_index = 16496, .adv_w = 209, .box_w = 12, .box_h = 9, .ofs_x = 1, .ofs_y = 0},
    {.bitmap_index = 16550, .adv_w = 170, .box_w = 10, .box_h = 7, .ofs_x = 1, .ofs_y = 0},
    {.bitmap_index = 16585, .adv_w = 230, .box_w = 13, .box_h = 11, .ofs_x = 1, .ofs_y = -2},
    {.bitmap_index = 16657, .adv_w = 187, .box_w = 11, .box_h = 10, .ofs_x = 1, .ofs_y = -3},
    {.bitmap_index = 16712, .adv_w = 187, .box_w = 11, .box_h = 9, .ofs_x = 0, .ofs_y = 0},
    {.bitmap_index = 16762, .adv_w = 152, .box_w = 9, .box_h = 7, .ofs_x = 0, .ofs_y = 0},
    {.bitmap_index = 16794, .adv_w = 138, .box_w = 9, .box_h = 11, .ofs_x = 0, .ofs_y = -2},
    {.bitmap_index = 16844, .adv_w = 110, .box_w = 7, .box_h = 9, .ofs_x = 0, .ofs_y = -2},
    {.bitmap_index = 16876, .adv_w = 116, .box_w = 8, .box_h = 11, .ofs_x = 0, .ofs_y = -2},
    {.bitmap_index = 16920, .adv_w = 95, .box_w = 6, .box_h = 9, .ofs_x = 0, .ofs_y = -2},
    {.bitmap_index = 16947, .adv_w = 128, .box_w = 8, .box_h = 9, .ofs_x = 0, .ofs_y = 0},
    {.bitmap_index = 16983, .adv_w = 110, .box_w = 7, .box_h = 10, .ofs_x = 0, .ofs_y = -3},
    {.bitmap_index = 17018, .adv_w = 128, .box_w = 8, .box_h = 9, .ofs_x = 0, .ofs_y = 0},
    {.bitmap_index = 17054, .adv_w = 110, .box_w = 7, .box_h = 10, .ofs_x = 0, .ofs_y = -3},
    {.bitmap_index = 17089, .adv_w = 135, .box_w = 9, .box_h = 11, .ofs_x = 0, .ofs_y = -2},
    {.bitmap_index = 17139, .adv_w = 104, .box_w = 7, .box_h = 9, .ofs_x = 0, .ofs_y = -2},
    {.bitmap_index = 17171, .adv_w = 187, .box_w = 12, .box_h = 11, .ofs_x = 0, .ofs_y = -2},
    {.bitmap_index = 17237, .adv_w = 148, .box_w = 9, .box_h = 9, .ofs_x = 0, .ofs_y = -2},
    {.bitmap_index = 17278, .adv_w = 143, .box_w = 9, .box_h = 11, .ofs_x = 0, .ofs_y = -2},
    {.bitmap_index = 17328, .adv_w = 122, .box_w = 8, .box_h = 9, .ofs_x = 0, .ofs_y = -2},
    {.bitmap_index = 17364, .adv_w = 141, .box_w = 8, .box_h = 9, .ofs_x = 0, .ofs_y = 0},
    {.bitmap_index = 17400, .adv_w = 117, .box_w = 7, .box_h = 7, .ofs_x = 0, .ofs_y = 0},
    {.bitmap_index = 17425, .adv_w = 141, .box_w = 8, .box_h = 9, .ofs_x = 1, .ofs_y = 0},
    {.bitmap_index = 17461, .adv_w = 129, .box_w = 7, .box_h = 10, .ofs_x = 1, .ofs_y = 0},
    {.bitmap_index = 17496, .adv_w = 190, .box_w = 12, .box_h = 9, .ofs_x = 0, .ofs_y = 0},
    {.bitmap_index = 17550, .adv_w = 148, .box_w = 9, .box_h = 7, .ofs_x = 0, .ofs_y = 0},
    {.bitmap_index = 17582, .adv_w = 190, .box_w = 12, .box_h = 11, .ofs_x = 0, .ofs_y = -2},
    {.bitmap_index = 17648, .adv_w = 148, .box_w = 9, .box_h = 9, .ofs_x = 0, .ofs_y = -2},
    {.bitmap_index = 17689, .adv_w = 61, .box_w = 2, .box_h = 9, .ofs_x = 1, .ofs_y = 0},
    {.bitmap_index = 17698, .adv_w = 198, .box_w = 13, .box_h = 12, .ofs_x = 0, .ofs_y = 0},
    {.bitmap_index = 17776, .adv_w = 163, .box_w = 11, .box_h = 10, .ofs_x = 0, .ofs_y = 0},
    {.bitmap_index = 17831, .adv_w = 137, .box_w = 8, .box_h = 12, .ofs_x = 1, .ofs_y = -3},
    {.bitmap_index = 17879, .adv_w = 115, .box_w = 6, .box_h = 10, .ofs_x = 1, .ofs_y = -3},
    {.bitmap_index = 17909, .adv_w = 155, .box_w = 10, .box_h = 11, .ofs_x = 0, .ofs_y = -2},
    {.bitmap_index = 17964, .adv_w = 127, .box_w = 8, .box_h = 9, .ofs_x = 0, .ofs_y = -2},
    {.bitmap_index = 18000, .adv_w = 157, .box_w = 8, .box_h = 12, .ofs_x = 1, .ofs_y = -3},
    {.bitmap_index = 18048, .adv_w = 132, .box_w = 7, .box_h = 10, .ofs_x = 1, .ofs_y = -3},
    {.bitmap_index = 18083, .adv_w = 161, .box_w = 9, .box_h = 11, .ofs_x = 1, .ofs_y = -2},
    {.bitmap_index = 18133, .adv_w = 135, .box_w = 8, .box_h = 9, .ofs_x = 1, .ofs_y = -2},
    {.bitmap_index = 18169, .adv_w = 141, .box_w = 8, .box_h = 11, .ofs_x = 0, .ofs_y = -2},
    {.bitmap_index = 18213, .adv_w = 116, .box_w = 7, .box_h = 9, .ofs_x = 0, .ofs_y = -2},
    {.bitmap_index = 18245, .adv_w = 190, .box_w = 11, .box_h = 11, .ofs_x = 1, .ofs_y = -2},
    {.bitmap_index = 18306, .adv_w = 159, .box_w = 9, .box_h = 9, .ofs_x = 1, .ofs_y = -2},
    {.bitmap_index = 18347, .adv_w = 54, .box_w = 2, .box_h = 10, .ofs_x = 1, .ofs_y = 0},
    {.bitmap_index = 18357, .adv_w = 146, .box_w = 9, .box_h = 12, .ofs_x = 0, .ofs_y = 0},
    {.bitmap_index = 18411, .adv_w = 113, .box_w = 7, .box_h = 10, .ofs_x = 0, .ofs_y = 0},
    {.bitmap_index = 18446, .adv_w = 146, .box_w = 9, .box_h = 12, .ofs_x = 0, .ofs_y = 0},
    {.bitmap_index = 18500, .adv_w = 113, .box_w = 7, .box_h = 9, .ofs_x = 0, .ofs_y = 0},
    {.bitmap_index = 18532, .adv_w = 201, .box_w = 12, .box_h = 9, .ofs_x = 0, .ofs_y = 0},
    {.bitmap_index = 18586, .adv_w = 191, .box_w = 12, .box_h = 7, .ofs_x = 0, .ofs_y = 0},
    {.bitmap_index = 18628, .adv_w = 128, .box_w = 7, .box_h = 12, .ofs_x = 1, .ofs_y = 0},
    {.bitmap_index = 18670, .adv_w = 121, .box_w = 7, .box_h = 10, .ofs_x = 0, .ofs_y = 0},
    {.bitmap_index = 18705, .adv_w = 158, .box_w = 10, .box_h = 9, .ofs_x = 0, .ofs_y = 0},
    {.bitmap_index = 18750, .adv_w = 118, .box_w = 7, .box_h = 7, .ofs_x = 0, .ofs_y = 0},
    {.bitmap_index = 18775, .adv_w = 158, .box_w = 10, .box_h = 13, .ofs_x = 0, .ofs_y = 0},
    {.bitmap_index = 18840, .adv_w = 118, .box_w = 7, .box_h = 9, .ofs_x = 0, .ofs_y = 0},
    {.bitmap_index = 18872, .adv_w = 198, .box_w = 13, .box_h = 12, .ofs_x = 0, .ofs_y = 0},
    {.bitmap_index = 18950, .adv_w = 163, .box_w = 11, .box_h = 9, .ofs_x = 0, .ofs_y = 0},
    {.bitmap_index = 19000, .adv_w = 122, .box_w = 7, .box_h = 13, .ofs_x = 0, .ofs_y = 0},
    {.bitmap_index = 19046, .adv_w = 104, .box_w = 6, .box_h = 9, .ofs_x = 0, .ofs_y = 0},
    {.bitmap_index = 19073, .adv_w = 120, .box_w = 7, .box_h = 9, .ofs_x = 0, .ofs_y = 0},
    {.bitmap_index = 19105, .adv_w = 101, .box_w = 7, .box_h = 10, .ofs_x = -1, .ofs_y = -3},
    {.bitmap_index = 19140, .adv_w = 158, .box_w = 8, .box_h = 11, .ofs_x = 1, .ofs_y = 0},
    {.bitmap_index = 19184, .adv_w = 133, .box_w = 7, .box_h = 9, .ofs_x = 1, .ofs_y = 0},
    {.bitmap_index = 19216, .adv_w = 158, .box_w = 8, .box_h = 12, .ofs_x = 1, .ofs_y = 0},
    {.bitmap_index = 19264, .adv_w = 133, .box_w = 7, .box_h = 9, .ofs_x = 1, .ofs_y = 0},
    {.bitmap_index = 19296, .adv_w = 163, .box_w = 10, .box_h = 13, .ofs_x = 0, .ofs_y = 0},
    {.bitmap_index = 19361, .adv_w = 123, .box_w = 8, .box_h = 9, .ofs_x = 0, .ofs_y = 0},
    {.bitmap_index = 19397, .adv_w = 163, .box_w = 10, .box_h = 9, .ofs_x = 0, .ofs_y = 0},
    {.bitmap_index = 19442, .adv_w = 123, .box_w = 8, .box_h = 7, .ofs_x = 0, .ofs_y = 0},
    {.bitmap_index = 19470, .adv_w = 163, .box_w = 10, .box_h = 13, .ofs_x = 0, .ofs_y = 0},
    {.bitmap_index = 19535, .adv_w = 123, .box_w = 8, .box_h = 9, .ofs_x = 0, .ofs_y = 0},
    {.bitmap_index = 19571, .adv_w = 136, .box_w = 8, .box_h = 13, .ofs_x = 0, .ofs_y = 0},
    {.bitmap_index = 19623, .adv_w = 110, .box_w = 7, .box_h = 9, .ofs_x = 0, .ofs_y = 0},
    {.bitmap_index = 19655, .adv_w = 133, .box_w = 9, .box_h = 12, .ofs_x = 0, .ofs_y = -1},
    {.bitmap_index = 19709, .adv_w = 110, .box_w = 8, .box_h = 12, .ofs_x = -1, .ofs_y = -3},
    {.bitmap_index = 19757, .adv_w = 133, .box_w = 9, .box_h = 13, .ofs_x = 0, .ofs_y = -1},
    {.bitmap_index = 19816, .adv_w = 110, .box_w = 8, .box_h = 12, .ofs_x = -1, .ofs_y = -3},
    {.bitmap_index = 19864, .adv_w = 133, .box_w = 9, .box_h = 13, .ofs_x = 0, .ofs_y = -1},
    {.bitmap_index = 19923, .adv_w = 110, .box_w = 8, .box_h = 12, .ofs_x = -1, .ofs_y = -3},
    {.bitmap_index = 19971, .adv_w = 138, .box_w = 8, .box_h = 12, .ofs_x = 0, .ofs_y = 0},
    {.bitmap_index = 20019, .adv_w = 117, .box_w = 7, .box_h = 9, .ofs_x = 0, .ofs_y = 0},
    {.bitmap_index = 20051, .adv_w = 111, .box_w = 6, .box_h = 11, .ofs_x = 1, .ofs_y = -2},
    {.bitmap_index = 20084, .adv_w = 94, .box_w = 5, .box_h = 9, .ofs_x = 1, .ofs_y = -2},
    {.bitmap_index = 20107, .adv_w = 191, .box_w = 10, .box_h = 12, .ofs_x = 1, .ofs_y = 0},
    {.bitmap_index = 20167, .adv_w = 155, .box_w = 8, .box_h = 9, .ofs_x = 1, .ofs_y = 0},
    {.bitmap_index = 20203, .adv_w = 119, .box_w = 8, .box_h = 12, .ofs_x = 0, .ofs_y = -3},
    {.bitmap_index = 20251, .adv_w = 94, .box_w = 6, .box_h = 10, .ofs_x = 0, .ofs_y = -3},
    {.bitmap_index = 20281, .adv_w = 129, .box_w = 8, .box_h = 12, .ofs_x = 0, .ofs_y = -3},
    {.bitmap_index = 20329, .adv_w = 104, .box_w = 7, .box_h = 10, .ofs_x = 0, .ofs_y = -3},
    {.bitmap_index = 20364, .adv_w = 131, .box_w = 8, .box_h = 9, .ofs_x = 0, .ofs_y = 0},
    {.bitmap_index = 20400, .adv_w = 109, .box_w = 7, .box_h = 7, .ofs_x = 0, .ofs_y = 0},
    {.bitmap_index = 20425, .adv_w = 123, .box_w = 8, .box_h = 9, .ofs_x = 0, .ofs_y = 0},
    {.bitmap_index = 20461, .adv_w = 104, .box_w = 7, .box_h = 7, .ofs_x = 0, .ofs_y = 0},
    {.bitmap_index = 20486, .adv_w = 152, .box_w = 9, .box_h = 12, .ofs_x = 0, .ofs_y = -3},
    {.bitmap_index = 20540, .adv_w = 123, .box_w = 7, .box_h = 10, .ofs_x = 0, .ofs_y = -3},
    {.bitmap_index = 20575, .adv_w = 164, .box_w = 10, .box_h = 12, .ofs_x = 0, .ofs_y = -3},
    {.bitmap_index = 20635, .adv_w = 132, .box_w = 8, .box_h = 10, .ofs_x = 0, .ofs_y = -3},
    {.bitmap_index = 20675, .adv_w = 208, .box_w = 13, .box_h = 9, .ofs_x = 0, .ofs_y = 0},
    {.bitmap_index = 20734, .adv_w = 179, .box_w = 12, .box_h = 7, .ofs_x = 0, .ofs_y = 0},
    {.bitmap_index = 20776, .adv_w = 163, .box_w = 9, .box_h = 11, .ofs_x = 1, .ofs_y = -2},
    {.bitmap_index = 20826, .adv_w = 130, .box_w = 7, .box_h = 9, .ofs_x = 1, .ofs_y = -2},
    {.bitmap_index = 20858, .adv_w = 155, .box_w = 9, .box_h = 11, .ofs_x = 1, .ofs_y = -2},
    {.bitmap_index = 20908, .adv_w = 134, .box_w = 8, .box_h = 12, .ofs_x = 1, .ofs_y = -2},
    {.bitmap_index = 20956, .adv_w = 157, .box_w = 10, .box_h = 12, .ofs_x = -1, .ofs_y = -3},
    {.bitmap_index = 21016, .adv_w = 131, .box_w = 10, .box_h = 10, .ofs_x = -2, .ofs_y = -3},
    {.bitmap_index = 21066, .adv_w = 156, .box_w = 10, .box_h = 11, .ofs_x = 0, .ofs_y = -2},
    {.bitmap_index = 21121, .adv_w = 127, .box_w = 8, .box_h = 9, .ofs_x = 0, .ofs_y = -2},
    {.bitmap_index = 21157, .adv_w = 192, .box_w = 10, .box_h = 11, .ofs_x = 1, .ofs_y = -1},
    {.bitmap_index = 21212, .adv_w = 244, .box_w = 13, .box_h = 13, .ofs_x = 1, .ofs_y = -2},
    {.bitmap_index = 21297, .adv_w = 244, .box_w = 14, .box_h = 10, .ofs_x = 1, .ofs_y = -1},
    {.bitmap_index = 21367, .adv_w = 244, .box_w = 13, .box_h = 13, .ofs_x = 1, .ofs_y = -2},
    {.bitmap_index = 21452, .adv_w = 244, .box_w = 11, .box_h = 13, .ofs_x = 2, .ofs_y = -2},
    {.bitmap_index = 21524, .adv_w = 244, .box_w = 12, .box_h = 12, .ofs_x = 2, .ofs_y = -2},
    {.bitmap_index = 21596, .adv_w = 244, .box_w = 15, .box_h = 12, .ofs_x = 0, .ofs_y = -2},
    {.bitmap_index = 21686, .adv_w = 244, .box_w = 13, .box_h = 12, .ofs_x = 1, .ofs_y = -2},
    {.bitmap_index = 21764, .adv_w = 244, .box_w = 13, .box_h = 13, .ofs_x = 1, .ofs_y = -2},
    {.bitmap_index = 21849, .adv_w = 244, .box_w = 11, .box_h = 13, .ofs_x = 2, .ofs_y = -2},
    {.bitmap_index = 21921, .adv_w = 244, .box_w = 13, .box_h = 13, .ofs_x = 1, .ofs_y = -2},
    {.bitmap_index = 22006, .adv_w = 244, .box_w = 9, .box_h = 12, .ofs_x = 3, .ofs_y = -2},
    {.bitmap_index = 22060, .adv_w = 244, .box_w = 13, .box_h = 12, .ofs_x = 1, .ofs_y = -2},
    {.bitmap_index = 22138, .adv_w = 244, .box_w = 13, .box_h = 12, .ofs_x = 1, .ofs_y = -2},
    {.bitmap_index = 22216, .adv_w = 244, .box_w = 13, .box_h = 12, .ofs_x = 1, .ofs_y = -2},
    {.bitmap_index = 22294, .adv_w = 244, .box_w = 13, .box_h = 13, .ofs_x = 1, .ofs_y = -2},
    {.bitmap_index = 22379, .adv_w = 244, .box_w = 13, .box_h = 13, .ofs_x = 1, .ofs_y = -2},
    {.bitmap_index = 22464, .adv_w = 244, .box_w = 13, .box_h = 13, .ofs_x = 1, .ofs_y = -2},
    {.bitmap_index = 22549, .adv_w = 244, .box_w = 13, .box_h = 13, .ofs_x = 1, .ofs_y = -2},
    {.bitmap_index = 22634, .adv_w = 244, .box_w = 13, .box_h = 13, .ofs_x = 1, .ofs_y = -2},
    {.bitmap_index = 22719, .adv_w = 244, .box_w = 13, .box_h = 12, .ofs_x = 1, .ofs_y = -2},
    {.bitmap_index = 22797, .adv_w = 244, .box_w = 13, .box_h = 12, .ofs_x = 1, .ofs_y = -2},
    {.bitmap_index = 22875, .adv_w = 244, .box_w = 9, .box_h = 13, .ofs_x = 3, .ofs_y = -2},
    {.bitmap_index = 22934, .adv_w = 244, .box_w = 13, .box_h = 13, .ofs_x = 1, .ofs_y = -2},
    {.bitmap_index = 23019, .adv_w = 244, .box_w = 13, .box_h = 13, .ofs_x = 1, .ofs_y = -2},
    {.bitmap_index = 23104, .adv_w = 244, .box_w = 13, .box_h = 13, .ofs_x = 1, .ofs_y = -2},
    {.bitmap_index = 23189, .adv_w = 244, .box_w = 13, .box_h = 13, .ofs_x = 1, .ofs_y = -2},
    {.bitmap_index = 23274, .adv_w = 244, .box_w = 13, .box_h = 13, .ofs_x = 1, .ofs_y = -2},
    {.bitmap_index = 23359, .adv_w = 244, .box_w = 13, .box_h = 13, .ofs_x = 1, .ofs_y = -2},
    {.bitmap_index = 23444, .adv_w = 244, .box_w = 13, .box_h = 13, .ofs_x = 1, .ofs_y = -2},
    {.bitmap_index = 23529, .adv_w = 244, .box_w = 13, .box_h = 13, .ofs_x = 1, .ofs_y = -2},
    {.bitmap_index = 23614, .adv_w = 244, .box_w = 13, .box_h = 13, .ofs_x = 1, .ofs_y = -2},
    {.bitmap_index = 23699, .adv_w = 244, .box_w = 13, .box_h = 13, .ofs_x = 1, .ofs_y = -2},
    {.bitmap_index = 23784, .adv_w = 244, .box_w = 13, .box_h = 13, .ofs_x = 1, .ofs_y = -2},
    {.bitmap_index = 23869, .adv_w = 244, .box_w = 13, .box_h = 13, .ofs_x = 1, .ofs_y = -2},
    {.bitmap_index = 23954, .adv_w = 244, .box_w = 13, .box_h = 13, .ofs_x = 1, .ofs_y = -2},
    {.bitmap_index = 24039, .adv_w = 244, .box_w = 9, .box_h = 13, .ofs_x = 3, .ofs_y = -2},
    {.bitmap_index = 24098, .adv_w = 244, .box_w = 12, .box_h = 13, .ofs_x = 2, .ofs_y = -2},
    {.bitmap_index = 24176, .adv_w = 244, .box_w = 13, .box_h = 13, .ofs_x = 1, .ofs_y = -2},
    {.bitmap_index = 24261, .adv_w = 244, .box_w = 14, .box_h = 13, .ofs_x = 1, .ofs_y = -2},
    {.bitmap_index = 24352, .adv_w = 244, .box_w = 10, .box_h = 13, .ofs_x = 3, .ofs_y = -2},
    {.bitmap_index = 24417, .adv_w = 244, .box_w = 13, .box_h = 13, .ofs_x = 1, .ofs_y = -2},
    {.bitmap_index = 24502, .adv_w = 244, .box_w = 13, .box_h = 12, .ofs_x = 1, .ofs_y = -2},
    {.bitmap_index = 24580, .adv_w = 244, .box_w = 13, .box_h = 13, .ofs_x = 1, .ofs_y = -2},
    {.bitmap_index = 24665, .adv_w = 244, .box_w = 13, .box_h = 13, .ofs_x = 1, .ofs_y = -2},
    {.bitmap_index = 24750, .adv_w = 244, .box_w = 14, .box_h = 12, .ofs_x = 1, .ofs_y = -2},
    {.bitmap_index = 24834, .adv_w = 244, .box_w = 12, .box_h = 12, .ofs_x = 2, .ofs_y = -2},
    {.bitmap_index = 24906, .adv_w = 244, .box_w = 13, .box_h = 13, .ofs_x = 1, .ofs_y = -2},
    {.bitmap_index = 24991, .adv_w = 244, .box_w = 10, .box_h = 13, .ofs_x = 3, .ofs_y = -2},
    {.bitmap_index = 25056, .adv_w = 244, .box_w = 14, .box_h = 13, .ofs_x = 1, .ofs_y = -2},
    {.bitmap_index = 25147, .adv_w = 244, .box_w = 13, .box_h = 12, .ofs_x = 1, .ofs_y = -2},
    {.bitmap_index = 25225, .adv_w = 244, .box_w = 13, .box_h = 12, .ofs_x = 1, .ofs_y = -2},
    {.bitmap_index = 25303, .adv_w = 244, .box_w = 13, .box_h = 13, .ofs_x = 1, .ofs_y = -2},
    {.bitmap_index = 25388, .adv_w = 244, .box_w = 12, .box_h = 14, .ofs_x = 2, .ofs_y = -3},
    {.bitmap_index = 25472, .adv_w = 244, .box_w = 13, .box_h = 12, .ofs_x = 1, .ofs_y = -2},
    {.bitmap_index = 25550, .adv_w = 244, .box_w = 11, .box_h = 13, .ofs_x = 2, .ofs_y = -2},
    {.bitmap_index = 25622, .adv_w = 244, .box_w = 13, .box_h = 13, .ofs_x = 1, .ofs_y = -2},
    {.bitmap_index = 25707, .adv_w = 244, .box_w = 13, .box_h = 12, .ofs_x = 1, .ofs_y = -2},
    {.bitmap_index = 25785, .adv_w = 244, .box_w = 13, .box_h = 13, .ofs_x = 1, .ofs_y = -2},
    {.bitmap_index = 25870, .adv_w = 244, .box_w = 13, .box_h = 14, .ofs_x = 1, .ofs_y = -3},
    {.bitmap_index = 25961, .adv_w = 244, .box_w = 8, .box_h = 12, .ofs_x = 4, .ofs_y = -2},
    {.bitmap_index = 26009, .adv_w = 244, .box_w = 13, .box_h = 13, .ofs_x = 1, .ofs_y = -2},
    {.bitmap_index = 26094, .adv_w = 244, .box_w = 13, .box_h = 12, .ofs_x = 1, .ofs_y = -2},
    {.bitmap_index = 26172, .adv_w = 244, .box_w = 10, .box_h = 13, .ofs_x = 3, .ofs_y = -2},
    {.bitmap_index = 26237, .adv_w = 244, .box_w = 15, .box_h = 12, .ofs_x = 0, .ofs_y = -2},
    {.bitmap_index = 26327, .adv_w = 244, .box_w = 14, .box_h = 12, .ofs_x = 1, .ofs_y = -2},
    {.bitmap_index = 26411, .adv_w = 244, .box_w = 13, .box_h = 13, .ofs_x = 1, .ofs_y = -2},
    {.bitmap_index = 26496, .adv_w = 244, .box_w = 13, .box_h = 12, .ofs_x = 1, .ofs_y = -2},
    {.bitmap_index = 26574, .adv_w = 244, .box_w = 13, .box_h = 13, .ofs_x = 1, .ofs_y = -2},
    {.bitmap_index = 26659, .adv_w = 244, .box_w = 11, .box_h = 13, .ofs_x = 2, .ofs_y = -2},
    {.bitmap_index = 26731, .adv_w = 244, .box_w = 13, .box_h = 13, .ofs_x = 1, .ofs_y = -2},
    {.bitmap_index = 26816, .adv_w = 244, .box_w = 15, .box_h = 14, .ofs_x = 0, .ofs_y = -3},
    {.bitmap_index = 26921, .adv_w = 244, .box_w = 11, .box_h = 13, .ofs_x = 2, .ofs_y = -2},
    {.bitmap_index = 26993, .adv_w = 244, .box_w = 15, .box_h = 12, .ofs_x = 0, .ofs_y = -2},
    {.bitmap_index = 27083, .adv_w = 244, .box_w = 14, .box_h = 13, .ofs_x = 1, .ofs_y = -2},
    {.bitmap_index = 27174, .adv_w = 244, .box_w = 11, .box_h = 13, .ofs_x = 2, .ofs_y = -2},
    {.bitmap_index = 27246, .adv_w = 244, .box_w = 13, .box_h = 13, .ofs_x = 1, .ofs_y = -2},
    {.bitmap_index = 27331, .adv_w = 244, .box_w = 15, .box_h = 13, .ofs_x = 0, .ofs_y = -2},
    {.bitmap_index = 27429, .adv_w = 244, .box_w = 12, .box_h = 13, .ofs_x = 2, .ofs_y = -2},
    {.bitmap_index = 27507, .adv_w = 244, .box_w = 13, .box_h = 13, .ofs_x = 1, .ofs_y = -2},
    {.bitmap_index = 27592, .adv_w = 244, .box_w = 13, .box_h = 12, .ofs_x = 1, .ofs_y = -2},
    {.bitmap_index = 27670, .adv_w = 244, .box_w = 13, .box_h = 13, .ofs_x = 1, .ofs_y = -2},
    {.bitmap_index = 27755, .adv_w = 244, .box_w = 15, .box_h = 11, .ofs_x = 0, .ofs_y = -1},
    {.bitmap_index = 27838, .adv_w = 244, .box_w = 13, .box_h = 12, .ofs_x = 1, .ofs_y = -2},
    {.bitmap_index = 27916, .adv_w = 244, .box_w = 12, .box_h = 13, .ofs_x = 2, .ofs_y = -2},
    {.bitmap_index = 27994, .adv_w = 244, .box_w = 13, .box_h = 13, .ofs_x = 1, .ofs_y = -2},
    {.bitmap_index = 28079, .adv_w = 244, .box_w = 13, .box_h = 13, .ofs_x = 1, .ofs_y = -2},
    {.bitmap_index = 28164, .adv_w = 244, .box_w = 13, .box_h = 10, .ofs_x = 1, .ofs_y = -1},
    {.bitmap_index = 28229, .adv_w = 244, .box_w = 13, .box_h = 13, .ofs_x = 1, .ofs_y = -2},
    {.bitmap_index = 28314, .adv_w = 244, .box_w = 11, .box_h = 12, .ofs_x = 2, .ofs_y = -2},
    {.bitmap_index = 28380, .adv_w = 244, .box_w = 9, .box_h = 13, .ofs_x = 3, .ofs_y = -2},
    {.bitmap_index = 28439, .adv_w = 244, .box_w = 13, .box_h = 13, .ofs_x = 1, .ofs_y = -2},
    {.bitmap_index = 28524, .adv_w = 244, .box_w = 13, .box_h = 13, .ofs_x = 1, .ofs_y = -2},
    {.bitmap_index = 28609, .adv_w = 192, .box_w = 5, .box_h = 4, .ofs_x = 0, .ofs_y = -1},
    {.bitmap_index = 28619, .adv_w = 192, .box_w = 4, .box_h = 4, .ofs_x = 0, .ofs_y = -1},
    {.bitmap_index = 28627, .adv_w = 192, .box_w = 10, .box_h = 11, .ofs_x = 1, .ofs_y = -1},
    {.bitmap_index = 28682, .adv_w = 192, .box_w = 5, .box_h = 8, .ofs_x = 7, .ofs_y = 2},
    {.bitmap_index = 28702, .adv_w = 192, .box_w = 5, .box_h = 8, .ofs_x = 0, .ofs_y = -1},
    {.bitmap_index = 28722, .adv_w = 192, .box_w = 9, .box_h = 10, .ofs_x = 2, .ofs_y = -1},
    {.bitmap_index = 28767, .adv_w = 192, .box_w = 10, .box_h = 12, .ofs_x = 1, .ofs_y = -1},
    {.bitmap_index = 28827, .adv_w = 192, .box_w = 9, .box_h = 8, .ofs_x = 2, .ofs_y = -1},
    {.bitmap_index = 28863, .adv_w = 192, .box_w = 11, .box_h = 10, .ofs_x = 1, .ofs_y = -1},
    {.bitmap_index = 28918, .adv_w = 192, .box_w = 8, .box_h = 10, .ofs_x = 2, .ofs_y = -2},
    {.bitmap_index = 28958, .adv_w = 192, .box_w = 9, .box_h = 11, .ofs_x = 1, .ofs_y = -1},
    {.bitmap_index = 29008, .adv_w = 192, .box_w = 9, .box_h = 9, .ofs_x = 2, .ofs_y = -1},
    {.bitmap_index = 29049, .adv_w = 192, .box_w = 10, .box_h = 11, .ofs_x = 1, .ofs_y = -1},
    {.bitmap_index = 29104, .adv_w = 192, .box_w = 10, .box_h = 9, .ofs_x = 1, .ofs_y = -1},
    {.bitmap_index = 29149, .adv_w = 192, .box_w = 11, .box_h = 11, .ofs_x = 1, .ofs_y = -1},
    {.bitmap_index = 29210, .adv_w = 192, .box_w = 12, .box_h = 11, .ofs_x = 0, .ofs_y = -1},
    {.bitmap_index = 29276, .adv_w = 192, .box_w = 12, .box_h = 12, .ofs_x = 0, .ofs_y = -1},
    {.bitmap_index = 29348, .adv_w = 192, .box_w = 10, .box_h = 11, .ofs_x = 1, .ofs_y = -1},
    {.bitmap_index = 29403, .adv_w = 192, .box_w = 11, .box_h = 12, .ofs_x = 1, .ofs_y = -1},
    {.bitmap_index = 29469, .adv_w = 192, .box_w = 7, .box_h = 11, .ofs_x = 2, .ofs_y = -1},
    {.bitmap_index = 29508, .adv_w = 192, .box_w = 9, .box_h = 11, .ofs_x = 2, .ofs_y = -1},
    {.bitmap_index = 29558, .adv_w = 192, .box_w = 11, .box_h = 11, .ofs_x = 1, .ofs_y = -1},
    {.bitmap_index = 29619, .adv_w = 192, .box_w = 11, .box_h = 12, .ofs_x = 1, .ofs_y = -1},
    {.bitmap_index = 29685, .adv_w = 192, .box_w = 10, .box_h = 10, .ofs_x = 1, .ofs_y = -1},
    {.bitmap_index = 29735, .adv_w = 192, .box_w = 11, .box_h = 12, .ofs_x = 1, .ofs_y = -1},
    {.bitmap_index = 29801, .adv_w = 192, .box_w = 10, .box_h = 11, .ofs_x = 1, .ofs_y = -1},
    {.bitmap_index = 29856, .adv_w = 192, .box_w = 11, .box_h = 12, .ofs_x = 1, .ofs_y = -1},
    {.bitmap_index = 29922, .adv_w = 192, .box_w = 9, .box_h = 12, .ofs_x = 2, .ofs_y = -1},
    {.bitmap_index = 29976, .adv_w = 192, .box_w = 9, .box_h = 11, .ofs_x = 2, .ofs_y = -1},
    {.bitmap_index = 30026, .adv_w = 192, .box_w = 11, .box_h = 12, .ofs_x = 1, .ofs_y = -1},
    {.bitmap_index = 30092, .adv_w = 192, .box_w = 12, .box_h = 12, .ofs_x = 0, .ofs_y = -1},
    {.bitmap_index = 30164, .adv_w = 192, .box_w = 12, .box_h = 11, .ofs_x = 0, .ofs_y = -1},
    {.bitmap_index = 30230, .adv_w = 192, .box_w = 12, .box_h = 11, .ofs_x = 0, .ofs_y = -1},
    {.bitmap_index = 30296, .adv_w = 192, .box_w = 10, .box_h = 11, .ofs_x = 1, .ofs_y = -1},
    {.bitmap_index = 30351, .adv_w = 192, .box_w = 12, .box_h = 11, .ofs_x = 0, .ofs_y = -1},
    {.bitmap_index = 30417, .adv_w = 192, .box_w = 10, .box_h = 11, .ofs_x = 1, .ofs_y = -1},
    {.bitmap_index = 30472, .adv_w = 192, .box_w = 12, .box_h = 11, .ofs_x = 0, .ofs_y = -1},
    {.bitmap_index = 30538, .adv_w = 192, .box_w = 10, .box_h = 12, .ofs_x = 1, .ofs_y = -1},
    {.bitmap_index = 30598, .adv_w = 192, .box_w = 12, .box_h = 12, .ofs_x = 0, .ofs_y = -1},
    {.bitmap_index = 30670, .adv_w = 192, .box_w = 10, .box_h = 8, .ofs_x = 1, .ofs_y = -1},
    {.bitmap_index = 30710, .adv_w = 192, .box_w = 11, .box_h = 8, .ofs_x = 0, .ofs_y = 0},
    {.bitmap_index = 30754, .adv_w = 192, .box_w = 12, .box_h = 12, .ofs_x = 0, .ofs_y = -1},
    {.bitmap_index = 30826, .adv_w = 192, .box_w = 11, .box_h = 10, .ofs_x = 0, .ofs_y = -1},
    {.bitmap_index = 30881, .adv_w = 192, .box_w = 12, .box_h = 10, .ofs_x = 0, .ofs_y = -1},
    {.bitmap_index = 30941, .adv_w = 192, .box_w = 9, .box_h = 11, .ofs_x = 2, .ofs_y = -1},
    {.bitmap_index = 30991, .adv_w = 192, .box_w = 11, .box_h = 12, .ofs_x = 1, .ofs_y = -1},
    {.bitmap_index = 31057, .adv_w = 192, .box_w = 12, .box_h = 11, .ofs_x = 0, .ofs_y = -1},
    {.bitmap_index = 31123, .adv_w = 192, .box_w = 10, .box_h = 11, .ofs_x = 1, .ofs_y = -1},
    {.bitmap_index = 31178, .adv_w = 192, .box_w = 12, .box_h = 12, .ofs_x = 0, .ofs_y = -1},
    {.bitmap_index = 31250, .adv_w = 192, .box_w = 12, .box_h = 12, .ofs_x = 0, .ofs_y = -1},
    {.bitmap_index = 31322, .adv_w = 192, .box_w = 11, .box_h = 10, .ofs_x = 0, .ofs_y = -1},
    {.bitmap_index = 31377, .adv_w = 192, .box_w = 11, .box_h = 11, .ofs_x = 1, .ofs_y = -1},
    {.bitmap_index = 31438, .adv_w = 192, .box_w = 12, .box_h = 11, .ofs_x = 0, .ofs_y = -1},
    {.bitmap_index = 31504, .adv_w = 192, .box_w = 12, .box_h = 11, .ofs_x = 0, .ofs_y = -1},
    {.bitmap_index = 31570, .adv_w = 192, .box_w = 11, .box_h = 10, .ofs_x = 1, .ofs_y = -1},
    {.bitmap_index = 31625, .adv_w = 192, .box_w = 11, .box_h = 11, .ofs_x = 1, .ofs_y = -1},
    {.bitmap_index = 31686, .adv_w = 192, .box_w = 11, .box_h = 11, .ofs_x = 1, .ofs_y = -1},
    {.bitmap_index = 31747, .adv_w = 192, .box_w = 12, .box_h = 11, .ofs_x = 0, .ofs_y = -1},
    {.bitmap_index = 31813, .adv_w = 192, .box_w = 12, .box_h = 11, .ofs_x = 0, .ofs_y = -1},
    {.bitmap_index = 31879, .adv_w = 192, .box_w = 12, .box_h = 11, .ofs_x = 0, .ofs_y = -1},
    {.bitmap_index = 31945, .adv_w = 192, .box_w = 12, .box_h = 8, .ofs_x = 0, .ofs_y = 0},
    {.bitmap_index = 31993, .adv_w = 192, .box_w = 12, .box_h = 9, .ofs_x = 0, .ofs_y = 0},
    {.bitmap_index = 32047, .adv_w = 192, .box_w = 12, .box_h = 10, .ofs_x = 0, .ofs_y = -1},
    {.bitmap_index = 32107, .adv_w = 192, .box_w = 11, .box_h = 11, .ofs_x = 1, .ofs_y = -1},
    {.bitmap_index = 32168, .adv_w = 192, .box_w = 12, .box_h = 11, .ofs_x = 0, .ofs_y = -1},
    {.bitmap_index = 32234, .adv_w = 192, .box_w = 12, .box_h = 11, .ofs_x = 0, .ofs_y = -1},
    {.bitmap_index = 32300, .adv_w = 192, .box_w = 9, .box_h = 11, .ofs_x = 2, .ofs_y = -1},
    {.bitmap_index = 32350, .adv_w = 192, .box_w = 12, .box_h = 11, .ofs_x = 0, .ofs_y = -1},
    {.bitmap_index = 32416, .adv_w = 192, .box_w = 11, .box_h = 11, .ofs_x = 1, .ofs_y = -1},
    {.bitmap_index = 32477, .adv_w = 192, .box_w = 11, .box_h = 11, .ofs_x = 0, .ofs_y = -1},
    {.bitmap_index = 32538, .adv_w = 192, .box_w = 10, .box_h = 12, .ofs_x = 1, .ofs_y = -1},
    {.bitmap_index = 32598, .adv_w = 192, .box_w = 10, .box_h = 9, .ofs_x = 1, .ofs_y = -1},
    {.bitmap_index = 32643, .adv_w = 192, .box_w = 12, .box_h = 11, .ofs_x = 0, .ofs_y = -1},
    {.bitmap_index = 32709, .adv_w = 192, .box_w = 9, .box_h = 9, .ofs_x = 2, .ofs_y = -1},
    {.bitmap_index = 32750, .adv_w = 192, .box_w = 11, .box_h = 12, .ofs_x = 1, .ofs_y = -1},
    {.bitmap_index = 32816, .adv_w = 192, .box_w = 8, .box_h = 9, .ofs_x = 2, .ofs_y = -1},
    {.bitmap_index = 32852, .adv_w = 192, .box_w = 10, .box_h = 11, .ofs_x = 1, .ofs_y = -1},
    {.bitmap_index = 32907, .adv_w = 192, .box_w = 9, .box_h = 11, .ofs_x = 2, .ofs_y = -1},
    {.bitmap_index = 32957, .adv_w = 192, .box_w = 8, .box_h = 12, .ofs_x = 2, .ofs_y = -1},
    {.bitmap_index = 33005, .adv_w = 192, .box_w = 10, .box_h = 11, .ofs_x = 1, .ofs_y = -1},
    {.bitmap_index = 33060, .adv_w = 192, .box_w = 12, .box_h = 12, .ofs_x = 0, .ofs_y = -1},
    {.bitmap_index = 33132, .adv_w = 192, .box_w = 10, .box_h = 11, .ofs_x = 1, .ofs_y = -1},
    {.bitmap_index = 33187, .adv_w = 192, .box_w = 10, .box_h = 9, .ofs_x = 1, .ofs_y = -1},
    {.bitmap_index = 33232, .adv_w = 192, .box_w = 12, .box_h = 12, .ofs_x = 0, .ofs_y = -1},
    {.bitmap_index = 33304, .adv_w = 192, .box_w = 11, .box_h = 11, .ofs_x = 0, .ofs_y = -1},
    {.bitmap_index = 33365, .adv_w = 192, .box_w = 12, .box_h = 11, .ofs_x = 0, .ofs_y = -1},
    {.bitmap_index = 33431, .adv_w = 192, .box_w = 10, .box_h = 11, .ofs_x = 1, .ofs_y = -1},
    {.bitmap_index = 33486, .adv_w = 192, .box_w = 12, .box_h = 11, .ofs_x = 0, .ofs_y = -1},
    {.bitmap_index = 33552, .adv_w = 192, .box_w = 11, .box_h = 11, .ofs_x = 1, .ofs_y = -1},
    {.bitmap_index = 33613, .adv_w = 192, .box_w = 10, .box_h = 10, .ofs_x = 1, .ofs_y = -2},
    {.bitmap_index = 33663, .adv_w = 192, .box_w = 9, .box_h = 10, .ofs_x = 2, .ofs_y = -2},
    {.bitmap_index = 33708, .adv_w = 0, .box_w = 4, .box_h = 3, .ofs_x = -4, .ofs_y = 8},
    {.bitmap_index = 33714, .adv_w = 0, .box_w = 3, .box_h = 3, .ofs_x = -3, .ofs_y = 8},
    {.bitmap_index = 33719, .adv_w = 192, .box_w = 4, .box_h = 4, .ofs_x = 0, .ofs_y = 7},
    {.bitmap_index = 33727, .adv_w = 192, .box_w = 3, .box_h = 3, .ofs_x = 0, .ofs_y = 7},
    {.bitmap_index = 33732, .adv_w = 192, .box_w = 7, .box_h = 8, .ofs_x = 3, .ofs_y = 0},
    {.bitmap_index = 33760, .adv_w = 192, .box_w = 7, .box_h = 10, .ofs_x = 3, .ofs_y = 0},
    {.bitmap_index = 33795, .adv_w = 192, .box_w = 11, .box_h = 12, .ofs_x = 0, .ofs_y = -1},
    {.bitmap_index = 33861, .adv_w = 192, .box_w = 6, .box_h = 3, .ofs_x = 3, .ofs_y = 3},
    {.bitmap_index = 33870, .adv_w = 192, .box_w = 9, .box_h = 8, .ofs_x = 2, .ofs_y = -1},
    {.bitmap_index = 33906, .adv_w = 192, .box_w = 11, .box_h = 11, .ofs_x = 1, .ofs_y = -1},
    {.bitmap_index = 33967, .adv_w = 192, .box_w = 9, .box_h = 9, .ofs_x = 1, .ofs_y = -1},
    {.bitmap_index = 34008, .adv_w = 192, .box_w = 11, .box_h = 11, .ofs_x = 0, .ofs_y = -1},
    {.bitmap_index = 34069, .adv_w = 192, .box_w = 8, .box_h = 10, .ofs_x = 2, .ofs_y = -2},
    {.bitmap_index = 34109, .adv_w = 192, .box_w = 11, .box_h = 11, .ofs_x = 1, .ofs_y = -1},
    {.bitmap_index = 34170, .adv_w = 192, .box_w = 9, .box_h = 8, .ofs_x = 1, .ofs_y = -1},
    {.bitmap_index = 34206, .adv_w = 192, .box_w = 11, .box_h = 9, .ofs_x = 0, .ofs_y = 0},
    {.bitmap_index = 34256, .adv_w = 192, .box_w = 10, .box_h = 10, .ofs_x = 1, .ofs_y = -2},
    {.bitmap_index = 34306, .adv_w = 192, .box_w = 11, .box_h = 11, .ofs_x = 0, .ofs_y = -1},
    {.bitmap_index = 34367, .adv_w = 192, .box_w = 10, .box_h = 11, .ofs_x = 1, .ofs_y = -1},
    {.bitmap_index = 34422, .adv_w = 192, .box_w = 12, .box_h = 12, .ofs_x = 0, .ofs_y = -1},
    {.bitmap_index = 34494, .adv_w = 192, .box_w = 10, .box_h = 11, .ofs_x = 1, .ofs_y = -1},
    {.bitmap_index = 34549, .adv_w = 192, .box_w = 11, .box_h = 12, .ofs_x = 1, .ofs_y = -1},
    {.bitmap_index = 34615, .adv_w = 192, .box_w = 10, .box_h = 11, .ofs_x = 1, .ofs_y = -1},
    {.bitmap_index = 34670, .adv_w = 192, .box_w = 12, .box_h = 12, .ofs_x = 0, .ofs_y = -1},
    {.bitmap_index = 34742, .adv_w = 192, .box_w = 12, .box_h = 11, .ofs_x = 0, .ofs_y = -1},
    {.bitmap_index = 34808, .adv_w = 192, .box_w = 12, .box_h = 12, .ofs_x = 0, .ofs_y = -1},
    {.bitmap_index = 34880, .adv_w = 192, .box_w = 10, .box_h = 9, .ofs_x = 1, .ofs_y = 0},
    {.bitmap_index = 34925, .adv_w = 192, .box_w = 11, .box_h = 12, .ofs_x = 1, .ofs_y = -1},
    {.bitmap_index = 34991, .adv_w = 192, .box_w = 12, .box_h = 11, .ofs_x = 0, .ofs_y = -1},
    {.bitmap_index = 35057, .adv_w = 192, .box_w = 12, .box_h = 11, .ofs_x = 0, .ofs_y = -1},
    {.bitmap_index = 35123, .adv_w = 192, .box_w = 11, .box_h = 11, .ofs_x = 1, .ofs_y = -1},
    {.bitmap_index = 35184, .adv_w = 192, .box_w = 11, .box_h = 11, .ofs_x = 1, .ofs_y = -1},
    {.bitmap_index = 35245, .adv_w = 192, .box_w = 10, .box_h = 10, .ofs_x = 1, .ofs_y = -1},
    {.bitmap_index = 35295, .adv_w = 192, .box_w = 12, .box_h = 12, .ofs_x = 0, .ofs_y = -1},
    {.bitmap_index = 35367, .adv_w = 192, .box_w = 11, .box_h = 11, .ofs_x = 0, .ofs_y = -1},
    {.bitmap_index = 35428, .adv_w = 192, .box_w = 12, .box_h = 12, .ofs_x = 0, .ofs_y = -1},
    {.bitmap_index = 35500, .adv_w = 192, .box_w = 10, .box_h = 10, .ofs_x = 1, .ofs_y = -1},
    {.bitmap_index = 35550, .adv_w = 192, .box_w = 11, .box_h = 12, .ofs_x = 1, .ofs_y = -1},
    {.bitmap_index = 35616, .adv_w = 192, .box_w = 11, .box_h = 11, .ofs_x = 0, .ofs_y = -1},
    {.bitmap_index = 35677, .adv_w = 192, .box_w = 12, .box_h = 12, .ofs_x = 0, .ofs_y = -1},
    {.bitmap_index = 35749, .adv_w = 192, .box_w = 11, .box_h = 11, .ofs_x = 1, .ofs_y = -1},
    {.bitmap_index = 35810, .adv_w = 192, .box_w = 12, .box_h = 11, .ofs_x = 0, .ofs_y = -1},
    {.bitmap_index = 35876, .adv_w = 192, .box_w = 10, .box_h = 9, .ofs_x = 1, .ofs_y = -1},
    {.bitmap_index = 35921, .adv_w = 192, .box_w = 10, .box_h = 11, .ofs_x = 1, .ofs_y = -1},
    {.bitmap_index = 35976, .adv_w = 192, .box_w = 12, .box_h = 12, .ofs_x = 0, .ofs_y = -1},
    {.bitmap_index = 36048, .adv_w = 192, .box_w = 11, .box_h = 11, .ofs_x = 1, .ofs_y = -1},
    {.bitmap_index = 36109, .adv_w = 192, .box_w = 12, .box_h = 12, .ofs_x = 0, .ofs_y = -1},
    {.bitmap_index = 36181, .adv_w = 192, .box_w = 8, .box_h = 10, .ofs_x = 3, .ofs_y = 0},
    {.bitmap_index = 36221, .adv_w = 192, .box_w = 8, .box_h = 11, .ofs_x = 3, .ofs_y = -1},
    {.bitmap_index = 36265, .adv_w = 192, .box_w = 11, .box_h = 11, .ofs_x = 1, .ofs_y = -1},
    {.bitmap_index = 36326, .adv_w = 192, .box_w = 10, .box_h = 8, .ofs_x = 1, .ofs_y = 0},
    {.bitmap_index = 36366, .adv_w = 192, .box_w = 10, .box_h = 10, .ofs_x = 1, .ofs_y = -1},
    {.bitmap_index = 36416, .adv_w = 192, .box_w = 11, .box_h = 11, .ofs_x = 1, .ofs_y = -1},
    {.bitmap_index = 36477, .adv_w = 192, .box_w = 9, .box_h = 11, .ofs_x = 1, .ofs_y = -1},
    {.bitmap_index = 36527, .adv_w = 192, .box_w = 12, .box_h = 9, .ofs_x = 0, .ofs_y = 0},
    {.bitmap_index = 36581, .adv_w = 192, .box_w = 12, .box_h = 11, .ofs_x = 0, .ofs_y = -1},
    {.bitmap_index = 36647, .adv_w = 192, .box_w = 12, .box_h = 11, .ofs_x = 0, .ofs_y = -1},
    {.bitmap_index = 36713, .adv_w = 192, .box_w = 9, .box_h = 11, .ofs_x = 2, .ofs_y = -1},
    {.bitmap_index = 36763, .adv_w = 192, .box_w = 10, .box_h = 12, .ofs_x = 2, .ofs_y = -1},
    {.bitmap_index = 36823, .adv_w = 192, .box_w = 10, .box_h = 11, .ofs_x = 2, .ofs_y = -1},
    {.bitmap_index = 36878, .adv_w = 192, .box_w = 10, .box_h = 10, .ofs_x = 1, .ofs_y = -1},
    {.bitmap_index = 36928, .adv_w = 192, .box_w = 11, .box_h = 12, .ofs_x = 1, .ofs_y = -1},
    {.bitmap_index = 36994, .adv_w = 192, .box_w = 11, .box_h = 11, .ofs_x = 1, .ofs_y = -1},
    {.bitmap_index = 37055, .adv_w = 192, .box_w = 12, .box_h = 8, .ofs_x = 0, .ofs_y = 0},
    {.bitmap_index = 37103, .adv_w = 192, .box_w = 12, .box_h = 9, .ofs_x = 0, .ofs_y = 0},
    {.bitmap_index = 37157, .adv_w = 192, .box_w = 12, .box_h = 9, .ofs_x = 0, .ofs_y = 0},
    {.bitmap_index = 37211, .adv_w = 192, .box_w = 12, .box_h = 11, .ofs_x = 0, .ofs_y = -1},
    {.bitmap_index = 37277, .adv_w = 192, .box_w = 12, .box_h = 11, .ofs_x = 0, .ofs_y = -1},
    {.bitmap_index = 37343, .adv_w = 192, .box_w = 11, .box_h = 11, .ofs_x = 0, .ofs_y = -1},
    {.bitmap_index = 37404, .adv_w = 192, .box_w = 11, .box_h = 10, .ofs_x = 1, .ofs_y = -1},
    {.bitmap_index = 37459, .adv_w = 192, .box_w = 9, .box_h = 11, .ofs_x = 1, .ofs_y = -1},
    {.bitmap_index = 37509, .adv_w = 192, .box_w = 12, .box_h = 11, .ofs_x = 0, .ofs_y = -1},
    {.bitmap_index = 37575, .adv_w = 192, .box_w = 10, .box_h = 11, .ofs_x = 1, .ofs_y = -1},
    {.bitmap_index = 37630, .adv_w = 192, .box_w = 10, .box_h = 10, .ofs_x = 1, .ofs_y = -1},
    {.bitmap_index = 37680, .adv_w = 192, .box_w = 10, .box_h = 10, .ofs_x = 1, .ofs_y = -2},
    {.bitmap_index = 37730, .adv_w = 192, .box_w = 12, .box_h = 11, .ofs_x = 0, .ofs_y = -1},
    {.bitmap_index = 37796, .adv_w = 192, .box_w = 10, .box_h = 8, .ofs_x = 1, .ofs_y = -1},
    {.bitmap_index = 37836, .adv_w = 192, .box_w = 12, .box_h = 9, .ofs_x = 0, .ofs_y = 0},
    {.bitmap_index = 37890, .adv_w = 192, .box_w = 8, .box_h = 8, .ofs_x = 2, .ofs_y = -1},
    {.bitmap_index = 37922, .adv_w = 192, .box_w = 9, .box_h = 10, .ofs_x = 2, .ofs_y = -1},
    {.bitmap_index = 37967, .adv_w = 192, .box_w = 10, .box_h = 11, .ofs_x = 1, .ofs_y = -1},
    {.bitmap_index = 38022, .adv_w = 192, .box_w = 8, .box_h = 11, .ofs_x = 2, .ofs_y = -1},
    {.bitmap_index = 38066, .adv_w = 192, .box_w = 12, .box_h = 11, .ofs_x = 0, .ofs_y = -1},
    {.bitmap_index = 38132, .adv_w = 192, .box_w = 9, .box_h = 11, .ofs_x = 2, .ofs_y = -1},
    {.bitmap_index = 38182, .adv_w = 192, .box_w = 10, .box_h = 9, .ofs_x = 1, .ofs_y = 0},
    {.bitmap_index = 38227, .adv_w = 192, .box_w = 8, .box_h = 9, .ofs_x = 2, .ofs_y = -2},
    {.bitmap_index = 38263, .adv_w = 192, .box_w = 10, .box_h = 10, .ofs_x = 1, .ofs_y = -1},
    {.bitmap_index = 38313, .adv_w = 192, .box_w = 11, .box_h = 11, .ofs_x = 1, .ofs_y = -1},
    {.bitmap_index = 38374, .adv_w = 192, .box_w = 12, .box_h = 9, .ofs_x = 0, .ofs_y = 0},
    {.bitmap_index = 38428, .adv_w = 192, .box_w = 10, .box_h = 10, .ofs_x = 1, .ofs_y = -1},
    {.bitmap_index = 38478, .adv_w = 192, .box_w = 11, .box_h = 10, .ofs_x = 1, .ofs_y = -1},
    {.bitmap_index = 38533, .adv_w = 192, .box_w = 11, .box_h = 12, .ofs_x = 1, .ofs_y = -1},
    {.bitmap_index = 38599, .adv_w = 192, .box_w = 9, .box_h = 10, .ofs_x = 1, .ofs_y = -2},
    {.bitmap_index = 38644, .adv_w = 192, .box_w = 10, .box_h = 10, .ofs_x = 1, .ofs_y = -2},
    {.bitmap_index = 38694, .adv_w = 192, .box_w = 11, .box_h = 12, .ofs_x = 1, .ofs_y = -1},
    {.bitmap_index = 38760, .adv_w = 192, .box_w = 12, .box_h = 12, .ofs_x = 0, .ofs_y = -1},
    {.bitmap_index = 38832, .adv_w = 192, .box_w = 12, .box_h = 11, .ofs_x = 0, .ofs_y = 0},
    {.bitmap_index = 38898, .adv_w = 192, .box_w = 11, .box_h = 12, .ofs_x = 1, .ofs_y = -1},
    {.bitmap_index = 38964, .adv_w = 192, .box_w = 4, .box_h = 3, .ofs_x = 4, .ofs_y = 3},
    {.bitmap_index = 38970, .adv_w = 192, .box_w = 10, .box_h = 3, .ofs_x = 1, .ofs_y = 3},
    {.bitmap_index = 38985, .adv_w = 192, .box_w = 7, .box_h = 7, .ofs_x = 3, .ofs_y = 1},
    {.bitmap_index = 39010, .adv_w = 192, .box_w = 7, .box_h = 8, .ofs_x = 3, .ofs_y = 1},
    {.bitmap_index = 39038, .adv_w = 192, .box_w = 8, .box_h = 11, .ofs_x = 2, .ofs_y = -1},
    {.bitmap_index = 39082, .adv_w = 192, .box_w = 12, .box_h = 11, .ofs_x = 0, .ofs_y = -1},
    {.bitmap_index = 39148, .adv_w = 192, .box_w = 11, .box_h = 13, .ofs_x = 0, .ofs_y = -2},
    {.bitmap_index = 39220, .adv_w = 192, .box_w = 12, .box_h = 12, .ofs_x = 0, .ofs_y = -1},
    {.bitmap_index = 39292, .adv_w = 192, .box_w = 11, .box_h = 11, .ofs_x = 0, .ofs_y = -1},
    {.bitmap_index = 39353, .adv_w = 192, .box_w = 11, .box_h = 12, .ofs_x = 0, .ofs_y = -2},
    {.bitmap_index = 39419, .adv_w = 192, .box_w = 12, .box_h = 12, .ofs_x = 0, .ofs_y = -1},
    {.bitmap_index = 39491, .adv_w = 192, .box_w = 12, .box_h = 13, .ofs_x = 0, .ofs_y = -2},
    {.bitmap_index = 39569, .adv_w = 192, .box_w = 11, .box_h = 12, .ofs_x = 1, .ofs_y = -2},
    {.bitmap_index = 39635, .adv_w = 192, .box_w = 12, .box_h = 12, .ofs_x = 0, .ofs_y = -2},
    {.bitmap_index = 39707, .adv_w = 192, .box_w = 12, .box_h = 12, .ofs_x = 0, .ofs_y = -1},
    {.bitmap_index = 39779, .adv_w = 192, .box_w = 12, .box_h = 13, .ofs_x = 0, .ofs_y = -2},
    {.bitmap_index = 39857, .adv_w = 192, .box_w = 12, .box_h = 13, .ofs_x = 0, .ofs_y = -2},
    {.bitmap_index = 39935, .adv_w = 192, .box_w = 12, .box_h = 13, .ofs_x = 0, .ofs_y = -2},
    {.bitmap_index = 40013, .adv_w = 192, .box_w = 12, .box_h = 12, .ofs_x = 0, .ofs_y = -1},
    {.bitmap_index = 40085, .adv_w = 192, .box_w = 12, .box_h = 13, .ofs_x = 0, .ofs_y = -2},
    {.bitmap_index = 40163, .adv_w = 192, .box_w = 12, .box_h = 13, .ofs_x = 0, .ofs_y = -2},
    {.bitmap_index = 40241, .adv_w = 192, .box_w = 12, .box_h = 12, .ofs_x = 0, .ofs_y = -1},
    {.bitmap_index = 40313, .adv_w = 192, .box_w = 12, .box_h = 13, .ofs_x = 0, .ofs_y = -2},
    {.bitmap_index = 40391, .adv_w = 192, .box_w = 12, .box_h = 12, .ofs_x = 0, .ofs_y = -1},
    {.bitmap_index = 40463, .adv_w = 192, .box_w = 12, .box_h = 12, .ofs_x = 0, .ofs_y = -1},
    {.bitmap_index = 40535, .adv_w = 192, .box_w = 12, .box_h = 12, .ofs_x = 0, .ofs_y = -2},
    {.bitmap_index = 40607, .adv_w = 192, .box_w = 12, .box_h = 13, .ofs_x = 0, .ofs_y = -2},
    {.bitmap_index = 40685, .adv_w = 192, .box_w = 12, .box_h = 12, .ofs_x = 0, .ofs_y = -2},
    {.bitmap_index = 40757, .adv_w = 192, .box_w = 12, .box_h = 12, .ofs_x = 0, .ofs_y = -2},
    {.bitmap_index = 40829, .adv_w = 192, .box_w = 12, .box_h = 11, .ofs_x = 0, .ofs_y = -1},
    {.bitmap_index = 40895, .adv_w = 192, .box_w = 12, .box_h = 12, .ofs_x = 0, .ofs_y = -1},
    {.bitmap_index = 40967, .adv_w = 192, .box_w = 12, .box_h = 11, .ofs_x = 0, .ofs_y = -1},
    {.bitmap_index = 41033, .adv_w = 192, .box_w = 12, .box_h = 12, .ofs_x = 0, .ofs_y = -2},
    {.bitmap_index = 41105, .adv_w = 192, .box_w = 12, .box_h = 11, .ofs_x = 0, .ofs_y = -1},
    {.bitmap_index = 41171, .adv_w = 192, .box_w = 12, .box_h = 12, .ofs_x = 0, .ofs_y = -2},
    {.bitmap_index = 41243, .adv_w = 192, .box_w = 10, .box_h = 11, .ofs_x = 1, .ofs_y = -1},
    {.bitmap_index = 41298, .adv_w = 192, .box_w = 12, .box_h = 12, .ofs_x = 0, .ofs_y = -2},
    {.bitmap_index = 41370, .adv_w = 192, .box_w = 12, .box_h = 12, .ofs_x = 0, .ofs_y = -2},
    {.bitmap_index = 41442, .adv_w = 192, .box_w = 12, .box_h = 12, .ofs_x = 0, .ofs_y = -1},
    {.bitmap_index = 41514, .adv_w = 192, .box_w = 10, .box_h = 11, .ofs_x = 1, .ofs_y = -1},
    {.bitmap_index = 41569, .adv_w = 192, .box_w = 12, .box_h = 12, .ofs_x = 0, .ofs_y = -2},
    {.bitmap_index = 41641, .adv_w = 192, .box_w = 12, .box_h = 12, .ofs_x = 0, .ofs_y = -2},
    {.bitmap_index = 41713, .adv_w = 192, .box_w = 12, .box_h = 11, .ofs_x = 0, .ofs_y = -1},
    {.bitmap_index = 41779, .adv_w = 192, .box_w = 12, .box_h = 13, .ofs_x = 0, .ofs_y = -2},
    {.bitmap_index = 41857, .adv_w = 192, .box_w = 11, .box_h = 12, .ofs_x = 0, .ofs_y = -2},
    {.bitmap_index = 41923, .adv_w = 192, .box_w = 12, .box_h = 11, .ofs_x = 0, .ofs_y = -1},
    {.bitmap_index = 41989, .adv_w = 192, .box_w = 11, .box_h = 12, .ofs_x = 0, .ofs_y = -2},
    {.bitmap_index = 42055, .adv_w = 192, .box_w = 12, .box_h = 12, .ofs_x = 0, .ofs_y = -2},
    {.bitmap_index = 42127, .adv_w = 192, .box_w = 12, .box_h = 13, .ofs_x = 0, .ofs_y = -2},
    {.bitmap_index = 42205, .adv_w = 192, .box_w = 12, .box_h = 13, .ofs_x = 0, .ofs_y = -2},
    {.bitmap_index = 42283, .adv_w = 192, .box_w = 12, .box_h = 11, .ofs_x = 0, .ofs_y = -1},
    {.bitmap_index = 42349, .adv_w = 192, .box_w = 11, .box_h = 11, .ofs_x = 1, .ofs_y = -1},
    {.bitmap_index = 42410, .adv_w = 192, .box_w = 11, .box_h = 12, .ofs_x = 1, .ofs_y = -2},
    {.bitmap_index = 42476, .adv_w = 192, .box_w = 12, .box_h = 11, .ofs_x = 0, .ofs_y = -1},
    {.bitmap_index = 42542, .adv_w = 192, .box_w = 12, .box_h = 12, .ofs_x = 0, .ofs_y = -2},
    {.bitmap_index = 42614, .adv_w = 192, .box_w = 12, .box_h = 12, .ofs_x = 0, .ofs_y = -2},
    {.bitmap_index = 42686, .adv_w = 192, .box_w = 12, .box_h = 12, .ofs_x = 0, .ofs_y = -2},
    {.bitmap_index = 42758, .adv_w = 192, .box_w = 12, .box_h = 12, .ofs_x = 0, .ofs_y = -2},
    {.bitmap_index = 42830, .adv_w = 192, .box_w = 12, .box_h = 13, .ofs_x = 0, .ofs_y = -2},
    {.bitmap_index = 42908, .adv_w = 192, .box_w = 12, .box_h = 12, .ofs_x = 0, .ofs_y = -2},
    {.bitmap_index = 42980, .adv_w = 192, .box_w = 12, .box_h = 11, .ofs_x = 0, .ofs_y = -1},
    {.bitmap_index = 43046, .adv_w = 192, .box_w = 11, .box_h = 12, .ofs_x = 0, .ofs_y = -1},
    {.bitmap_index = 43112, .adv_w = 192, .box_w = 11, .box_h = 12, .ofs_x = 0, .ofs_y = -2},
    {.bitmap_index = 43178, .adv_w = 192, .box_w = 11, .box_h = 12, .ofs_x = 0, .ofs_y = -2},
    {.bitmap_index = 43244, .adv_w = 192, .box_w = 12, .box_h = 12, .ofs_x = 0, .ofs_y = -1},
    {.bitmap_index = 43316, .adv_w = 192, .box_w = 12, .box_h = 12, .ofs_x = 0, .ofs_y = -2},
    {.bitmap_index = 43388, .adv_w = 192, .box_w = 11, .box_h = 11, .ofs_x = 0, .ofs_y = -1},
    {.bitmap_index = 43449, .adv_w = 192, .box_w = 12, .box_h = 11, .ofs_x = 0, .ofs_y = -1},
    {.bitmap_index = 43515, .adv_w = 192, .box_w = 12, .box_h = 11, .ofs_x = 0, .ofs_y = -1},
    {.bitmap_index = 43581, .adv_w = 192, .box_w = 12, .box_h = 11, .ofs_x = 0, .ofs_y = -1},
    {.bitmap_index = 43647, .adv_w = 192, .box_w = 12, .box_h = 12, .ofs_x = 0, .ofs_y = -2},
    {.bitmap_index = 43719, .adv_w = 192, .box_w = 12, .box_h = 11, .ofs_x = 0, .ofs_y = -1},
    {.bitmap_index = 43785, .adv_w = 192, .box_w = 12, .box_h = 12, .ofs_x = 0, .ofs_y = -1},
    {.bitmap_index = 43857, .adv_w = 192, .box_w = 12, .box_h = 12, .ofs_x = 0, .ofs_y = -2},
    {.bitmap_index = 43929, .adv_w = 192, .box_w = 11, .box_h = 12, .ofs_x = 0, .ofs_y = -2},
    {.bitmap_index = 43995, .adv_w = 192, .box_w = 12, .box_h = 13, .ofs_x = 0, .ofs_y = -2},
    {.bitmap_index = 44073, .adv_w = 192, .box_w = 12, .box_h = 13, .ofs_x = 0, .ofs_y = -2},
    {.bitmap_index = 44151, .adv_w = 192, .box_w = 12, .box_h = 11, .ofs_x = 0, .ofs_y = -1},
    {.bitmap_index = 44217, .adv_w = 192, .box_w = 12, .box_h = 11, .ofs_x = 0, .ofs_y = -1},
    {.bitmap_index = 44283, .adv_w = 192, .box_w = 12, .box_h = 13, .ofs_x = 0, .ofs_y = -2},
    {.bitmap_index = 44361, .adv_w = 192, .box_w = 12, .box_h = 13, .ofs_x = 0, .ofs_y = -2},
    {.bitmap_index = 44439, .adv_w = 192, .box_w = 12, .box_h = 13, .ofs_x = 0, .ofs_y = -2},
    {.bitmap_index = 44517, .adv_w = 192, .box_w = 12, .box_h = 13, .ofs_x = 0, .ofs_y = -2},
    {.bitmap_index = 44595, .adv_w = 192, .box_w = 12, .box_h = 13, .ofs_x = 0, .ofs_y = -2},
    {.bitmap_index = 44673, .adv_w = 192, .box_w = 12, .box_h = 13, .ofs_x = 0, .ofs_y = -2},
    {.bitmap_index = 44751, .adv_w = 192, .box_w = 12, .box_h = 12, .ofs_x = 0, .ofs_y = -1},
    {.bitmap_index = 44823, .adv_w = 192, .box_w = 12, .box_h = 11, .ofs_x = 0, .ofs_y = -1},
    {.bitmap_index = 44889, .adv_w = 192, .box_w = 12, .box_h = 12, .ofs_x = 0, .ofs_y = -2},
    {.bitmap_index = 44961, .adv_w = 192, .box_w = 12, .box_h = 12, .ofs_x = 0, .ofs_y = -2},
    {.bitmap_index = 45033, .adv_w = 192, .box_w = 12, .box_h = 10, .ofs_x = 0, .ofs_y = -1},
    {.bitmap_index = 45093, .adv_w = 192, .box_w = 11, .box_h = 11, .ofs_x = 1, .ofs_y = -1},
    {.bitmap_index = 45154, .adv_w = 192, .box_w = 12, .box_h = 12, .ofs_x = 0, .ofs_y = -1},
    {.bitmap_index = 45226, .adv_w = 192, .box_w = 12, .box_h = 11, .ofs_x = 0, .ofs_y = -1},
    {.bitmap_index = 45292, .adv_w = 192, .box_w = 12, .box_h = 11, .ofs_x = 0, .ofs_y = -1},
    {.bitmap_index = 45358, .adv_w = 192, .box_w = 12, .box_h = 11, .ofs_x = 0, .ofs_y = -1},
    {.bitmap_index = 45424, .adv_w = 192, .box_w = 12, .box_h = 13, .ofs_x = 0, .ofs_y = -2},
    {.bitmap_index = 45502, .adv_w = 192, .box_w = 12, .box_h = 13, .ofs_x = 0, .ofs_y = -2},
    {.bitmap_index = 45580, .adv_w = 192, .box_w = 12, .box_h = 13, .ofs_x = 0, .ofs_y = -2},
    {.bitmap_index = 45658, .adv_w = 192, .box_w = 12, .box_h = 12, .ofs_x = 0, .ofs_y = -2},
    {.bitmap_index = 45730, .adv_w = 192, .box_w = 12, .box_h = 13, .ofs_x = 0, .ofs_y = -2},
    {.bitmap_index = 45808, .adv_w = 192, .box_w = 12, .box_h = 12, .ofs_x = 0, .ofs_y = -1},
    {.bitmap_index = 45880, .adv_w = 192, .box_w = 12, .box_h = 13, .ofs_x = 0, .ofs_y = -2},
    {.bitmap_index = 45958, .adv_w = 192, .box_w = 12, .box_h = 13, .ofs_x = 0, .ofs_y = -2},
    {.bitmap_index = 46036, .adv_w = 192, .box_w = 12, .box_h = 13, .ofs_x = 0, .ofs_y = -2},
    {.bitmap_index = 46114, .adv_w = 192, .box_w = 12, .box_h = 13, .ofs_x = 0, .ofs_y = -2},
    {.bitmap_index = 46192, .adv_w = 192, .box_w = 12, .box_h = 13, .ofs_x = 0, .ofs_y = -2},
    {.bitmap_index = 46270, .adv_w = 192, .box_w = 12, .box_h = 12, .ofs_x = 0, .ofs_y = -1},
    {.bitmap_index = 46342, .adv_w = 192, .box_w = 12, .box_h = 11, .ofs_x = 0, .ofs_y = -1},
    {.bitmap_index = 46408, .adv_w = 192, .box_w = 12, .box_h = 12, .ofs_x = 0, .ofs_y = -2},
    {.bitmap_index = 46480, .adv_w = 192, .box_w = 12, .box_h = 13, .ofs_x = 0, .ofs_y = -2},
    {.bitmap_index = 46558, .adv_w = 192, .box_w = 12, .box_h = 12, .ofs_x = 0, .ofs_y = -1},
    {.bitmap_index = 46630, .adv_w = 192, .box_w = 12, .box_h = 12, .ofs_x = 0, .ofs_y = -1},
    {.bitmap_index = 46702, .adv_w = 192, .box_w = 12, .box_h = 12, .ofs_x = 0, .ofs_y = -2},
    {.bitmap_index = 46774, .adv_w = 192, .box_w = 12, .box_h = 13, .ofs_x = 0, .ofs_y = -2},
    {.bitmap_index = 46852, .adv_w = 192, .box_w = 11, .box_h = 13, .ofs_x = 0, .ofs_y = -2},
    {.bitmap_index = 46924, .adv_w = 192, .box_w = 11, .box_h = 11, .ofs_x = 0, .ofs_y = -1},
    {.bitmap_index = 46985, .adv_w = 192, .box_w = 12, .box_h = 11, .ofs_x = 0, .ofs_y = -1},
    {.bitmap_index = 47051, .adv_w = 192, .box_w = 12, .box_h = 12, .ofs_x = 0, .ofs_y = -2},
    {.bitmap_index = 47123, .adv_w = 192, .box_w = 12, .box_h = 11, .ofs_x = 0, .ofs_y = -1},
    {.bitmap_index = 47189, .adv_w = 192, .box_w = 12, .box_h = 13, .ofs_x = 0, .ofs_y = -2},
    {.bitmap_index = 47267, .adv_w = 192, .box_w = 12, .box_h = 12, .ofs_x = 0, .ofs_y = -1},
    {.bitmap_index = 47339, .adv_w = 192, .box_w = 12, .box_h = 12, .ofs_x = 0, .ofs_y = -2},
    {.bitmap_index = 47411, .adv_w = 192, .box_w = 12, .box_h = 12, .ofs_x = 0, .ofs_y = -2},
    {.bitmap_index = 47483, .adv_w = 192, .box_w = 12, .box_h = 12, .ofs_x = 0, .ofs_y = -1},
    {.bitmap_index = 47555, .adv_w = 192, .box_w = 12, .box_h = 12, .ofs_x = 0, .ofs_y = -2},
    {.bitmap_index = 47627, .adv_w = 192, .box_w = 12, .box_h = 12, .ofs_x = 0, .ofs_y = -2},
    {.bitmap_index = 47699, .adv_w = 192, .box_w = 12, .box_h = 13, .ofs_x = 0, .ofs_y = -2},
    {.bitmap_index = 47777, .adv_w = 192, .box_w = 12, .box_h = 13, .ofs_x = 0, .ofs_y = -2},
    {.bitmap_index = 47855, .adv_w = 192, .box_w = 12, .box_h = 13, .ofs_x = 0, .ofs_y = -2},
    {.bitmap_index = 47933, .adv_w = 192, .box_w = 12, .box_h = 13, .ofs_x = 0, .ofs_y = -2},
    {.bitmap_index = 48011, .adv_w = 192, .box_w = 12, .box_h = 12, .ofs_x = 0, .ofs_y = -2},
    {.bitmap_index = 48083, .adv_w = 192, .box_w = 12, .box_h = 12, .ofs_x = 0, .ofs_y = -1},
    {.bitmap_index = 48155, .adv_w = 192, .box_w = 12, .box_h = 13, .ofs_x = 0, .ofs_y = -2},
    {.bitmap_index = 48233, .adv_w = 192, .box_w = 12, .box_h = 12, .ofs_x = 0, .ofs_y = -1},
    {.bitmap_index = 48305, .adv_w = 192, .box_w = 12, .box_h = 12, .ofs_x = 0, .ofs_y = -2},
    {.bitmap_index = 48377, .adv_w = 192, .box_w = 9, .box_h = 12, .ofs_x = 1, .ofs_y = -2},
    {.bitmap_index = 48431, .adv_w = 192, .box_w = 12, .box_h = 12, .ofs_x = 0, .ofs_y = -2},
    {.bitmap_index = 48503, .adv_w = 192, .box_w = 12, .box_h = 12, .ofs_x = 0, .ofs_y = -2},
    {.bitmap_index = 48575, .adv_w = 192, .box_w = 12, .box_h = 12, .ofs_x = 0, .ofs_y = -2},
    {.bitmap_index = 48647, .adv_w = 192, .box_w = 12, .box_h = 12, .ofs_x = 0, .ofs_y = -2},
    {.bitmap_index = 48719, .adv_w = 192, .box_w = 12, .box_h = 12, .ofs_x = 0, .ofs_y = -2},
    {.bitmap_index = 48791, .adv_w = 192, .box_w = 12, .box_h = 12, .ofs_x = 0, .ofs_y = -1},
    {.bitmap_index = 48863, .adv_w = 192, .box_w = 12, .box_h = 12, .ofs_x = 0, .ofs_y = -2},
    {.bitmap_index = 48935, .adv_w = 192, .box_w = 12, .box_h = 11, .ofs_x = 0, .ofs_y = -1},
    {.bitmap_index = 49001, .adv_w = 192, .box_w = 12, .box_h = 11, .ofs_x = 0, .ofs_y = -1},
    {.bitmap_index = 49067, .adv_w = 192, .box_w = 13, .box_h = 11, .ofs_x = 0, .ofs_y = -1},
    {.bitmap_index = 49139, .adv_w = 192, .box_w = 12, .box_h = 13, .ofs_x = 0, .ofs_y = -2},
    {.bitmap_index = 49217, .adv_w = 192, .box_w = 12, .box_h = 11, .ofs_x = 0, .ofs_y = -1},
    {.bitmap_index = 49283, .adv_w = 192, .box_w = 12, .box_h = 12, .ofs_x = 0, .ofs_y = -2},
    {.bitmap_index = 49355, .adv_w = 192, .box_w = 12, .box_h = 11, .ofs_x = 0, .ofs_y = -1},
    {.bitmap_index = 49421, .adv_w = 192, .box_w = 12, .box_h = 12, .ofs_x = 0, .ofs_y = -2},
    {.bitmap_index = 49493, .adv_w = 192, .box_w = 12, .box_h = 13, .ofs_x = 0, .ofs_y = -2},
    {.bitmap_index = 49571, .adv_w = 192, .box_w = 12, .box_h = 13, .ofs_x = 0, .ofs_y = -2},
    {.bitmap_index = 49649, .adv_w = 192, .box_w = 12, .box_h = 12, .ofs_x = 0, .ofs_y = -1},
    {.bitmap_index = 49721, .adv_w = 192, .box_w = 12, .box_h = 12, .ofs_x = 0, .ofs_y = -2},
    {.bitmap_index = 49793, .adv_w = 192, .box_w = 12, .box_h = 12, .ofs_x = 0, .ofs_y = -2},
    {.bitmap_index = 49865, .adv_w = 192, .box_w = 12, .box_h = 12, .ofs_x = 0, .ofs_y = -2},
    {.bitmap_index = 49937, .adv_w = 192, .box_w = 12, .box_h = 12, .ofs_x = 0, .ofs_y = -2},
    {.bitmap_index = 50009, .adv_w = 192, .box_w = 12, .box_h = 11, .ofs_x = 0, .ofs_y = -1},
    {.bitmap_index = 50075, .adv_w = 192, .box_w = 12, .box_h = 11, .ofs_x = 0, .ofs_y = -1},
    {.bitmap_index = 50141, .adv_w = 192, .box_w = 12, .box_h = 11, .ofs_x = 0, .ofs_y = -1},
    {.bitmap_index = 50207, .adv_w = 192, .box_w = 12, .box_h = 12, .ofs_x = 0, .ofs_y = -2},
    {.bitmap_index = 50279, .adv_w = 192, .box_w = 12, .box_h = 13, .ofs_x = 0, .ofs_y = -2},
    {.bitmap_index = 50357, .adv_w = 192, .box_w = 12, .box_h = 12, .ofs_x = 0, .ofs_y = -1},
    {.bitmap_index = 50429, .adv_w = 192, .box_w = 12, .box_h = 13, .ofs_x = 0, .ofs_y = -2},
    {.bitmap_index = 50507, .adv_w = 192, .box_w = 12, .box_h = 11, .ofs_x = 0, .ofs_y = -1},
    {.bitmap_index = 50573, .adv_w = 192, .box_w = 12, .box_h = 13, .ofs_x = 0, .ofs_y = -2},
    {.bitmap_index = 50651, .adv_w = 192, .box_w = 12, .box_h = 11, .ofs_x = 0, .ofs_y = -1},
    {.bitmap_index = 50717, .adv_w = 192, .box_w = 12, .box_h = 13, .ofs_x = 0, .ofs_y = -2},
    {.bitmap_index = 50795, .adv_w = 192, .box_w = 12, .box_h = 11, .ofs_x = 0, .ofs_y = -1},
    {.bitmap_index = 50861, .adv_w = 192, .box_w = 12, .box_h = 12, .ofs_x = 0, .ofs_y = -1},
    {.bitmap_index = 50933, .adv_w = 192, .box_w = 12, .box_h = 11, .ofs_x = 0, .ofs_y = -1},
    {.bitmap_index = 50999, .adv_w = 192, .box_w = 12, .box_h = 13, .ofs_x = 0, .ofs_y = -2},
    {.bitmap_index = 51077, .adv_w = 192, .box_w = 12, .box_h = 12, .ofs_x = 0, .ofs_y = -2},
    {.bitmap_index = 51149, .adv_w = 192, .box_w = 12, .box_h = 11, .ofs_x = 0, .ofs_y = -1},
    {.bitmap_index = 51215, .adv_w = 192, .box_w = 12, .box_h = 13, .ofs_x = 0, .ofs_y = -2},
    {.bitmap_index = 51293, .adv_w = 192, .box_w = 11, .box_h = 12, .ofs_x = 0, .ofs_y = -2},
    {.bitmap_index = 51359, .adv_w = 192, .box_w = 12, .box_h = 13, .ofs_x = 0, .ofs_y = -2},
    {.bitmap_index = 51437, .adv_w = 192, .box_w = 12, .box_h = 12, .ofs_x = 0, .ofs_y = -1},
    {.bitmap_index = 51509, .adv_w = 192, .box_w = 12, .box_h = 12, .ofs_x = 0, .ofs_y = -2},
    {.bitmap_index = 51581, .adv_w = 192, .box_w = 12, .box_h = 12, .ofs_x = 0, .ofs_y = -2},
    {.bitmap_index = 51653, .adv_w = 192, .box_w = 11, .box_h = 12, .ofs_x = 0, .ofs_y = -2},
    {.bitmap_index = 51719, .adv_w = 192, .box_w = 10, .box_h = 12, .ofs_x = 1, .ofs_y = -2},
    {.bitmap_index = 51779, .adv_w = 192, .box_w = 12, .box_h = 11, .ofs_x = 0, .ofs_y = -1},
    {.bitmap_index = 51845, .adv_w = 192, .box_w = 12, .box_h = 12, .ofs_x = 0, .ofs_y = -1},
    {.bitmap_index = 51917, .adv_w = 192, .box_w = 10, .box_h = 11, .ofs_x = 1, .ofs_y = -1},
    {.bitmap_index = 51972, .adv_w = 192, .box_w = 12, .box_h = 13, .ofs_x = 0, .ofs_y = -2},
    {.bitmap_index = 52050, .adv_w = 192, .box_w = 12, .box_h = 13, .ofs_x = 0, .ofs_y = -2},
    {.bitmap_index = 52128, .adv_w = 192, .box_w = 12, .box_h = 13, .ofs_x = 0, .ofs_y = -2},
    {.bitmap_index = 52206, .adv_w = 192, .box_w = 12, .box_h = 12, .ofs_x = 0, .ofs_y = -1},
    {.bitmap_index = 52278, .adv_w = 192, .box_w = 12, .box_h = 13, .ofs_x = 0, .ofs_y = -2},
    {.bitmap_index = 52356, .adv_w = 192, .box_w = 12, .box_h = 12, .ofs_x = 0, .ofs_y = -2},
    {.bitmap_index = 52428, .adv_w = 192, .box_w = 12, .box_h = 13, .ofs_x = 0, .ofs_y = -2},
    {.bitmap_index = 52506, .adv_w = 192, .box_w = 12, .box_h = 12, .ofs_x = 0, .ofs_y = -1},
    {.bitmap_index = 52578, .adv_w = 192, .box_w = 12, .box_h = 12, .ofs_x = 0, .ofs_y = -1},
    {.bitmap_index = 52650, .adv_w = 192, .box_w = 12, .box_h = 12, .ofs_x = 0, .ofs_y = -1},
    {.bitmap_index = 52722, .adv_w = 192, .box_w = 12, .box_h = 12, .ofs_x = 0, .ofs_y = -1},
    {.bitmap_index = 52794, .adv_w = 192, .box_w = 12, .box_h = 12, .ofs_x = 0, .ofs_y = -1},
    {.bitmap_index = 52866, .adv_w = 192, .box_w = 12, .box_h = 13, .ofs_x = 0, .ofs_y = -2},
    {.bitmap_index = 52944, .adv_w = 192, .box_w = 12, .box_h = 12, .ofs_x = 0, .ofs_y = -1},
    {.bitmap_index = 53016, .adv_w = 192, .box_w = 12, .box_h = 12, .ofs_x = 0, .ofs_y = -2},
    {.bitmap_index = 53088, .adv_w = 192, .box_w = 12, .box_h = 13, .ofs_x = 0, .ofs_y = -2},
    {.bitmap_index = 53166, .adv_w = 192, .box_w = 12, .box_h = 12, .ofs_x = 0, .ofs_y = -2},
    {.bitmap_index = 53238, .adv_w = 192, .box_w = 12, .box_h = 13, .ofs_x = 0, .ofs_y = -2},
    {.bitmap_index = 53316, .adv_w = 192, .box_w = 12, .box_h = 13, .ofs_x = 0, .ofs_y = -2},
    {.bitmap_index = 53394, .adv_w = 192, .box_w = 12, .box_h = 12, .ofs_x = 0, .ofs_y = -2},
    {.bitmap_index = 53466, .adv_w = 192, .box_w = 12, .box_h = 12, .ofs_x = 0, .ofs_y = -2},
    {.bitmap_index = 53538, .adv_w = 192, .box_w = 12, .box_h = 13, .ofs_x = 0, .ofs_y = -2},
    {.bitmap_index = 53616, .adv_w = 192, .box_w = 12, .box_h = 13, .ofs_x = 0, .ofs_y = -2},
    {.bitmap_index = 53694, .adv_w = 192, .box_w = 12, .box_h = 11, .ofs_x = 0, .ofs_y = -1},
    {.bitmap_index = 53760, .adv_w = 192, .box_w = 12, .box_h = 12, .ofs_x = 0, .ofs_y = -1},
    {.bitmap_index = 53832, .adv_w = 192, .box_w = 12, .box_h = 13, .ofs_x = 0, .ofs_y = -2},
    {.bitmap_index = 53910, .adv_w = 192, .box_w = 12, .box_h = 12, .ofs_x = 0, .ofs_y = -1},
    {.bitmap_index = 53982, .adv_w = 192, .box_w = 12, .box_h = 12, .ofs_x = 0, .ofs_y = -1},
    {.bitmap_index = 54054, .adv_w = 192, .box_w = 12, .box_h = 11, .ofs_x = 0, .ofs_y = -1},
    {.bitmap_index = 54120, .adv_w = 192, .box_w = 12, .box_h = 12, .ofs_x = 0, .ofs_y = -1},
    {.bitmap_index = 54192, .adv_w = 192, .box_w = 12, .box_h = 13, .ofs_x = 0, .ofs_y = -2},
    {.bitmap_index = 54270, .adv_w = 192, .box_w = 10, .box_h = 12, .ofs_x = 1, .ofs_y = -2},
    {.bitmap_index = 54330, .adv_w = 192, .box_w = 12, .box_h = 12, .ofs_x = 0, .ofs_y = -1},
    {.bitmap_index = 54402, .adv_w = 192, .box_w = 11, .box_h = 11, .ofs_x = 0, .ofs_y = -1},
    {.bitmap_index = 54463, .adv_w = 192, .box_w = 12, .box_h = 12, .ofs_x = 0, .ofs_y = -2},
    {.bitmap_index = 54535, .adv_w = 192, .box_w = 12, .box_h = 12, .ofs_x = 0, .ofs_y = -2},
    {.bitmap_index = 54607, .adv_w = 192, .box_w = 12, .box_h = 12, .ofs_x = 0, .ofs_y = -2},
    {.bitmap_index = 54679, .adv_w = 192, .box_w = 12, .box_h = 12, .ofs_x = 0, .ofs_y = -1},
    {.bitmap_index = 54751, .adv_w = 192, .box_w = 12, .box_h = 13, .ofs_x = 0, .ofs_y = -2},
    {.bitmap_index = 54829, .adv_w = 192, .box_w = 12, .box_h = 11, .ofs_x = 0, .ofs_y = -1},
    {.bitmap_index = 54895, .adv_w = 192, .box_w = 12, .box_h = 12, .ofs_x = 0, .ofs_y = -2},
    {.bitmap_index = 54967, .adv_w = 192, .box_w = 11, .box_h = 13, .ofs_x = 0, .ofs_y = -2},
    {.bitmap_index = 55039, .adv_w = 192, .box_w = 12, .box_h = 13, .ofs_x = 0, .ofs_y = -2},
    {.bitmap_index = 55117, .adv_w = 192, .box_w = 12, .box_h = 13, .ofs_x = 0, .ofs_y = -2},
    {.bitmap_index = 55195, .adv_w = 192, .box_w = 12, .box_h = 12, .ofs_x = 0, .ofs_y = -1},
    {.bitmap_index = 55267, .adv_w = 192, .box_w = 12, .box_h = 13, .ofs_x = 0, .ofs_y = -2},
    {.bitmap_index = 55345, .adv_w = 192, .box_w = 12, .box_h = 12, .ofs_x = 0, .ofs_y = -1},
    {.bitmap_index = 55417, .adv_w = 192, .box_w = 12, .box_h = 13, .ofs_x = 0, .ofs_y = -2},
    {.bitmap_index = 55495, .adv_w = 192, .box_w = 12, .box_h = 13, .ofs_x = 0, .ofs_y = -2},
    {.bitmap_index = 55573, .adv_w = 192, .box_w = 12, .box_h = 11, .ofs_x = 0, .ofs_y = -1},
    {.bitmap_index = 55639, .adv_w = 192, .box_w = 12, .box_h = 12, .ofs_x = 0, .ofs_y = -2},
    {.bitmap_index = 55711, .adv_w = 192, .box_w = 12, .box_h = 11, .ofs_x = 0, .ofs_y = -1},
    {.bitmap_index = 55777, .adv_w = 192, .box_w = 12, .box_h = 12, .ofs_x = 0, .ofs_y = -1},
    {.bitmap_index = 55849, .adv_w = 192, .box_w = 12, .box_h = 13, .ofs_x = 0, .ofs_y = -2},
    {.bitmap_index = 55927, .adv_w = 192, .box_w = 12, .box_h = 13, .ofs_x = 0, .ofs_y = -2},
    {.bitmap_index = 56005, .adv_w = 192, .box_w = 12, .box_h = 11, .ofs_x = 0, .ofs_y = -1},
    {.bitmap_index = 56071, .adv_w = 192, .box_w = 12, .box_h = 13, .ofs_x = 0, .ofs_y = -2},
    {.bitmap_index = 56149, .adv_w = 192, .box_w = 12, .box_h = 12, .ofs_x = 0, .ofs_y = -2},
    {.bitmap_index = 56221, .adv_w = 192, .box_w = 12, .box_h = 13, .ofs_x = 0, .ofs_y = -2},
    {.bitmap_index = 56299, .adv_w = 192, .box_w = 12, .box_h = 12, .ofs_x = 0, .ofs_y = -1},
    {.bitmap_index = 56371, .adv_w = 192, .box_w = 12, .box_h = 13, .ofs_x = 0, .ofs_y = -2},
    {.bitmap_index = 56449, .adv_w = 192, .box_w = 12, .box_h = 12, .ofs_x = 0, .ofs_y = -2},
    {.bitmap_index = 56521, .adv_w = 192, .box_w = 12, .box_h = 12, .ofs_x = 0, .ofs_y = -2},
    {.bitmap_index = 56593, .adv_w = 192, .box_w = 12, .box_h = 12, .ofs_x = 0, .ofs_y = -1},
    {.bitmap_index = 56665, .adv_w = 192, .box_w = 12, .box_h = 11, .ofs_x = 0, .ofs_y = -1},
    {.bitmap_index = 56731, .adv_w = 192, .box_w = 12, .box_h = 13, .ofs_x = 0, .ofs_y = -2},
    {.bitmap_index = 56809, .adv_w = 192, .box_w = 12, .box_h = 12, .ofs_x = 0, .ofs_y = -2},
    {.bitmap_index = 56881, .adv_w = 192, .box_w = 12, .box_h = 12, .ofs_x = 0, .ofs_y = -1},
    {.bitmap_index = 56953, .adv_w = 192, .box_w = 12, .box_h = 12, .ofs_x = 0, .ofs_y = -1},
    {.bitmap_index = 57025, .adv_w = 192, .box_w = 12, .box_h = 12, .ofs_x = 0, .ofs_y = -1},
    {.bitmap_index = 57097, .adv_w = 192, .box_w = 12, .box_h = 11, .ofs_x = 0, .ofs_y = -1},
    {.bitmap_index = 57163, .adv_w = 192, .box_w = 12, .box_h = 12, .ofs_x = 0, .ofs_y = -2},
    {.bitmap_index = 57235, .adv_w = 192, .box_w = 12, .box_h = 13, .ofs_x = 0, .ofs_y = -2},
    {.bitmap_index = 57313, .adv_w = 192, .box_w = 12, .box_h = 13, .ofs_x = 0, .ofs_y = -2},
    {.bitmap_index = 57391, .adv_w = 192, .box_w = 12, .box_h = 13, .ofs_x = 0, .ofs_y = -2},
    {.bitmap_index = 57469, .adv_w = 192, .box_w = 12, .box_h = 13, .ofs_x = 0, .ofs_y = -2},
    {.bitmap_index = 57547, .adv_w = 192, .box_w = 12, .box_h = 13, .ofs_x = 0, .ofs_y = -2},
    {.bitmap_index = 57625, .adv_w = 192, .box_w = 12, .box_h = 13, .ofs_x = 0, .ofs_y = -2},
    {.bitmap_index = 57703, .adv_w = 192, .box_w = 12, .box_h = 13, .ofs_x = 0, .ofs_y = -2},
    {.bitmap_index = 57781, .adv_w = 192, .box_w = 12, .box_h = 13, .ofs_x = 0, .ofs_y = -2},
    {.bitmap_index = 57859, .adv_w = 192, .box_w = 12, .box_h = 12, .ofs_x = 0, .ofs_y = -2},
    {.bitmap_index = 57931, .adv_w = 192, .box_w = 12, .box_h = 12, .ofs_x = 0, .ofs_y = -2},
    {.bitmap_index = 58003, .adv_w = 192, .box_w = 12, .box_h = 13, .ofs_x = 0, .ofs_y = -2},
    {.bitmap_index = 58081, .adv_w = 192, .box_w = 12, .box_h = 12, .ofs_x = 0, .ofs_y = -2},
    {.bitmap_index = 58153, .adv_w = 192, .box_w = 12, .box_h = 12, .ofs_x = 0, .ofs_y = -2},
    {.bitmap_index = 58225, .adv_w = 192, .box_w = 12, .box_h = 13, .ofs_x = 0, .ofs_y = -2},
    {.bitmap_index = 58303, .adv_w = 192, .box_w = 12, .box_h = 12, .ofs_x = 0, .ofs_y = -2},
    {.bitmap_index = 58375, .adv_w = 192, .box_w = 12, .box_h = 13, .ofs_x = 0, .ofs_y = -2},
    {.bitmap_index = 58453, .adv_w = 192, .box_w = 12, .box_h = 13, .ofs_x = 0, .ofs_y = -2},
    {.bitmap_index = 58531, .adv_w = 192, .box_w = 12, .box_h = 12, .ofs_x = 0, .ofs_y = -2},
    {.bitmap_index = 58603, .adv_w = 192, .box_w = 12, .box_h = 12, .ofs_x = 0, .ofs_y = -1},
    {.bitmap_index = 58675, .adv_w = 192, .box_w = 12, .box_h = 13, .ofs_x = 0, .ofs_y = -2},
    {.bitmap_index = 58753, .adv_w = 192, .box_w = 12, .box_h = 13, .ofs_x = 0, .ofs_y = -2},
    {.bitmap_index = 58831, .adv_w = 192, .box_w = 12, .box_h = 12, .ofs_x = 0, .ofs_y = -1},
    {.bitmap_index = 58903, .adv_w = 192, .box_w = 12, .box_h = 12, .ofs_x = 0, .ofs_y = -1},
    {.bitmap_index = 58975, .adv_w = 192, .box_w = 12, .box_h = 11, .ofs_x = 0, .ofs_y = -1},
    {.bitmap_index = 59041, .adv_w = 192, .box_w = 12, .box_h = 13, .ofs_x = 0, .ofs_y = -2},
    {.bitmap_index = 59119, .adv_w = 192, .box_w = 12, .box_h = 13, .ofs_x = 0, .ofs_y = -2},
    {.bitmap_index = 59197, .adv_w = 192, .box_w = 12, .box_h = 13, .ofs_x = 0, .ofs_y = -2},
    {.bitmap_index = 59275, .adv_w = 192, .box_w = 12, .box_h = 13, .ofs_x = 0, .ofs_y = -2},
    {.bitmap_index = 59353, .adv_w = 192, .box_w = 12, .box_h = 13, .ofs_x = 0, .ofs_y = -2},
    {.bitmap_index = 59431, .adv_w = 192, .box_w = 12, .box_h = 13, .ofs_x = 0, .ofs_y = -2},
    {.bitmap_index = 59509, .adv_w = 192, .box_w = 12, .box_h = 12, .ofs_x = 0, .ofs_y = -2},
    {.bitmap_index = 59581, .adv_w = 192, .box_w = 12, .box_h = 12, .ofs_x = 0, .ofs_y = -2},
    {.bitmap_index = 59653, .adv_w = 192, .box_w = 12, .box_h = 13, .ofs_x = 0, .ofs_y = -2},
    {.bitmap_index = 59731, .adv_w = 192, .box_w = 12, .box_h = 12, .ofs_x = 0, .ofs_y = -1},
    {.bitmap_index = 59803, .adv_w = 192, .box_w = 13, .box_h = 13, .ofs_x = 0, .ofs_y = -2},
    {.bitmap_index = 59888, .adv_w = 192, .box_w = 12, .box_h = 12, .ofs_x = 0, .ofs_y = -1},
    {.bitmap_index = 59960, .adv_w = 192, .box_w = 12, .box_h = 13, .ofs_x = 0, .ofs_y = -2},
    {.bitmap_index = 60038, .adv_w = 192, .box_w = 12, .box_h = 13, .ofs_x = 0, .ofs_y = -2},
    {.bitmap_index = 60116, .adv_w = 192, .box_w = 12, .box_h = 12, .ofs_x = 0, .ofs_y = -1},
    {.bitmap_index = 60188, .adv_w = 192, .box_w = 12, .box_h = 12, .ofs_x = 0, .ofs_y = -1},
    {.bitmap_index = 60260, .adv_w = 192, .box_w = 12, .box_h = 11, .ofs_x = 0, .ofs_y = -1},
    {.bitmap_index = 60326, .adv_w = 192, .box_w = 12, .box_h = 12, .ofs_x = 0, .ofs_y = -1},
    {.bitmap_index = 60398, .adv_w = 192, .box_w = 12, .box_h = 12, .ofs_x = 0, .ofs_y = -2},
    {.bitmap_index = 60470, .adv_w = 192, .box_w = 12, .box_h = 13, .ofs_x = 0, .ofs_y = -2},
    {.bitmap_index = 60548, .adv_w = 192, .box_w = 12, .box_h = 13, .ofs_x = 0, .ofs_y = -2},
    {.bitmap_index = 60626, .adv_w = 192, .box_w = 12, .box_h = 12, .ofs_x = 0, .ofs_y = -2},
    {.bitmap_index = 60698, .adv_w = 192, .box_w = 12, .box_h = 12, .ofs_x = 0, .ofs_y = -2},
    {.bitmap_index = 60770, .adv_w = 192, .box_w = 12, .box_h = 12, .ofs_x = 0, .ofs_y = -2},
    {.bitmap_index = 60842, .adv_w = 192, .box_w = 12, .box_h = 13, .ofs_x = 0, .ofs_y = -2},
    {.bitmap_index = 60920, .adv_w = 192, .box_w = 12, .box_h = 11, .ofs_x = 0, .ofs_y = -1},
    {.bitmap_index = 60986, .adv_w = 192, .box_w = 11, .box_h = 12, .ofs_x = 1, .ofs_y = -1},
    {.bitmap_index = 61052, .adv_w = 192, .box_w = 3, .box_h = 10, .ofs_x = 1, .ofs_y = -1},
    {.bitmap_index = 61067, .adv_w = 192, .box_w = 4, .box_h = 13, .ofs_x = 8, .ofs_y = -2},
    {.bitmap_index = 61093, .adv_w = 192, .box_w = 4, .box_h = 13, .ofs_x = 0, .ofs_y = -2},
    {.bitmap_index = 61119, .adv_w = 192, .box_w = 4, .box_h = 9, .ofs_x = 1, .ofs_y = -1},
    {.bitmap_index = 61137, .adv_w = 192, .box_w = 6, .box_h = 11, .ofs_x = 0, .ofs_y = -1},
    {.bitmap_index = 61170, .adv_w = 244, .box_w = 15, .box_h = 10, .ofs_x = 0, .ofs_y = -1},
    {.bitmap_index = 61245, .adv_w = 244, .box_w = 15, .box_h = 13, .ofs_x = 0, .ofs_y = -2},
    {.bitmap_index = 61343, .adv_w = 244, .box_w = 15, .box_h = 11, .ofs_x = 0, .ofs_y = -1},
    {.bitmap_index = 61426, .adv_w = 244, .box_w = 15, .box_h = 6, .ofs_x = 0, .ofs_y = 1},
    {.bitmap_index = 61471, .adv_w = 244, .box_w = 13, .box_h = 12, .ofs_x = 1, .ofs_y = -2},
    {.bitmap_index = 61549, .adv_w = 244, .box_w = 15, .box_h = 13, .ofs_x = 0, .ofs_y = -2},
    {.bitmap_index = 61647, .adv_w = 244, .box_w = 7, .box_h = 13, .ofs_x = 4, .ofs_y = -2},
    {.bitmap_index = 61693, .adv_w = 244, .box_w = 11, .box_h = 13, .ofs_x = 2, .ofs_y = -2},
    {.bitmap_index = 61765, .adv_w = 244, .box_w = 13, .box_h = 13, .ofs_x = 1, .ofs_y = -2},
    {.bitmap_index = 61850, .adv_w = 244, .box_w = 10, .box_h = 13, .ofs_x = 3, .ofs_y = -2},
    {.bitmap_index = 61915, .adv_w = 244, .box_w = 15, .box_h = 13, .ofs_x = 0, .ofs_y = -2},
    {.bitmap_index = 62013, .adv_w = 244, .box_w = 14, .box_h = 12, .ofs_x = 1, .ofs_y = -2},
    {.bitmap_index = 62097, .adv_w = 244, .box_w = 13, .box_h = 12, .ofs_x = 1, .ofs_y = -2},
    {.bitmap_index = 62175, .adv_w = 244, .box_w = 15, .box_h = 10, .ofs_x = 0, .ofs_y = -1},
    {.bitmap_index = 62250, .adv_w = 244, .box_w = 13, .box_h = 8, .ofs_x = 1, .ofs_y = 0},
    {.bitmap_index = 62302, .adv_w = 244, .box_w = 13, .box_h = 9, .ofs_x = 1, .ofs_y = 0},
    {.bitmap_index = 62361, .adv_w = 244, .box_w = 12, .box_h = 12, .ofs_x = 2, .ofs_y = -2},
    {.bitmap_index = 62433, .adv_w = 244, .box_w = 13, .box_h = 6, .ofs_x = 1, .ofs_y = 1},
    {.bitmap_index = 62472, .adv_w = 244, .box_w = 9, .box_h = 13, .ofs_x = 3, .ofs_y = -2},
    {.bitmap_index = 62531, .adv_w = 244, .box_w = 13, .box_h = 13, .ofs_x = 1, .ofs_y = -2},
    {.bitmap_index = 62616, .adv_w = 244, .box_w = 11, .box_h = 12, .ofs_x = 2, .ofs_y = -2},
    {.bitmap_index = 62682, .adv_w = 244, .box_w = 15, .box_h = 12, .ofs_x = 0, .ofs_y = -2},
    {.bitmap_index = 62772, .adv_w = 244, .box_w = 11, .box_h = 13, .ofs_x = 2, .ofs_y = -2},
    {.bitmap_index = 62844, .adv_w = 244, .box_w = 14, .box_h = 13, .ofs_x = 1, .ofs_y = -2},
    {.bitmap_index = 62935, .adv_w = 244, .box_w = 9, .box_h = 13, .ofs_x = 3, .ofs_y = -2},
    {.bitmap_index = 62994, .adv_w = 244, .box_w = 11, .box_h = 13, .ofs_x = 2, .ofs_y = -2},
    {.bitmap_index = 63066, .adv_w = 244, .box_w = 15, .box_h = 9, .ofs_x = 0, .ofs_y = 0},
    {.bitmap_index = 63134, .adv_w = 244, .box_w = 15, .box_h = 9, .ofs_x = 0, .ofs_y = -1},
    {.bitmap_index = 63202, .adv_w = 244, .box_w = 15, .box_h = 9, .ofs_x = 0, .ofs_y = -1},
    {.bitmap_index = 63270, .adv_w = 244, .box_w = 15, .box_h = 9, .ofs_x = 0, .ofs_y = -1},
    {.bitmap_index = 63338, .adv_w = 244, .box_w = 9, .box_h = 12, .ofs_x = 3, .ofs_y = -2},
    {.bitmap_index = 63392, .adv_w = 244, .box_w = 9, .box_h = 13, .ofs_x = 3, .ofs_y = -2},
    {.bitmap_index = 63451, .adv_w = 244, .box_w = 12, .box_h = 13, .ofs_x = 2, .ofs_y = -2},
    {.bitmap_index = 63529, .adv_w = 244, .box_w = 11, .box_h = 13, .ofs_x = 2, .ofs_y = -2},
    {.bitmap_index = 63601, .adv_w = 244, .box_w = 9, .box_h = 12, .ofs_x = 3, .ofs_y = -2},
    {.bitmap_index = 63655, .adv_w = 244, .box_w = 10, .box_h = 12, .ofs_x = 3, .ofs_y = -2},
    {.bitmap_index = 63715, .adv_w = 244, .box_w = 10, .box_h = 12, .ofs_x = 3, .ofs_y = -2},
    {.bitmap_index = 63775, .adv_w = 244, .box_w = 11, .box_h = 13, .ofs_x = 2, .ofs_y = -2},
    {.bitmap_index = 63847, .adv_w = 244, .box_w = 8, .box_h = 13, .ofs_x = 4, .ofs_y = -2},
    {.bitmap_index = 63899, .adv_w = 244, .box_w = 10, .box_h = 12, .ofs_x = 3, .ofs_y = -2},
    {.bitmap_index = 63959, .adv_w = 244, .box_w = 11, .box_h = 13, .ofs_x = 2, .ofs_y = -2},
    {.bitmap_index = 64031, .adv_w = 244, .box_w = 13, .box_h = 13, .ofs_x = 1, .ofs_y = -2},
    {.bitmap_index = 64116, .adv_w = 244, .box_w = 13, .box_h = 13, .ofs_x = 1, .ofs_y = -2},
    {.bitmap_index = 64201, .adv_w = 244, .box_w = 12, .box_h = 12, .ofs_x = 2, .ofs_y = -2},
    {.bitmap_index = 64273, .adv_w = 244, .box_w = 13, .box_h = 13, .ofs_x = 1, .ofs_y = -2},
    {.bitmap_index = 64358, .adv_w = 244, .box_w = 12, .box_h = 12, .ofs_x = 2, .ofs_y = -2},
    {.bitmap_index = 64430, .adv_w = 244, .box_w = 15, .box_h = 12, .ofs_x = 0, .ofs_y = -2},
    {.bitmap_index = 64520, .adv_w = 244, .box_w = 14, .box_h = 13, .ofs_x = 1, .ofs_y = -2},
    {.bitmap_index = 64611, .adv_w = 244, .box_w = 11, .box_h = 12, .ofs_x = 2, .ofs_y = -2},
    {.bitmap_index = 64677, .adv_w = 244, .box_w = 11, .box_h = 12, .ofs_x = 2, .ofs_y = -2},
    {.bitmap_index = 64743, .adv_w = 244, .box_w = 9, .box_h = 13, .ofs_x = 3, .ofs_y = -2},
    {.bitmap_index = 64802, .adv_w = 244, .box_w = 10, .box_h = 13, .ofs_x = 3, .ofs_y = -2},
    {.bitmap_index = 64867, .adv_w = 244, .box_w = 9, .box_h = 12, .ofs_x = 3, .ofs_y = -2},
    {.bitmap_index = 64921, .adv_w = 244, .box_w = 13, .box_h = 12, .ofs_x = 1, .ofs_y = -2},
    {.bitmap_index = 64999, .adv_w = 244, .box_w = 14, .box_h = 12, .ofs_x = 1, .ofs_y = -2},
    {.bitmap_index = 65083, .adv_w = 244, .box_w = 15, .box_h = 13, .ofs_x = 0, .ofs_y = -2},
    {.bitmap_index = 65181, .adv_w = 244, .box_w = 7, .box_h = 13, .ofs_x = 4, .ofs_y = -2},
    {.bitmap_index = 65227, .adv_w = 244, .box_w = 13, .box_h = 12, .ofs_x = 1, .ofs_y = -2},
    {.bitmap_index = 65305, .adv_w = 244, .box_w = 13, .box_h = 13, .ofs_x = 1, .ofs_y = -3},
    {.bitmap_index = 65390, .adv_w = 244, .box_w = 13, .box_h = 13, .ofs_x = 1, .ofs_y = -2},
    {.bitmap_index = 65475, .adv_w = 244, .box_w = 13, .box_h = 10, .ofs_x = 1, .ofs_y = -1},
    {.bitmap_index = 65540, .adv_w = 244, .box_w = 10, .box_h = 13, .ofs_x = 3, .ofs_y = -2},
    {.bitmap_index = 65605, .adv_w = 244, .box_w = 15, .box_h = 13, .ofs_x = 0, .ofs_y = -3},
    {.bitmap_index = 65703, .adv_w = 244, .box_w = 15, .box_h = 12, .ofs_x = 0, .ofs_y = -2},
    {.bitmap_index = 65793, .adv_w = 244, .box_w = 13, .box_h = 13, .ofs_x = 1, .ofs_y = -2},
    {.bitmap_index = 65878, .adv_w = 244, .box_w = 15, .box_h = 12, .ofs_x = 0, .ofs_y = -2},
    {.bitmap_index = 65968, .adv_w = 244, .box_w = 15, .box_h = 12, .ofs_x = 0, .ofs_y = -2},
    {.bitmap_index = 66058, .adv_w = 244, .box_w = 15, .box_h = 13, .ofs_x = 0, .ofs_y = -2},
    {.bitmap_index = 66156, .adv_w = 244, .box_w = 14, .box_h = 13, .ofs_x = 1, .ofs_y = -3},
    {.bitmap_index = 66247, .adv_w = 244, .box_w = 13, .box_h = 13, .ofs_x = 1, .ofs_y = -2},
    {.bitmap_index = 66332, .adv_w = 244, .box_w = 14, .box_h = 13, .ofs_x = 1, .ofs_y = -3},
    {.bitmap_index = 66423, .adv_w = 244, .box_w = 13, .box_h = 13, .ofs_x = 1, .ofs_y = -3},
    {.bitmap_index = 66508, .adv_w = 244, .box_w = 13, .box_h = 13, .ofs_x = 1, .ofs_y = -2},
    {.bitmap_index = 66593, .adv_w = 244, .box_w = 14, .box_h = 13, .ofs_x = 1, .ofs_y = -2},
    {.bitmap_index = 66684, .adv_w = 244, .box_w = 14, .box_h = 13, .ofs_x = 1, .ofs_y = -3},
    {.bitmap_index = 66775, .adv_w = 244, .box_w = 14, .box_h = 13, .ofs_x = 1, .ofs_y = -3},
    {.bitmap_index = 66866, .adv_w = 244, .box_w = 14, .box_h = 13, .ofs_x = 1, .ofs_y = -3},
    {.bitmap_index = 66957, .adv_w = 244, .box_w = 14, .box_h = 13, .ofs_x = 1, .ofs_y = -3},
    {.bitmap_index = 67048, .adv_w = 244, .box_w = 13, .box_h = 14, .ofs_x = 1, .ofs_y = -3},
    {.bitmap_index = 67139, .adv_w = 244, .box_w = 13, .box_h = 14, .ofs_x = 1, .ofs_y = -3},
    {.bitmap_index = 67230, .adv_w = 244, .box_w = 13, .box_h = 13, .ofs_x = 1, .ofs_y = -2},
    {.bitmap_index = 67315, .adv_w = 244, .box_w = 9, .box_h = 12, .ofs_x = 3, .ofs_y = -2},
    {.bitmap_index = 67369, .adv_w = 244, .box_w = 13, .box_h = 13, .ofs_x = 1, .ofs_y = -2},
    {.bitmap_index = 67454, .adv_w = 244, .box_w = 11, .box_h = 13, .ofs_x = 2, .ofs_y = -2},
    {.bitmap_index = 67526, .adv_w = 244, .box_w = 13, .box_h = 10, .ofs_x = 1, .ofs_y = -1},
    {.bitmap_index = 67591, .adv_w = 244, .box_w = 13, .box_h = 13, .ofs_x = 1, .ofs_y = -2},
    {.bitmap_index = 67676, .adv_w = 244, .box_w = 13, .box_h = 12, .ofs_x = 1, .ofs_y = -2},
    {.bitmap_index = 67754, .adv_w = 244, .box_w = 9, .box_h = 13, .ofs_x = 3, .ofs_y = -2},
    {.bitmap_index = 67813, .adv_w = 244, .box_w = 15, .box_h = 13, .ofs_x = 0, .ofs_y = -2},
    {.bitmap_index = 67911, .adv_w = 244, .box_w = 13, .box_h = 13, .ofs_x = 1, .ofs_y = -2},
    {.bitmap_index = 67996, .adv_w = 244, .box_w = 13, .box_h = 13, .ofs_x = 1, .ofs_y = -2},
    {.bitmap_index = 68081, .adv_w = 244, .box_w = 13, .box_h = 12, .ofs_x = 1, .ofs_y = -2},
    {.bitmap_index = 68159, .adv_w = 244, .box_w = 11, .box_h = 10, .ofs_x = 2, .ofs_y = -1},
    {.bitmap_index = 68214, .adv_w = 244, .box_w = 13, .box_h = 13, .ofs_x = 1, .ofs_y = -2},
    {.bitmap_index = 68299, .adv_w = 244, .box_w = 13, .box_h = 12, .ofs_x = 1, .ofs_y = -2},
    {.bitmap_index = 68377, .adv_w = 244, .box_w = 13, .box_h = 13, .ofs_x = 1, .ofs_y = -2},
    {.bitmap_index = 68462, .adv_w = 244, .box_w = 12, .box_h = 13, .ofs_x = 2, .ofs_y = -2},
    {.bitmap_index = 68540, .adv_w = 244, .box_w = 11, .box_h = 12, .ofs_x = 2, .ofs_y = -2},
    {.bitmap_index = 68606, .adv_w = 244, .box_w = 7, .box_h = 13, .ofs_x = 4, .ofs_y = -2},
    {.bitmap_index = 68652, .adv_w = 244, .box_w = 14, .box_h = 10, .ofs_x = 1, .ofs_y = -1},
    {.bitmap_index = 68722, .adv_w = 244, .box_w = 15, .box_h = 12, .ofs_x = 0, .ofs_y = -2},
    {.bitmap_index = 68812, .adv_w = 244, .box_w = 15, .box_h = 12, .ofs_x = 0, .ofs_y = -2},
    {.bitmap_index = 68902, .adv_w = 244, .box_w = 15, .box_h = 12, .ofs_x = 0, .ofs_y = -2},
    {.bitmap_index = 68992, .adv_w = 244, .box_w = 15, .box_h = 12, .ofs_x = 0, .ofs_y = -2},
    {.bitmap_index = 69082, .adv_w = 244, .box_w = 15, .box_h = 13, .ofs_x = 0, .ofs_y = -2},
    {.bitmap_index = 69180, .adv_w = 244, .box_w = 13, .box_h = 13, .ofs_x = 1, .ofs_y = -2},
    {.bitmap_index = 69265, .adv_w = 244, .box_w = 11, .box_h = 14, .ofs_x = 2, .ofs_y = -3},
    {.bitmap_index = 69342, .adv_w = 244, .box_w = 13, .box_h = 11, .ofs_x = 1, .ofs_y = -1},
    {.bitmap_index = 69414, .adv_w = 244, .box_w = 15, .box_h = 13, .ofs_x = 0, .ofs_y = -2},
    {.bitmap_index = 69512, .adv_w = 244, .box_w = 13, .box_h = 12, .ofs_x = 1, .ofs_y = -2},
    {.bitmap_index = 69590, .adv_w = 244, .box_w = 13, .box_h = 12, .ofs_x = 1, .ofs_y = -2},
    {.bitmap_index = 69668, .adv_w = 244, .box_w = 13, .box_h = 12, .ofs_x = 1, .ofs_y = -2},
    {.bitmap_index = 69746, .adv_w = 244, .box_w = 13, .box_h = 13, .ofs_x = 1, .ofs_y = -2},
    {.bitmap_index = 69831, .adv_w = 244, .box_w = 14, .box_h = 13, .ofs_x = 1, .ofs_y = -2},
    {.bitmap_index = 69922, .adv_w = 244, .box_w = 15, .box_h = 13, .ofs_x = 0, .ofs_y = -2},
    {.bitmap_index = 70020, .adv_w = 244, .box_w = 12, .box_h = 12, .ofs_x = 2, .ofs_y = -2},
    {.bitmap_index = 70092, .adv_w = 244, .box_w = 10, .box_h = 13, .ofs_x = 3, .ofs_y = -2},
    {.bitmap_index = 70157, .adv_w = 244, .box_w = 12, .box_h = 13, .ofs_x = 2, .ofs_y = -2},
    {.bitmap_index = 70235, .adv_w = 244, .box_w = 13, .box_h = 12, .ofs_x = 1, .ofs_y = -2},
    {.bitmap_index = 70313, .adv_w = 244, .box_w = 14, .box_h = 13, .ofs_x = 1, .ofs_y = -2},
    {.bitmap_index = 70404, .adv_w = 244, .box_w = 13, .box_h = 13, .ofs_x = 1, .ofs_y = -2},
    {.bitmap_index = 70489, .adv_w = 244, .box_w = 13, .box_h = 13, .ofs_x = 1, .ofs_y = -2},
    {.bitmap_index = 70574, .adv_w = 244, .box_w = 13, .box_h = 13, .ofs_x = 1, .ofs_y = -2},
    {.bitmap_index = 70659, .adv_w = 244, .box_w = 9, .box_h = 12, .ofs_x = 3, .ofs_y = -2},
    {.bitmap_index = 70713, .adv_w = 244, .box_w = 13, .box_h = 12, .ofs_x = 1, .ofs_y = -2},
    {.bitmap_index = 70791, .adv_w = 244, .box_w = 7, .box_h = 13, .ofs_x = 4, .ofs_y = -2},
    {.bitmap_index = 70837, .adv_w = 244, .box_w = 14, .box_h = 13, .ofs_x = 1, .ofs_y = -2},
    {.bitmap_index = 70928, .adv_w = 244, .box_w = 13, .box_h = 13, .ofs_x = 1, .ofs_y = -2},
    {.bitmap_index = 71013, .adv_w = 244, .box_w = 13, .box_h = 13, .ofs_x = 1, .ofs_y = -2},
    {.bitmap_index = 71098, .adv_w = 244, .box_w = 11, .box_h = 12, .ofs_x = 2, .ofs_y = -2},
    {.bitmap_index = 71164, .adv_w = 244, .box_w = 11, .box_h = 12, .ofs_x = 2, .ofs_y = -2},
    {.bitmap_index = 71230, .adv_w = 244, .box_w = 11, .box_h = 13, .ofs_x = 2, .ofs_y = -2},
    {.bitmap_index = 71302, .adv_w = 244, .box_w = 11, .box_h = 13, .ofs_x = 2, .ofs_y = -2},
    {.bitmap_index = 71374, .adv_w = 244, .box_w = 11, .box_h = 13, .ofs_x = 2, .ofs_y = -2},
    {.bitmap_index = 71446, .adv_w = 244, .box_w = 15, .box_h = 11, .ofs_x = 0, .ofs_y = -1},
    {.bitmap_index = 71529, .adv_w = 244, .box_w = 11, .box_h = 13, .ofs_x = 2, .ofs_y = -2},
    {.bitmap_index = 71601, .adv_w = 244, .box_w = 11, .box_h = 13, .ofs_x = 2, .ofs_y = -2},
    {.bitmap_index = 71673, .adv_w = 244, .box_w = 11, .box_h = 13, .ofs_x = 2, .ofs_y = -2},
    {.bitmap_index = 71745, .adv_w = 244, .box_w = 13, .box_h = 13, .ofs_x = 1, .ofs_y = -2},
    {.bitmap_index = 71830, .adv_w = 244, .box_w = 13, .box_h = 13, .ofs_x = 1, .ofs_y = -2},
    {.bitmap_index = 71915, .adv_w = 244, .box_w = 13, .box_h = 13, .ofs_x = 1, .ofs_y = -2},
    {.bitmap_index = 72000, .adv_w = 244, .box_w = 13, .box_h = 12, .ofs_x = 1, .ofs_y = -2},
    {.bitmap_index = 72078, .adv_w = 244, .box_w = 13, .box_h = 13, .ofs_x = 1, .ofs_y = -2},
    {.bitmap_index = 72163, .adv_w = 244, .box_w = 13, .box_h = 10, .ofs_x = 1, .ofs_y = -1},
    {.bitmap_index = 72228, .adv_w = 244, .box_w = 13, .box_h = 12, .ofs_x = 1, .ofs_y = -2},
    {.bitmap_index = 72306, .adv_w = 244, .box_w = 12, .box_h = 12, .ofs_x = 2, .ofs_y = -2},
    {.bitmap_index = 72378, .adv_w = 244, .box_w = 13, .box_h = 13, .ofs_x = 1, .ofs_y = -2},
    {.bitmap_index = 72463, .adv_w = 244, .box_w = 15, .box_h = 13, .ofs_x = 0, .ofs_y = -2},
    {.bitmap_index = 72561, .adv_w = 244, .box_w = 13, .box_h = 13, .ofs_x = 1, .ofs_y = -2},
    {.bitmap_index = 72646, .adv_w = 244, .box_w = 13, .box_h = 13, .ofs_x = 1, .ofs_y = -2},
    {.bitmap_index = 72731, .adv_w = 244, .box_w = 11, .box_h = 13, .ofs_x = 2, .ofs_y = -2},
    {.bitmap_index = 72803, .adv_w = 244, .box_w = 13, .box_h = 10, .ofs_x = 1, .ofs_y = -1},
    {.bitmap_index = 72868, .adv_w = 244, .box_w = 15, .box_h = 8, .ofs_x = 0, .ofs_y = 0},
    {.bitmap_index = 72928, .adv_w = 244, .box_w = 11, .box_h = 13, .ofs_x = 2, .ofs_y = -2},
    {.bitmap_index = 73000, .adv_w = 244, .box_w = 13, .box_h = 10, .ofs_x = 1, .ofs_y = -2},
    {.bitmap_index = 73065, .adv_w = 244, .box_w = 13, .box_h = 12, .ofs_x = 1, .ofs_y = -2},
    {.bitmap_index = 73143, .adv_w = 244, .box_w = 13, .box_h = 12, .ofs_x = 1, .ofs_y = -2},
    {.bitmap_index = 73221, .adv_w = 244, .box_w = 13, .box_h = 10, .ofs_x = 1, .ofs_y = -2},
    {.bitmap_index = 73286, .adv_w = 244, .box_w = 11, .box_h = 12, .ofs_x = 2, .ofs_y = -2},
    {.bitmap_index = 73352, .adv_w = 244, .box_w = 14, .box_h = 11, .ofs_x = 1, .ofs_y = -2},
    {.bitmap_index = 73429, .adv_w = 244, .box_w = 13, .box_h = 11, .ofs_x = 1, .ofs_y = -1},
    {.bitmap_index = 73501, .adv_w = 244, .box_w = 8, .box_h = 13, .ofs_x = 4, .ofs_y = -2},
    {.bitmap_index = 73553, .adv_w = 244, .box_w = 13, .box_h = 12, .ofs_x = 1, .ofs_y = -2},
    {.bitmap_index = 73631, .adv_w = 244, .box_w = 13, .box_h = 13, .ofs_x = 1, .ofs_y = -2},
    {.bitmap_index = 73716, .adv_w = 244, .box_w = 13, .box_h = 13, .ofs_x = 1, .ofs_y = -2},
    {.bitmap_index = 73801, .adv_w = 244, .box_w = 13, .box_h = 12, .ofs_x = 1, .ofs_y = -2},
    {.bitmap_index = 73879, .adv_w = 244, .box_w = 14, .box_h = 13, .ofs_x = 1, .ofs_y = -2},
    {.bitmap_index = 73970, .adv_w = 244, .box_w = 14, .box_h = 12, .ofs_x = 1, .ofs_y = -2},
    {.bitmap_index = 74054, .adv_w = 244, .box_w = 14, .box_h = 13, .ofs_x = 1, .ofs_y = -2},
    {.bitmap_index = 74145, .adv_w = 244, .box_w = 14, .box_h = 13, .ofs_x = 1, .ofs_y = -2},
    {.bitmap_index = 74236, .adv_w = 244, .box_w = 14, .box_h = 13, .ofs_x = 1, .ofs_y = -2},
    {.bitmap_index = 74327, .adv_w = 244, .box_w = 15, .box_h = 13, .ofs_x = 0, .ofs_y = -2},
    {.bitmap_index = 74425, .adv_w = 244, .box_w = 14, .box_h = 9, .ofs_x = 1, .ofs_y = 0},
    {.bitmap_index = 74488, .adv_w = 244, .box_w = 14, .box_h = 13, .ofs_x = 1, .ofs_y = -2},
    {.bitmap_index = 74579, .adv_w = 244, .box_w = 16, .box_h = 13, .ofs_x = 0, .ofs_y = -2},
    {.bitmap_index = 74683, .adv_w = 244, .box_w = 13, .box_h = 13, .ofs_x = 1, .ofs_y = -2},
    {.bitmap_index = 74768, .adv_w = 244, .box_w = 13, .box_h = 13, .ofs_x = 1, .ofs_y = -2},
    {.bitmap_index = 74853, .adv_w = 244, .box_w = 13, .box_h = 13, .ofs_x = 1, .ofs_y = -2},
    {.bitmap_index = 74938, .adv_w = 244, .box_w = 13, .box_h = 13, .ofs_x = 1, .ofs_y = -2},
    {.bitmap_index = 75023, .adv_w = 244, .box_w = 13, .box_h = 13, .ofs_x = 1, .ofs_y = -2},
    {.bitmap_index = 75108, .adv_w = 244, .box_w = 13, .box_h = 13, .ofs_x = 1, .ofs_y = -2},
    {.bitmap_index = 75193, .adv_w = 244, .box_w = 13, .box_h = 13, .ofs_x = 1, .ofs_y = -2},
    {.bitmap_index = 75278, .adv_w = 244, .box_w = 13, .box_h = 12, .ofs_x = 1, .ofs_y = -2},
    {.bitmap_index = 75356, .adv_w = 244, .box_w = 13, .box_h = 13, .ofs_x = 1, .ofs_y = -2},
    {.bitmap_index = 75441, .adv_w = 244, .box_w = 13, .box_h = 13, .ofs_x = 1, .ofs_y = -2},
    {.bitmap_index = 75526, .adv_w = 244, .box_w = 13, .box_h = 13, .ofs_x = 1, .ofs_y = -2},
    {.bitmap_index = 75611, .adv_w = 244, .box_w = 7, .box_h = 13, .ofs_x = 4, .ofs_y = -2},
    {.bitmap_index = 75657, .adv_w = 244, .box_w = 13, .box_h = 13, .ofs_x = 1, .ofs_y = -2},
    {.bitmap_index = 75742, .adv_w = 244, .box_w = 13, .box_h = 12, .ofs_x = 1, .ofs_y = -2},
    {.bitmap_index = 75820, .adv_w = 244, .box_w = 13, .box_h = 12, .ofs_x = 1, .ofs_y = -2},
    {.bitmap_index = 75898, .adv_w = 244, .box_w = 13, .box_h = 12, .ofs_x = 1, .ofs_y = -2},
    {.bitmap_index = 75976, .adv_w = 244, .box_w = 13, .box_h = 13, .ofs_x = 1, .ofs_y = -2},
    {.bitmap_index = 76061, .adv_w = 244, .box_w = 13, .box_h = 12, .ofs_x = 1, .ofs_y = -2},
    {.bitmap_index = 76139, .adv_w = 244, .box_w = 9, .box_h = 13, .ofs_x = 3, .ofs_y = -2},
    {.bitmap_index = 76198, .adv_w = 244, .box_w = 9, .box_h = 13, .ofs_x = 3, .ofs_y = -2},
    {.bitmap_index = 76257, .adv_w = 244, .box_w = 13, .box_h = 12, .ofs_x = 1, .ofs_y = -2},
    {.bitmap_index = 76335, .adv_w = 244, .box_w = 13, .box_h = 13, .ofs_x = 1, .ofs_y = -2},
    {.bitmap_index = 76420, .adv_w = 244, .box_w = 13, .box_h = 13, .ofs_x = 1, .ofs_y = -2},
    {.bitmap_index = 76505, .adv_w = 244, .box_w = 13, .box_h = 12, .ofs_x = 1, .ofs_y = -2},
    {.bitmap_index = 76583, .adv_w = 244, .box_w = 13, .box_h = 12, .ofs_x = 1, .ofs_y = -2},
    {.bitmap_index = 76661, .adv_w = 244, .box_w = 13, .box_h = 13, .ofs_x = 1, .ofs_y = -2},
    {.bitmap_index = 76746, .adv_w = 244, .box_w = 13, .box_h = 13, .ofs_x = 1, .ofs_y = -2},
    {.bitmap_index = 76831, .adv_w = 244, .box_w = 13, .box_h = 13, .ofs_x = 1, .ofs_y = -2},
    {.bitmap_index = 76916, .adv_w = 244, .box_w = 13, .box_h = 13, .ofs_x = 1, .ofs_y = -2},
    {.bitmap_index = 77001, .adv_w = 244, .box_w = 13, .box_h = 13, .ofs_x = 1, .ofs_y = -2},
    {.bitmap_index = 77086, .adv_w = 244, .box_w = 13, .box_h = 12, .ofs_x = 1, .ofs_y = -2},
    {.bitmap_index = 77164, .adv_w = 244, .box_w = 13, .box_h = 12, .ofs_x = 1, .ofs_y = -2},
    {.bitmap_index = 77242, .adv_w = 244, .box_w = 13, .box_h = 13, .ofs_x = 1, .ofs_y = -2},
    {.bitmap_index = 77327, .adv_w = 244, .box_w = 13, .box_h = 12, .ofs_x = 1, .ofs_y = -2},
    {.bitmap_index = 77405, .adv_w = 244, .box_w = 13, .box_h = 13, .ofs_x = 1, .ofs_y = -2},
    {.bitmap_index = 77490, .adv_w = 244, .box_w = 13, .box_h = 13, .ofs_x = 1, .ofs_y = -2},
    {.bitmap_index = 77575, .adv_w = 244, .box_w = 13, .box_h = 13, .ofs_x = 1, .ofs_y = -2},
    {.bitmap_index = 77660, .adv_w = 244, .box_w = 11, .box_h = 13, .ofs_x = 2, .ofs_y = -2},
    {.bitmap_index = 77732, .adv_w = 244, .box_w = 13, .box_h = 13, .ofs_x = 1, .ofs_y = -2},
    {.bitmap_index = 77817, .adv_w = 244, .box_w = 13, .box_h = 12, .ofs_x = 1, .ofs_y = -2},
    {.bitmap_index = 77895, .adv_w = 244, .box_w = 13, .box_h = 12, .ofs_x = 1, .ofs_y = -2},
    {.bitmap_index = 77973, .adv_w = 244, .box_w = 13, .box_h = 13, .ofs_x = 1, .ofs_y = -2},
    {.bitmap_index = 78058, .adv_w = 244, .box_w = 14, .box_h = 13, .ofs_x = 1, .ofs_y = -2},
    {.bitmap_index = 78149, .adv_w = 244, .box_w = 15, .box_h = 12, .ofs_x = 0, .ofs_y = -2},
    {.bitmap_index = 78239, .adv_w = 244, .box_w = 11, .box_h = 12, .ofs_x = 2, .ofs_y = -2},
    {.bitmap_index = 78305, .adv_w = 244, .box_w = 14, .box_h = 14, .ofs_x = 1, .ofs_y = -3},
    {.bitmap_index = 78403, .adv_w = 244, .box_w = 11, .box_h = 13, .ofs_x = 2, .ofs_y = -2},
    {.bitmap_index = 78475, .adv_w = 244, .box_w = 13, .box_h = 13, .ofs_x = 1, .ofs_y = -2},
    {.bitmap_index = 78560, .adv_w = 244, .box_w = 11, .box_h = 13, .ofs_x = 2, .ofs_y = -2},
    {.bitmap_index = 78632, .adv_w = 244, .box_w = 12, .box_h = 13, .ofs_x = 2, .ofs_y = -2},
    {.bitmap_index = 78710, .adv_w = 244, .box_w = 13, .box_h = 13, .ofs_x = 1, .ofs_y = -2},
    {.bitmap_index = 78795, .adv_w = 244, .box_w = 13, .box_h = 12, .ofs_x = 1, .ofs_y = -2},
    {.bitmap_index = 78873, .adv_w = 244, .box_w = 13, .box_h = 13, .ofs_x = 1, .ofs_y = -2},
    {.bitmap_index = 78958, .adv_w = 244, .box_w = 13, .box_h = 12, .ofs_x = 1, .ofs_y = -2},
    {.bitmap_index = 79036, .adv_w = 244, .box_w = 13, .box_h = 13, .ofs_x = 1, .ofs_y = -2},
    {.bitmap_index = 79121, .adv_w = 244, .box_w = 13, .box_h = 12, .ofs_x = 1, .ofs_y = -2},
    {.bitmap_index = 79199, .adv_w = 244, .box_w = 5, .box_h = 5, .ofs_x = 5, .ofs_y = 2},
    {.bitmap_index = 79212, .adv_w = 244, .box_w = 5, .box_h = 5, .ofs_x = 5, .ofs_y = 2},
    {.bitmap_index = 79225, .adv_w = 244, .box_w = 8, .box_h = 8, .ofs_x = 4, .ofs_y = 0},
    {.bitmap_index = 79257, .adv_w = 244, .box_w = 8, .box_h = 8, .ofs_x = 4, .ofs_y = 0},
    {.bitmap_index = 79289, .adv_w = 244, .box_w = 13, .box_h = 13, .ofs_x = 1, .ofs_y = -2},
    {.bitmap_index = 79374, .adv_w = 244, .box_w = 13, .box_h = 14, .ofs_x = 1, .ofs_y = -3},
    {.bitmap_index = 79465, .adv_w = 244, .box_w = 13, .box_h = 13, .ofs_x = 1, .ofs_y = -2},
    {.bitmap_index = 79550, .adv_w = 244, .box_w = 15, .box_h = 13, .ofs_x = 0, .ofs_y = -2},
    {.bitmap_index = 79648, .adv_w = 244, .box_w = 13, .box_h = 12, .ofs_x = 1, .ofs_y = -2},
    {.bitmap_index = 79726, .adv_w = 244, .box_w = 13, .box_h = 13, .ofs_x = 1, .ofs_y = -2},
    {.bitmap_index = 79811, .adv_w = 244, .box_w = 12, .box_h = 13, .ofs_x = 2, .ofs_y = -2},
    {.bitmap_index = 79889, .adv_w = 244, .box_w = 13, .box_h = 13, .ofs_x = 1, .ofs_y = -2},
    {.bitmap_index = 79974, .adv_w = 244, .box_w = 13, .box_h = 13, .ofs_x = 1, .ofs_y = -2},
    {.bitmap_index = 80059, .adv_w = 244, .box_w = 13, .box_h = 13, .ofs_x = 1, .ofs_y = -2},
    {.bitmap_index = 80144, .adv_w = 244, .box_w = 13, .box_h = 13, .ofs_x = 1, .ofs_y = -2},
    {.bitmap_index = 80229, .adv_w = 244, .box_w = 13, .box_h = 13, .ofs_x = 1, .ofs_y = -2},
    {.bitmap_index = 80314, .adv_w = 244, .box_w = 13, .box_h = 13, .ofs_x = 1, .ofs_y = -2},
    {.bitmap_index = 80399, .adv_w = 244, .box_w = 13, .box_h = 13, .ofs_x = 1, .ofs_y = -2},
    {.bitmap_index = 80484, .adv_w = 244, .box_w = 13, .box_h = 13, .ofs_x = 1, .ofs_y = -2},
    {.bitmap_index = 80569, .adv_w = 244, .box_w = 13, .box_h = 13, .ofs_x = 1, .ofs_y = -2},
    {.bitmap_index = 80654, .adv_w = 244, .box_w = 13, .box_h = 13, .ofs_x = 1, .ofs_y = -2},
    {.bitmap_index = 80739, .adv_w = 244, .box_w = 13, .box_h = 13, .ofs_x = 1, .ofs_y = -2},
    {.bitmap_index = 80824, .adv_w = 244, .box_w = 13, .box_h = 13, .ofs_x = 1, .ofs_y = -2},
    {.bitmap_index = 80909, .adv_w = 244, .box_w = 13, .box_h = 13, .ofs_x = 1, .ofs_y = -2},
    {.bitmap_index = 80994, .adv_w = 244, .box_w = 13, .box_h = 13, .ofs_x = 1, .ofs_y = -2},
    {.bitmap_index = 81079, .adv_w = 244, .box_w = 13, .box_h = 13, .ofs_x = 1, .ofs_y = -2},
    {.bitmap_index = 81164, .adv_w = 244, .box_w = 13, .box_h = 13, .ofs_x = 1, .ofs_y = -2},
    {.bitmap_index = 81249, .adv_w = 244, .box_w = 13, .box_h = 13, .ofs_x = 1, .ofs_y = -2},
    {.bitmap_index = 81334, .adv_w = 244, .box_w = 13, .box_h = 13, .ofs_x = 1, .ofs_y = -2},
    {.bitmap_index = 81419, .adv_w = 244, .box_w = 13, .box_h = 13, .ofs_x = 1, .ofs_y = -2},
    {.bitmap_index = 81504, .adv_w = 244, .box_w = 13, .box_h = 13, .ofs_x = 1, .ofs_y = -2},
    {.bitmap_index = 81589, .adv_w = 244, .box_w = 13, .box_h = 13, .ofs_x = 1, .ofs_y = -2},
    {.bitmap_index = 81674, .adv_w = 244, .box_w = 13, .box_h = 13, .ofs_x = 1, .ofs_y = -2},
    {.bitmap_index = 81759, .adv_w = 244, .box_w = 13, .box_h = 13, .ofs_x = 1, .ofs_y = -2},
    {.bitmap_index = 81844, .adv_w = 244, .box_w = 13, .box_h = 13, .ofs_x = 1, .ofs_y = -2},
    {.bitmap_index = 81929, .adv_w = 244, .box_w = 13, .box_h = 13, .ofs_x = 1, .ofs_y = -2},
    {.bitmap_index = 82014, .adv_w = 244, .box_w = 6, .box_h = 13, .ofs_x = 5, .ofs_y = -2},
    {.bitmap_index = 82053, .adv_w = 244, .box_w = 14, .box_h = 12, .ofs_x = 1, .ofs_y = -2},
    {.bitmap_index = 82137, .adv_w = 244, .box_w = 13, .box_h = 8, .ofs_x = 1, .ofs_y = 0},
    {.bitmap_index = 82189, .adv_w = 244, .box_w = 5, .box_h = 13, .ofs_x = 5, .ofs_y = -2},
    {.bitmap_index = 82222, .adv_w = 244, .box_w = 13, .box_h = 13, .ofs_x = 1, .ofs_y = -2},
    {.bitmap_index = 82307, .adv_w = 244, .box_w = 15, .box_h = 6, .ofs_x = 0, .ofs_y = 1},
    {.bitmap_index = 82352, .adv_w = 244, .box_w = 15, .box_h = 13, .ofs_x = 0, .ofs_y = -2},
    {.bitmap_index = 82450, .adv_w = 244, .box_w = 12, .box_h = 13, .ofs_x = 2, .ofs_y = -2},
    {.bitmap_index = 82528, .adv_w = 244, .box_w = 12, .box_h = 12, .ofs_x = 2, .ofs_y = -2},
    {.bitmap_index = 82600, .adv_w = 244, .box_w = 10, .box_h = 13, .ofs_x = 3, .ofs_y = -2},
    {.bitmap_index = 82665, .adv_w = 244, .box_w = 13, .box_h = 12, .ofs_x = 1, .ofs_y = -2},
    {.bitmap_index = 82743, .adv_w = 244, .box_w = 15, .box_h = 12, .ofs_x = 0, .ofs_y = -2},
    {.bitmap_index = 82833, .adv_w = 244, .box_w = 14, .box_h = 13, .ofs_x = 1, .ofs_y = -2},
    {.bitmap_index = 82924, .adv_w = 244, .box_w = 15, .box_h = 11, .ofs_x = 0, .ofs_y = -1},
    {.bitmap_index = 83007, .adv_w = 244, .box_w = 13, .box_h = 13, .ofs_x = 1, .ofs_y = -2},
    {.bitmap_index = 83092, .adv_w = 244, .box_w = 13, .box_h = 12, .ofs_x = 1, .ofs_y = -2},
    {.bitmap_index = 83170, .adv_w = 244, .box_w = 10, .box_h = 12, .ofs_x = 3, .ofs_y = -2},
    {.bitmap_index = 83230, .adv_w = 244, .box_w = 13, .box_h = 13, .ofs_x = 1, .ofs_y = -2},
    {.bitmap_index = 83315, .adv_w = 244, .box_w = 13, .box_h = 13, .ofs_x = 1, .ofs_y = -2},
    {.bitmap_index = 83400, .adv_w = 244, .box_w = 14, .box_h = 12, .ofs_x = 1, .ofs_y = -2},
    {.bitmap_index = 83484, .adv_w = 244, .box_w = 13, .box_h = 13, .ofs_x = 1, .ofs_y = -2},
    {.bitmap_index = 83569, .adv_w = 244, .box_w = 13, .box_h = 13, .ofs_x = 1, .ofs_y = -2},
    {.bitmap_index = 83654, .adv_w = 244, .box_w = 15, .box_h = 10, .ofs_x = 0, .ofs_y = -1},
    {.bitmap_index = 83729, .adv_w = 244, .box_w = 14, .box_h = 13, .ofs_x = 1, .ofs_y = -2},
    {.bitmap_index = 83820, .adv_w = 244, .box_w = 13, .box_h = 12, .ofs_x = 1, .ofs_y = -2},
    {.bitmap_index = 83898, .adv_w = 244, .box_w = 12, .box_h = 13, .ofs_x = 2, .ofs_y = -2},
    {.bitmap_index = 83976, .adv_w = 244, .box_w = 15, .box_h = 12, .ofs_x = 0, .ofs_y = -2},
    {.bitmap_index = 84066, .adv_w = 244, .box_w = 15, .box_h = 13, .ofs_x = 0, .ofs_y = -2},
    {.bitmap_index = 84164, .adv_w = 244, .box_w = 15, .box_h = 12, .ofs_x = 0, .ofs_y = -2},
    {.bitmap_index = 84254, .adv_w = 244, .box_w = 15, .box_h = 12, .ofs_x = 0, .ofs_y = -2},
    {.bitmap_index = 84344, .adv_w = 244, .box_w = 14, .box_h = 13, .ofs_x = 1, .ofs_y = -2},
    {.bitmap_index = 84435, .adv_w = 244, .box_w = 15, .box_h = 11, .ofs_x = 0, .ofs_y = -1},
    {.bitmap_index = 84518, .adv_w = 244, .box_w = 13, .box_h = 13, .ofs_x = 1, .ofs_y = -3},
    {.bitmap_index = 84603, .adv_w = 244, .box_w = 14, .box_h = 10, .ofs_x = 1, .ofs_y = -1},
    {.bitmap_index = 84673, .adv_w = 244, .box_w = 15, .box_h = 12, .ofs_x = 0, .ofs_y = -2},
    {.bitmap_index = 84763, .adv_w = 244, .box_w = 15, .box_h = 10, .ofs_x = 0, .ofs_y = -1},
    {.bitmap_index = 84838, .adv_w = 244, .box_w = 15, .box_h = 12, .ofs_x = 0, .ofs_y = -2},
    {.bitmap_index = 84928, .adv_w = 244, .box_w = 15, .box_h = 11, .ofs_x = 0, .ofs_y = -1},
    {.bitmap_index = 85011, .adv_w = 244, .box_w = 15, .box_h = 12, .ofs_x = 0, .ofs_y = -2},
    {.bitmap_index = 85101, .adv_w = 244, .box_w = 13, .box_h = 13, .ofs_x = 1, .ofs_y = -2},
    {.bitmap_index = 85186, .adv_w = 244, .box_w = 13, .box_h = 12, .ofs_x = 1, .ofs_y = -2},
    {.bitmap_index = 85264, .adv_w = 244, .box_w = 13, .box_h = 13, .ofs_x = 1, .ofs_y = -2},
    {.bitmap_index = 85349, .adv_w = 244, .box_w = 13, .box_h = 13, .ofs_x = 1, .ofs_y = -2},
    {.bitmap_index = 85434, .adv_w = 244, .box_w = 13, .box_h = 13, .ofs_x = 1, .ofs_y = -2},
    {.bitmap_index = 85519, .adv_w = 244, .box_w = 14, .box_h = 13, .ofs_x = 1, .ofs_y = -2},
    {.bitmap_index = 85610, .adv_w = 244, .box_w = 15, .box_h = 12, .ofs_x = 0, .ofs_y = -2},
    {.bitmap_index = 85700, .adv_w = 244, .box_w = 15, .box_h = 8, .ofs_x = 0, .ofs_y = 0},
    {.bitmap_index = 85760, .adv_w = 244, .box_w = 15, .box_h = 8, .ofs_x = 0, .ofs_y = 0},
    {.bitmap_index = 85820, .adv_w = 244, .box_w = 7, .box_h = 12, .ofs_x = 4, .ofs_y = -2},
    {.bitmap_index = 85862, .adv_w = 244, .box_w = 13, .box_h = 12, .ofs_x = 1, .ofs_y = -2},
    {.bitmap_index = 85940, .adv_w = 244, .box_w = 13, .box_h = 12, .ofs_x = 1, .ofs_y = -2},
    {.bitmap_index = 86018, .adv_w = 244, .box_w = 13, .box_h = 13, .ofs_x = 1, .ofs_y = -2},
    {.bitmap_index = 86103, .adv_w = 244, .box_w = 8, .box_h = 13, .ofs_x = 4, .ofs_y = -2},
    {.bitmap_index = 86155, .adv_w = 244, .box_w = 13, .box_h = 12, .ofs_x = 1, .ofs_y = -2},
    {.bitmap_index = 86233, .adv_w = 244, .box_w = 13, .box_h = 13, .ofs_x = 1, .ofs_y = -2},
    {.bitmap_index = 86318, .adv_w = 244, .box_w = 13, .box_h = 12, .ofs_x = 1, .ofs_y = -2},
    {.bitmap_index = 86396, .adv_w = 244, .box_w = 13, .box_h = 13, .ofs_x = 1, .ofs_y = -2},
    {.bitmap_index = 86481, .adv_w = 244, .box_w = 13, .box_h = 12, .ofs_x = 1, .ofs_y = -2},
    {.bitmap_index = 86559, .adv_w = 244, .box_w = 13, .box_h = 12, .ofs_x = 1, .ofs_y = -2},
    {.bitmap_index = 86637, .adv_w = 244, .box_w = 13, .box_h = 12, .ofs_x = 1, .ofs_y = -2},
    {.bitmap_index = 86715, .adv_w = 244, .box_w = 15, .box_h = 10, .ofs_x = 0, .ofs_y = -1},
    {.bitmap_index = 86790, .adv_w = 244, .box_w = 13, .box_h = 12, .ofs_x = 1, .ofs_y = -2},
    {.bitmap_index = 86868, .adv_w = 244, .box_w = 12, .box_h = 13, .ofs_x = 2, .ofs_y = -2},
    {.bitmap_index = 86946, .adv_w = 244, .box_w = 14, .box_h = 13, .ofs_x = 1, .ofs_y = -2},
    {.bitmap_index = 87037, .adv_w = 244, .box_w = 8, .box_h = 13, .ofs_x = 4, .ofs_y = -2},
    {.bitmap_index = 87089, .adv_w = 244, .box_w = 13, .box_h = 12, .ofs_x = 1, .ofs_y = -2},
    {.bitmap_index = 87167, .adv_w = 244, .box_w = 13, .box_h = 12, .ofs_x = 1, .ofs_y = -2},
    {.bitmap_index = 87245, .adv_w = 244, .box_w = 13, .box_h = 13, .ofs_x = 1, .ofs_y = -2},
    {.bitmap_index = 87330, .adv_w = 244, .box_w = 13, .box_h = 13, .ofs_x = 1, .ofs_y = -2},
    {.bitmap_index = 87415, .adv_w = 244, .box_w = 13, .box_h = 13, .ofs_x = 1, .ofs_y = -2},
    {.bitmap_index = 87500, .adv_w = 244, .box_w = 13, .box_h = 13, .ofs_x = 1, .ofs_y = -2},
    {.bitmap_index = 87585, .adv_w = 244, .box_w = 10, .box_h = 12, .ofs_x = 3, .ofs_y = -2},
    {.bitmap_index = 87645, .adv_w = 244, .box_w = 13, .box_h = 13, .ofs_x = 1, .ofs_y = -2},
    {.bitmap_index = 87730, .adv_w = 244, .box_w = 13, .box_h = 13, .ofs_x = 1, .ofs_y = -2},
    {.bitmap_index = 87815, .adv_w = 244, .box_w = 13, .box_h = 12, .ofs_x = 1, .ofs_y = -2},
    {.bitmap_index = 87893, .adv_w = 244, .box_w = 13, .box_h = 13, .ofs_x = 1, .ofs_y = -2},
    {.bitmap_index = 87978, .adv_w = 244, .box_w = 13, .box_h = 13, .ofs_x = 1, .ofs_y = -2},
    {.bitmap_index = 88063, .adv_w = 244, .box_w = 13, .box_h = 13, .ofs_x = 1, .ofs_y = -2},
    {.bitmap_index = 88148, .adv_w = 244, .box_w = 13, .box_h = 12, .ofs_x = 1, .ofs_y = -2},
    {.bitmap_index = 88226, .adv_w = 244, .box_w = 13, .box_h = 13, .ofs_x = 1, .ofs_y = -2},
    {.bitmap_index = 88311, .adv_w = 244, .box_w = 13, .box_h = 12, .ofs_x = 1, .ofs_y = -2},
    {.bitmap_index = 88389, .adv_w = 244, .box_w = 14, .box_h = 10, .ofs_x = 1, .ofs_y = -1},
    {.bitmap_index = 88459, .adv_w = 244, .box_w = 13, .box_h = 13, .ofs_x = 1, .ofs_y = -2},
    {.bitmap_index = 88544, .adv_w = 244, .box_w = 13, .box_h = 12, .ofs_x = 1, .ofs_y = -2},
    {.bitmap_index = 88622, .adv_w = 244, .box_w = 14, .box_h = 10, .ofs_x = 1, .ofs_y = -1},
    {.bitmap_index = 88692, .adv_w = 244, .box_w = 13, .box_h = 13, .ofs_x = 1, .ofs_y = -2},
    {.bitmap_index = 88777, .adv_w = 244, .box_w = 13, .box_h = 12, .ofs_x = 1, .ofs_y = -2},
    {.bitmap_index = 88855, .adv_w = 244, .box_w = 13, .box_h = 13, .ofs_x = 1, .ofs_y = -2},
    {.bitmap_index = 88940, .adv_w = 244, .box_w = 10, .box_h = 13, .ofs_x = 3, .ofs_y = -2},
    {.bitmap_index = 89005, .adv_w = 244, .box_w = 14, .box_h = 12, .ofs_x = 1, .ofs_y = -2},
    {.bitmap_index = 89089, .adv_w = 244, .box_w = 13, .box_h = 13, .ofs_x = 1, .ofs_y = -2},
    {.bitmap_index = 89174, .adv_w = 244, .box_w = 13, .box_h = 13, .ofs_x = 1, .ofs_y = -2},
    {.bitmap_index = 89259, .adv_w = 244, .box_w = 12, .box_h = 13, .ofs_x = 1, .ofs_y = -2},
    {.bitmap_index = 89337, .adv_w = 244, .box_w = 13, .box_h = 13, .ofs_x = 1, .ofs_y = -2},
    {.bitmap_index = 89422, .adv_w = 244, .box_w = 13, .box_h = 12, .ofs_x = 1, .ofs_y = -2},
    {.bitmap_index = 89500, .adv_w = 244, .box_w = 14, .box_h = 12, .ofs_x = 1, .ofs_y = -2},
    {.bitmap_index = 89584, .adv_w = 244, .box_w = 11, .box_h = 13, .ofs_x = 2, .ofs_y = -2},
    {.bitmap_index = 89656, .adv_w = 244, .box_w = 9, .box_h = 13, .ofs_x = 3, .ofs_y = -2},
    {.bitmap_index = 89715, .adv_w = 244, .box_w = 13, .box_h = 13, .ofs_x = 1, .ofs_y = -2},
    {.bitmap_index = 89800, .adv_w = 244, .box_w = 13, .box_h = 12, .ofs_x = 1, .ofs_y = -2},
    {.bitmap_index = 89878, .adv_w = 244, .box_w = 16, .box_h = 10, .ofs_x = 0, .ofs_y = -1},
    {.bitmap_index = 89958, .adv_w = 244, .box_w = 15, .box_h = 14, .ofs_x = 0, .ofs_y = -3},
    {.bitmap_index = 90063, .adv_w = 244, .box_w = 15, .box_h = 12, .ofs_x = 0, .ofs_y = -2},
    {.bitmap_index = 90153, .adv_w = 244, .box_w = 14, .box_h = 13, .ofs_x = 1, .ofs_y = -2},
    {.bitmap_index = 90244, .adv_w = 244, .box_w = 13, .box_h = 10, .ofs_x = 1, .ofs_y = -1},
    {.bitmap_index = 90309, .adv_w = 244, .box_w = 13, .box_h = 13, .ofs_x = 1, .ofs_y = -2},
    {.bitmap_index = 90394, .adv_w = 244, .box_w = 13, .box_h = 13, .ofs_x = 1, .ofs_y = -2},
    {.bitmap_index = 90479, .adv_w = 244, .box_w = 14, .box_h = 13, .ofs_x = 1, .ofs_y = -2},
    {.bitmap_index = 90570, .adv_w = 244, .box_w = 15, .box_h = 12, .ofs_x = 0, .ofs_y = -2},
    {.bitmap_index = 90660, .adv_w = 244, .box_w = 15, .box_h = 11, .ofs_x = 0, .ofs_y = -1},
    {.bitmap_index = 90743, .adv_w = 244, .box_w = 13, .box_h = 10, .ofs_x = 1, .ofs_y = -1},
    {.bitmap_index = 90808, .adv_w = 244, .box_w = 15, .box_h = 10, .ofs_x = 0, .ofs_y = -1},
    {.bitmap_index = 90883, .adv_w = 244, .box_w = 15, .box_h = 13, .ofs_x = 0, .ofs_y = -2},
    {.bitmap_index = 90981, .adv_w = 244, .box_w = 15, .box_h = 11, .ofs_x = 0, .ofs_y = -1},
    {.bitmap_index = 91064, .adv_w = 244, .box_w = 13, .box_h = 12, .ofs_x = 1, .ofs_y = -2},
    {.bitmap_index = 91142, .adv_w = 244, .box_w = 13, .box_h = 13, .ofs_x = 1, .ofs_y = -2},
    {.bitmap_index = 91227, .adv_w = 244, .box_w = 13, .box_h = 12, .ofs_x = 1, .ofs_y = -2},
    {.bitmap_index = 91305, .adv_w = 244, .box_w = 13, .box_h = 12, .ofs_x = 1, .ofs_y = -2},
    {.bitmap_index = 91383, .adv_w = 244, .box_w = 13, .box_h = 12, .ofs_x = 1, .ofs_y = -2},
    {.bitmap_index = 91461, .adv_w = 244, .box_w = 13, .box_h = 12, .ofs_x = 1, .ofs_y = -2},
    {.bitmap_index = 91539, .adv_w = 244, .box_w = 13, .box_h = 13, .ofs_x = 1, .ofs_y = -2},
    {.bitmap_index = 91624, .adv_w = 244, .box_w = 13, .box_h = 12, .ofs_x = 1, .ofs_y = -2},
    {.bitmap_index = 91702, .adv_w = 244, .box_w = 13, .box_h = 13, .ofs_x = 1, .ofs_y = -2},
    {.bitmap_index = 91787, .adv_w = 244, .box_w = 13, .box_h = 12, .ofs_x = 1, .ofs_y = -2},
    {.bitmap_index = 91865, .adv_w = 244, .box_w = 13, .box_h = 13, .ofs_x = 1, .ofs_y = -3},
    {.bitmap_index = 91950, .adv_w = 244, .box_w = 13, .box_h = 13, .ofs_x = 1, .ofs_y = -3},
    {.bitmap_index = 92035, .adv_w = 244, .box_w = 13, .box_h = 12, .ofs_x = 1, .ofs_y = -2},
    {.bitmap_index = 92113, .adv_w = 244, .box_w = 13, .box_h = 8, .ofs_x = 1, .ofs_y = 0}
};

/*---------------------
 *  CHARACTER MAPPING
 *--------------------*/

static const uint16_t unicode_list_3[] = {
    0x0, 0x7, 0x13, 0x15, 0x27, 0x28, 0x2c, 0x33
};

static const uint16_t unicode_list_5[] = {
    0x0, 0x1, 0x8, 0x9, 0x10, 0x11, 0x12, 0x13
};

static const uint16_t unicode_list_7[] = {
    0x0, 0x1, 0x2, 0x3, 0xa, 0xb, 0xc, 0xd,
    0x14, 0x15, 0x16, 0x17, 0x18, 0x19, 0x1e, 0x1f,
    0x2091, 0x20f0, 0x20f1, 0x20f2, 0x20f3, 0x20f4, 0x20fe, 0x2101,
    0x2104, 0x2105, 0x2108, 0x210d, 0x2110, 0x2112, 0x2113, 0x2116,
    0x211a, 0x211e, 0x211f, 0x2128, 0x2129, 0x212a, 0x2130, 0x2132,
    0x2138, 0x2139, 0x213a, 0x213b, 0x213c, 0x213d, 0x213e, 0x213f,
    0x2140, 0x2141, 0x2142, 0x2143, 0x214f, 0x2150, 0x2153, 0x2155,
    0x2156, 0x2158, 0x216b, 0x216e, 0x216f, 0x2182, 0x2183, 0x2184,
    0x2185, 0x2186, 0x2187, 0x2189, 0x218b, 0x218c, 0x2190, 0x2191,
    0x2197, 0x219a, 0x219b, 0x21a0, 0x21a1, 0x21ad, 0x21ae, 0x21b4,
    0x21b5, 0x21b8, 0x21be, 0x21bf, 0x21c1, 0x21c3, 0x21c4, 0x21d9,
    0x21da, 0x21e0, 0x21e1, 0x21e2, 0x21e3, 0x21e4, 0x21e5, 0x21e7,
    0x21e8, 0x21e9, 0x21ea, 0x21ed, 0x21f2, 0x21f5, 0x21f8, 0x21f9,
    0x21fa, 0x21fb, 0x21fc, 0x21fd, 0x21ff, 0x2af1, 0x2af2, 0x2af5,
    0x2afc, 0x2afd
};

static const uint16_t unicode_list_10[] = {
    0x0, 0x1, 0x1d, 0x20, 0x2d, 0x2e, 0x3c, 0x79,
    0x7e, 0x9e, 0xa1, 0xb8, 0xbd, 0xe9, 0xf0, 0x113,
    0x140, 0x141, 0x146, 0x172, 0x1d4, 0x24f, 0x2c0, 0x336,
    0x358, 0x35b, 0x35f, 0x364, 0x366, 0x36a, 0x378, 0x380,
    0x38c, 0x3b9, 0x3ed, 0x3fa, 0x413, 0x423, 0x429, 0x43d,
    0x440, 0x48e, 0x49c, 0x4ac, 0x4c8, 0x4f8, 0x52d, 0x553,
    0x554, 0x575, 0x5ae, 0x5c4, 0x5c9, 0x5ca, 0x5ea, 0x5ff,
    0x600, 0x622, 0x65b, 0x67f, 0x85b, 0x8e6, 0x8f1, 0x91b,
    0x923, 0x9c1, 0x9d2, 0x9f9, 0xa27, 0xae3, 0xafa, 0xb00,
    0xb1c, 0xb24, 0xbbe, 0xd4a, 0xd4b, 0xd7f, 0xd8d, 0xd95,
    0xdb9, 0xdf1, 0xe42, 0xe58, 0xfd8, 0xfe5, 0xff5, 0x1022,
    0x1038, 0x1048, 0x1086, 0x1099, 0x10e9, 0x10f3, 0x10f6, 0x1102,
    0x112a, 0x112c, 0x1148, 0x1155, 0x118a, 0x119c, 0x11ca, 0x11de,
    0x1255, 0x1262, 0x1312, 0x1355, 0x1403, 0x142a, 0x145e, 0x1471,
    0x1491, 0x14ce, 0x14dc, 0x1532, 0x1561, 0x1598, 0x159a, 0x15c2,
    0x15c3, 0x160f, 0x1729, 0x173b, 0x174a, 0x1763, 0x177a, 0x17a0,
    0x17a3, 0x17d3, 0x17d8, 0x17e9, 0x1801, 0x1835, 0x1875, 0x18eb,
    0x18fc, 0x1912, 0x191d, 0x191f, 0x192d, 0x1954, 0x1958, 0x1974,
    0x1983, 0x19fa, 0x1a14, 0x1a2f, 0x1ab3, 0x1b0f, 0x1bf0, 0x1c14,
    0x1c1d, 0x1d55, 0x1d56, 0x1d58, 0x1d67, 0x1da8, 0x1e07, 0x1e0a,
    0x1ed5, 0x1f2e, 0x1f38, 0x1f3e, 0x1f7b, 0x1fe4, 0x1ff8, 0x1ffb,
    0x20d7, 0x22ac, 0x2314, 0x243a, 0x245c, 0x257a, 0x25a3, 0x26d9,
    0x271b, 0x2724, 0x272e, 0x28cb, 0x28e1, 0x2933, 0x29d8, 0x29e0,
    0x29f4, 0x2a61, 0x2b2d, 0x2bae, 0x2bb4, 0x2bc5, 0x2bcb, 0x2be3,
    0x2bfe, 0x2c2f, 0x2c6d, 0x2ce2, 0x2d73, 0x2f15, 0x2f23, 0x2f3f,
    0x2f64, 0x2f8d, 0x3021, 0x309a, 0x30b2, 0x30b7, 0x30d2, 0x30da,
    0x3109, 0x3161, 0x3197, 0x323d, 0x33dd, 0x3465, 0x3475, 0x356a,
    0x35aa, 0x37c2, 0x38f5, 0x3a3f, 0x3a5b, 0x3b7e, 0x3bc5, 0x3bd6,
    0x3bf3, 0x3bfb, 0x3c20, 0x3c66, 0x3c91, 0x3cb2, 0x3d94, 0x3d97,
    0x3da3, 0x3db1, 0x3de0, 0x3de2, 0x3dea, 0x3df6, 0x3e54, 0x3edd,
    0x3f18, 0x3f1b, 0x3f6a, 0x3f78, 0x3fb6, 0x3fd0, 0x3fe2, 0x3fe6,
    0x401d, 0x4178, 0x4186, 0x41af, 0x41ba, 0x41c3, 0x41c4, 0x41ce,
    0x41cf, 0x41d1, 0x41d2, 0x41f0, 0x41f4, 0x41f5, 0x41fc, 0x420d,
    0x4212, 0x4238, 0x4246, 0x4253, 0x4258, 0x426b, 0x426d, 0x42ae,
    0x42f0, 0x4340, 0x4385, 0x43c0, 0x43c2, 0x4568, 0x4698, 0x46b6,
    0x46f4, 0x470c, 0x4721, 0x477e, 0x4786, 0x47e0, 0x47e7, 0x4857,
    0x4883, 0x4896, 0x48d5, 0x494c, 0x4951, 0x4955, 0x49e6, 0x4a6c,
    0x4a77, 0x4a79, 0x4a84, 0x4a8b, 0x4ccb, 0x5016, 0x50cb, 0x5113,
    0xb0f4, 0xb0fb, 0xb0fc, 0xb10d, 0xb112
};

static const uint8_t glyph_id_ofs_list_15[] = {
    0, 1, 0, 0, 2, 3, 4, 5,
    6, 7, 8, 9
};

static const uint8_t glyph_id_ofs_list_17[] = {
    0, 1, 2, 3, 4, 5, 6, 7,
    0, 0, 8, 9, 10, 0, 0, 0,
    0, 11, 12, 13, 14, 15, 16, 17,
    18, 19, 20, 0, 0, 0, 21, 0,
    22, 23, 0, 0, 0, 24, 0, 0,
    25, 26, 27, 28, 29, 30, 31, 32,
    33, 34
};

/*Collect the unicode lists and glyph_id offsets*/
static const lv_font_fmt_txt_cmap_t cmaps[] =
{
    {
        .range_start = 32, .range_length = 95, .glyph_id_start = 1,
        .unicode_list = NULL, .glyph_id_ofs_list = NULL, .list_length = 0, .type = LV_FONT_FMT_TXT_CMAP_FORMAT0_TINY
    },
    {
        .range_start = 160, .range_length = 13, .glyph_id_start = 96,
        .unicode_list = NULL, .glyph_id_ofs_list = NULL, .list_length = 0, .type = LV_FONT_FMT_TXT_CMAP_FORMAT0_TINY
    },
    {
        .range_start = 174, .range_length = 210, .glyph_id_start = 109,
        .unicode_list = NULL, .glyph_id_ofs_list = NULL, .list_length = 0, .type = LV_FONT_FMT_TXT_CMAP_FORMAT0_TINY
    },
    {
        .range_start = 916, .range_length = 52, .glyph_id_start = 319,
        .unicode_list = unicode_list_3, .glyph_id_ofs_list = NULL, .list_length = 8, .type = LV_FONT_FMT_TXT_CMAP_SPARSE_TINY
    },
    {
        .range_start = 1024, .range_length = 96, .glyph_id_start = 327,
        .unicode_list = NULL, .glyph_id_ofs_list = NULL, .list_length = 0, .type = LV_FONT_FMT_TXT_CMAP_FORMAT0_TINY
    },
    {
        .range_start = 1122, .range_length = 20, .glyph_id_start = 423,
        .unicode_list = unicode_list_5, .glyph_id_ofs_list = NULL, .list_length = 8, .type = LV_FONT_FMT_TXT_CMAP_SPARSE_TINY
    },
    {
        .range_start = 1162, .range_length = 118, .glyph_id_start = 431,
        .unicode_list = NULL, .glyph_id_ofs_list = NULL, .list_length = 0, .type = LV_FONT_FMT_TXT_CMAP_FORMAT0_TINY
    },
    {
        .range_start = 1296, .range_length = 11006, .glyph_id_start = 549,
        .unicode_list = unicode_list_7, .glyph_id_ofs_list = NULL, .list_length = 114, .type = LV_FONT_FMT_TXT_CMAP_SPARSE_TINY
    },
    {
        .range_start = 12353, .range_length = 86, .glyph_id_start = 663,
        .unicode_list = NULL, .glyph_id_ofs_list = NULL, .list_length = 0, .type = LV_FONT_FMT_TXT_CMAP_FORMAT0_TINY
    },
    {
        .range_start = 12441, .range_length = 103, .glyph_id_start = 749,
        .unicode_list = NULL, .glyph_id_ofs_list = NULL, .list_length = 0, .type = LV_FONT_FMT_TXT_CMAP_FORMAT0_TINY
    },
    {
        .range_start = 19981, .range_length = 45331, .glyph_id_start = 852,
        .unicode_list = unicode_list_10, .glyph_id_ofs_list = NULL, .list_length = 309, .type = LV_FONT_FMT_TXT_CMAP_SPARSE_TINY
    },
    {
        .range_start = 128080, .range_length = 174, .glyph_id_start = 1161,
        .unicode_list = NULL, .glyph_id_ofs_list = NULL, .list_length = 0, .type = LV_FONT_FMT_TXT_CMAP_FORMAT0_TINY
    },
    {
        .range_start = 128255, .range_length = 63, .glyph_id_start = 1335,
        .unicode_list = NULL, .glyph_id_ofs_list = NULL, .list_length = 0, .type = LV_FONT_FMT_TXT_CMAP_FORMAT0_TINY
    },
    {
        .range_start = 128329, .range_length = 6, .glyph_id_start = 1398,
        .unicode_list = NULL, .glyph_id_ofs_list = NULL, .list_length = 0, .type = LV_FONT_FMT_TXT_CMAP_FORMAT0_TINY
    },
    {
        .range_start = 128336, .range_length = 24, .glyph_id_start = 1404,
        .unicode_list = NULL, .glyph_id_ofs_list = NULL, .list_length = 0, .type = LV_FONT_FMT_TXT_CMAP_FORMAT0_TINY
    },
    {
        .range_start = 128367, .range_length = 12, .glyph_id_start = 1428,
        .unicode_list = NULL, .glyph_id_ofs_list = glyph_id_ofs_list_15, .list_length = 12, .type = LV_FONT_FMT_TXT_CMAP_FORMAT0_FULL
    },
    {
        .range_start = 128640, .range_length = 70, .glyph_id_start = 1438,
        .unicode_list = NULL, .glyph_id_ofs_list = NULL, .list_length = 0, .type = LV_FONT_FMT_TXT_CMAP_FORMAT0_TINY
    },
    {
        .range_start = 128715, .range_length = 50, .glyph_id_start = 1508,
        .unicode_list = NULL, .glyph_id_ofs_list = glyph_id_ofs_list_17, .list_length = 50, .type = LV_FONT_FMT_TXT_CMAP_FORMAT0_FULL
    },
    {
        .range_start = 128992, .range_length = 12, .glyph_id_start = 1543,
        .unicode_list = NULL, .glyph_id_ofs_list = NULL, .list_length = 0, .type = LV_FONT_FMT_TXT_CMAP_FORMAT0_TINY
    },
    {
        .range_start = 129008, .range_length = 1, .glyph_id_start = 1555,
        .unicode_list = NULL, .glyph_id_ofs_list = NULL, .list_length = 0, .type = LV_FONT_FMT_TXT_CMAP_FORMAT0_TINY
    }
};

/*-----------------
 *    KERNING
 *----------------*/


/*Pair left and right glyphs for kerning*/
static const uint16_t kern_pair_glyph_ids[] =
{
    2, 11,
    2, 18,
    2, 24,
    2, 101,
    3, 3,
    3, 6,
    3, 7,
    3, 8,
    3, 11,
    3, 13,
    3, 15,
    3, 16,
    3, 17,
    3, 18,
    3, 19,
    3, 20,
    3, 21,
    3, 22,
    3, 23,
    3, 24,
    3, 25,
    3, 26,
    3, 27,
    3, 28,
    3, 32,
    3, 33,
    3, 61,
    3, 62,
    3, 64,
    3, 94,
    3, 98,
    3, 100,
    3, 101,
    3, 105,
    3, 109,
    3, 111,
    3, 117,
    3, 126,
    5, 3,
    5, 8,
    5, 11,
    5, 12,
    5, 13,
    5, 14,
    5, 15,
    5, 18,
    5, 20,
    5, 21,
    5, 24,
    5, 26,
    5, 27,
    5, 28,
    5, 32,
    5, 61,
    5, 64,
    5, 95,
    5, 107,
    5, 108,
    5, 111,
    5, 112,
    5, 118,
    5, 126,
    5, 182,
    6, 3,
    6, 6,
    6, 8,
    6, 10,
    6, 11,
    6, 12,
    6, 13,
    6, 14,
    6, 15,
    6, 18,
    6, 19,
    6, 20,
    6, 21,
    6, 22,
    6, 24,
    6, 25,
    6, 32,
    6, 61,
    6, 95,
    6, 98,
    6, 107,
    6, 108,
    6, 111,
    6, 112,
    6, 118,
    6, 182,
    7, 2,
    7, 3,
    7, 6,
    7, 7,
    7, 8,
    7, 11,
    7, 13,
    7, 15,
    7, 16,
    7, 18,
    7, 19,
    7, 24,
    7, 27,
    7, 28,
    7, 32,
    7, 61,
    7, 62,
    7, 64,
    7, 94,
    7, 97,
    7, 111,
    7, 117,
    8, 3,
    8, 6,
    8, 7,
    8, 8,
    8, 11,
    8, 13,
    8, 15,
    8, 16,
    8, 17,
    8, 18,
    8, 19,
    8, 20,
    8, 21,
    8, 22,
    8, 23,
    8, 24,
    8, 25,
    8, 26,
    8, 27,
    8, 28,
    8, 32,
    8, 33,
    8, 61,
    8, 62,
    8, 64,
    8, 94,
    8, 98,
    8, 100,
    8, 101,
    8, 105,
    8, 109,
    8, 111,
    8, 117,
    8, 126,
    9, 16,
    9, 18,
    9, 21,
    9, 61,
    9, 62,
    9, 94,
    9, 101,
    11, 2,
    11, 3,
    11, 5,
    11, 6,
    11, 7,
    11, 8,
    11, 11,
    11, 12,
    11, 13,
    11, 14,
    11, 15,
    11, 16,
    11, 17,
    11, 18,
    11, 19,
    11, 20,
    11, 21,
    11, 23,
    11, 24,
    11, 26,
    11, 32,
    11, 64,
    11, 95,
    11, 98,
    11, 100,
    11, 107,
    11, 108,
    11, 111,
    11, 112,
    11, 117,
    11, 118,
    11, 122,
    11, 126,
    11, 182,
    12, 5,
    12, 6,
    12, 11,
    12, 13,
    12, 15,
    12, 17,
    12, 18,
    12, 19,
    12, 20,
    12, 21,
    12, 23,
    12, 24,
    12, 32,
    12, 33,
    12, 61,
    12, 98,
    12, 100,
    12, 101,
    12, 103,
    12, 105,
    12, 109,
    12, 117,
    12, 122,
    13, 3,
    13, 5,
    13, 6,
    13, 8,
    13, 11,
    13, 12,
    13, 14,
    13, 16,
    13, 17,
    13, 18,
    13, 19,
    13, 20,
    13, 21,
    13, 23,
    13, 24,
    13, 25,
    13, 32,
    13, 33,
    13, 61,
    13, 64,
    13, 95,
    13, 98,
    13, 100,
    13, 101,
    13, 105,
    13, 107,
    13, 108,
    13, 109,
    13, 111,
    13, 112,
    13, 117,
    13, 118,
    13, 126,
    13, 182,
    14, 5,
    14, 6,
    14, 11,
    14, 13,
    14, 15,
    14, 17,
    14, 18,
    14, 19,
    14, 20,
    14, 21,
    14, 23,
    14, 24,
    14, 32,
    14, 33,
    14, 61,
    14, 98,
    14, 100,
    14, 101,
    14, 103,
    14, 105,
    14, 109,
    14, 117,
    14, 122,
    15, 3,
    15, 5,
    15, 6,
    15, 8,
    15, 11,
    15, 12,
    15, 14,
    15, 16,
    15, 17,
    15, 18,
    15, 19,
    15, 20,
    15, 21,
    15, 23,
    15, 24,
    15, 25,
    15, 32,
    15, 33,
    15, 61,
    15, 64,
    15, 95,
    15, 98,
    15, 100,
    15, 101,
    15, 105,
    15, 107,
    15, 108,
    15, 109,
    15, 111,
    15, 112,
    15, 117,
    15, 118,
    15, 126,
    15, 182,
    16, 3,
    16, 5,
    16, 7,
    16, 8,
    16, 10,
    16, 12,
    16, 13,
    16, 14,
    16, 15,
    16, 16,
    16, 17,
    16, 18,
    16, 21,
    16, 23,
    16, 24,
    16, 25,
    16, 27,
    16, 28,
    16, 33,
    16, 61,
    16, 62,
    16, 64,
    16, 94,
    16, 95,
    16, 97,
    16, 98,
    16, 99,
    16, 101,
    16, 103,
    16, 105,
    16, 107,
    16, 108,
    16, 109,
    16, 111,
    16, 112,
    16, 116,
    16, 118,
    16, 122,
    16, 126,
    16, 182,
    17, 3,
    17, 8,
    17, 11,
    17, 12,
    17, 13,
    17, 14,
    17, 15,
    17, 16,
    17, 20,
    17, 24,
    17, 32,
    17, 61,
    17, 64,
    17, 95,
    17, 101,
    17, 107,
    17, 108,
    17, 111,
    17, 112,
    17, 118,
    17, 126,
    17, 182,
    19, 6,
    19, 7,
    19, 12,
    19, 13,
    19, 14,
    19, 15,
    19, 16,
    19, 17,
    19, 21,
    19, 23,
    19, 24,
    19, 61,
    19, 64,
    19, 95,
    19, 98,
    19, 107,
    19, 108,
    19, 112,
    19, 118,
    19, 182,
    20, 3,
    20, 6,
    20, 8,
    20, 19,
    20, 20,
    20, 22,
    20, 24,
    20, 111,
    21, 3,
    21, 5,
    21, 6,
    21, 7,
    21, 8,
    21, 11,
    21, 12,
    21, 13,
    21, 14,
    21, 15,
    21, 16,
    21, 18,
    21, 19,
    21, 20,
    21, 22,
    21, 24,
    21, 25,
    21, 26,
    21, 27,
    21, 28,
    21, 32,
    21, 33,
    21, 61,
    21, 64,
    21, 95,
    21, 98,
    21, 99,
    21, 100,
    21, 101,
    21, 103,
    21, 105,
    21, 107,
    21, 108,
    21, 109,
    21, 111,
    21, 112,
    21, 117,
    21, 118,
    21, 126,
    21, 182,
    22, 6,
    22, 11,
    22, 19,
    22, 20,
    22, 22,
    22, 24,
    22, 61,
    22, 111,
    23, 3,
    23, 6,
    23, 7,
    23, 8,
    23, 11,
    23, 12,
    23, 13,
    23, 14,
    23, 15,
    23, 16,
    23, 24,
    23, 95,
    23, 98,
    23, 100,
    23, 103,
    23, 107,
    23, 108,
    23, 111,
    23, 112,
    23, 118,
    23, 182,
    24, 3,
    24, 5,
    24, 7,
    24, 8,
    24, 11,
    24, 12,
    24, 13,
    24, 14,
    24, 15,
    24, 16,
    24, 17,
    24, 18,
    24, 20,
    24, 21,
    24, 22,
    24, 23,
    24, 25,
    24, 27,
    24, 28,
    24, 32,
    24, 33,
    24, 61,
    24, 62,
    24, 64,
    24, 94,
    24, 95,
    24, 97,
    24, 98,
    24, 99,
    24, 100,
    24, 101,
    24, 103,
    24, 105,
    24, 107,
    24, 108,
    24, 109,
    24, 111,
    24, 112,
    24, 116,
    24, 117,
    24, 118,
    24, 122,
    24, 126,
    24, 182,
    25, 3,
    25, 6,
    25, 8,
    25, 11,
    25, 13,
    25, 15,
    25, 32,
    25, 61,
    25, 101,
    25, 103,
    25, 126,
    26, 3,
    26, 8,
    26, 11,
    26, 12,
    26, 13,
    26, 14,
    26, 15,
    26, 16,
    26, 20,
    26, 24,
    26, 32,
    26, 61,
    26, 64,
    26, 95,
    26, 101,
    26, 107,
    26, 108,
    26, 111,
    26, 112,
    26, 118,
    26, 126,
    26, 182,
    27, 3,
    27, 8,
    27, 16,
    27, 24,
    27, 32,
    27, 61,
    27, 64,
    27, 101,
    28, 3,
    28, 8,
    28, 16,
    28, 24,
    28, 32,
    28, 61,
    28, 64,
    28, 101,
    32, 2,
    32, 7,
    32, 11,
    32, 13,
    32, 15,
    32, 16,
    32, 20,
    32, 21,
    32, 25,
    32, 26,
    32, 32,
    32, 60,
    32, 64,
    32, 97,
    32, 98,
    32, 101,
    32, 111,
    32, 122,
    32, 126,
    33, 3,
    33, 8,
    33, 10,
    33, 12,
    33, 13,
    33, 14,
    33, 15,
    33, 16,
    33, 18,
    33, 19,
    33, 20,
    33, 32,
    33, 61,
    33, 62,
    33, 64,
    33, 94,
    33, 95,
    33, 107,
    33, 108,
    33, 111,
    33, 112,
    33, 118,
    33, 126,
    33, 182,
    60, 3,
    60, 8,
    60, 10,
    60, 12,
    60, 14,
    60, 16,
    60, 18,
    60, 21,
    60, 24,
    60, 32,
    60, 61,
    60, 64,
    60, 95,
    60, 101,
    60, 107,
    60, 108,
    60, 112,
    60, 118,
    60, 182,
    61, 3,
    61, 6,
    61, 7,
    61, 8,
    61, 10,
    61, 11,
    61, 13,
    61, 15,
    61, 16,
    61, 17,
    61, 18,
    61, 19,
    61, 20,
    61, 21,
    61, 23,
    61, 24,
    61, 27,
    61, 28,
    61, 32,
    61, 33,
    61, 61,
    61, 62,
    61, 64,
    61, 94,
    61, 97,
    61, 103,
    61, 105,
    61, 109,
    61, 111,
    61, 117,
    61, 122,
    61, 126,
    64, 3,
    64, 5,
    64, 6,
    64, 8,
    64, 11,
    64, 13,
    64, 15,
    64, 16,
    64, 17,
    64, 18,
    64, 19,
    64, 20,
    64, 21,
    64, 22,
    64, 23,
    64, 26,
    64, 27,
    64, 28,
    64, 32,
    64, 33,
    64, 61,
    64, 62,
    64, 94,
    64, 97,
    64, 98,
    64, 99,
    64, 100,
    64, 101,
    64, 103,
    64, 105,
    64, 109,
    64, 117,
    64, 122,
    92, 3,
    92, 8,
    92, 10,
    92, 12,
    92, 14,
    92, 16,
    92, 18,
    92, 21,
    92, 24,
    92, 32,
    92, 61,
    92, 64,
    92, 95,
    92, 101,
    92, 107,
    92, 108,
    92, 112,
    92, 118,
    92, 182,
    95, 5,
    95, 6,
    95, 11,
    95, 13,
    95, 15,
    95, 17,
    95, 18,
    95, 19,
    95, 20,
    95, 21,
    95, 23,
    95, 24,
    95, 32,
    95, 33,
    95, 61,
    95, 98,
    95, 100,
    95, 101,
    95, 103,
    95, 105,
    95, 109,
    95, 117,
    95, 122,
    97, 16,
    97, 18,
    97, 61,
    97, 64,
    97, 101,
    98, 7,
    98, 10,
    98, 11,
    98, 12,
    98, 13,
    98, 14,
    98, 15,
    98, 17,
    98, 18,
    98, 19,
    98, 20,
    98, 21,
    98, 23,
    98, 24,
    98, 25,
    98, 26,
    98, 27,
    98, 28,
    98, 32,
    98, 60,
    98, 61,
    98, 62,
    98, 94,
    98, 95,
    98, 98,
    98, 103,
    98, 107,
    98, 108,
    98, 111,
    98, 112,
    98, 118,
    98, 126,
    98, 182,
    99, 5,
    99, 7,
    99, 11,
    99, 12,
    99, 14,
    99, 16,
    99, 17,
    99, 18,
    99, 19,
    99, 20,
    99, 21,
    99, 22,
    99, 23,
    99, 24,
    99, 25,
    99, 26,
    99, 27,
    99, 28,
    99, 33,
    99, 61,
    99, 64,
    99, 95,
    99, 97,
    99, 98,
    99, 103,
    99, 105,
    99, 107,
    99, 108,
    99, 109,
    99, 112,
    99, 116,
    99, 117,
    99, 118,
    99, 122,
    99, 126,
    99, 182,
    100, 11,
    100, 12,
    100, 13,
    100, 14,
    100, 15,
    100, 19,
    100, 24,
    100, 64,
    100, 95,
    100, 107,
    100, 108,
    100, 112,
    100, 118,
    100, 126,
    100, 182,
    101, 2,
    101, 3,
    101, 8,
    101, 10,
    101, 12,
    101, 13,
    101, 14,
    101, 15,
    101, 16,
    101, 17,
    101, 18,
    101, 20,
    101, 21,
    101, 23,
    101, 24,
    101, 25,
    101, 27,
    101, 28,
    101, 61,
    101, 62,
    101, 64,
    101, 94,
    101, 95,
    101, 97,
    101, 107,
    101, 108,
    101, 112,
    101, 118,
    101, 126,
    101, 182,
    103, 12,
    103, 14,
    103, 16,
    103, 21,
    103, 24,
    103, 25,
    103, 64,
    103, 95,
    103, 98,
    103, 107,
    103, 108,
    103, 112,
    103, 116,
    103, 118,
    103, 182,
    105, 3,
    105, 8,
    105, 10,
    105, 12,
    105, 13,
    105, 14,
    105, 15,
    105, 16,
    105, 18,
    105, 19,
    105, 20,
    105, 32,
    105, 61,
    105, 62,
    105, 64,
    105, 94,
    105, 95,
    105, 107,
    105, 108,
    105, 111,
    105, 112,
    105, 118,
    105, 126,
    105, 182,
    107, 11,
    107, 12,
    107, 14,
    107, 16,
    107, 21,
    107, 22,
    107, 32,
    107, 61,
    107, 64,
    107, 95,
    107, 107,
    107, 108,
    107, 112,
    107, 118,
    107, 126,
    107, 182,
    109, 3,
    109, 8,
    109, 10,
    109, 12,
    109, 13,
    109, 14,
    109, 15,
    109, 16,
    109, 18,
    109, 19,
    109, 20,
    109, 32,
    109, 61,
    109, 62,
    109, 64,
    109, 94,
    109, 95,
    109, 107,
    109, 108,
    109, 111,
    109, 112,
    109, 118,
    109, 126,
    109, 182,
    111, 3,
    111, 5,
    111, 6,
    111, 8,
    111, 11,
    111, 13,
    111, 15,
    111, 16,
    111, 17,
    111, 18,
    111, 19,
    111, 20,
    111, 21,
    111, 22,
    111, 23,
    111, 24,
    111, 26,
    111, 32,
    111, 33,
    111, 61,
    111, 98,
    111, 105,
    111, 109,
    111, 126,
    112, 5,
    112, 6,
    112, 11,
    112, 13,
    112, 15,
    112, 17,
    112, 18,
    112, 19,
    112, 20,
    112, 21,
    112, 23,
    112, 24,
    112, 32,
    112, 33,
    112, 61,
    112, 98,
    112, 100,
    112, 101,
    112, 103,
    112, 105,
    112, 109,
    112, 117,
    112, 122,
    116, 5,
    116, 18,
    116, 32,
    116, 61,
    118, 5,
    118, 6,
    118, 11,
    118, 13,
    118, 15,
    118, 17,
    118, 18,
    118, 19,
    118, 20,
    118, 21,
    118, 23,
    118, 24,
    118, 32,
    118, 33,
    118, 61,
    118, 98,
    118, 100,
    118, 101,
    118, 103,
    118, 105,
    118, 109,
    118, 117,
    118, 122,
    122, 5,
    122, 6,
    122, 11,
    122, 13,
    122, 15,
    122, 17,
    122, 18,
    122, 19,
    122, 20,
    122, 21,
    122, 23,
    122, 24,
    122, 32,
    122, 33,
    122, 61,
    122, 98,
    122, 100,
    122, 101,
    122, 103,
    122, 105,
    122, 109,
    122, 117,
    122, 122,
    126, 3,
    126, 6,
    126, 7,
    126, 8,
    126, 11,
    126, 12,
    126, 14,
    126, 16,
    126, 17,
    126, 18,
    126, 21,
    126, 23,
    126, 24,
    126, 25,
    126, 32,
    126, 33,
    126, 61,
    126, 62,
    126, 64,
    126, 94,
    126, 95,
    126, 98,
    126, 99,
    126, 100,
    126, 101,
    126, 105,
    126, 107,
    126, 108,
    126, 109,
    126, 111,
    126, 112,
    126, 116,
    126, 117,
    126, 118,
    126, 122,
    126, 126,
    126, 182,
    182, 5,
    182, 6,
    182, 11,
    182, 13,
    182, 15,
    182, 17,
    182, 18,
    182, 19,
    182, 20,
    182, 21,
    182, 23,
    182, 24,
    182, 32,
    182, 33,
    182, 61,
    182, 98,
    182, 100,
    182, 101,
    182, 103,
    182, 105,
    182, 109,
    182, 117,
    182, 122,
    663, 658,
    663, 659,
    664, 700,
    664, 701,
    664, 785,
    664, 786,
    664, 809,
    665, 700,
    665, 701,
    666, 700,
    666, 701,
    666, 734,
    668, 659,
    668, 809,
    668, 810,
    668, 811,
    670, 675,
    670, 676,
    670, 677,
    670, 678,
    670, 698,
    670, 699,
    670, 700,
    670, 701,
    670, 718,
    670, 719,
    670, 720,
    670, 737,
    670, 777,
    670, 809,
    670, 810,
    670, 812,
    670, 813,
    670, 814,
    673, 658,
    673, 659,
    673, 709,
    673, 734,
    674, 658,
    674, 659,
    674, 734,
    675, 658,
    675, 659,
    675, 665,
    675, 667,
    675, 668,
    675, 669,
    675, 671,
    675, 697,
    675, 737,
    676, 658,
    676, 659,
    676, 665,
    676, 667,
    676, 669,
    676, 671,
    676, 677,
    676, 678,
    676, 697,
    676, 729,
    676, 731,
    676, 733,
    677, 668,
    677, 700,
    677, 701,
    677, 725,
    677, 737,
    678, 658,
    678, 668,
    678, 700,
    678, 701,
    678, 725,
    678, 737,
    679, 658,
    679, 659,
    680, 658,
    680, 659,
    681, 658,
    681, 687,
    681, 688,
    681, 697,
    682, 687,
    682, 688,
    682, 700,
    682, 701,
    684, 734,
    685, 687,
    685, 688,
    685, 698,
    685, 699,
    685, 700,
    685, 701,
    685, 730,
    685, 777,
    687, 658,
    687, 659,
    687, 665,
    687, 667,
    687, 669,
    687, 671,
    687, 697,
    687, 700,
    687, 701,
    687, 715,
    687, 716,
    687, 717,
    687, 718,
    687, 719,
    687, 720,
    687, 729,
    687, 771,
    687, 802,
    687, 812,
    687, 813,
    687, 814,
    688, 658,
    688, 659,
    688, 694,
    688, 718,
    688, 719,
    688, 720,
    688, 802,
    688, 812,
    688, 813,
    688, 814,
    690, 687,
    690, 688,
    690, 700,
    690, 701,
    690, 718,
    690, 719,
    690, 720,
    693, 724,
    693, 739,
    694, 658,
    694, 659,
    694, 724,
    694, 739,
    697, 700,
    697, 708,
    698, 658,
    698, 659,
    699, 658,
    699, 659,
    700, 658,
    700, 659,
    700, 664,
    700, 672,
    700, 675,
    700, 676,
    700, 677,
    700, 678,
    700, 691,
    700, 692,
    700, 697,
    700, 698,
    700, 699,
    700, 709,
    700, 710,
    700, 711,
    700, 724,
    700, 728,
    700, 744,
    701, 658,
    701, 659,
    701, 664,
    701, 678,
    702, 658,
    702, 677,
    702, 687,
    702, 688,
    702, 691,
    702, 692,
    702, 697,
    702, 698,
    702, 699,
    702, 700,
    702, 701,
    702, 704,
    702, 708,
    702, 718,
    702, 719,
    702, 720,
    703, 658,
    703, 659,
    703, 675,
    703, 676,
    703, 677,
    703, 678,
    703, 681,
    703, 682,
    703, 683,
    703, 684,
    703, 691,
    703, 692,
    703, 698,
    703, 699,
    703, 700,
    703, 701,
    703, 704,
    703, 718,
    703, 719,
    703, 720,
    703, 725,
    705, 658,
    705, 674,
    705, 677,
    705, 678,
    705, 681,
    705, 682,
    705, 683,
    705, 684,
    705, 687,
    705, 688,
    705, 691,
    705, 692,
    706, 675,
    706, 676,
    706, 695,
    706, 712,
    706, 713,
    706, 714,
    708, 675,
    709, 693,
    709, 694,
    710, 673,
    711, 673,
    712, 702,
    712, 703,
    715, 695,
    715, 696,
    716, 695,
    716, 696,
    717, 695,
    717, 696,
    718, 700,
    718, 701,
    718, 702,
    718, 703,
    719, 700,
    719, 701,
    719, 703,
    720, 700,
    720, 701,
    720, 702,
    720, 703,
    723, 717,
    724, 658,
    724, 659,
    724, 689,
    724, 690,
    724, 697,
    728, 658,
    728, 666,
    728, 668,
    728, 691,
    728, 692,
    728, 698,
    728, 700,
    728, 701,
    728, 702,
    728, 703,
    729, 659,
    730, 658,
    730, 659,
    732, 658,
    732, 659,
    732, 715,
    732, 716,
    732, 717,
    734, 667,
    734, 697,
    734, 736,
    734, 737,
    735, 687,
    735, 688,
    735, 689,
    735, 690,
    735, 700,
    735, 701,
    736, 658,
    736, 659,
    736, 698,
    737, 698,
    737, 699,
    737, 792,
    737, 793,
    737, 818,
    738, 658,
    738, 659,
    738, 698,
    738, 699,
    738, 700,
    738, 701,
    738, 715,
    738, 716,
    738, 717,
    741, 738,
    743, 658,
    745, 687,
    745, 700,
    745, 701,
    745, 703,
    757, 658,
    757, 659,
    758, 658,
    758, 659,
    758, 702,
    758, 703,
    758, 715,
    758, 716,
    758, 717,
    758, 760,
    758, 771,
    758, 772,
    758, 779,
    758, 780,
    758, 783,
    758, 784,
    758, 789,
    758, 798,
    758, 799,
    758, 802,
    758, 803,
    758, 804,
    758, 805,
    758, 812,
    758, 813,
    758, 814,
    758, 819,
    758, 820,
    758, 821,
    758, 831,
    758, 839,
    758, 848,
    760, 658,
    760, 659,
    760, 715,
    760, 716,
    760, 717,
    760, 764,
    760, 771,
    760, 772,
    760, 781,
    760, 782,
    760, 787,
    760, 788,
    760, 794,
    760, 798,
    760, 803,
    760, 804,
    760, 805,
    760, 820,
    760, 824,
    760, 826,
    762, 658,
    762, 659,
    765, 658,
    765, 659,
    766, 658,
    766, 659,
    766, 771,
    766, 772,
    766, 820,
    767, 658,
    768, 658,
    769, 658,
    769, 659,
    769, 781,
    769, 802,
    769, 839,
    770, 658,
    770, 659,
    770, 802,
    771, 658,
    771, 659,
    771, 763,
    771, 771,
    771, 772,
    771, 781,
    771, 782,
    771, 787,
    771, 788,
    771, 802,
    771, 803,
    771, 804,
    771, 805,
    771, 820,
    771, 821,
    771, 831,
    771, 847,
    772, 658,
    772, 659,
    772, 771,
    772, 772,
    772, 786,
    772, 802,
    772, 820,
    773, 658,
    773, 659,
    773, 760,
    773, 794,
    773, 795,
    773, 802,
    773, 803,
    773, 804,
    773, 805,
    773, 812,
    773, 813,
    773, 814,
    773, 819,
    773, 820,
    773, 821,
    773, 832,
    773, 839,
    774, 658,
    774, 659,
    774, 759,
    774, 760,
    774, 763,
    774, 802,
    774, 803,
    774, 804,
    774, 805,
    774, 819,
    774, 820,
    774, 821,
    775, 762,
    776, 781,
    776, 782,
    777, 658,
    777, 659,
    777, 781,
    777, 802,
    777, 803,
    777, 804,
    777, 805,
    777, 820,
    778, 658,
    778, 659,
    778, 781,
    778, 802,
    778, 820,
    779, 658,
    779, 659,
    779, 803,
    779, 804,
    779, 805,
    780, 658,
    780, 659,
    780, 787,
    780, 788,
    780, 802,
    780, 803,
    780, 804,
    780, 805,
    780, 823,
    780, 825,
    781, 812,
    781, 813,
    781, 814,
    781, 818,
    783, 812,
    783, 821,
    784, 658,
    784, 659,
    784, 802,
    784, 812,
    785, 658,
    785, 659,
    785, 802,
    785, 820,
    786, 658,
    786, 659,
    786, 802,
    787, 658,
    787, 659,
    787, 802,
    787, 821,
    788, 658,
    788, 659,
    788, 779,
    788, 780,
    788, 802,
    788, 821,
    789, 658,
    789, 659,
    789, 802,
    789, 820,
    789, 823,
    790, 658,
    790, 659,
    790, 763,
    790, 802,
    791, 658,
    791, 659,
    792, 658,
    792, 659,
    792, 820,
    793, 658,
    793, 659,
    793, 802,
    793, 820,
    794, 658,
    794, 659,
    794, 759,
    794, 802,
    794, 803,
    794, 820,
    795, 658,
    795, 659,
    795, 759,
    795, 820,
    796, 658,
    796, 659,
    797, 658,
    797, 659,
    797, 802,
    798, 658,
    798, 659,
    798, 802,
    798, 820,
    800, 658,
    800, 659,
    800, 802,
    801, 775,
    801, 776,
    802, 658,
    802, 659,
    802, 757,
    802, 759,
    802, 761,
    802, 763,
    802, 765,
    802, 787,
    802, 791,
    802, 825,
    803, 760,
    803, 796,
    804, 796,
    804, 797,
    804, 839,
    805, 796,
    805, 797,
    805, 839,
    807, 759,
    809, 658,
    809, 659,
    809, 759,
    809, 774,
    809, 820,
    809, 839,
    810, 658,
    810, 659,
    810, 759,
    811, 658,
    811, 659,
    811, 759,
    811, 825,
    813, 781,
    813, 782,
    818, 658,
    818, 659,
    818, 802,
    820, 809,
    820, 810,
    820, 811,
    820, 829,
    823, 658,
    823, 659,
    824, 658,
    824, 659,
    824, 760,
    824, 802,
    824, 803,
    824, 804,
    824, 805,
    824, 820,
    824, 821,
    825, 658,
    825, 758,
    825, 832,
    828, 715,
    828, 716,
    828, 717,
    829, 658,
    829, 659,
    829, 779,
    829, 780,
    829, 781,
    829, 782,
    829, 802,
    829, 803,
    829, 804,
    829, 805,
    829, 820,
    829, 821,
    830, 658,
    830, 659,
    831, 767,
    831, 768,
    831, 775,
    831, 776,
    831, 820,
    831, 839,
    832, 820,
    835, 658,
    835, 659,
    835, 759,
    835, 802,
    835, 803,
    835, 804,
    835, 805,
    836, 802,
    838, 658,
    838, 659,
    839, 658,
    839, 659,
    839, 781,
    839, 782,
    839, 801,
    839, 802,
    839, 809,
    839, 810,
    839, 811,
    839, 820,
    839, 821,
    840, 658,
    840, 659,
    843, 658,
    843, 659,
    846, 658,
    846, 716,
    848, 658,
    848, 659,
    848, 700,
    848, 701,
    848, 715,
    848, 716,
    848, 717,
    848, 758,
    848, 759,
    848, 777,
    848, 778,
    848, 779,
    848, 780,
    848, 781,
    848, 782,
    848, 792,
    848, 793,
    848, 802,
    848, 803,
    848, 804,
    848, 805,
    848, 809,
    848, 810,
    848, 811,
    848, 820,
    848, 821,
    848, 839
};

/* Kerning between the respective left and right glyphs
 * 4.4 format which needs to scaled with `kern_scale`*/
static const int8_t kern_pair_values[] =
{
    1, 2, 1, 2, 9, 5, -4, 9,
    4, -11, -11, -12, 1, 9, 4, 3,
    -8, 1, 1, 9, 0, 8, 2, 2,
    6, -3, 12, 2, -1, 2, -3, -4,
    4, -3, -3, 4, 9, -8, -6, -6,
    -4, 3, 4, 3, 4, -2, -1, 2,
    -2, -2, -1, -1, -4, -2, -4, 3,
    3, 3, -3, 3, 3, -2, 3, -5,
    -23, -5, -4, -10, 4, 6, 4, 6,
    -4, 2, 2, 6, 4, -3, 4, -11,
    -7, 4, 4, 4, 4, -5, 4, 4,
    4, -2, -9, -8, -1, -9, -6, 0,
    0, 7, -6, -2, -3, -1, -1, -14,
    -15, -2, 7, -2, -2, -8, -8, 9,
    5, -4, 9, 4, -11, -11, -12, 1,
    9, 4, 3, -8, 1, 1, 9, 0,
    8, 2, 2, 6, -3, 12, 2, -1,
    2, -3, -4, 4, -3, -3, 4, 9,
    -8, 6, 2, -4, 7, 2, 2, 3,
    1, 4, 2, 6, -2, 4, 4, -2,
    -6, -2, -6, -26, 1, 5, 4, 0,
    -2, 1, 7, 6, 6, -2, -2, -3,
    1, -2, -2, 6, -2, 7, -2, 2,
    -16, -2, -3, -7, -2, -1, -1, 1,
    -3, -2, -4, 1, 1, -2, -8, 1,
    -12, 2, 1, -4, 2, 1, 1, -17,
    -2, -11, 2, -12, -11, -6, -1, -1,
    19, -2, -2, 2, 2, -2, -2, -2,
    2, -10, -4, -19, 2, -1, -2, -2,
    -6, -4, -1, -1, -4, -12, -1, -25,
    -1, 2, -1, -3, -7, -2, -1, -1,
    1, -3, -2, -4, 1, 1, -2, -8,
    1, -12, 2, 1, -4, 2, 1, 1,
    -17, -2, -11, 2, -12, -11, -6, -1,
    -1, 19, -2, -2, 2, 2, -2, -2,
    -2, 2, -10, -4, -19, 2, -1, -2,
    -2, -6, -4, -1, -1, -4, -12, -1,
    -25, -1, 2, -1, 12, -4, -7, 12,
    6, -13, -19, -13, -19, -13, -4, 6,
    -13, -4, 2, -4, -3, -3, -4, 5,
    6, -23, 6, -13, -12, -13, -2, 8,
    -4, -4, -13, -13, -4, 9, -13, -13,
    -13, -9, -14, -13, 1, 1, 1, 1,
    -2, 1, -2, -4, -2, -1, -4, -4,
    -4, 1, -2, 1, 1, 0, 1, 1,
    -6, 1, 2, -1, -1, 2, -1, 2,
    2, 0, -4, 0, 0, -1, 6, -1,
    -2, -1, -1, -1, -1, -1, -2, -2,
    -2, -1, -1, -2, -2, -3, -6, -1,
    -6, 4, -6, -4, 2, 4, 2, 4,
    5, -5, 0, -2, 0, -9, 2, -1,
    1, 1, -10, 2, -10, 4, 2, 2,
    2, 2, -2, 4, 2, 2, 2, 2,
    -6, 2, -3, 2, 2, 2, -2, -2,
    -1, -1, -1, -2, -2, -2, -1, -4,
    2, -1, -2, 1, 2, 1, 2, 2,
    -1, 1, 2, 2, 4, 1, 1, -4,
    1, 1, 1, 6, -1, -6, 6, 5,
    -10, -10, -10, -10, -8, -4, 2, -2,
    -12, -3, -4, -3, -4, -4, 3, -3,
    2, 0, -6, 0, -10, -5, -10, -2,
    -4, 2, -2, -3, -10, -10, -3, 1,
    -10, -5, 5, -10, -3, -12, -10, 0,
    -2, 0, 1, 2, 2, -2, -6, -2,
    2, -4, 1, 1, 1, 1, -2, 1,
    -2, -4, -2, -1, -4, -4, -4, 1,
    -2, 1, 1, 0, 1, 1, -6, 1,
    2, 2, 9, 1, -2, -3, 2, -8,
    2, 2, 9, 1, -2, -3, 2, -8,
    -1, -4, 2, -10, -10, -6, -3, -10,
    -2, 2, -9, -3, -4, -1, -2, -3,
    2, 2, -21, -3, -3, 2, 1, -4,
    1, -4, -4, -2, -2, -2, -6, -4,
    2, -6, 2, 1, 1, 1, 2, 1,
    1, -4, 1, 2, 2, 2, -2, -2,
    7, 3, -2, 4, 2, 6, 5, -2,
    3, -2, -2, -2, -2, -2, -12, -2,
    3, -12, 6, -26, 19, 19, 2, -4,
    -4, 2, 2, -1, -4, -10, 9, 9,
    -12, -4, -13, 7, 27, 7, 8, 6,
    -4, -4, -12, -6, 2, 6, -1, 4,
    -5, -1, -2, 2, 2, 25, -4, -2,
    6, 5, -5, 2, -4, 2, 2, 2,
    -2, -6, -25, 5, 5, 2, -5, 3,
    -1, -2, 5, -6, -6, -14, 2, 2,
    2, 2, -2, -2, 7, 3, -2, 4,
    2, 6, 5, -2, 3, -2, -2, -2,
    -2, -2, -3, -7, -2, -1, -1, 1,
    -3, -2, -4, 1, 1, -2, -8, 1,
    -12, 2, 1, -4, 2, 1, 1, -17,
    -2, 8, -4, -11, 2, -4, -4, -4,
    2, -2, 4, -2, 4, -1, -4, -1,
    -3, -4, -1, -2, -1, -1, 1, 1,
    -3, -1, -9, -2, -2, -2, -2, -2,
    -2, -2, 3, -2, -2, -1, -2, -2,
    -7, 5, -6, -6, 2, -7, 3, -2,
    -2, -7, -2, -7, 1, -6, -4, -6,
    -6, -2, 3, 3, -6, -5, -6, -2,
    -2, -6, -6, -2, -6, -4, 2, -6,
    -2, -4, -6, 1, 1, -2, 1, -2,
    -2, -2, -1, 1, 1, 1, 1, 1,
    -1, 1, 2, 4, 4, 3, -4, -6,
    -4, -6, -6, -2, 6, 2, -2, -2,
    5, -2, -8, -8, 10, 3, -2, 3,
    -4, -4, -4, -4, -4, -4, -8, -4,
    4, 4, 4, 3, 1, 2, 1, 4,
    1, 4, 4, 4, 1, 4, 4, -3,
    -3, 2, 1, -4, 1, -4, -4, -2,
    -2, -2, -6, -4, 2, -6, 2, 1,
    1, 1, 2, 1, 1, -4, 1, 2,
    -2, -2, 2, 1, 1, -2, -11, 2,
    -2, -2, -2, -2, -2, 1, -2, -3,
    -3, 2, 1, -4, 1, -4, -4, -2,
    -2, -2, -6, -4, 2, -6, 2, 1,
    1, 1, 2, 1, 1, -4, 1, 4,
    4, 4, 4, 6, -12, -12, -11, 0,
    8, 6, 3, -8, 1, 0, 8, 7,
    4, 2, 10, -3, 2, 2, -12, -3,
    -7, -2, -1, -1, 1, -3, -2, -4,
    1, 1, -2, -8, 1, -12, 2, 1,
    -4, 2, 1, 1, -17, -2, -3, -1,
    4, -13, -3, -7, -2, -1, -1, 1,
    -3, -2, -4, 1, 1, -2, -8, 1,
    -12, 2, 1, -4, 2, 1, 1, -17,
    -2, -3, -7, -2, -1, -1, 1, -3,
    -2, -4, 1, 1, -2, -8, 1, -12,
    2, 1, -4, 2, 1, 1, -17, -2,
    -7, -12, -3, -7, -16, -8, -8, 8,
    -9, -8, -8, -9, -8, -8, -26, -10,
    -18, 2, 10, 2, -8, -7, 2, -4,
    -10, -10, -8, -8, -10, -11, -8, -2,
    -17, -8, -2, -5, -8, -3, -7, -2,
    -1, -1, 1, -3, -2, -4, 1, 1,
    -2, -8, 1, -12, 2, 1, -4, 2,
    1, 1, -17, -2, -4, -4, -4, -4,
    -2, -2, -4, -4, -4, -6, -6, -4,
    -12, -4, -4, -4, -6, -6, -6, -6,
    -6, -6, -10, -6, -13, -13, -13, -6,
    -6, -4, -4, -4, -4, -4, -4, -4,
    -8, -10, -4, -4, -10, -13, -10, -8,
    -8, -4, -6, -6, -8, -4, -10, -10,
    -4, -6, -4, -8, 4, 4, -8, -4,
    -6, -10, -4, -6, -6, 8, -4, -6,
    -4, 2, 2, 6, -4, -10, -10, -13,
    -10, -4, -4, -4, -13, 2, 2, 2,
    2, -8, -4, -4, -12, -12, -6, -6,
    -2, -4, -15, -19, -4, -6, -8, -4,
    -8, 2, 2, -4, -4, -4, -13, -13,
    -13, -4, -6, -12, -17, -13, -17, -13,
    -19, -2, -10, -10, -10, -13, -13, -13,
    -13, 4, 4, 6, 6, -10, -10, -10,
    -6, -12, -6, -6, -4, -12, -10, 6,
    -8, -8, -6, -6, -10, -6, -6, -6,
    -6, -6, -6, -6, -6, -6, -12, -4,
    -4, -4, -4, -4, -10, -10, -4, -8,
    -8, -2, 4, -8, -6, -6, -6, -6,
    -6, -6, -8, -8, -6, -6, -6, -2,
    -10, -10, -10, -10, -10, -6, -6, -6,
    -6, -6, -6, -6, -6, -6, -6, -6,
    -6, -4, -4, -4, -10, -10, -10, -6,
    -6, -4, -4, -4, -4, -4, -4, -4,
    2, 2, -4, -4, -4, -4, -6, -4,
    -4, -4, -6, -4, -4, 4, 4, -6,
    -6, -6, -6, 2, 2, 2, 2, -13,
    -13, -10, -10, -8, -8, -8, -8, -8,
    -8, -8, 2, -8, -8, -6, -6, -8,
    -6, -4, -6, -4, -4, -8, -8, -8,
    -4, -4, -4, -6, -2, -4, -10, -4,
    -6, -6, -8, -6, -4, -6, -4, -4,
    -4, -4, -6, -6, -8, -4, 2, -8,
    -8, -4, -4, -8, 2, 2, -4, -4,
    -6, -6, 2, 2, 2, -10, -4, -4,
    -10, -10, -6, -10, -10, -19, -19, -4,
    -6, -6, -4, -4, -10, -10, -10, -8,
    -8, -4, -4, -4, -4, -4, -17, -8,
    -8, -4, -4, -4, -4, -4, -13, -10,
    -2, -8, -12, -4, -4, -2, -2, -2,
    -2, -4, -4, -6, -6, -8, -8, -4,
    -4, -4, -4, -4, -4, -6, -4, -6,
    -4, -10, -10, -12, -12, -4, -4, -6,
    -4, -4, -8, -8, -6, -13, -6, -6,
    -6, -8, -17, -15, -2, -8, -8, -6,
    -4, -8, -8, -12, -10, -10, -10, -15,
    -8, -6, -4, -13, -15, -4, -4, 2,
    -4, -4, -15, -17, -4, -4, -4, -12,
    -8, -8, -8, -6, -6, -6, -6, -13,
    -6, -4, -6, -15, -15, -6, -4, -4,
    -6, -4, -4, -4, -2, -10, -6, -8,
    4, 4, -17, -17, -4, -4, -8, -8,
    -8, -4, -15, -13, -2, -4, -4, -4,
    -4, -6, -6, -6, -6, -6, -4, -4,
    -4, -12, -12, -12, -10, -13, -13, -13,
    -13, -6, -4, -4, -2, -2, -6, -2,
    -12, -12, -6, -4, -12, -12, -6, -6,
    -6, -6, -6, -10, -6, 4, 4, -6,
    -6, -12, -10, -6, -4, -2, -10, -6,
    -4, -6, -2, -2, -15, -6, -4, -6,
    -6, -6, -4, -6, -6, -12, -6, -4,
    -6, -6, -6, -13, -4, -4, -4, -8,
    -4, -4, -10, -10, -10, -6, -4, -4,
    -4, -4, -4, -4, -4, -4, -8, -4,
    -4, -6, -4, -4, -4, -4, 6, 6,
    6, 10, 6, 6, 10, -4, -8, -8,
    -4, -2, -6, 4, -6, -6, -6, -6,
    -6, -6, -4, 4, 4, -10, -6, -6,
    -12, -12, -12, -10, -4, -4, -15, -15,
    -4, -15, -4, -4, -4, -6, -4, -4,
    -4, -4, -4, -4, -4, -4, -4, -4,
    -4, -4, -4, -4, -2, -2, -2, -6,
    -6, -12, -8, -6, -6, -4, -4, -4,
    -4, -4, -12, -12, -6, -10, -2, -4,
    -4, -10, -15, -12, -12, -12, -4, -4,
    -4, -10, -6, -6, -6, -4, -6, -10,
    -10, -4, -4, -4, -4, -2, -2, -12,
    -12, -8, -8, -8, -8, -8, -4, -4,
    -4, -4, -10, -10, -4, -4, -12, -4,
    -2, -2, -12, -12, -12, -6, -8, -10
};

/*Collect the kern pair's data in one place*/
static const lv_font_fmt_txt_kern_pair_t kern_pairs =
{
    .glyph_ids = kern_pair_glyph_ids,
    .values = kern_pair_values,
    .pair_cnt = 1736,
    .glyph_ids_size = 1
};

/*--------------------
 *  ALL CUSTOM DATA
 *--------------------*/

#if LVGL_VERSION_MAJOR == 8
/*Store all the custom data of the font*/
static  lv_font_fmt_txt_glyph_cache_t cache;
#endif

#if LVGL_VERSION_MAJOR >= 8
static const lv_font_fmt_txt_dsc_t font_dsc = {
#else
static lv_font_fmt_txt_dsc_t font_dsc = {
#endif
    .glyph_bitmap = glyph_bitmap,
    .glyph_dsc = glyph_dsc,
    .cmaps = cmaps,
    .kern_dsc = &kern_pairs,
    .kern_scale = 16,
    .cmap_num = 20,
    .bpp = 4,
    .kern_classes = 0,
    .bitmap_format = 0,
#if LVGL_VERSION_MAJOR == 8
    .cache = &cache
#endif
};

extern const lv_font_t ui_font_fallback_12;


/*-----------------
 *  PUBLIC FONT
 *----------------*/

/*Initialize a public general font descriptor*/
#if LVGL_VERSION_MAJOR >= 8
const lv_font_t ui_font_montserrat_12 = {
#else
lv_font_t ui_font_montserrat_12 = {
#endif
    .get_glyph_dsc = lv_font_get_glyph_dsc_fmt_txt,    /*Function pointer to get glyph's data*/
    .get_glyph_bitmap = lv_font_get_bitmap_fmt_txt,    /*Function pointer to get glyph's bitmap*/
    .line_height = 17,          /*The maximum line height required by the font*/
    .base_line = 4,             /*Baseline measured from the bottom of the line*/
#if !(LVGL_VERSION_MAJOR == 6 && LVGL_VERSION_MINOR == 0)
    .subpx = LV_FONT_SUBPX_NONE,
#endif
#if LV_VERSION_CHECK(7, 4, 0) || LVGL_VERSION_MAJOR >= 8
    .underline_position = 7,
    .underline_thickness = 1,
#endif
    .dsc = &font_dsc,          /*The custom font data. Will be accessed by `get_glyph_bitmap/dsc` */
#if LV_VERSION_CHECK(8, 2, 0) || LVGL_VERSION_MAJOR >= 9
    .fallback = &ui_font_fallback_12,
#endif
    .user_data = NULL,
};



#endif /*#if UI_FONT_MONTSERRAT_12*/

